user_id,email,password,name,phone,birth_date,role,status,created_at,updated_at,last_login_at
1,user_1@test.com,$2a$10$7zB3qQzEcbB7mU5eL2n9fO0xH98o2tYpM.2s5lR7wE.2F8u7y6X1.,최하아,010-1808-8878,1991-08-18,ROLE_USER,ACTIVE,2024-07-26 00:00:00,2024-07-26 00:00:00,2026-06-23 15:39:00
2,user_2@test.com,$2a$10$7zB3qQzEcbB7mU5eL2n9fO0xH98o2tYpM.2s5lR7wE.2F8u7y6X1.,최도빈,010-9513-2875,1987-10-24,ROLE_USER,ACTIVE,2024-07-04 00:00:00,2024-07-04 00:00:00,2026-06-28 13:42:00
3,user_3@test.com,$2a$10$7zB3qQzEcbB7mU5eL2n9fO0xH98o2tYpM.2s5lR7wE.2F8u7y6X1.,신승우,010-6588-5137,1977-05-09,ROLE_USER,ACTIVE,2024-03-29 00:00:00,2024-03-29 00:00:00,2026-06-23 09:29:00
4,user_4@test.com,$2a$10$7zB3qQzEcbB7mU5eL2n9fO0xH98o2tYpM.2s5lR7wE.2F8u7y6X1.,신예영,010-3318-7480,1972-01-28,ROLE_USER,ACTIVE,2024-05-16 00:00:00,2024-05-16 00:00:00,2026-06-04 14:27:00
5,user_5@test.com,$2a$10$7zB3qQzEcbB7mU5eL2n9fO0xH98o2tYpM.2s5lR7wE.2F8u7y6X1.,한시원,010-4849-7537,1993-05-28,ROLE_USER,ACTIVE,2024-11-13 00:00:00,2024-11-13 00:00:00,2026-06-20 11:31:00
6,user_6@test.com,$2a$10$7zB3qQzEcbB7mU5eL2n9fO0xH98o2tYpM.2s5lR7wE.2F8u7y6X1.,오은현,010-6770-1746,2001-07-14,ROLE_USER,ACTIVE,2025-09-11 00:00:00,2025-09-11 00:00:00,2026-06-29 10:42:00
7,user_7@test.com,$2a$10$7zB3qQzEcbB7mU5eL2n9fO0xH98o2tYpM.2s5lR7wE.2F8u7y6X1.,정현빈,010-2675-8010,1987-05-25,ROLE_USER,ACTIVE,2024-06-23 00:00:00,2024-06-23 00:00:00,2026-06-27 10:11:00
8,user_8@test.com,$2a$10$7zB3qQzEcbB7mU5eL2n9fO0xH98o2tYpM.2s5lR7wE.2F8u7y6X1.,임은아,010-2764-9626,1997-05-17,ROLE_USER,ACTIVE,2025-02-02 00:00:00,2025-02-02 00:00:00,2026-06-30 18:25:00
9,user_9@test.com,$2a$10$7zB3qQzEcbB7mU5eL2n9fO0xH98o2tYpM.2s5lR7wE.2F8u7y6X1.,송하인,010-7617-4570,1989-07-06,ROLE_USER,ACTIVE,2024-11-13 00:00:00,2024-11-13 00:00:00,2026-06-22 19:21:00
10,user_10@test.com,$2a$10$7zB3qQzEcbB7mU5eL2n9fO0xH98o2tYpM.2s5lR7wE.2F8u7y6X1.,조현우,010-6910-2344,1973-11-12,ROLE_USER,ACTIVE,2025-06-22 00:00:00,2025-06-22 00:00:00,2026-06-27 18:12:00
11,user_11@test.com,$2a$10$7zB3qQzEcbB7mU5eL2n9fO0xH98o2tYpM.2s5lR7wE.2F8u7y6X1.,최서수,010-1078-3684,1982-06-14,ROLE_USER,ACTIVE,2025-07-14 00:00:00,2025-07-14 00:00:00,2026-06-25 15:32:00
12,user_12@test.com,$2a$10$7zB3qQzEcbB7mU5eL2n9fO0xH98o2tYpM.2s5lR7wE.2F8u7y6X1.,임주현,010-4136-8300,2000-04-10,ROLE_USER,ACTIVE,2025-02-17 00:00:00,2025-02-17 00:00:00,2026-05-05 10:47:00
13,user_13@test.com,$2a$10$7zB3qQzEcbB7mU5eL2n9fO0xH98o2tYpM.2s5lR7wE.2F8u7y6X1.,최주영,010-2247-7673,1984-10-26,ROLE_USER,ACTIVE,2025-11-17 00:00:00,2025-11-17 00:00:00,2026-06-21 16:10:00
14,user_14@test.com,$2a$10$7zB3qQzEcbB7mU5eL2n9fO0xH98o2tYpM.2s5lR7wE.2F8u7y6X1.,한시빈,010-5478-4228,1992-09-18,ROLE_USER,ACTIVE,2024-03-12 00:00:00,2024-03-12 00:00:00,2026-06-20 09:13:00
15,user_15@test.com,$2a$10$7zB3qQzEcbB7mU5eL2n9fO0xH98o2tYpM.2s5lR7wE.2F8u7y6X1.,황도준,010-9646-8330,1990-12-22,ROLE_USER,ACTIVE,2025-10-29 00:00:00,2025-10-29 00:00:00,2026-06-30 12:28:00
16,user_16@test.com,$2a$10$7zB3qQzEcbB7mU5eL2n9fO0xH98o2tYpM.2s5lR7wE.2F8u7y6X1.,홍주아,010-7879-2709,1971-08-07,ROLE_USER,ACTIVE,2025-06-09 00:00:00,2025-06-09 00:00:00,2026-04-16 19:31:00
17,user_17@test.com,$2a$10$7zB3qQzEcbB7mU5eL2n9fO0xH98o2tYpM.2s5lR7wE.2F8u7y6X1.,황은현,010-1910-7305,1996-06-15,ROLE_USER,ACTIVE,2025-11-30 00:00:00,2025-11-30 00:00:00,2026-05-03 09:32:00
18,user_18@test.com,$2a$10$7zB3qQzEcbB7mU5eL2n9fO0xH98o2tYpM.2s5lR7wE.2F8u7y6X1.,한서우,010-9290-1615,1988-05-05,ROLE_USER,ACTIVE,2026-04-01 00:00:00,2026-04-01 00:00:00,2026-06-27 17:20:00
19,user_19@test.com,$2a$10$7zB3qQzEcbB7mU5eL2n9fO0xH98o2tYpM.2s5lR7wE.2F8u7y6X1.,전시아,010-5741-2711,1991-06-03,ROLE_USER,ACTIVE,2025-08-20 00:00:00,2025-08-20 00:00:00,2026-06-19 13:59:00
20,user_20@test.com,$2a$10$7zB3qQzEcbB7mU5eL2n9fO0xH98o2tYpM.2s5lR7wE.2F8u7y6X1.,임하혁,010-1099-2092,2002-07-08,ROLE_USER,ACTIVE,2025-08-23 00:00:00,2025-08-23 00:00:00,2026-05-02 14:54:00
21,user_21@test.com,$2a$10$7zB3qQzEcbB7mU5eL2n9fO0xH98o2tYpM.2s5lR7wE.2F8u7y6X1.,이시아,010-7236-5127,1975-11-15,ROLE_USER,ACTIVE,2025-06-18 00:00:00,2025-06-18 00:00:00,2026-06-18 17:58:00
22,user_22@test.com,$2a$10$7zB3qQzEcbB7mU5eL2n9fO0xH98o2tYpM.2s5lR7wE.2F8u7y6X1.,조현수,010-6726-3936,1989-05-11,ROLE_USER,ACTIVE,2024-12-27 00:00:00,2024-12-27 00:00:00,2026-06-22 08:06:00
23,user_23@test.com,$2a$10$7zB3qQzEcbB7mU5eL2n9fO0xH98o2tYpM.2s5lR7wE.2F8u7y6X1.,장승아,010-2788-7219,1994-10-04,ROLE_USER,ACTIVE,2024-07-24 00:00:00,2024-07-24 00:00:00,2026-06-26 18:19:00
24,user_24@test.com,$2a$10$7zB3qQzEcbB7mU5eL2n9fO0xH98o2tYpM.2s5lR7wE.2F8u7y6X1.,조주영,010-9482-5425,1992-08-08,ROLE_USER,ACTIVE,2026-03-21 00:00:00,2026-03-21 00:00:00,2026-06-23 08:46:00
25,user_25@test.com,$2a$10$7zB3qQzEcbB7mU5eL2n9fO0xH98o2tYpM.2s5lR7wE.2F8u7y6X1.,박시수,010-9303-2127,1975-04-09,ROLE_USER,ACTIVE,2026-01-30 00:00:00,2026-01-30 00:00:00,2026-06-10 08:39:00
26,user_26@test.com,$2a$10$7zB3qQzEcbB7mU5eL2n9fO0xH98o2tYpM.2s5lR7wE.2F8u7y6X1.,오주아,010-2673-5900,2001-02-19,ROLE_USER,ACTIVE,2024-12-20 00:00:00,2024-12-20 00:00:00,2026-06-29 22:22:00
27,user_27@test.com,$2a$10$7zB3qQzEcbB7mU5eL2n9fO0xH98o2tYpM.2s5lR7wE.2F8u7y6X1.,최도현,010-6884-6355,1989-10-12,ROLE_USER,ACTIVE,2024-04-22 00:00:00,2024-04-22 00:00:00,2026-06-30 16:49:00
28,user_28@test.com,$2a$10$7zB3qQzEcbB7mU5eL2n9fO0xH98o2tYpM.2s5lR7wE.2F8u7y6X1.,조승빈,010-1594-8651,2004-08-28,ROLE_USER,ACTIVE,2024-09-30 00:00:00,2024-09-30 00:00:00,2026-06-04 10:38:00
29,user_29@test.com,$2a$10$7zB3qQzEcbB7mU5eL2n9fO0xH98o2tYpM.2s5lR7wE.2F8u7y6X1.,안민빈,010-5214-4952,1997-12-03,ROLE_USER,ACTIVE,2025-01-28 00:00:00,2025-01-28 00:00:00,2026-06-28 22:33:00
30,user_30@test.com,$2a$10$7zB3qQzEcbB7mU5eL2n9fO0xH98o2tYpM.2s5lR7wE.2F8u7y6X1.,송도빈,010-3292-8674,1974-07-27,ROLE_USER,ACTIVE,2025-10-26 00:00:00,2025-10-26 00:00:00,2026-06-18 19:10:00
31,user_31@test.com,$2a$10$7zB3qQzEcbB7mU5eL2n9fO0xH98o2tYpM.2s5lR7wE.2F8u7y6X1.,이주준,010-6107-7310,1971-10-20,ROLE_USER,ACTIVE,2024-01-16 00:00:00,2024-01-16 00:00:00,2026-06-30 12:16:00
32,user_32@test.com,$2a$10$7zB3qQzEcbB7mU5eL2n9fO0xH98o2tYpM.2s5lR7wE.2F8u7y6X1.,김승아,010-1042-5287,1970-04-01,ROLE_USER,ACTIVE,2023-11-21 00:00:00,2023-11-21 00:00:00,2026-07-02 13:45:00
33,user_33@test.com,$2a$10$7zB3qQzEcbB7mU5eL2n9fO0xH98o2tYpM.2s5lR7wE.2F8u7y6X1.,홍민빈,010-2370-9409,1977-11-20,ROLE_USER,ACTIVE,2024-12-18 00:00:00,2024-12-18 00:00:00,2026-06-24 15:14:00
34,user_34@test.com,$2a$10$7zB3qQzEcbB7mU5eL2n9fO0xH98o2tYpM.2s5lR7wE.2F8u7y6X1.,황시영,010-4918-3272,1973-01-06,ROLE_USER,ACTIVE,2023-11-04 00:00:00,2023-11-04 00:00:00,2026-06-19 20:29:00
35,user_35@test.com,$2a$10$7zB3qQzEcbB7mU5eL2n9fO0xH98o2tYpM.2s5lR7wE.2F8u7y6X1.,황현영,010-6308-1970,1980-04-26,ROLE_USER,ACTIVE,2024-01-13 00:00:00,2024-01-13 00:00:00,2026-06-27 12:53:00
36,user_36@test.com,$2a$10$7zB3qQzEcbB7mU5eL2n9fO0xH98o2tYpM.2s5lR7wE.2F8u7y6X1.,이예현,010-1787-5265,1979-11-13,ROLE_USER,ACTIVE,2026-02-13 00:00:00,2026-02-13 00:00:00,2026-04-15 15:14:00
37,user_37@test.com,$2a$10$7zB3qQzEcbB7mU5eL2n9fO0xH98o2tYpM.2s5lR7wE.2F8u7y6X1.,정지영,010-6997-5262,1983-06-27,ROLE_USER,ACTIVE,2024-03-30 00:00:00,2024-03-30 00:00:00,2026-07-01 17:13:00
38,user_38@test.com,$2a$10$7zB3qQzEcbB7mU5eL2n9fO0xH98o2tYpM.2s5lR7wE.2F8u7y6X1.,권현혁,010-7048-2581,1992-04-19,ROLE_USER,ACTIVE,2025-10-31 00:00:00,2025-10-31 00:00:00,2026-06-24 11:43:00
39,user_39@test.com,$2a$10$7zB3qQzEcbB7mU5eL2n9fO0xH98o2tYpM.2s5lR7wE.2F8u7y6X1.,신도아,010-7894-1970,1992-10-19,ROLE_USER,ACTIVE,2023-10-22 00:00:00,2023-10-22 00:00:00,2026-06-07 18:24:00
40,user_40@test.com,$2a$10$7zB3qQzEcbB7mU5eL2n9fO0xH98o2tYpM.2s5lR7wE.2F8u7y6X1.,홍태수,010-3561-8652,1971-10-18,ROLE_USER,ACTIVE,2025-09-26 00:00:00,2025-09-26 00:00:00,2026-06-26 12:56:00
41,user_41@test.com,$2a$10$7zB3qQzEcbB7mU5eL2n9fO0xH98o2tYpM.2s5lR7wE.2F8u7y6X1.,윤서영,010-5767-2493,1990-02-09,ROLE_USER,ACTIVE,2026-05-05 00:00:00,2026-05-05 00:00:00,2026-05-28 20:04:00
42,user_42@test.com,$2a$10$7zB3qQzEcbB7mU5eL2n9fO0xH98o2tYpM.2s5lR7wE.2F8u7y6X1.,신예영,010-6086-1809,1975-12-07,ROLE_USER,ACTIVE,2024-01-13 00:00:00,2024-01-13 00:00:00,2026-06-21 18:48:00
43,user_43@test.com,$2a$10$7zB3qQzEcbB7mU5eL2n9fO0xH98o2tYpM.2s5lR7wE.2F8u7y6X1.,강승준,010-1690-7762,1993-05-27,ROLE_USER,ACTIVE,2026-03-26 00:00:00,2026-03-26 00:00:00,2026-06-25 10:34:00
44,user_44@test.com,$2a$10$7zB3qQzEcbB7mU5eL2n9fO0xH98o2tYpM.2s5lR7wE.2F8u7y6X1.,안도인,010-6898-8577,1981-03-07,ROLE_USER,ACTIVE,2025-06-30 00:00:00,2025-06-30 00:00:00,2026-07-01 17:58:00
45,user_45@test.com,$2a$10$7zB3qQzEcbB7mU5eL2n9fO0xH98o2tYpM.2s5lR7wE.2F8u7y6X1.,홍예현,010-5925-7017,1982-09-21,ROLE_USER,ACTIVE,2025-11-07 00:00:00,2025-11-07 00:00:00,2026-06-25 22:57:00
46,user_46@test.com,$2a$10$7zB3qQzEcbB7mU5eL2n9fO0xH98o2tYpM.2s5lR7wE.2F8u7y6X1.,박시수,010-5566-8964,1980-03-11,ROLE_USER,ACTIVE,2025-05-26 00:00:00,2025-05-26 00:00:00,2026-06-27 13:11:00
47,user_47@test.com,$2a$10$7zB3qQzEcbB7mU5eL2n9fO0xH98o2tYpM.2s5lR7wE.2F8u7y6X1.,권예영,010-7000-6155,1987-10-15,ROLE_USER,ACTIVE,2023-12-16 00:00:00,2023-12-16 00:00:00,2026-05-12 09:10:00
48,user_48@test.com,$2a$10$7zB3qQzEcbB7mU5eL2n9fO0xH98o2tYpM.2s5lR7wE.2F8u7y6X1.,한승인,010-9782-4082,2002-11-20,ROLE_USER,ACTIVE,2025-09-19 00:00:00,2025-09-19 00:00:00,2026-06-30 14:31:00
49,user_49@test.com,$2a$10$7zB3qQzEcbB7mU5eL2n9fO0xH98o2tYpM.2s5lR7wE.2F8u7y6X1.,권민인,010-2315-1053,1997-06-25,ROLE_USER,ACTIVE,2025-07-11 00:00:00,2025-07-11 00:00:00,2026-06-20 09:10:00
50,user_50@test.com,$2a$10$7zB3qQzEcbB7mU5eL2n9fO0xH98o2tYpM.2s5lR7wE.2F8u7y6X1.,안주원,010-4444-5288,1974-04-08,ROLE_USER,ACTIVE,2024-12-06 00:00:00,2024-12-06 00:00:00,2026-06-26 10:04:00
51,user_51@test.com,$2a$10$7zB3qQzEcbB7mU5eL2n9fO0xH98o2tYpM.2s5lR7wE.2F8u7y6X1.,조예혁,010-6432-8439,1988-12-17,ROLE_USER,ACTIVE,2024-08-11 00:00:00,2024-08-11 00:00:00,2026-05-09 12:36:00
52,user_52@test.com,$2a$10$7zB3qQzEcbB7mU5eL2n9fO0xH98o2tYpM.2s5lR7wE.2F8u7y6X1.,윤은영,010-9525-4280,2003-12-21,ROLE_USER,ACTIVE,2025-06-09 00:00:00,2025-06-09 00:00:00,2026-04-11 16:44:00
53,user_53@test.com,$2a$10$7zB3qQzEcbB7mU5eL2n9fO0xH98o2tYpM.2s5lR7wE.2F8u7y6X1.,임현준,010-4150-6596,1993-03-12,ROLE_USER,ACTIVE,2025-12-05 00:00:00,2025-12-05 00:00:00,2026-06-25 19:15:00
54,user_54@test.com,$2a$10$7zB3qQzEcbB7mU5eL2n9fO0xH98o2tYpM.2s5lR7wE.2F8u7y6X1.,오서수,010-4206-5694,1991-03-03,ROLE_USER,ACTIVE,2024-04-06 00:00:00,2024-04-06 00:00:00,2026-07-02 20:24:00
55,user_55@test.com,$2a$10$7zB3qQzEcbB7mU5eL2n9fO0xH98o2tYpM.2s5lR7wE.2F8u7y6X1.,전시현,010-3484-5190,1971-07-18,ROLE_USER,ACTIVE,2025-06-25 00:00:00,2025-06-25 00:00:00,2026-06-25 15:06:00
56,user_56@test.com,$2a$10$7zB3qQzEcbB7mU5eL2n9fO0xH98o2tYpM.2s5lR7wE.2F8u7y6X1.,최민빈,010-1760-2258,2000-06-14,ROLE_USER,ACTIVE,2025-08-12 00:00:00,2025-08-12 00:00:00,2026-06-24 08:51:00
57,user_57@test.com,$2a$10$7zB3qQzEcbB7mU5eL2n9fO0xH98o2tYpM.2s5lR7wE.2F8u7y6X1.,최태아,010-4434-6541,1971-03-06,ROLE_USER,ACTIVE,2025-08-15 00:00:00,2025-08-15 00:00:00,2026-06-12 13:06:00
58,user_58@test.com,$2a$10$7zB3qQzEcbB7mU5eL2n9fO0xH98o2tYpM.2s5lR7wE.2F8u7y6X1.,안현아,010-4129-3511,1976-07-20,ROLE_USER,ACTIVE,2024-06-24 00:00:00,2024-06-24 00:00:00,2026-06-19 16:22:00
59,user_59@test.com,$2a$10$7zB3qQzEcbB7mU5eL2n9fO0xH98o2tYpM.2s5lR7wE.2F8u7y6X1.,강승인,010-3180-7757,1976-05-05,ROLE_USER,ACTIVE,2025-04-09 00:00:00,2025-04-09 00:00:00,2026-06-24 19:47:00
60,user_60@test.com,$2a$10$7zB3qQzEcbB7mU5eL2n9fO0xH98o2tYpM.2s5lR7wE.2F8u7y6X1.,한현수,010-2743-6506,1977-05-09,ROLE_USER,ACTIVE,2024-10-06 00:00:00,2024-10-06 00:00:00,2026-06-18 18:02:00
61,user_61@test.com,$2a$10$7zB3qQzEcbB7mU5eL2n9fO0xH98o2tYpM.2s5lR7wE.2F8u7y6X1.,홍승수,010-9905-8218,1990-02-27,ROLE_USER,ACTIVE,2026-04-17 00:00:00,2026-04-17 00:00:00,2026-06-14 15:35:00
62,user_62@test.com,$2a$10$7zB3qQzEcbB7mU5eL2n9fO0xH98o2tYpM.2s5lR7wE.2F8u7y6X1.,최시원,010-2645-4408,1972-02-22,ROLE_USER,ACTIVE,2023-11-16 00:00:00,2023-11-16 00:00:00,2026-06-26 10:27:00
63,user_63@test.com,$2a$10$7zB3qQzEcbB7mU5eL2n9fO0xH98o2tYpM.2s5lR7wE.2F8u7y6X1.,강태아,010-7442-4115,1989-03-07,ROLE_USER,ACTIVE,2026-05-12 00:00:00,2026-05-12 00:00:00,2026-06-08 13:22:00
64,user_64@test.com,$2a$10$7zB3qQzEcbB7mU5eL2n9fO0xH98o2tYpM.2s5lR7wE.2F8u7y6X1.,이현인,010-7338-4084,1987-07-20,ROLE_USER,ACTIVE,2023-10-15 00:00:00,2023-10-15 00:00:00,2026-06-23 09:02:00
65,user_65@test.com,$2a$10$7zB3qQzEcbB7mU5eL2n9fO0xH98o2tYpM.2s5lR7wE.2F8u7y6X1.,권현아,010-4280-9981,1998-02-19,ROLE_USER,ACTIVE,2025-10-08 00:00:00,2025-10-08 00:00:00,2026-06-19 09:22:00
66,user_66@test.com,$2a$10$7zB3qQzEcbB7mU5eL2n9fO0xH98o2tYpM.2s5lR7wE.2F8u7y6X1.,권하율,010-8688-8160,1991-06-05,ROLE_USER,ACTIVE,2025-12-06 00:00:00,2025-12-06 00:00:00,2026-06-22 18:49:00
67,user_67@test.com,$2a$10$7zB3qQzEcbB7mU5eL2n9fO0xH98o2tYpM.2s5lR7wE.2F8u7y6X1.,조예영,010-5656-1358,1994-01-06,ROLE_USER,ACTIVE,2023-12-26 00:00:00,2023-12-26 00:00:00,2026-06-05 18:37:00
68,user_68@test.com,$2a$10$7zB3qQzEcbB7mU5eL2n9fO0xH98o2tYpM.2s5lR7wE.2F8u7y6X1.,홍하영,010-9336-2282,1970-10-20,ROLE_USER,ACTIVE,2026-01-14 00:00:00,2026-01-14 00:00:00,2026-06-30 17:46:00
69,user_69@test.com,$2a$10$7zB3qQzEcbB7mU5eL2n9fO0xH98o2tYpM.2s5lR7wE.2F8u7y6X1.,송승수,010-7422-4560,1970-08-23,ROLE_USER,ACTIVE,2024-08-31 00:00:00,2024-08-31 00:00:00,2026-06-29 18:33:00
70,user_70@test.com,$2a$10$7zB3qQzEcbB7mU5eL2n9fO0xH98o2tYpM.2s5lR7wE.2F8u7y6X1.,임하아,010-8538-5470,1977-11-19,ROLE_USER,ACTIVE,2025-01-08 00:00:00,2025-01-08 00:00:00,2026-06-21 14:07:00
71,user_71@test.com,$2a$10$7zB3qQzEcbB7mU5eL2n9fO0xH98o2tYpM.2s5lR7wE.2F8u7y6X1.,홍태아,010-1143-1591,1985-11-03,ROLE_USER,ACTIVE,2026-03-31 00:00:00,2026-03-31 00:00:00,2026-06-26 10:18:00
72,user_72@test.com,$2a$10$7zB3qQzEcbB7mU5eL2n9fO0xH98o2tYpM.2s5lR7wE.2F8u7y6X1.,황예빈,010-7495-4567,1993-06-04,ROLE_USER,ACTIVE,2024-03-19 00:00:00,2024-03-19 00:00:00,2026-06-25 22:59:00
73,user_73@test.com,$2a$10$7zB3qQzEcbB7mU5eL2n9fO0xH98o2tYpM.2s5lR7wE.2F8u7y6X1.,조지수,010-1561-3139,1983-06-07,ROLE_USER,ACTIVE,2025-02-20 00:00:00,2025-02-20 00:00:00,2026-06-26 16:49:00
74,user_74@test.com,$2a$10$7zB3qQzEcbB7mU5eL2n9fO0xH98o2tYpM.2s5lR7wE.2F8u7y6X1.,안승빈,010-7045-9836,1995-07-14,ROLE_USER,ACTIVE,2024-09-25 00:00:00,2024-09-25 00:00:00,2026-06-23 21:47:00
75,user_75@test.com,$2a$10$7zB3qQzEcbB7mU5eL2n9fO0xH98o2tYpM.2s5lR7wE.2F8u7y6X1.,서지우,010-1972-7637,1983-02-03,ROLE_USER,ACTIVE,2024-01-08 00:00:00,2024-01-08 00:00:00,2026-06-18 13:55:00
76,user_76@test.com,$2a$10$7zB3qQzEcbB7mU5eL2n9fO0xH98o2tYpM.2s5lR7wE.2F8u7y6X1.,홍도수,010-4387-7595,1975-05-23,ROLE_USER,ACTIVE,2024-03-11 00:00:00,2024-03-11 00:00:00,2026-06-22 19:23:00
77,user_77@test.com,$2a$10$7zB3qQzEcbB7mU5eL2n9fO0xH98o2tYpM.2s5lR7wE.2F8u7y6X1.,박민원,010-6794-8191,1988-12-07,ROLE_USER,ACTIVE,2025-11-14 00:00:00,2025-11-14 00:00:00,2026-06-26 15:04:00
78,user_78@test.com,$2a$10$7zB3qQzEcbB7mU5eL2n9fO0xH98o2tYpM.2s5lR7wE.2F8u7y6X1.,이시아,010-8552-6415,1972-04-22,ROLE_USER,ACTIVE,2024-04-24 00:00:00,2024-04-24 00:00:00,2026-06-24 17:26:00
79,user_79@test.com,$2a$10$7zB3qQzEcbB7mU5eL2n9fO0xH98o2tYpM.2s5lR7wE.2F8u7y6X1.,한하영,010-8395-4097,2004-10-25,ROLE_USER,ACTIVE,2025-06-06 00:00:00,2025-06-06 00:00:00,2026-06-25 13:55:00
80,user_80@test.com,$2a$10$7zB3qQzEcbB7mU5eL2n9fO0xH98o2tYpM.2s5lR7wE.2F8u7y6X1.,강현우,010-5288-5530,1989-04-09,ROLE_USER,ACTIVE,2025-08-20 00:00:00,2025-08-20 00:00:00,2026-06-27 20:21:00
81,user_81@test.com,$2a$10$7zB3qQzEcbB7mU5eL2n9fO0xH98o2tYpM.2s5lR7wE.2F8u7y6X1.,송승준,010-7951-3276,1976-03-12,ROLE_USER,ACTIVE,2026-02-05 00:00:00,2026-02-05 00:00:00,2026-06-24 18:48:00
82,user_82@test.com,$2a$10$7zB3qQzEcbB7mU5eL2n9fO0xH98o2tYpM.2s5lR7wE.2F8u7y6X1.,이시혁,010-1782-2891,2002-02-18,ROLE_USER,ACTIVE,2025-04-09 00:00:00,2025-04-09 00:00:00,2026-04-07 13:07:00
83,user_83@test.com,$2a$10$7zB3qQzEcbB7mU5eL2n9fO0xH98o2tYpM.2s5lR7wE.2F8u7y6X1.,임민원,010-1976-6712,1989-12-04,ROLE_USER,ACTIVE,2024-03-07 00:00:00,2024-03-07 00:00:00,2026-06-21 08:42:00
84,user_84@test.com,$2a$10$7zB3qQzEcbB7mU5eL2n9fO0xH98o2tYpM.2s5lR7wE.2F8u7y6X1.,황시혁,010-3646-7578,1985-11-09,ROLE_USER,ACTIVE,2023-10-26 00:00:00,2023-10-26 00:00:00,2026-06-30 22:14:00
85,user_85@test.com,$2a$10$7zB3qQzEcbB7mU5eL2n9fO0xH98o2tYpM.2s5lR7wE.2F8u7y6X1.,강지영,010-5967-8409,1996-05-03,ROLE_USER,ACTIVE,2026-04-28 00:00:00,2026-04-28 00:00:00,2026-06-23 10:20:00
86,user_86@test.com,$2a$10$7zB3qQzEcbB7mU5eL2n9fO0xH98o2tYpM.2s5lR7wE.2F8u7y6X1.,전태아,010-5675-6579,1987-12-08,ROLE_USER,ACTIVE,2024-08-26 00:00:00,2024-08-26 00:00:00,2026-06-23 11:38:00
87,user_87@test.com,$2a$10$7zB3qQzEcbB7mU5eL2n9fO0xH98o2tYpM.2s5lR7wE.2F8u7y6X1.,임지혁,010-1428-9796,1995-01-28,ROLE_USER,ACTIVE,2026-03-14 00:00:00,2026-03-14 00:00:00,2026-06-30 09:29:00
88,user_88@test.com,$2a$10$7zB3qQzEcbB7mU5eL2n9fO0xH98o2tYpM.2s5lR7wE.2F8u7y6X1.,윤은율,010-7556-9649,1987-03-12,ROLE_USER,ACTIVE,2024-08-24 00:00:00,2024-08-24 00:00:00,2026-06-28 18:21:00
89,user_89@test.com,$2a$10$7zB3qQzEcbB7mU5eL2n9fO0xH98o2tYpM.2s5lR7wE.2F8u7y6X1.,신하아,010-1313-2603,1981-08-26,ROLE_USER,ACTIVE,2024-06-26 00:00:00,2024-06-26 00:00:00,2026-06-21 16:41:00
90,user_90@test.com,$2a$10$7zB3qQzEcbB7mU5eL2n9fO0xH98o2tYpM.2s5lR7wE.2F8u7y6X1.,임승영,010-3014-5254,1976-03-05,ROLE_USER,ACTIVE,2025-07-01 00:00:00,2025-07-01 00:00:00,2026-06-27 22:10:00
91,user_91@test.com,$2a$10$7zB3qQzEcbB7mU5eL2n9fO0xH98o2tYpM.2s5lR7wE.2F8u7y6X1.,황민아,010-1131-8668,2004-01-20,ROLE_USER,ACTIVE,2025-12-17 00:00:00,2025-12-17 00:00:00,2026-06-28 17:45:00
92,user_92@test.com,$2a$10$7zB3qQzEcbB7mU5eL2n9fO0xH98o2tYpM.2s5lR7wE.2F8u7y6X1.,오서아,010-6212-2268,1997-11-08,ROLE_USER,ACTIVE,2024-09-25 00:00:00,2024-09-25 00:00:00,2026-04-17 09:30:00
93,user_93@test.com,$2a$10$7zB3qQzEcbB7mU5eL2n9fO0xH98o2tYpM.2s5lR7wE.2F8u7y6X1.,권민아,010-6739-4339,1983-04-04,ROLE_USER,ACTIVE,2024-08-18 00:00:00,2024-08-18 00:00:00,2026-06-19 11:31:00
94,user_94@test.com,$2a$10$7zB3qQzEcbB7mU5eL2n9fO0xH98o2tYpM.2s5lR7wE.2F8u7y6X1.,서민혁,010-4861-8662,2000-01-18,ROLE_USER,ACTIVE,2024-11-17 00:00:00,2024-11-17 00:00:00,2026-06-21 20:30:00
95,user_95@test.com,$2a$10$7zB3qQzEcbB7mU5eL2n9fO0xH98o2tYpM.2s5lR7wE.2F8u7y6X1.,오현수,010-2415-9066,1999-03-25,ROLE_USER,ACTIVE,2026-01-02 00:00:00,2026-01-02 00:00:00,2026-07-02 10:02:00
96,user_96@test.com,$2a$10$7zB3qQzEcbB7mU5eL2n9fO0xH98o2tYpM.2s5lR7wE.2F8u7y6X1.,윤현준,010-1121-4271,1977-06-08,ROLE_USER,ACTIVE,2025-05-10 00:00:00,2025-05-10 00:00:00,2026-06-24 22:55:00
97,user_97@test.com,$2a$10$7zB3qQzEcbB7mU5eL2n9fO0xH98o2tYpM.2s5lR7wE.2F8u7y6X1.,신도수,010-5119-2100,1991-07-19,ROLE_USER,ACTIVE,2025-06-30 00:00:00,2025-06-30 00:00:00,2026-06-24 11:59:00
98,user_98@test.com,$2a$10$7zB3qQzEcbB7mU5eL2n9fO0xH98o2tYpM.2s5lR7wE.2F8u7y6X1.,박은영,010-9243-4715,1974-02-12,ROLE_USER,ACTIVE,2024-01-02 00:00:00,2024-01-02 00:00:00,2026-06-30 17:18:00
99,user_99@test.com,$2a$10$7zB3qQzEcbB7mU5eL2n9fO0xH98o2tYpM.2s5lR7wE.2F8u7y6X1.,신시영,010-4235-2423,1989-03-05,ROLE_USER,ACTIVE,2024-07-11 00:00:00,2024-07-11 00:00:00,2026-06-30 13:19:00
100,user_100@test.com,$2a$10$7zB3qQzEcbB7mU5eL2n9fO0xH98o2tYpM.2s5lR7wE.2F8u7y6X1.,홍민인,010-6098-2925,1971-10-27,ROLE_USER,ACTIVE,2026-05-05 00:00:00,2026-05-05 00:00:00,2026-05-26 11:04:00
101,user_101@test.com,$2a$10$7zB3qQzEcbB7mU5eL2n9fO0xH98o2tYpM.2s5lR7wE.2F8u7y6X1.,조태영,010-8079-9128,1994-11-11,ROLE_USER,ACTIVE,2026-04-02 00:00:00,2026-04-02 00:00:00,2026-04-14 09:13:00
102,user_102@test.com,$2a$10$7zB3qQzEcbB7mU5eL2n9fO0xH98o2tYpM.2s5lR7wE.2F8u7y6X1.,조예우,010-5939-6321,1989-07-23,ROLE_USER,ACTIVE,2023-12-07 00:00:00,2023-12-07 00:00:00,2026-06-27 10:11:00
103,user_103@test.com,$2a$10$7zB3qQzEcbB7mU5eL2n9fO0xH98o2tYpM.2s5lR7wE.2F8u7y6X1.,한시인,010-6059-9380,1978-04-05,ROLE_USER,ACTIVE,2024-11-12 00:00:00,2024-11-12 00:00:00,2026-06-28 18:20:00
104,user_104@test.com,$2a$10$7zB3qQzEcbB7mU5eL2n9fO0xH98o2tYpM.2s5lR7wE.2F8u7y6X1.,권은현,010-4468-5188,1981-12-20,ROLE_USER,ACTIVE,2026-04-08 00:00:00,2026-04-08 00:00:00,2026-06-20 17:54:00
105,user_105@test.com,$2a$10$7zB3qQzEcbB7mU5eL2n9fO0xH98o2tYpM.2s5lR7wE.2F8u7y6X1.,한하인,010-4624-6677,1992-08-15,ROLE_USER,ACTIVE,2024-02-29 00:00:00,2024-02-29 00:00:00,2026-06-27 10:07:00
106,user_106@test.com,$2a$10$7zB3qQzEcbB7mU5eL2n9fO0xH98o2tYpM.2s5lR7wE.2F8u7y6X1.,서도준,010-8097-5725,2001-01-22,ROLE_USER,ACTIVE,2026-03-27 00:00:00,2026-03-27 00:00:00,2026-06-25 09:09:00
107,user_107@test.com,$2a$10$7zB3qQzEcbB7mU5eL2n9fO0xH98o2tYpM.2s5lR7wE.2F8u7y6X1.,이지혁,010-5280-8540,1974-06-09,ROLE_USER,ACTIVE,2025-05-27 00:00:00,2025-05-27 00:00:00,2026-04-14 16:13:00
108,user_108@test.com,$2a$10$7zB3qQzEcbB7mU5eL2n9fO0xH98o2tYpM.2s5lR7wE.2F8u7y6X1.,최승인,010-3322-9150,1998-06-01,ROLE_USER,ACTIVE,2023-11-02 00:00:00,2023-11-02 00:00:00,2026-06-29 18:01:00
109,user_109@test.com,$2a$10$7zB3qQzEcbB7mU5eL2n9fO0xH98o2tYpM.2s5lR7wE.2F8u7y6X1.,장서준,010-6672-3054,1987-10-04,ROLE_USER,ACTIVE,2025-07-28 00:00:00,2025-07-28 00:00:00,2026-06-30 14:38:00
110,user_110@test.com,$2a$10$7zB3qQzEcbB7mU5eL2n9fO0xH98o2tYpM.2s5lR7wE.2F8u7y6X1.,신도아,010-8609-3503,1995-04-27,ROLE_USER,ACTIVE,2025-05-10 00:00:00,2025-05-10 00:00:00,2026-06-24 19:04:00
111,user_111@test.com,$2a$10$7zB3qQzEcbB7mU5eL2n9fO0xH98o2tYpM.2s5lR7wE.2F8u7y6X1.,한도인,010-7349-8969,1995-05-22,ROLE_USER,ACTIVE,2025-06-19 00:00:00,2025-06-19 00:00:00,2026-06-23 14:32:00
112,user_112@test.com,$2a$10$7zB3qQzEcbB7mU5eL2n9fO0xH98o2tYpM.2s5lR7wE.2F8u7y6X1.,황시혁,010-7387-8853,2000-10-14,ROLE_USER,ACTIVE,2026-01-15 00:00:00,2026-01-15 00:00:00,2026-06-26 18:54:00
113,user_113@test.com,$2a$10$7zB3qQzEcbB7mU5eL2n9fO0xH98o2tYpM.2s5lR7wE.2F8u7y6X1.,신태인,010-1078-2458,1994-10-17,ROLE_USER,ACTIVE,2024-05-27 00:00:00,2024-05-27 00:00:00,2026-06-21 19:14:00
114,user_114@test.com,$2a$10$7zB3qQzEcbB7mU5eL2n9fO0xH98o2tYpM.2s5lR7wE.2F8u7y6X1.,홍하율,010-3209-2550,1984-03-16,ROLE_USER,ACTIVE,2026-02-12 00:00:00,2026-02-12 00:00:00,2026-06-18 21:28:00
115,user_115@test.com,$2a$10$7zB3qQzEcbB7mU5eL2n9fO0xH98o2tYpM.2s5lR7wE.2F8u7y6X1.,황서현,010-7304-2155,1980-11-14,ROLE_USER,ACTIVE,2026-04-21 00:00:00,2026-04-21 00:00:00,2026-05-25 12:54:00
116,user_116@test.com,$2a$10$7zB3qQzEcbB7mU5eL2n9fO0xH98o2tYpM.2s5lR7wE.2F8u7y6X1.,송예우,010-6049-8531,1988-10-04,ROLE_USER,ACTIVE,2024-05-17 00:00:00,2024-05-17 00:00:00,2026-06-05 13:27:00
117,user_117@test.com,$2a$10$7zB3qQzEcbB7mU5eL2n9fO0xH98o2tYpM.2s5lR7wE.2F8u7y6X1.,조하혁,010-6345-3461,1996-12-02,ROLE_USER,ACTIVE,2023-12-19 00:00:00,2023-12-19 00:00:00,2026-06-30 14:01:00
118,user_118@test.com,$2a$10$7zB3qQzEcbB7mU5eL2n9fO0xH98o2tYpM.2s5lR7wE.2F8u7y6X1.,강하수,010-6134-7618,2002-03-27,ROLE_USER,ACTIVE,2026-01-14 00:00:00,2026-01-14 00:00:00,2026-06-27 09:19:00
119,user_119@test.com,$2a$10$7zB3qQzEcbB7mU5eL2n9fO0xH98o2tYpM.2s5lR7wE.2F8u7y6X1.,서승우,010-7039-3780,1975-01-19,ROLE_USER,ACTIVE,2025-08-27 00:00:00,2025-08-27 00:00:00,2026-06-24 17:56:00
120,user_120@test.com,$2a$10$7zB3qQzEcbB7mU5eL2n9fO0xH98o2tYpM.2s5lR7wE.2F8u7y6X1.,권하현,010-1753-9964,1980-12-11,ROLE_USER,ACTIVE,2025-02-12 00:00:00,2025-02-12 00:00:00,2026-06-23 16:21:00
121,user_121@test.com,$2a$10$7zB3qQzEcbB7mU5eL2n9fO0xH98o2tYpM.2s5lR7wE.2F8u7y6X1.,김현준,010-4646-5679,1972-07-19,ROLE_USER,ACTIVE,2024-09-23 00:00:00,2024-09-23 00:00:00,2026-06-19 19:47:00
122,user_122@test.com,$2a$10$7zB3qQzEcbB7mU5eL2n9fO0xH98o2tYpM.2s5lR7wE.2F8u7y6X1.,이지수,010-4482-1401,1974-02-06,ROLE_USER,ACTIVE,2025-06-22 00:00:00,2025-06-22 00:00:00,2026-06-26 21:53:00
123,user_123@test.com,$2a$10$7zB3qQzEcbB7mU5eL2n9fO0xH98o2tYpM.2s5lR7wE.2F8u7y6X1.,안시원,010-6415-2595,1978-04-28,ROLE_USER,ACTIVE,2024-06-26 00:00:00,2024-06-26 00:00:00,2026-07-02 19:43:00
124,user_124@test.com,$2a$10$7zB3qQzEcbB7mU5eL2n9fO0xH98o2tYpM.2s5lR7wE.2F8u7y6X1.,정지인,010-1748-4353,1979-01-15,ROLE_USER,ACTIVE,2024-03-19 00:00:00,2024-03-19 00:00:00,2026-06-22 11:23:00
125,user_125@test.com,$2a$10$7zB3qQzEcbB7mU5eL2n9fO0xH98o2tYpM.2s5lR7wE.2F8u7y6X1.,전하현,010-6887-2107,1979-04-08,ROLE_USER,ACTIVE,2025-07-01 00:00:00,2025-07-01 00:00:00,2026-06-27 09:44:00
126,user_126@test.com,$2a$10$7zB3qQzEcbB7mU5eL2n9fO0xH98o2tYpM.2s5lR7wE.2F8u7y6X1.,홍은수,010-8693-4991,1985-11-25,ROLE_USER,ACTIVE,2026-04-25 00:00:00,2026-04-25 00:00:00,2026-06-23 16:52:00
127,user_127@test.com,$2a$10$7zB3qQzEcbB7mU5eL2n9fO0xH98o2tYpM.2s5lR7wE.2F8u7y6X1.,권하수,010-7390-8169,1999-10-06,ROLE_USER,ACTIVE,2026-05-03 00:00:00,2026-05-03 00:00:00,2026-06-21 16:52:00
128,user_128@test.com,$2a$10$7zB3qQzEcbB7mU5eL2n9fO0xH98o2tYpM.2s5lR7wE.2F8u7y6X1.,송태혁,010-3987-3133,1985-07-01,ROLE_USER,ACTIVE,2024-08-01 00:00:00,2024-08-01 00:00:00,2026-05-24 17:49:00
129,user_129@test.com,$2a$10$7zB3qQzEcbB7mU5eL2n9fO0xH98o2tYpM.2s5lR7wE.2F8u7y6X1.,임도아,010-5263-9339,1996-06-04,ROLE_USER,ACTIVE,2025-04-05 00:00:00,2025-04-05 00:00:00,2026-06-19 14:21:00
130,user_130@test.com,$2a$10$7zB3qQzEcbB7mU5eL2n9fO0xH98o2tYpM.2s5lR7wE.2F8u7y6X1.,서지준,010-7260-9648,1987-04-01,ROLE_USER,ACTIVE,2026-04-17 00:00:00,2026-04-17 00:00:00,2026-06-16 09:19:00
131,user_131@test.com,$2a$10$7zB3qQzEcbB7mU5eL2n9fO0xH98o2tYpM.2s5lR7wE.2F8u7y6X1.,최은빈,010-8193-3313,1989-10-20,ROLE_USER,ACTIVE,2023-10-31 00:00:00,2023-10-31 00:00:00,2026-06-27 08:11:00
132,user_132@test.com,$2a$10$7zB3qQzEcbB7mU5eL2n9fO0xH98o2tYpM.2s5lR7wE.2F8u7y6X1.,조민준,010-9482-5451,2002-02-03,ROLE_USER,ACTIVE,2025-10-25 00:00:00,2025-10-25 00:00:00,2026-06-26 11:59:00
133,user_133@test.com,$2a$10$7zB3qQzEcbB7mU5eL2n9fO0xH98o2tYpM.2s5lR7wE.2F8u7y6X1.,임서현,010-2903-2236,1983-10-04,ROLE_USER,ACTIVE,2024-10-21 00:00:00,2024-10-21 00:00:00,2026-06-23 19:40:00
134,user_134@test.com,$2a$10$7zB3qQzEcbB7mU5eL2n9fO0xH98o2tYpM.2s5lR7wE.2F8u7y6X1.,김시원,010-1021-8447,1996-04-07,ROLE_USER,ACTIVE,2024-05-26 00:00:00,2024-05-26 00:00:00,2026-07-01 20:17:00
135,user_135@test.com,$2a$10$7zB3qQzEcbB7mU5eL2n9fO0xH98o2tYpM.2s5lR7wE.2F8u7y6X1.,임도인,010-3798-8225,1991-01-28,ROLE_USER,ACTIVE,2024-11-14 00:00:00,2024-11-14 00:00:00,2026-06-18 09:52:00
136,user_136@test.com,$2a$10$7zB3qQzEcbB7mU5eL2n9fO0xH98o2tYpM.2s5lR7wE.2F8u7y6X1.,김지율,010-9521-5603,1980-10-18,ROLE_USER,ACTIVE,2024-07-24 00:00:00,2024-07-24 00:00:00,2026-06-24 18:16:00
137,user_137@test.com,$2a$10$7zB3qQzEcbB7mU5eL2n9fO0xH98o2tYpM.2s5lR7wE.2F8u7y6X1.,서은인,010-7692-3930,1977-07-03,ROLE_USER,ACTIVE,2024-11-25 00:00:00,2024-11-25 00:00:00,2026-06-18 12:53:00
138,user_138@test.com,$2a$10$7zB3qQzEcbB7mU5eL2n9fO0xH98o2tYpM.2s5lR7wE.2F8u7y6X1.,한서아,010-8009-4811,2003-12-17,ROLE_USER,ACTIVE,2024-05-22 00:00:00,2024-05-22 00:00:00,2026-06-18 10:15:00
139,user_139@test.com,$2a$10$7zB3qQzEcbB7mU5eL2n9fO0xH98o2tYpM.2s5lR7wE.2F8u7y6X1.,김태원,010-8909-5821,1976-04-16,ROLE_USER,ACTIVE,2024-09-24 00:00:00,2024-09-24 00:00:00,2026-07-02 09:02:00
140,user_140@test.com,$2a$10$7zB3qQzEcbB7mU5eL2n9fO0xH98o2tYpM.2s5lR7wE.2F8u7y6X1.,강승율,010-6482-5386,2000-07-06,ROLE_USER,ACTIVE,2026-02-14 00:00:00,2026-02-14 00:00:00,2026-06-11 09:45:00
141,user_141@test.com,$2a$10$7zB3qQzEcbB7mU5eL2n9fO0xH98o2tYpM.2s5lR7wE.2F8u7y6X1.,송현빈,010-6733-2370,1978-06-26,ROLE_USER,ACTIVE,2024-04-07 00:00:00,2024-04-07 00:00:00,2026-06-24 20:27:00
142,user_142@test.com,$2a$10$7zB3qQzEcbB7mU5eL2n9fO0xH98o2tYpM.2s5lR7wE.2F8u7y6X1.,박서영,010-5634-5555,1990-08-17,ROLE_USER,ACTIVE,2025-05-17 00:00:00,2025-05-17 00:00:00,2026-06-05 19:27:00
143,user_143@test.com,$2a$10$7zB3qQzEcbB7mU5eL2n9fO0xH98o2tYpM.2s5lR7wE.2F8u7y6X1.,황서인,010-3795-1961,2002-05-26,ROLE_USER,ACTIVE,2023-12-23 00:00:00,2023-12-23 00:00:00,2026-06-27 20:57:00
144,user_144@test.com,$2a$10$7zB3qQzEcbB7mU5eL2n9fO0xH98o2tYpM.2s5lR7wE.2F8u7y6X1.,홍시우,010-6544-9542,1973-03-27,ROLE_USER,ACTIVE,2024-03-30 00:00:00,2024-03-30 00:00:00,2026-06-20 20:54:00
145,user_145@test.com,$2a$10$7zB3qQzEcbB7mU5eL2n9fO0xH98o2tYpM.2s5lR7wE.2F8u7y6X1.,최하원,010-9612-2330,1991-11-04,ROLE_USER,ACTIVE,2026-04-21 00:00:00,2026-04-21 00:00:00,2026-06-28 22:07:00
146,user_146@test.com,$2a$10$7zB3qQzEcbB7mU5eL2n9fO0xH98o2tYpM.2s5lR7wE.2F8u7y6X1.,이지인,010-7073-5095,1976-05-13,ROLE_USER,ACTIVE,2023-10-07 00:00:00,2023-10-07 00:00:00,2026-06-24 22:21:00
147,user_147@test.com,$2a$10$7zB3qQzEcbB7mU5eL2n9fO0xH98o2tYpM.2s5lR7wE.2F8u7y6X1.,안은준,010-2595-5434,1995-09-06,ROLE_USER,ACTIVE,2025-07-31 00:00:00,2025-07-31 00:00:00,2026-04-25 08:34:00
148,user_148@test.com,$2a$10$7zB3qQzEcbB7mU5eL2n9fO0xH98o2tYpM.2s5lR7wE.2F8u7y6X1.,한승인,010-2336-7539,1978-12-08,ROLE_USER,ACTIVE,2024-05-27 00:00:00,2024-05-27 00:00:00,2026-06-30 15:52:00
149,user_149@test.com,$2a$10$7zB3qQzEcbB7mU5eL2n9fO0xH98o2tYpM.2s5lR7wE.2F8u7y6X1.,권서영,010-3950-8588,1995-01-05,ROLE_USER,ACTIVE,2024-06-01 00:00:00,2024-06-01 00:00:00,2026-06-12 16:57:00
150,user_150@test.com,$2a$10$7zB3qQzEcbB7mU5eL2n9fO0xH98o2tYpM.2s5lR7wE.2F8u7y6X1.,권서빈,010-2256-4256,1987-08-17,ROLE_USER,ACTIVE,2025-09-23 00:00:00,2025-09-23 00:00:00,2026-06-23 21:34:00
151,user_151@test.com,$2a$10$7zB3qQzEcbB7mU5eL2n9fO0xH98o2tYpM.2s5lR7wE.2F8u7y6X1.,권태준,010-6703-2453,1989-08-22,ROLE_USER,ACTIVE,2024-03-12 00:00:00,2024-03-12 00:00:00,2026-06-18 08:41:00
152,user_152@test.com,$2a$10$7zB3qQzEcbB7mU5eL2n9fO0xH98o2tYpM.2s5lR7wE.2F8u7y6X1.,김시빈,010-1501-4027,1986-08-08,ROLE_USER,ACTIVE,2024-07-18 00:00:00,2024-07-18 00:00:00,2026-06-25 16:10:00
153,user_153@test.com,$2a$10$7zB3qQzEcbB7mU5eL2n9fO0xH98o2tYpM.2s5lR7wE.2F8u7y6X1.,박태혁,010-9375-3829,1983-02-23,ROLE_USER,ACTIVE,2026-02-17 00:00:00,2026-02-17 00:00:00,2026-06-28 12:40:00
154,user_154@test.com,$2a$10$7zB3qQzEcbB7mU5eL2n9fO0xH98o2tYpM.2s5lR7wE.2F8u7y6X1.,김도혁,010-6064-7255,1989-12-08,ROLE_USER,ACTIVE,2025-11-02 00:00:00,2025-11-02 00:00:00,2026-06-25 17:29:00
155,user_155@test.com,$2a$10$7zB3qQzEcbB7mU5eL2n9fO0xH98o2tYpM.2s5lR7wE.2F8u7y6X1.,한은영,010-4621-5920,1988-03-26,ROLE_USER,ACTIVE,2025-12-07 00:00:00,2025-12-07 00:00:00,2026-06-24 17:59:00
156,user_156@test.com,$2a$10$7zB3qQzEcbB7mU5eL2n9fO0xH98o2tYpM.2s5lR7wE.2F8u7y6X1.,전주영,010-9617-4704,1971-01-03,ROLE_USER,ACTIVE,2026-03-29 00:00:00,2026-03-29 00:00:00,2026-07-01 11:17:00
157,user_157@test.com,$2a$10$7zB3qQzEcbB7mU5eL2n9fO0xH98o2tYpM.2s5lR7wE.2F8u7y6X1.,최은원,010-2462-2419,1970-01-09,ROLE_USER,ACTIVE,2026-03-26 00:00:00,2026-03-26 00:00:00,2026-06-22 11:40:00
158,user_158@test.com,$2a$10$7zB3qQzEcbB7mU5eL2n9fO0xH98o2tYpM.2s5lR7wE.2F8u7y6X1.,서승우,010-8810-1068,1983-01-15,ROLE_USER,ACTIVE,2024-03-05 00:00:00,2024-03-05 00:00:00,2026-06-25 14:44:00
159,user_159@test.com,$2a$10$7zB3qQzEcbB7mU5eL2n9fO0xH98o2tYpM.2s5lR7wE.2F8u7y6X1.,서하율,010-5384-7779,1994-11-24,ROLE_USER,ACTIVE,2026-04-30 00:00:00,2026-04-30 00:00:00,2026-06-26 12:50:00
160,user_160@test.com,$2a$10$7zB3qQzEcbB7mU5eL2n9fO0xH98o2tYpM.2s5lR7wE.2F8u7y6X1.,김은빈,010-9007-3072,2004-11-05,ROLE_USER,ACTIVE,2025-03-19 00:00:00,2025-03-19 00:00:00,2026-07-02 16:19:00
161,user_161@test.com,$2a$10$7zB3qQzEcbB7mU5eL2n9fO0xH98o2tYpM.2s5lR7wE.2F8u7y6X1.,최하영,010-7442-3288,2003-02-17,ROLE_USER,ACTIVE,2024-03-10 00:00:00,2024-03-10 00:00:00,2026-06-28 11:49:00
162,user_162@test.com,$2a$10$7zB3qQzEcbB7mU5eL2n9fO0xH98o2tYpM.2s5lR7wE.2F8u7y6X1.,한예수,010-3329-6064,1986-05-02,ROLE_USER,ACTIVE,2025-03-30 00:00:00,2025-03-30 00:00:00,2026-06-18 15:48:00
163,user_163@test.com,$2a$10$7zB3qQzEcbB7mU5eL2n9fO0xH98o2tYpM.2s5lR7wE.2F8u7y6X1.,윤은영,010-4211-7614,1980-02-26,ROLE_USER,ACTIVE,2025-10-18 00:00:00,2025-10-18 00:00:00,2026-07-02 10:01:00
164,user_164@test.com,$2a$10$7zB3qQzEcbB7mU5eL2n9fO0xH98o2tYpM.2s5lR7wE.2F8u7y6X1.,장은아,010-5825-2794,1974-07-01,ROLE_USER,ACTIVE,2023-12-31 00:00:00,2023-12-31 00:00:00,2026-06-20 15:47:00
165,user_165@test.com,$2a$10$7zB3qQzEcbB7mU5eL2n9fO0xH98o2tYpM.2s5lR7wE.2F8u7y6X1.,홍민우,010-8190-1915,1980-04-03,ROLE_USER,ACTIVE,2025-09-29 00:00:00,2025-09-29 00:00:00,2026-06-20 19:51:00
166,user_166@test.com,$2a$10$7zB3qQzEcbB7mU5eL2n9fO0xH98o2tYpM.2s5lR7wE.2F8u7y6X1.,윤주아,010-2636-9938,1997-09-13,ROLE_USER,ACTIVE,2026-03-27 00:00:00,2026-03-27 00:00:00,2026-06-21 20:23:00
167,user_167@test.com,$2a$10$7zB3qQzEcbB7mU5eL2n9fO0xH98o2tYpM.2s5lR7wE.2F8u7y6X1.,장태율,010-1835-5992,1983-06-17,ROLE_USER,ACTIVE,2024-07-08 00:00:00,2024-07-08 00:00:00,2026-04-23 15:02:00
168,user_168@test.com,$2a$10$7zB3qQzEcbB7mU5eL2n9fO0xH98o2tYpM.2s5lR7wE.2F8u7y6X1.,박지영,010-6204-7361,1993-12-15,ROLE_USER,ACTIVE,2024-09-05 00:00:00,2024-09-05 00:00:00,2026-07-01 13:24:00
169,user_169@test.com,$2a$10$7zB3qQzEcbB7mU5eL2n9fO0xH98o2tYpM.2s5lR7wE.2F8u7y6X1.,신예영,010-7385-7874,1987-02-22,ROLE_USER,ACTIVE,2025-02-21 00:00:00,2025-02-21 00:00:00,2026-06-27 15:06:00
170,user_170@test.com,$2a$10$7zB3qQzEcbB7mU5eL2n9fO0xH98o2tYpM.2s5lR7wE.2F8u7y6X1.,최지준,010-9096-1294,1999-02-03,ROLE_USER,ACTIVE,2024-02-11 00:00:00,2024-02-11 00:00:00,2026-06-29 09:33:00
171,user_171@test.com,$2a$10$7zB3qQzEcbB7mU5eL2n9fO0xH98o2tYpM.2s5lR7wE.2F8u7y6X1.,안은인,010-7016-7926,1971-12-11,ROLE_USER,ACTIVE,2025-11-12 00:00:00,2025-11-12 00:00:00,2026-06-21 15:40:00
172,user_172@test.com,$2a$10$7zB3qQzEcbB7mU5eL2n9fO0xH98o2tYpM.2s5lR7wE.2F8u7y6X1.,오태원,010-3248-6655,1981-07-06,ROLE_USER,ACTIVE,2026-04-27 00:00:00,2026-04-27 00:00:00,2026-05-30 15:26:00
173,user_173@test.com,$2a$10$7zB3qQzEcbB7mU5eL2n9fO0xH98o2tYpM.2s5lR7wE.2F8u7y6X1.,윤현원,010-9409-5229,1992-01-23,ROLE_USER,ACTIVE,2024-01-28 00:00:00,2024-01-28 00:00:00,2026-06-16 16:03:00
174,user_174@test.com,$2a$10$7zB3qQzEcbB7mU5eL2n9fO0xH98o2tYpM.2s5lR7wE.2F8u7y6X1.,신시아,010-9462-4132,1996-02-17,ROLE_USER,ACTIVE,2025-11-06 00:00:00,2025-11-06 00:00:00,2026-06-23 20:00:00
175,user_175@test.com,$2a$10$7zB3qQzEcbB7mU5eL2n9fO0xH98o2tYpM.2s5lR7wE.2F8u7y6X1.,강은현,010-9126-9850,1983-05-05,ROLE_USER,ACTIVE,2024-02-22 00:00:00,2024-02-22 00:00:00,2026-06-28 13:13:00
176,user_176@test.com,$2a$10$7zB3qQzEcbB7mU5eL2n9fO0xH98o2tYpM.2s5lR7wE.2F8u7y6X1.,김서율,010-4939-4588,1977-12-23,ROLE_USER,ACTIVE,2024-03-06 00:00:00,2024-03-06 00:00:00,2026-06-22 22:37:00
177,user_177@test.com,$2a$10$7zB3qQzEcbB7mU5eL2n9fO0xH98o2tYpM.2s5lR7wE.2F8u7y6X1.,김도준,010-1777-5051,1983-01-19,ROLE_USER,ACTIVE,2024-12-10 00:00:00,2024-12-10 00:00:00,2026-06-03 15:59:00
178,user_178@test.com,$2a$10$7zB3qQzEcbB7mU5eL2n9fO0xH98o2tYpM.2s5lR7wE.2F8u7y6X1.,전시준,010-2737-5981,1992-09-10,ROLE_USER,ACTIVE,2026-03-11 00:00:00,2026-03-11 00:00:00,2026-06-18 08:56:00
179,user_179@test.com,$2a$10$7zB3qQzEcbB7mU5eL2n9fO0xH98o2tYpM.2s5lR7wE.2F8u7y6X1.,김지원,010-8374-9982,1997-06-24,ROLE_USER,ACTIVE,2024-04-25 00:00:00,2024-04-25 00:00:00,2026-06-25 15:02:00
180,user_180@test.com,$2a$10$7zB3qQzEcbB7mU5eL2n9fO0xH98o2tYpM.2s5lR7wE.2F8u7y6X1.,홍민아,010-8552-1113,1972-10-11,ROLE_USER,ACTIVE,2025-06-04 00:00:00,2025-06-04 00:00:00,2026-06-14 12:25:00
181,user_181@test.com,$2a$10$7zB3qQzEcbB7mU5eL2n9fO0xH98o2tYpM.2s5lR7wE.2F8u7y6X1.,박은현,010-2825-9459,1995-10-28,ROLE_USER,ACTIVE,2024-12-23 00:00:00,2024-12-23 00:00:00,2026-07-02 20:12:00
182,user_182@test.com,$2a$10$7zB3qQzEcbB7mU5eL2n9fO0xH98o2tYpM.2s5lR7wE.2F8u7y6X1.,안하인,010-7232-3180,2003-07-09,ROLE_USER,ACTIVE,2025-01-20 00:00:00,2025-01-20 00:00:00,2026-06-21 14:37:00
183,user_183@test.com,$2a$10$7zB3qQzEcbB7mU5eL2n9fO0xH98o2tYpM.2s5lR7wE.2F8u7y6X1.,조승수,010-8782-2089,1975-07-23,ROLE_USER,ACTIVE,2025-07-20 00:00:00,2025-07-20 00:00:00,2026-06-30 15:58:00
184,user_184@test.com,$2a$10$7zB3qQzEcbB7mU5eL2n9fO0xH98o2tYpM.2s5lR7wE.2F8u7y6X1.,홍승율,010-5901-3947,1999-06-06,ROLE_USER,ACTIVE,2024-02-15 00:00:00,2024-02-15 00:00:00,2026-06-20 19:24:00
185,user_185@test.com,$2a$10$7zB3qQzEcbB7mU5eL2n9fO0xH98o2tYpM.2s5lR7wE.2F8u7y6X1.,장태빈,010-8571-9845,1976-06-28,ROLE_USER,ACTIVE,2024-12-19 00:00:00,2024-12-19 00:00:00,2026-06-19 16:46:00
186,user_186@test.com,$2a$10$7zB3qQzEcbB7mU5eL2n9fO0xH98o2tYpM.2s5lR7wE.2F8u7y6X1.,정도원,010-3684-8285,1986-02-23,ROLE_USER,ACTIVE,2025-08-23 00:00:00,2025-08-23 00:00:00,2026-06-27 20:52:00
187,user_187@test.com,$2a$10$7zB3qQzEcbB7mU5eL2n9fO0xH98o2tYpM.2s5lR7wE.2F8u7y6X1.,송주원,010-6537-1670,1972-06-02,ROLE_USER,ACTIVE,2025-03-02 00:00:00,2025-03-02 00:00:00,2026-07-02 13:27:00
188,user_188@test.com,$2a$10$7zB3qQzEcbB7mU5eL2n9fO0xH98o2tYpM.2s5lR7wE.2F8u7y6X1.,송서빈,010-9792-9730,1986-05-27,ROLE_USER,ACTIVE,2024-02-06 00:00:00,2024-02-06 00:00:00,2026-06-21 18:52:00
189,user_189@test.com,$2a$10$7zB3qQzEcbB7mU5eL2n9fO0xH98o2tYpM.2s5lR7wE.2F8u7y6X1.,오민우,010-4698-2849,1998-09-19,ROLE_USER,ACTIVE,2025-03-13 00:00:00,2025-03-13 00:00:00,2026-06-29 22:36:00
190,user_190@test.com,$2a$10$7zB3qQzEcbB7mU5eL2n9fO0xH98o2tYpM.2s5lR7wE.2F8u7y6X1.,권도율,010-2322-5895,2003-08-02,ROLE_USER,ACTIVE,2025-11-19 00:00:00,2025-11-19 00:00:00,2026-06-21 22:10:00
191,user_191@test.com,$2a$10$7zB3qQzEcbB7mU5eL2n9fO0xH98o2tYpM.2s5lR7wE.2F8u7y6X1.,홍시빈,010-6073-4470,1976-04-09,ROLE_USER,ACTIVE,2024-02-15 00:00:00,2024-02-15 00:00:00,2026-06-24 16:56:00
192,user_192@test.com,$2a$10$7zB3qQzEcbB7mU5eL2n9fO0xH98o2tYpM.2s5lR7wE.2F8u7y6X1.,박도준,010-5799-7396,1981-09-22,ROLE_USER,ACTIVE,2025-07-04 00:00:00,2025-07-04 00:00:00,2026-06-26 10:19:00
193,user_193@test.com,$2a$10$7zB3qQzEcbB7mU5eL2n9fO0xH98o2tYpM.2s5lR7wE.2F8u7y6X1.,조예수,010-4030-4533,2004-07-22,ROLE_USER,ACTIVE,2026-02-10 00:00:00,2026-02-10 00:00:00,2026-07-01 14:42:00
194,user_194@test.com,$2a$10$7zB3qQzEcbB7mU5eL2n9fO0xH98o2tYpM.2s5lR7wE.2F8u7y6X1.,이하아,010-1188-4963,2000-04-08,ROLE_USER,ACTIVE,2026-04-25 00:00:00,2026-04-25 00:00:00,2026-06-10 12:20:00
195,user_195@test.com,$2a$10$7zB3qQzEcbB7mU5eL2n9fO0xH98o2tYpM.2s5lR7wE.2F8u7y6X1.,안도인,010-3926-2029,1988-05-13,ROLE_USER,ACTIVE,2024-03-24 00:00:00,2024-03-24 00:00:00,2026-06-23 19:02:00
196,user_196@test.com,$2a$10$7zB3qQzEcbB7mU5eL2n9fO0xH98o2tYpM.2s5lR7wE.2F8u7y6X1.,서하영,010-2666-8981,1990-05-20,ROLE_USER,ACTIVE,2024-06-06 00:00:00,2024-06-06 00:00:00,2026-04-19 15:51:00
197,user_197@test.com,$2a$10$7zB3qQzEcbB7mU5eL2n9fO0xH98o2tYpM.2s5lR7wE.2F8u7y6X1.,황은준,010-2244-9207,1982-01-26,ROLE_USER,ACTIVE,2023-10-25 00:00:00,2023-10-25 00:00:00,2026-06-28 21:51:00
198,user_198@test.com,$2a$10$7zB3qQzEcbB7mU5eL2n9fO0xH98o2tYpM.2s5lR7wE.2F8u7y6X1.,박주준,010-7098-2934,1995-08-14,ROLE_USER,ACTIVE,2025-10-23 00:00:00,2025-10-23 00:00:00,2026-06-18 09:48:00
199,user_199@test.com,$2a$10$7zB3qQzEcbB7mU5eL2n9fO0xH98o2tYpM.2s5lR7wE.2F8u7y6X1.,오승율,010-3670-6218,1983-12-27,ROLE_USER,ACTIVE,2026-01-12 00:00:00,2026-01-12 00:00:00,2026-06-30 15:44:00
200,user_200@test.com,$2a$10$7zB3qQzEcbB7mU5eL2n9fO0xH98o2tYpM.2s5lR7wE.2F8u7y6X1.,홍민아,010-9629-1423,1978-02-02,ROLE_USER,ACTIVE,2025-03-03 00:00:00,2025-03-03 00:00:00,2026-06-22 13:29:00
201,user_201@test.com,$2a$10$7zB3qQzEcbB7mU5eL2n9fO0xH98o2tYpM.2s5lR7wE.2F8u7y6X1.,김민혁,010-5879-5492,1991-06-01,ROLE_USER,ACTIVE,2025-09-08 00:00:00,2025-09-08 00:00:00,2026-06-03 09:22:00
202,user_202@test.com,$2a$10$7zB3qQzEcbB7mU5eL2n9fO0xH98o2tYpM.2s5lR7wE.2F8u7y6X1.,이예율,010-8353-3562,1994-11-08,ROLE_USER,ACTIVE,2025-01-20 00:00:00,2025-01-20 00:00:00,2026-06-28 15:23:00
203,user_203@test.com,$2a$10$7zB3qQzEcbB7mU5eL2n9fO0xH98o2tYpM.2s5lR7wE.2F8u7y6X1.,강서수,010-6231-9858,1979-03-01,ROLE_USER,ACTIVE,2025-07-12 00:00:00,2025-07-12 00:00:00,2026-06-20 17:11:00
204,user_204@test.com,$2a$10$7zB3qQzEcbB7mU5eL2n9fO0xH98o2tYpM.2s5lR7wE.2F8u7y6X1.,김예인,010-8528-1479,1983-10-23,ROLE_USER,ACTIVE,2024-05-05 00:00:00,2024-05-05 00:00:00,2026-06-24 09:47:00
205,user_205@test.com,$2a$10$7zB3qQzEcbB7mU5eL2n9fO0xH98o2tYpM.2s5lR7wE.2F8u7y6X1.,김시수,010-4026-1078,2000-12-13,ROLE_USER,ACTIVE,2025-11-19 00:00:00,2025-11-19 00:00:00,2026-06-29 18:53:00
206,user_206@test.com,$2a$10$7zB3qQzEcbB7mU5eL2n9fO0xH98o2tYpM.2s5lR7wE.2F8u7y6X1.,안은인,010-3306-4726,1979-12-09,ROLE_USER,ACTIVE,2024-10-05 00:00:00,2024-10-05 00:00:00,2026-06-21 18:29:00
207,user_207@test.com,$2a$10$7zB3qQzEcbB7mU5eL2n9fO0xH98o2tYpM.2s5lR7wE.2F8u7y6X1.,황은혁,010-7158-7356,1993-07-16,ROLE_USER,ACTIVE,2025-12-30 00:00:00,2025-12-30 00:00:00,2026-06-18 21:34:00
208,user_208@test.com,$2a$10$7zB3qQzEcbB7mU5eL2n9fO0xH98o2tYpM.2s5lR7wE.2F8u7y6X1.,최도빈,010-5635-3559,1983-03-09,ROLE_USER,ACTIVE,2026-04-29 00:00:00,2026-04-29 00:00:00,2026-06-21 14:41:00
209,user_209@test.com,$2a$10$7zB3qQzEcbB7mU5eL2n9fO0xH98o2tYpM.2s5lR7wE.2F8u7y6X1.,이주수,010-6881-8802,2002-09-24,ROLE_USER,ACTIVE,2024-09-23 00:00:00,2024-09-23 00:00:00,2026-06-22 21:40:00
210,user_210@test.com,$2a$10$7zB3qQzEcbB7mU5eL2n9fO0xH98o2tYpM.2s5lR7wE.2F8u7y6X1.,한시율,010-8192-9997,1997-06-17,ROLE_USER,ACTIVE,2026-04-25 00:00:00,2026-04-25 00:00:00,2026-06-05 13:25:00
211,user_211@test.com,$2a$10$7zB3qQzEcbB7mU5eL2n9fO0xH98o2tYpM.2s5lR7wE.2F8u7y6X1.,전지혁,010-3253-8347,1993-02-25,ROLE_USER,ACTIVE,2025-09-18 00:00:00,2025-09-18 00:00:00,2026-06-20 17:15:00
212,user_212@test.com,$2a$10$7zB3qQzEcbB7mU5eL2n9fO0xH98o2tYpM.2s5lR7wE.2F8u7y6X1.,정시현,010-6950-2494,1994-09-22,ROLE_USER,ACTIVE,2024-11-25 00:00:00,2024-11-25 00:00:00,2026-06-07 14:22:00
213,user_213@test.com,$2a$10$7zB3qQzEcbB7mU5eL2n9fO0xH98o2tYpM.2s5lR7wE.2F8u7y6X1.,황현원,010-2767-2416,1981-11-17,ROLE_USER,ACTIVE,2025-04-20 00:00:00,2025-04-20 00:00:00,2026-06-26 16:29:00
214,user_214@test.com,$2a$10$7zB3qQzEcbB7mU5eL2n9fO0xH98o2tYpM.2s5lR7wE.2F8u7y6X1.,장시우,010-5484-5663,2003-07-08,ROLE_USER,ACTIVE,2025-09-25 00:00:00,2025-09-25 00:00:00,2026-06-21 16:57:00
215,user_215@test.com,$2a$10$7zB3qQzEcbB7mU5eL2n9fO0xH98o2tYpM.2s5lR7wE.2F8u7y6X1.,권승인,010-8303-2267,2001-08-10,ROLE_USER,ACTIVE,2023-10-27 00:00:00,2023-10-27 00:00:00,2026-06-26 08:12:00
216,user_216@test.com,$2a$10$7zB3qQzEcbB7mU5eL2n9fO0xH98o2tYpM.2s5lR7wE.2F8u7y6X1.,강주수,010-7851-1897,2003-09-15,ROLE_USER,ACTIVE,2023-11-27 00:00:00,2023-11-27 00:00:00,2026-06-09 21:26:00
217,user_217@test.com,$2a$10$7zB3qQzEcbB7mU5eL2n9fO0xH98o2tYpM.2s5lR7wE.2F8u7y6X1.,안시영,010-8177-5632,2004-09-26,ROLE_USER,ACTIVE,2025-03-05 00:00:00,2025-03-05 00:00:00,2026-06-30 19:58:00
218,user_218@test.com,$2a$10$7zB3qQzEcbB7mU5eL2n9fO0xH98o2tYpM.2s5lR7wE.2F8u7y6X1.,김시원,010-8711-9765,1970-06-22,ROLE_USER,ACTIVE,2026-05-25 00:00:00,2026-05-25 00:00:00,2026-06-16 12:25:00
219,user_219@test.com,$2a$10$7zB3qQzEcbB7mU5eL2n9fO0xH98o2tYpM.2s5lR7wE.2F8u7y6X1.,조도영,010-6414-2517,1979-02-13,ROLE_USER,ACTIVE,2025-08-08 00:00:00,2025-08-08 00:00:00,2026-06-07 16:46:00
220,user_220@test.com,$2a$10$7zB3qQzEcbB7mU5eL2n9fO0xH98o2tYpM.2s5lR7wE.2F8u7y6X1.,윤서아,010-2043-5801,1990-02-12,ROLE_USER,ACTIVE,2025-08-26 00:00:00,2025-08-26 00:00:00,2026-07-02 22:04:00
221,user_221@test.com,$2a$10$7zB3qQzEcbB7mU5eL2n9fO0xH98o2tYpM.2s5lR7wE.2F8u7y6X1.,정시현,010-9221-8934,1984-12-17,ROLE_USER,ACTIVE,2024-10-01 00:00:00,2024-10-01 00:00:00,2026-06-26 17:03:00
222,user_222@test.com,$2a$10$7zB3qQzEcbB7mU5eL2n9fO0xH98o2tYpM.2s5lR7wE.2F8u7y6X1.,신예우,010-5152-8154,1997-11-17,ROLE_USER,ACTIVE,2024-04-13 00:00:00,2024-04-13 00:00:00,2026-06-23 21:26:00
223,user_223@test.com,$2a$10$7zB3qQzEcbB7mU5eL2n9fO0xH98o2tYpM.2s5lR7wE.2F8u7y6X1.,김태원,010-4881-7795,1973-02-16,ROLE_USER,ACTIVE,2025-05-03 00:00:00,2025-05-03 00:00:00,2026-06-30 15:02:00
224,user_224@test.com,$2a$10$7zB3qQzEcbB7mU5eL2n9fO0xH98o2tYpM.2s5lR7wE.2F8u7y6X1.,강지영,010-6050-2275,1991-06-23,ROLE_USER,ACTIVE,2024-07-18 00:00:00,2024-07-18 00:00:00,2026-06-18 19:08:00
225,user_225@test.com,$2a$10$7zB3qQzEcbB7mU5eL2n9fO0xH98o2tYpM.2s5lR7wE.2F8u7y6X1.,정태아,010-6919-8967,1994-06-11,ROLE_USER,ACTIVE,2024-10-24 00:00:00,2024-10-24 00:00:00,2026-06-27 16:28:00
226,user_226@test.com,$2a$10$7zB3qQzEcbB7mU5eL2n9fO0xH98o2tYpM.2s5lR7wE.2F8u7y6X1.,서하인,010-3286-1093,1982-06-04,ROLE_USER,ACTIVE,2025-04-27 00:00:00,2025-04-27 00:00:00,2026-07-01 21:11:00
227,user_227@test.com,$2a$10$7zB3qQzEcbB7mU5eL2n9fO0xH98o2tYpM.2s5lR7wE.2F8u7y6X1.,박현아,010-2322-9199,1999-12-04,ROLE_USER,ACTIVE,2025-03-08 00:00:00,2025-03-08 00:00:00,2026-06-27 08:03:00
228,user_228@test.com,$2a$10$7zB3qQzEcbB7mU5eL2n9fO0xH98o2tYpM.2s5lR7wE.2F8u7y6X1.,홍하준,010-1522-9742,1975-12-09,ROLE_USER,ACTIVE,2024-05-27 00:00:00,2024-05-27 00:00:00,2026-06-19 12:28:00
229,user_229@test.com,$2a$10$7zB3qQzEcbB7mU5eL2n9fO0xH98o2tYpM.2s5lR7wE.2F8u7y6X1.,권시수,010-5040-5753,1990-06-12,ROLE_USER,ACTIVE,2026-01-04 00:00:00,2026-01-04 00:00:00,2026-06-19 18:41:00
230,user_230@test.com,$2a$10$7zB3qQzEcbB7mU5eL2n9fO0xH98o2tYpM.2s5lR7wE.2F8u7y6X1.,윤은우,010-4084-3087,1979-09-06,ROLE_USER,ACTIVE,2024-11-14 00:00:00,2024-11-14 00:00:00,2026-06-29 18:45:00
231,user_231@test.com,$2a$10$7zB3qQzEcbB7mU5eL2n9fO0xH98o2tYpM.2s5lR7wE.2F8u7y6X1.,전태혁,010-9479-5079,1985-07-13,ROLE_USER,ACTIVE,2025-12-26 00:00:00,2025-12-26 00:00:00,2026-06-25 13:37:00
232,user_232@test.com,$2a$10$7zB3qQzEcbB7mU5eL2n9fO0xH98o2tYpM.2s5lR7wE.2F8u7y6X1.,서은빈,010-9146-4380,1970-09-09,ROLE_USER,ACTIVE,2023-10-16 00:00:00,2023-10-16 00:00:00,2026-06-28 10:36:00
233,user_233@test.com,$2a$10$7zB3qQzEcbB7mU5eL2n9fO0xH98o2tYpM.2s5lR7wE.2F8u7y6X1.,장예영,010-3321-8769,1999-06-17,ROLE_USER,ACTIVE,2024-09-09 00:00:00,2024-09-09 00:00:00,2026-06-18 09:57:00
234,user_234@test.com,$2a$10$7zB3qQzEcbB7mU5eL2n9fO0xH98o2tYpM.2s5lR7wE.2F8u7y6X1.,정도혁,010-7428-9605,1982-08-02,ROLE_USER,ACTIVE,2025-05-12 00:00:00,2025-05-12 00:00:00,2026-04-10 12:22:00
235,user_235@test.com,$2a$10$7zB3qQzEcbB7mU5eL2n9fO0xH98o2tYpM.2s5lR7wE.2F8u7y6X1.,김은준,010-7219-7541,2004-10-24,ROLE_USER,ACTIVE,2026-04-19 00:00:00,2026-04-19 00:00:00,2026-06-24 22:52:00
236,user_236@test.com,$2a$10$7zB3qQzEcbB7mU5eL2n9fO0xH98o2tYpM.2s5lR7wE.2F8u7y6X1.,조민영,010-3409-7974,1989-08-17,ROLE_USER,ACTIVE,2026-01-22 00:00:00,2026-01-22 00:00:00,2026-06-18 12:25:00
237,user_237@test.com,$2a$10$7zB3qQzEcbB7mU5eL2n9fO0xH98o2tYpM.2s5lR7wE.2F8u7y6X1.,전은빈,010-9187-3907,1991-09-18,ROLE_USER,ACTIVE,2026-01-14 00:00:00,2026-01-14 00:00:00,2026-06-30 12:17:00
238,user_238@test.com,$2a$10$7zB3qQzEcbB7mU5eL2n9fO0xH98o2tYpM.2s5lR7wE.2F8u7y6X1.,박지율,010-9682-5589,1989-07-08,ROLE_USER,ACTIVE,2025-06-16 00:00:00,2025-06-16 00:00:00,2026-07-01 20:08:00
239,user_239@test.com,$2a$10$7zB3qQzEcbB7mU5eL2n9fO0xH98o2tYpM.2s5lR7wE.2F8u7y6X1.,권도현,010-5025-1725,1972-10-06,ROLE_USER,ACTIVE,2026-03-23 00:00:00,2026-03-23 00:00:00,2026-07-01 17:33:00
240,user_240@test.com,$2a$10$7zB3qQzEcbB7mU5eL2n9fO0xH98o2tYpM.2s5lR7wE.2F8u7y6X1.,이지우,010-6590-2578,1975-03-05,ROLE_USER,ACTIVE,2025-02-03 00:00:00,2025-02-03 00:00:00,2026-06-29 10:41:00
241,user_241@test.com,$2a$10$7zB3qQzEcbB7mU5eL2n9fO0xH98o2tYpM.2s5lR7wE.2F8u7y6X1.,조승빈,010-5569-1525,2002-06-03,ROLE_USER,ACTIVE,2024-02-02 00:00:00,2024-02-02 00:00:00,2026-06-25 13:18:00
242,user_242@test.com,$2a$10$7zB3qQzEcbB7mU5eL2n9fO0xH98o2tYpM.2s5lR7wE.2F8u7y6X1.,강현수,010-1128-1020,1994-11-11,ROLE_USER,ACTIVE,2026-02-05 00:00:00,2026-02-05 00:00:00,2026-07-01 20:34:00
243,user_243@test.com,$2a$10$7zB3qQzEcbB7mU5eL2n9fO0xH98o2tYpM.2s5lR7wE.2F8u7y6X1.,박은준,010-1757-4369,2001-08-12,ROLE_USER,ACTIVE,2026-02-26 00:00:00,2026-02-26 00:00:00,2026-06-27 10:10:00
244,user_244@test.com,$2a$10$7zB3qQzEcbB7mU5eL2n9fO0xH98o2tYpM.2s5lR7wE.2F8u7y6X1.,윤도수,010-9347-5701,1997-01-16,ROLE_USER,ACTIVE,2024-04-21 00:00:00,2024-04-21 00:00:00,2026-06-25 11:10:00
245,user_245@test.com,$2a$10$7zB3qQzEcbB7mU5eL2n9fO0xH98o2tYpM.2s5lR7wE.2F8u7y6X1.,임승혁,010-4591-2271,1999-05-18,ROLE_USER,ACTIVE,2026-05-25 00:00:00,2026-05-25 00:00:00,2026-06-09 20:03:00
246,user_246@test.com,$2a$10$7zB3qQzEcbB7mU5eL2n9fO0xH98o2tYpM.2s5lR7wE.2F8u7y6X1.,윤하아,010-6799-5219,1983-03-07,ROLE_USER,ACTIVE,2024-04-08 00:00:00,2024-04-08 00:00:00,2026-07-02 11:28:00
247,user_247@test.com,$2a$10$7zB3qQzEcbB7mU5eL2n9fO0xH98o2tYpM.2s5lR7wE.2F8u7y6X1.,이태원,010-9978-6617,1997-08-08,ROLE_USER,ACTIVE,2025-11-28 00:00:00,2025-11-28 00:00:00,2026-06-28 16:11:00
248,user_248@test.com,$2a$10$7zB3qQzEcbB7mU5eL2n9fO0xH98o2tYpM.2s5lR7wE.2F8u7y6X1.,한은현,010-7874-9937,1997-12-09,ROLE_USER,ACTIVE,2025-10-09 00:00:00,2025-10-09 00:00:00,2026-06-28 10:08:00
249,user_249@test.com,$2a$10$7zB3qQzEcbB7mU5eL2n9fO0xH98o2tYpM.2s5lR7wE.2F8u7y6X1.,박지원,010-6991-9215,1983-02-05,ROLE_USER,ACTIVE,2026-04-15 00:00:00,2026-04-15 00:00:00,2026-06-20 16:39:00
250,user_250@test.com,$2a$10$7zB3qQzEcbB7mU5eL2n9fO0xH98o2tYpM.2s5lR7wE.2F8u7y6X1.,강태인,010-1343-8818,1982-12-20,ROLE_USER,ACTIVE,2025-01-18 00:00:00,2025-01-18 00:00:00,2026-06-26 16:07:00
251,user_251@test.com,$2a$10$7zB3qQzEcbB7mU5eL2n9fO0xH98o2tYpM.2s5lR7wE.2F8u7y6X1.,한주준,010-7759-8381,1977-03-25,ROLE_USER,ACTIVE,2026-04-28 00:00:00,2026-04-28 00:00:00,2026-05-24 22:03:00
252,user_252@test.com,$2a$10$7zB3qQzEcbB7mU5eL2n9fO0xH98o2tYpM.2s5lR7wE.2F8u7y6X1.,강도혁,010-6628-5922,2001-10-23,ROLE_USER,ACTIVE,2025-05-07 00:00:00,2025-05-07 00:00:00,2026-06-20 19:52:00
253,user_253@test.com,$2a$10$7zB3qQzEcbB7mU5eL2n9fO0xH98o2tYpM.2s5lR7wE.2F8u7y6X1.,권서우,010-4777-2805,1990-11-20,ROLE_USER,ACTIVE,2026-04-06 00:00:00,2026-04-06 00:00:00,2026-06-20 13:51:00
254,user_254@test.com,$2a$10$7zB3qQzEcbB7mU5eL2n9fO0xH98o2tYpM.2s5lR7wE.2F8u7y6X1.,황현우,010-1679-3138,1996-09-27,ROLE_USER,ACTIVE,2024-06-25 00:00:00,2024-06-25 00:00:00,2026-06-29 12:10:00
255,user_255@test.com,$2a$10$7zB3qQzEcbB7mU5eL2n9fO0xH98o2tYpM.2s5lR7wE.2F8u7y6X1.,신현현,010-5583-8002,1988-06-20,ROLE_USER,ACTIVE,2026-01-06 00:00:00,2026-01-06 00:00:00,2026-06-27 16:18:00
256,user_256@test.com,$2a$10$7zB3qQzEcbB7mU5eL2n9fO0xH98o2tYpM.2s5lR7wE.2F8u7y6X1.,최민현,010-1238-4151,2002-04-23,ROLE_USER,ACTIVE,2023-10-23 00:00:00,2023-10-23 00:00:00,2026-06-26 21:22:00
257,user_257@test.com,$2a$10$7zB3qQzEcbB7mU5eL2n9fO0xH98o2tYpM.2s5lR7wE.2F8u7y6X1.,황지영,010-4119-4071,1992-09-23,ROLE_USER,ACTIVE,2025-06-07 00:00:00,2025-06-07 00:00:00,2026-06-23 19:51:00
258,user_258@test.com,$2a$10$7zB3qQzEcbB7mU5eL2n9fO0xH98o2tYpM.2s5lR7wE.2F8u7y6X1.,강주아,010-2162-3533,1992-01-27,ROLE_USER,ACTIVE,2024-06-19 00:00:00,2024-06-19 00:00:00,2026-06-27 14:19:00
259,user_259@test.com,$2a$10$7zB3qQzEcbB7mU5eL2n9fO0xH98o2tYpM.2s5lR7wE.2F8u7y6X1.,강현빈,010-8190-3660,1977-12-01,ROLE_USER,ACTIVE,2026-02-15 00:00:00,2026-02-15 00:00:00,2026-06-19 22:54:00
260,user_260@test.com,$2a$10$7zB3qQzEcbB7mU5eL2n9fO0xH98o2tYpM.2s5lR7wE.2F8u7y6X1.,신승율,010-6039-9087,1971-08-08,ROLE_USER,ACTIVE,2024-08-02 00:00:00,2024-08-02 00:00:00,2026-06-21 08:24:00
261,user_261@test.com,$2a$10$7zB3qQzEcbB7mU5eL2n9fO0xH98o2tYpM.2s5lR7wE.2F8u7y6X1.,홍민율,010-2916-7630,1990-10-23,ROLE_USER,ACTIVE,2025-10-01 00:00:00,2025-10-01 00:00:00,2026-06-27 18:40:00
262,user_262@test.com,$2a$10$7zB3qQzEcbB7mU5eL2n9fO0xH98o2tYpM.2s5lR7wE.2F8u7y6X1.,윤예영,010-3351-4095,1984-12-22,ROLE_USER,ACTIVE,2025-06-17 00:00:00,2025-06-17 00:00:00,2026-04-29 17:21:00
263,user_263@test.com,$2a$10$7zB3qQzEcbB7mU5eL2n9fO0xH98o2tYpM.2s5lR7wE.2F8u7y6X1.,박서빈,010-8726-1087,1971-03-03,ROLE_USER,ACTIVE,2024-06-26 00:00:00,2024-06-26 00:00:00,2026-06-19 18:02:00
264,user_264@test.com,$2a$10$7zB3qQzEcbB7mU5eL2n9fO0xH98o2tYpM.2s5lR7wE.2F8u7y6X1.,정지아,010-1902-6880,1972-09-28,ROLE_USER,ACTIVE,2024-10-01 00:00:00,2024-10-01 00:00:00,2026-06-21 11:08:00
265,user_265@test.com,$2a$10$7zB3qQzEcbB7mU5eL2n9fO0xH98o2tYpM.2s5lR7wE.2F8u7y6X1.,전현현,010-6887-7282,1980-01-18,ROLE_USER,ACTIVE,2024-03-11 00:00:00,2024-03-11 00:00:00,2026-06-28 20:03:00
266,user_266@test.com,$2a$10$7zB3qQzEcbB7mU5eL2n9fO0xH98o2tYpM.2s5lR7wE.2F8u7y6X1.,신승우,010-8323-2909,2003-01-10,ROLE_USER,ACTIVE,2025-07-14 00:00:00,2025-07-14 00:00:00,2026-06-29 21:54:00
267,user_267@test.com,$2a$10$7zB3qQzEcbB7mU5eL2n9fO0xH98o2tYpM.2s5lR7wE.2F8u7y6X1.,송지혁,010-8631-6774,1975-05-16,ROLE_USER,ACTIVE,2024-01-07 00:00:00,2024-01-07 00:00:00,2026-06-28 22:36:00
268,user_268@test.com,$2a$10$7zB3qQzEcbB7mU5eL2n9fO0xH98o2tYpM.2s5lR7wE.2F8u7y6X1.,조은준,010-7425-7860,1976-02-16,ROLE_USER,ACTIVE,2025-08-12 00:00:00,2025-08-12 00:00:00,2026-06-20 13:03:00
269,user_269@test.com,$2a$10$7zB3qQzEcbB7mU5eL2n9fO0xH98o2tYpM.2s5lR7wE.2F8u7y6X1.,안예수,010-8038-1634,1995-09-17,ROLE_USER,ACTIVE,2024-02-22 00:00:00,2024-02-22 00:00:00,2026-07-02 10:29:00
270,user_270@test.com,$2a$10$7zB3qQzEcbB7mU5eL2n9fO0xH98o2tYpM.2s5lR7wE.2F8u7y6X1.,윤예준,010-3518-6003,1977-07-01,ROLE_USER,ACTIVE,2024-06-15 00:00:00,2024-06-15 00:00:00,2026-06-03 22:55:00
271,user_271@test.com,$2a$10$7zB3qQzEcbB7mU5eL2n9fO0xH98o2tYpM.2s5lR7wE.2F8u7y6X1.,조지율,010-8586-1996,1970-07-27,ROLE_USER,ACTIVE,2024-06-22 00:00:00,2024-06-22 00:00:00,2026-06-19 22:44:00
272,user_272@test.com,$2a$10$7zB3qQzEcbB7mU5eL2n9fO0xH98o2tYpM.2s5lR7wE.2F8u7y6X1.,장서아,010-8003-5213,1992-03-28,ROLE_USER,ACTIVE,2025-11-05 00:00:00,2025-11-05 00:00:00,2026-06-29 20:49:00
273,user_273@test.com,$2a$10$7zB3qQzEcbB7mU5eL2n9fO0xH98o2tYpM.2s5lR7wE.2F8u7y6X1.,서하영,010-7207-8648,1990-07-10,ROLE_USER,ACTIVE,2026-01-08 00:00:00,2026-01-08 00:00:00,2026-06-27 14:49:00
274,user_274@test.com,$2a$10$7zB3qQzEcbB7mU5eL2n9fO0xH98o2tYpM.2s5lR7wE.2F8u7y6X1.,최도아,010-9274-5997,1986-07-20,ROLE_USER,ACTIVE,2024-05-01 00:00:00,2024-05-01 00:00:00,2026-06-27 08:01:00
275,user_275@test.com,$2a$10$7zB3qQzEcbB7mU5eL2n9fO0xH98o2tYpM.2s5lR7wE.2F8u7y6X1.,조주혁,010-4135-8329,1970-12-04,ROLE_USER,ACTIVE,2024-02-05 00:00:00,2024-02-05 00:00:00,2026-07-02 16:17:00
276,user_276@test.com,$2a$10$7zB3qQzEcbB7mU5eL2n9fO0xH98o2tYpM.2s5lR7wE.2F8u7y6X1.,황현빈,010-3921-4120,1976-01-25,ROLE_USER,ACTIVE,2024-06-01 00:00:00,2024-06-01 00:00:00,2026-06-28 10:09:00
277,user_277@test.com,$2a$10$7zB3qQzEcbB7mU5eL2n9fO0xH98o2tYpM.2s5lR7wE.2F8u7y6X1.,윤주영,010-3694-3314,2004-12-08,ROLE_USER,ACTIVE,2024-01-12 00:00:00,2024-01-12 00:00:00,2026-06-20 21:13:00
278,user_278@test.com,$2a$10$7zB3qQzEcbB7mU5eL2n9fO0xH98o2tYpM.2s5lR7wE.2F8u7y6X1.,이서원,010-5521-2943,1985-05-11,ROLE_USER,ACTIVE,2024-03-09 00:00:00,2024-03-09 00:00:00,2026-06-06 15:31:00
279,user_279@test.com,$2a$10$7zB3qQzEcbB7mU5eL2n9fO0xH98o2tYpM.2s5lR7wE.2F8u7y6X1.,신승우,010-1693-1826,1993-08-18,ROLE_USER,ACTIVE,2026-01-21 00:00:00,2026-01-21 00:00:00,2026-06-19 08:01:00
280,user_280@test.com,$2a$10$7zB3qQzEcbB7mU5eL2n9fO0xH98o2tYpM.2s5lR7wE.2F8u7y6X1.,서지아,010-5393-9185,1975-02-17,ROLE_USER,ACTIVE,2025-01-24 00:00:00,2025-01-24 00:00:00,2026-06-21 17:48:00
281,user_281@test.com,$2a$10$7zB3qQzEcbB7mU5eL2n9fO0xH98o2tYpM.2s5lR7wE.2F8u7y6X1.,임하아,010-2396-5672,1983-11-07,ROLE_USER,ACTIVE,2025-03-19 00:00:00,2025-03-19 00:00:00,2026-06-29 08:08:00
282,user_282@test.com,$2a$10$7zB3qQzEcbB7mU5eL2n9fO0xH98o2tYpM.2s5lR7wE.2F8u7y6X1.,한태원,010-6750-9613,1994-04-03,ROLE_USER,ACTIVE,2026-05-01 00:00:00,2026-05-01 00:00:00,2026-05-30 08:41:00
283,user_283@test.com,$2a$10$7zB3qQzEcbB7mU5eL2n9fO0xH98o2tYpM.2s5lR7wE.2F8u7y6X1.,황예수,010-6382-2614,2002-08-12,ROLE_USER,ACTIVE,2025-03-05 00:00:00,2025-03-05 00:00:00,2026-06-27 19:13:00
284,user_284@test.com,$2a$10$7zB3qQzEcbB7mU5eL2n9fO0xH98o2tYpM.2s5lR7wE.2F8u7y6X1.,송지인,010-9047-1888,2002-04-24,ROLE_USER,ACTIVE,2024-10-09 00:00:00,2024-10-09 00:00:00,2026-06-23 18:47:00
285,user_285@test.com,$2a$10$7zB3qQzEcbB7mU5eL2n9fO0xH98o2tYpM.2s5lR7wE.2F8u7y6X1.,서하아,010-6237-1270,1987-05-09,ROLE_USER,ACTIVE,2026-02-01 00:00:00,2026-02-01 00:00:00,2026-06-27 09:42:00
286,user_286@test.com,$2a$10$7zB3qQzEcbB7mU5eL2n9fO0xH98o2tYpM.2s5lR7wE.2F8u7y6X1.,안예율,010-5887-2788,2004-02-08,ROLE_USER,ACTIVE,2024-06-13 00:00:00,2024-06-13 00:00:00,2026-06-25 16:19:00
287,user_287@test.com,$2a$10$7zB3qQzEcbB7mU5eL2n9fO0xH98o2tYpM.2s5lR7wE.2F8u7y6X1.,장예수,010-1752-2076,1984-03-13,ROLE_USER,ACTIVE,2024-03-30 00:00:00,2024-03-30 00:00:00,2026-06-25 15:55:00
288,user_288@test.com,$2a$10$7zB3qQzEcbB7mU5eL2n9fO0xH98o2tYpM.2s5lR7wE.2F8u7y6X1.,황시준,010-2094-1773,1998-04-08,ROLE_USER,ACTIVE,2024-06-09 00:00:00,2024-06-09 00:00:00,2026-06-29 14:23:00
289,user_289@test.com,$2a$10$7zB3qQzEcbB7mU5eL2n9fO0xH98o2tYpM.2s5lR7wE.2F8u7y6X1.,임태현,010-8969-2358,1995-01-12,ROLE_USER,ACTIVE,2025-01-27 00:00:00,2025-01-27 00:00:00,2026-06-18 10:30:00
290,user_290@test.com,$2a$10$7zB3qQzEcbB7mU5eL2n9fO0xH98o2tYpM.2s5lR7wE.2F8u7y6X1.,이하아,010-7358-3703,1984-02-21,ROLE_USER,ACTIVE,2024-05-24 00:00:00,2024-05-24 00:00:00,2026-06-26 18:41:00
291,user_291@test.com,$2a$10$7zB3qQzEcbB7mU5eL2n9fO0xH98o2tYpM.2s5lR7wE.2F8u7y6X1.,홍은율,010-1004-8115,1999-06-14,ROLE_USER,ACTIVE,2024-10-10 00:00:00,2024-10-10 00:00:00,2026-07-02 19:01:00
292,user_292@test.com,$2a$10$7zB3qQzEcbB7mU5eL2n9fO0xH98o2tYpM.2s5lR7wE.2F8u7y6X1.,홍승준,010-6888-7295,1977-09-14,ROLE_USER,ACTIVE,2024-02-02 00:00:00,2024-02-02 00:00:00,2026-06-23 14:55:00
293,user_293@test.com,$2a$10$7zB3qQzEcbB7mU5eL2n9fO0xH98o2tYpM.2s5lR7wE.2F8u7y6X1.,송지빈,010-3124-2424,1975-12-28,ROLE_USER,ACTIVE,2025-04-19 00:00:00,2025-04-19 00:00:00,2026-06-30 19:01:00
294,user_294@test.com,$2a$10$7zB3qQzEcbB7mU5eL2n9fO0xH98o2tYpM.2s5lR7wE.2F8u7y6X1.,임현원,010-4890-1366,1990-09-14,ROLE_USER,ACTIVE,2025-12-19 00:00:00,2025-12-19 00:00:00,2026-07-01 17:31:00
295,user_295@test.com,$2a$10$7zB3qQzEcbB7mU5eL2n9fO0xH98o2tYpM.2s5lR7wE.2F8u7y6X1.,서현우,010-5290-3205,1984-04-23,ROLE_USER,ACTIVE,2025-04-29 00:00:00,2025-04-29 00:00:00,2026-06-18 16:40:00
296,user_296@test.com,$2a$10$7zB3qQzEcbB7mU5eL2n9fO0xH98o2tYpM.2s5lR7wE.2F8u7y6X1.,안시영,010-2967-8780,1996-10-04,ROLE_USER,ACTIVE,2025-06-17 00:00:00,2025-06-17 00:00:00,2026-04-08 13:41:00
297,user_297@test.com,$2a$10$7zB3qQzEcbB7mU5eL2n9fO0xH98o2tYpM.2s5lR7wE.2F8u7y6X1.,장예아,010-5503-7259,2004-07-07,ROLE_USER,ACTIVE,2024-07-21 00:00:00,2024-07-21 00:00:00,2026-06-20 22:17:00
298,user_298@test.com,$2a$10$7zB3qQzEcbB7mU5eL2n9fO0xH98o2tYpM.2s5lR7wE.2F8u7y6X1.,신은현,010-3509-6543,1980-03-01,ROLE_USER,ACTIVE,2024-05-11 00:00:00,2024-05-11 00:00:00,2026-06-25 20:21:00
299,user_299@test.com,$2a$10$7zB3qQzEcbB7mU5eL2n9fO0xH98o2tYpM.2s5lR7wE.2F8u7y6X1.,조예빈,010-1967-8536,1985-01-01,ROLE_USER,ACTIVE,2024-10-06 00:00:00,2024-10-06 00:00:00,2026-06-25 13:25:00
300,user_300@test.com,$2a$10$7zB3qQzEcbB7mU5eL2n9fO0xH98o2tYpM.2s5lR7wE.2F8u7y6X1.,임은우,010-1642-9305,1985-05-24,ROLE_USER,ACTIVE,2026-05-03 00:00:00,2026-05-03 00:00:00,2026-06-06 16:22:00
301,user_301@test.com,$2a$10$7zB3qQzEcbB7mU5eL2n9fO0xH98o2tYpM.2s5lR7wE.2F8u7y6X1.,윤서현,010-4054-8219,1988-09-18,ROLE_USER,ACTIVE,2025-08-24 00:00:00,2025-08-24 00:00:00,2026-06-20 19:10:00
302,user_302@test.com,$2a$10$7zB3qQzEcbB7mU5eL2n9fO0xH98o2tYpM.2s5lR7wE.2F8u7y6X1.,조도준,010-9137-4078,1998-09-26,ROLE_USER,ACTIVE,2026-04-23 00:00:00,2026-04-23 00:00:00,2026-05-31 10:32:00
303,user_303@test.com,$2a$10$7zB3qQzEcbB7mU5eL2n9fO0xH98o2tYpM.2s5lR7wE.2F8u7y6X1.,황서수,010-8404-2536,1975-07-22,ROLE_USER,ACTIVE,2026-04-28 00:00:00,2026-04-28 00:00:00,2026-06-03 09:00:00
304,user_304@test.com,$2a$10$7zB3qQzEcbB7mU5eL2n9fO0xH98o2tYpM.2s5lR7wE.2F8u7y6X1.,이주인,010-8155-2082,1988-01-06,ROLE_USER,ACTIVE,2024-02-03 00:00:00,2024-02-03 00:00:00,2026-06-22 15:19:00
305,user_305@test.com,$2a$10$7zB3qQzEcbB7mU5eL2n9fO0xH98o2tYpM.2s5lR7wE.2F8u7y6X1.,황시현,010-2087-9224,1999-05-04,ROLE_USER,ACTIVE,2025-03-21 00:00:00,2025-03-21 00:00:00,2026-06-28 12:40:00
306,user_306@test.com,$2a$10$7zB3qQzEcbB7mU5eL2n9fO0xH98o2tYpM.2s5lR7wE.2F8u7y6X1.,이민준,010-2478-4730,1970-01-26,ROLE_USER,ACTIVE,2025-04-01 00:00:00,2025-04-01 00:00:00,2026-05-24 11:03:00
307,user_307@test.com,$2a$10$7zB3qQzEcbB7mU5eL2n9fO0xH98o2tYpM.2s5lR7wE.2F8u7y6X1.,장하현,010-1301-5182,1980-12-04,ROLE_USER,ACTIVE,2024-12-18 00:00:00,2024-12-18 00:00:00,2026-04-11 22:00:00
308,user_308@test.com,$2a$10$7zB3qQzEcbB7mU5eL2n9fO0xH98o2tYpM.2s5lR7wE.2F8u7y6X1.,윤시현,010-3648-2784,1975-12-27,ROLE_USER,ACTIVE,2025-10-25 00:00:00,2025-10-25 00:00:00,2026-06-26 13:42:00
309,user_309@test.com,$2a$10$7zB3qQzEcbB7mU5eL2n9fO0xH98o2tYpM.2s5lR7wE.2F8u7y6X1.,권주아,010-5367-5728,1974-10-05,ROLE_USER,ACTIVE,2024-05-31 00:00:00,2024-05-31 00:00:00,2026-06-21 11:41:00
310,user_310@test.com,$2a$10$7zB3qQzEcbB7mU5eL2n9fO0xH98o2tYpM.2s5lR7wE.2F8u7y6X1.,서서빈,010-6083-7984,1996-05-11,ROLE_USER,ACTIVE,2023-10-18 00:00:00,2023-10-18 00:00:00,2026-06-20 16:36:00
311,user_311@test.com,$2a$10$7zB3qQzEcbB7mU5eL2n9fO0xH98o2tYpM.2s5lR7wE.2F8u7y6X1.,송태인,010-4380-7507,1993-12-21,ROLE_USER,ACTIVE,2025-02-20 00:00:00,2025-02-20 00:00:00,2026-06-16 13:39:00
312,user_312@test.com,$2a$10$7zB3qQzEcbB7mU5eL2n9fO0xH98o2tYpM.2s5lR7wE.2F8u7y6X1.,이시현,010-2708-5775,1998-05-16,ROLE_USER,ACTIVE,2025-01-13 00:00:00,2025-01-13 00:00:00,2026-06-22 16:29:00
313,user_313@test.com,$2a$10$7zB3qQzEcbB7mU5eL2n9fO0xH98o2tYpM.2s5lR7wE.2F8u7y6X1.,홍민빈,010-4673-4650,1977-10-06,ROLE_USER,ACTIVE,2024-06-25 00:00:00,2024-06-25 00:00:00,2026-06-25 16:56:00
314,user_314@test.com,$2a$10$7zB3qQzEcbB7mU5eL2n9fO0xH98o2tYpM.2s5lR7wE.2F8u7y6X1.,최은수,010-9760-7202,1994-06-14,ROLE_USER,ACTIVE,2024-09-09 00:00:00,2024-09-09 00:00:00,2026-06-21 16:56:00
315,user_315@test.com,$2a$10$7zB3qQzEcbB7mU5eL2n9fO0xH98o2tYpM.2s5lR7wE.2F8u7y6X1.,신시현,010-2936-7308,1978-07-13,ROLE_USER,ACTIVE,2026-02-12 00:00:00,2026-02-12 00:00:00,2026-06-21 19:54:00
316,user_316@test.com,$2a$10$7zB3qQzEcbB7mU5eL2n9fO0xH98o2tYpM.2s5lR7wE.2F8u7y6X1.,권주아,010-1439-9230,1980-12-23,ROLE_USER,ACTIVE,2026-04-20 00:00:00,2026-04-20 00:00:00,2026-06-30 20:40:00
317,user_317@test.com,$2a$10$7zB3qQzEcbB7mU5eL2n9fO0xH98o2tYpM.2s5lR7wE.2F8u7y6X1.,임하율,010-7950-7081,1994-06-15,ROLE_USER,ACTIVE,2024-12-21 00:00:00,2024-12-21 00:00:00,2026-06-28 21:38:00
318,user_318@test.com,$2a$10$7zB3qQzEcbB7mU5eL2n9fO0xH98o2tYpM.2s5lR7wE.2F8u7y6X1.,홍주수,010-8105-8903,1998-11-11,ROLE_USER,ACTIVE,2025-12-26 00:00:00,2025-12-26 00:00:00,2026-06-30 11:44:00
319,user_319@test.com,$2a$10$7zB3qQzEcbB7mU5eL2n9fO0xH98o2tYpM.2s5lR7wE.2F8u7y6X1.,권예준,010-7741-9593,2002-01-02,ROLE_USER,ACTIVE,2024-12-27 00:00:00,2024-12-27 00:00:00,2026-06-22 10:12:00
320,user_320@test.com,$2a$10$7zB3qQzEcbB7mU5eL2n9fO0xH98o2tYpM.2s5lR7wE.2F8u7y6X1.,윤은인,010-5571-8661,1985-08-08,ROLE_USER,ACTIVE,2024-03-06 00:00:00,2024-03-06 00:00:00,2026-06-23 20:18:00
321,user_321@test.com,$2a$10$7zB3qQzEcbB7mU5eL2n9fO0xH98o2tYpM.2s5lR7wE.2F8u7y6X1.,강승수,010-9193-7624,1975-11-24,ROLE_USER,ACTIVE,2024-01-01 00:00:00,2024-01-01 00:00:00,2026-06-26 21:21:00
322,user_322@test.com,$2a$10$7zB3qQzEcbB7mU5eL2n9fO0xH98o2tYpM.2s5lR7wE.2F8u7y6X1.,송예혁,010-7596-1049,1973-08-08,ROLE_USER,ACTIVE,2024-04-09 00:00:00,2024-04-09 00:00:00,2026-06-23 19:47:00
323,user_323@test.com,$2a$10$7zB3qQzEcbB7mU5eL2n9fO0xH98o2tYpM.2s5lR7wE.2F8u7y6X1.,권현아,010-2092-5072,1993-03-03,ROLE_USER,ACTIVE,2023-10-20 00:00:00,2023-10-20 00:00:00,2026-06-19 11:00:00
324,user_324@test.com,$2a$10$7zB3qQzEcbB7mU5eL2n9fO0xH98o2tYpM.2s5lR7wE.2F8u7y6X1.,권시빈,010-3743-9321,1991-09-26,ROLE_USER,ACTIVE,2026-02-27 00:00:00,2026-02-27 00:00:00,2026-06-28 16:56:00
325,user_325@test.com,$2a$10$7zB3qQzEcbB7mU5eL2n9fO0xH98o2tYpM.2s5lR7wE.2F8u7y6X1.,강은아,010-6677-6466,1980-12-25,ROLE_USER,ACTIVE,2025-02-11 00:00:00,2025-02-11 00:00:00,2026-04-16 20:48:00
326,user_326@test.com,$2a$10$7zB3qQzEcbB7mU5eL2n9fO0xH98o2tYpM.2s5lR7wE.2F8u7y6X1.,조민빈,010-9562-9806,1995-10-25,ROLE_USER,ACTIVE,2024-01-01 00:00:00,2024-01-01 00:00:00,2026-06-22 11:31:00
327,user_327@test.com,$2a$10$7zB3qQzEcbB7mU5eL2n9fO0xH98o2tYpM.2s5lR7wE.2F8u7y6X1.,전태우,010-1166-7839,1972-08-20,ROLE_USER,ACTIVE,2024-05-26 00:00:00,2024-05-26 00:00:00,2026-06-21 10:12:00
328,user_328@test.com,$2a$10$7zB3qQzEcbB7mU5eL2n9fO0xH98o2tYpM.2s5lR7wE.2F8u7y6X1.,임현혁,010-5810-2290,1975-06-24,ROLE_USER,ACTIVE,2025-06-27 00:00:00,2025-06-27 00:00:00,2026-06-29 17:52:00
329,user_329@test.com,$2a$10$7zB3qQzEcbB7mU5eL2n9fO0xH98o2tYpM.2s5lR7wE.2F8u7y6X1.,송도빈,010-7504-8995,1989-08-01,ROLE_USER,ACTIVE,2024-01-28 00:00:00,2024-01-28 00:00:00,2026-05-11 09:07:00
330,user_330@test.com,$2a$10$7zB3qQzEcbB7mU5eL2n9fO0xH98o2tYpM.2s5lR7wE.2F8u7y6X1.,홍하아,010-6180-7178,1998-03-10,ROLE_USER,ACTIVE,2024-03-07 00:00:00,2024-03-07 00:00:00,2026-07-02 11:16:00
331,user_331@test.com,$2a$10$7zB3qQzEcbB7mU5eL2n9fO0xH98o2tYpM.2s5lR7wE.2F8u7y6X1.,이은혁,010-2709-7841,1997-06-27,ROLE_USER,ACTIVE,2026-05-05 00:00:00,2026-05-05 00:00:00,2026-05-13 22:09:00
332,user_332@test.com,$2a$10$7zB3qQzEcbB7mU5eL2n9fO0xH98o2tYpM.2s5lR7wE.2F8u7y6X1.,장민빈,010-7216-3686,1995-08-06,ROLE_USER,ACTIVE,2026-04-23 00:00:00,2026-04-23 00:00:00,2026-05-16 16:42:00
333,user_333@test.com,$2a$10$7zB3qQzEcbB7mU5eL2n9fO0xH98o2tYpM.2s5lR7wE.2F8u7y6X1.,윤지우,010-7097-7523,1973-02-23,ROLE_USER,ACTIVE,2026-05-19 00:00:00,2026-05-19 00:00:00,2026-06-12 14:28:00
334,user_334@test.com,$2a$10$7zB3qQzEcbB7mU5eL2n9fO0xH98o2tYpM.2s5lR7wE.2F8u7y6X1.,홍서빈,010-8620-2945,1974-11-28,ROLE_USER,ACTIVE,2024-05-01 00:00:00,2024-05-01 00:00:00,2026-06-20 15:07:00
335,user_335@test.com,$2a$10$7zB3qQzEcbB7mU5eL2n9fO0xH98o2tYpM.2s5lR7wE.2F8u7y6X1.,홍은현,010-3600-1738,1987-06-23,ROLE_USER,ACTIVE,2025-09-12 00:00:00,2025-09-12 00:00:00,2026-07-02 15:51:00
336,user_336@test.com,$2a$10$7zB3qQzEcbB7mU5eL2n9fO0xH98o2tYpM.2s5lR7wE.2F8u7y6X1.,김지아,010-2290-4969,2003-10-18,ROLE_USER,ACTIVE,2025-12-05 00:00:00,2025-12-05 00:00:00,2026-06-20 09:35:00
337,user_337@test.com,$2a$10$7zB3qQzEcbB7mU5eL2n9fO0xH98o2tYpM.2s5lR7wE.2F8u7y6X1.,이현혁,010-7304-2785,1995-01-11,ROLE_USER,ACTIVE,2025-02-13 00:00:00,2025-02-13 00:00:00,2026-07-02 21:59:00
338,user_338@test.com,$2a$10$7zB3qQzEcbB7mU5eL2n9fO0xH98o2tYpM.2s5lR7wE.2F8u7y6X1.,임서수,010-5206-2441,1975-08-08,ROLE_USER,ACTIVE,2024-05-03 00:00:00,2024-05-03 00:00:00,2026-06-20 12:26:00
339,user_339@test.com,$2a$10$7zB3qQzEcbB7mU5eL2n9fO0xH98o2tYpM.2s5lR7wE.2F8u7y6X1.,박지인,010-4382-6574,1993-05-11,ROLE_USER,ACTIVE,2024-04-25 00:00:00,2024-04-25 00:00:00,2026-06-06 13:37:00
340,user_340@test.com,$2a$10$7zB3qQzEcbB7mU5eL2n9fO0xH98o2tYpM.2s5lR7wE.2F8u7y6X1.,홍서원,010-7728-7654,1996-05-24,ROLE_USER,ACTIVE,2024-08-02 00:00:00,2024-08-02 00:00:00,2026-06-20 11:01:00
341,user_341@test.com,$2a$10$7zB3qQzEcbB7mU5eL2n9fO0xH98o2tYpM.2s5lR7wE.2F8u7y6X1.,윤하영,010-6041-9338,1982-07-07,ROLE_USER,ACTIVE,2023-11-13 00:00:00,2023-11-13 00:00:00,2026-06-28 14:21:00
342,user_342@test.com,$2a$10$7zB3qQzEcbB7mU5eL2n9fO0xH98o2tYpM.2s5lR7wE.2F8u7y6X1.,장현원,010-3938-6194,1973-08-10,ROLE_USER,ACTIVE,2024-10-27 00:00:00,2024-10-27 00:00:00,2026-06-28 21:41:00
343,user_343@test.com,$2a$10$7zB3qQzEcbB7mU5eL2n9fO0xH98o2tYpM.2s5lR7wE.2F8u7y6X1.,신예인,010-7514-5254,1974-10-03,ROLE_USER,ACTIVE,2026-04-05 00:00:00,2026-04-05 00:00:00,2026-06-18 15:01:00
344,user_344@test.com,$2a$10$7zB3qQzEcbB7mU5eL2n9fO0xH98o2tYpM.2s5lR7wE.2F8u7y6X1.,홍승아,010-8862-8953,1995-11-14,ROLE_USER,ACTIVE,2024-04-14 00:00:00,2024-04-14 00:00:00,2026-07-02 16:40:00
345,user_345@test.com,$2a$10$7zB3qQzEcbB7mU5eL2n9fO0xH98o2tYpM.2s5lR7wE.2F8u7y6X1.,임예아,010-5489-5513,1983-05-03,ROLE_USER,ACTIVE,2025-01-29 00:00:00,2025-01-29 00:00:00,2026-06-28 16:59:00
346,user_346@test.com,$2a$10$7zB3qQzEcbB7mU5eL2n9fO0xH98o2tYpM.2s5lR7wE.2F8u7y6X1.,한현원,010-1401-1283,1987-10-03,ROLE_USER,ACTIVE,2023-10-31 00:00:00,2023-10-31 00:00:00,2026-06-22 18:16:00
347,user_347@test.com,$2a$10$7zB3qQzEcbB7mU5eL2n9fO0xH98o2tYpM.2s5lR7wE.2F8u7y6X1.,박하혁,010-1643-7203,1992-12-25,ROLE_USER,ACTIVE,2024-05-01 00:00:00,2024-05-01 00:00:00,2026-06-23 11:38:00
348,user_348@test.com,$2a$10$7zB3qQzEcbB7mU5eL2n9fO0xH98o2tYpM.2s5lR7wE.2F8u7y6X1.,서예우,010-4349-3372,1986-11-24,ROLE_USER,ACTIVE,2025-10-18 00:00:00,2025-10-18 00:00:00,2026-05-27 22:29:00
349,user_349@test.com,$2a$10$7zB3qQzEcbB7mU5eL2n9fO0xH98o2tYpM.2s5lR7wE.2F8u7y6X1.,홍시현,010-2699-3833,1973-01-10,ROLE_USER,ACTIVE,2023-11-06 00:00:00,2023-11-06 00:00:00,2026-06-30 14:49:00
350,user_350@test.com,$2a$10$7zB3qQzEcbB7mU5eL2n9fO0xH98o2tYpM.2s5lR7wE.2F8u7y6X1.,장주율,010-1423-2605,1987-04-17,ROLE_USER,ACTIVE,2024-02-26 00:00:00,2024-02-26 00:00:00,2026-06-26 17:51:00
351,user_351@test.com,$2a$10$7zB3qQzEcbB7mU5eL2n9fO0xH98o2tYpM.2s5lR7wE.2F8u7y6X1.,홍서영,010-4461-4917,1971-06-02,ROLE_USER,ACTIVE,2024-04-14 00:00:00,2024-04-14 00:00:00,2026-06-26 17:43:00
352,user_352@test.com,$2a$10$7zB3qQzEcbB7mU5eL2n9fO0xH98o2tYpM.2s5lR7wE.2F8u7y6X1.,서지원,010-4604-3197,1979-11-08,ROLE_USER,ACTIVE,2024-11-24 00:00:00,2024-11-24 00:00:00,2026-06-04 21:35:00
353,user_353@test.com,$2a$10$7zB3qQzEcbB7mU5eL2n9fO0xH98o2tYpM.2s5lR7wE.2F8u7y6X1.,최서율,010-3766-5801,1993-08-24,ROLE_USER,ACTIVE,2024-08-25 00:00:00,2024-08-25 00:00:00,2026-06-19 17:47:00
354,user_354@test.com,$2a$10$7zB3qQzEcbB7mU5eL2n9fO0xH98o2tYpM.2s5lR7wE.2F8u7y6X1.,조민준,010-8005-3837,1978-09-25,ROLE_USER,ACTIVE,2026-05-18 00:00:00,2026-05-18 00:00:00,2026-05-28 21:15:00
355,user_355@test.com,$2a$10$7zB3qQzEcbB7mU5eL2n9fO0xH98o2tYpM.2s5lR7wE.2F8u7y6X1.,조시현,010-3784-5395,2004-02-17,ROLE_USER,ACTIVE,2025-03-02 00:00:00,2025-03-02 00:00:00,2026-06-25 13:07:00
356,user_356@test.com,$2a$10$7zB3qQzEcbB7mU5eL2n9fO0xH98o2tYpM.2s5lR7wE.2F8u7y6X1.,황주영,010-3004-8155,2001-10-03,ROLE_USER,ACTIVE,2024-01-01 00:00:00,2024-01-01 00:00:00,2026-06-23 08:31:00
357,user_357@test.com,$2a$10$7zB3qQzEcbB7mU5eL2n9fO0xH98o2tYpM.2s5lR7wE.2F8u7y6X1.,정은아,010-4885-4742,1975-02-16,ROLE_USER,ACTIVE,2024-02-04 00:00:00,2024-02-04 00:00:00,2026-06-08 19:20:00
358,user_358@test.com,$2a$10$7zB3qQzEcbB7mU5eL2n9fO0xH98o2tYpM.2s5lR7wE.2F8u7y6X1.,조예인,010-2348-7116,1977-04-24,ROLE_USER,ACTIVE,2024-04-10 00:00:00,2024-04-10 00:00:00,2026-06-28 11:22:00
359,user_359@test.com,$2a$10$7zB3qQzEcbB7mU5eL2n9fO0xH98o2tYpM.2s5lR7wE.2F8u7y6X1.,송주율,010-3249-6097,1980-12-25,ROLE_USER,ACTIVE,2025-06-21 00:00:00,2025-06-21 00:00:00,2026-06-24 13:44:00
360,user_360@test.com,$2a$10$7zB3qQzEcbB7mU5eL2n9fO0xH98o2tYpM.2s5lR7wE.2F8u7y6X1.,김은혁,010-2696-5365,1971-05-23,ROLE_USER,ACTIVE,2025-10-22 00:00:00,2025-10-22 00:00:00,2026-06-20 20:28:00
361,user_361@test.com,$2a$10$7zB3qQzEcbB7mU5eL2n9fO0xH98o2tYpM.2s5lR7wE.2F8u7y6X1.,신하아,010-9713-9818,2001-02-25,ROLE_USER,ACTIVE,2025-07-26 00:00:00,2025-07-26 00:00:00,2026-06-20 10:04:00
362,user_362@test.com,$2a$10$7zB3qQzEcbB7mU5eL2n9fO0xH98o2tYpM.2s5lR7wE.2F8u7y6X1.,서하아,010-2585-7556,1978-05-10,ROLE_USER,ACTIVE,2024-08-20 00:00:00,2024-08-20 00:00:00,2026-06-27 11:24:00
363,user_363@test.com,$2a$10$7zB3qQzEcbB7mU5eL2n9fO0xH98o2tYpM.2s5lR7wE.2F8u7y6X1.,안승아,010-5666-8195,2001-01-07,ROLE_USER,ACTIVE,2023-12-05 00:00:00,2023-12-05 00:00:00,2026-06-24 22:14:00
364,user_364@test.com,$2a$10$7zB3qQzEcbB7mU5eL2n9fO0xH98o2tYpM.2s5lR7wE.2F8u7y6X1.,정도아,010-8090-4276,1980-04-05,ROLE_USER,ACTIVE,2025-10-28 00:00:00,2025-10-28 00:00:00,2026-06-28 15:55:00
365,user_365@test.com,$2a$10$7zB3qQzEcbB7mU5eL2n9fO0xH98o2tYpM.2s5lR7wE.2F8u7y6X1.,박지원,010-5118-2704,1983-07-17,ROLE_USER,ACTIVE,2025-10-30 00:00:00,2025-10-30 00:00:00,2026-07-02 12:21:00
366,user_366@test.com,$2a$10$7zB3qQzEcbB7mU5eL2n9fO0xH98o2tYpM.2s5lR7wE.2F8u7y6X1.,송도수,010-6688-1121,2003-08-27,ROLE_USER,ACTIVE,2025-04-14 00:00:00,2025-04-14 00:00:00,2026-06-19 12:16:00
367,user_367@test.com,$2a$10$7zB3qQzEcbB7mU5eL2n9fO0xH98o2tYpM.2s5lR7wE.2F8u7y6X1.,권승혁,010-4519-5474,1988-12-03,ROLE_USER,ACTIVE,2024-03-24 00:00:00,2024-03-24 00:00:00,2026-06-24 12:04:00
368,user_368@test.com,$2a$10$7zB3qQzEcbB7mU5eL2n9fO0xH98o2tYpM.2s5lR7wE.2F8u7y6X1.,임시율,010-1550-7335,1992-08-19,ROLE_USER,ACTIVE,2025-03-12 00:00:00,2025-03-12 00:00:00,2026-06-22 19:20:00
369,user_369@test.com,$2a$10$7zB3qQzEcbB7mU5eL2n9fO0xH98o2tYpM.2s5lR7wE.2F8u7y6X1.,전현아,010-3100-5392,1992-04-06,ROLE_USER,ACTIVE,2024-07-05 00:00:00,2024-07-05 00:00:00,2026-06-20 12:53:00
370,user_370@test.com,$2a$10$7zB3qQzEcbB7mU5eL2n9fO0xH98o2tYpM.2s5lR7wE.2F8u7y6X1.,오서현,010-7046-6230,2004-04-09,ROLE_USER,ACTIVE,2025-12-09 00:00:00,2025-12-09 00:00:00,2026-06-27 22:00:00
371,user_371@test.com,$2a$10$7zB3qQzEcbB7mU5eL2n9fO0xH98o2tYpM.2s5lR7wE.2F8u7y6X1.,장주아,010-9908-2980,1998-08-11,ROLE_USER,ACTIVE,2026-03-22 00:00:00,2026-03-22 00:00:00,2026-07-02 19:20:00
372,user_372@test.com,$2a$10$7zB3qQzEcbB7mU5eL2n9fO0xH98o2tYpM.2s5lR7wE.2F8u7y6X1.,신지원,010-1008-2696,1998-01-14,ROLE_USER,ACTIVE,2026-05-14 00:00:00,2026-05-14 00:00:00,2026-06-07 19:27:00
373,user_373@test.com,$2a$10$7zB3qQzEcbB7mU5eL2n9fO0xH98o2tYpM.2s5lR7wE.2F8u7y6X1.,조시수,010-8267-3046,1981-01-10,ROLE_USER,ACTIVE,2026-02-21 00:00:00,2026-02-21 00:00:00,2026-06-28 12:39:00
374,user_374@test.com,$2a$10$7zB3qQzEcbB7mU5eL2n9fO0xH98o2tYpM.2s5lR7wE.2F8u7y6X1.,안도현,010-3118-8039,2000-03-10,ROLE_USER,ACTIVE,2025-09-30 00:00:00,2025-09-30 00:00:00,2026-06-23 09:22:00
375,user_375@test.com,$2a$10$7zB3qQzEcbB7mU5eL2n9fO0xH98o2tYpM.2s5lR7wE.2F8u7y6X1.,윤민원,010-7962-3187,2003-11-22,ROLE_USER,ACTIVE,2025-01-25 00:00:00,2025-01-25 00:00:00,2026-06-28 19:03:00
376,user_376@test.com,$2a$10$7zB3qQzEcbB7mU5eL2n9fO0xH98o2tYpM.2s5lR7wE.2F8u7y6X1.,김태수,010-9228-1070,1973-09-06,ROLE_USER,ACTIVE,2025-12-18 00:00:00,2025-12-18 00:00:00,2026-04-18 17:32:00
377,user_377@test.com,$2a$10$7zB3qQzEcbB7mU5eL2n9fO0xH98o2tYpM.2s5lR7wE.2F8u7y6X1.,전지원,010-3898-2884,1981-03-02,ROLE_USER,ACTIVE,2024-03-14 00:00:00,2024-03-14 00:00:00,2026-06-22 08:41:00
378,user_378@test.com,$2a$10$7zB3qQzEcbB7mU5eL2n9fO0xH98o2tYpM.2s5lR7wE.2F8u7y6X1.,오시혁,010-9046-2343,1987-03-07,ROLE_USER,ACTIVE,2025-05-07 00:00:00,2025-05-07 00:00:00,2026-06-19 11:03:00
379,user_379@test.com,$2a$10$7zB3qQzEcbB7mU5eL2n9fO0xH98o2tYpM.2s5lR7wE.2F8u7y6X1.,전지현,010-1184-3744,1980-08-28,ROLE_USER,ACTIVE,2025-09-19 00:00:00,2025-09-19 00:00:00,2026-06-21 13:05:00
380,user_380@test.com,$2a$10$7zB3qQzEcbB7mU5eL2n9fO0xH98o2tYpM.2s5lR7wE.2F8u7y6X1.,강주현,010-3231-6916,1970-11-06,ROLE_USER,ACTIVE,2025-06-27 00:00:00,2025-06-27 00:00:00,2026-06-20 21:29:00
381,user_381@test.com,$2a$10$7zB3qQzEcbB7mU5eL2n9fO0xH98o2tYpM.2s5lR7wE.2F8u7y6X1.,한은율,010-5106-4468,2002-09-08,ROLE_USER,ACTIVE,2026-04-26 00:00:00,2026-04-26 00:00:00,2026-06-29 10:27:00
382,user_382@test.com,$2a$10$7zB3qQzEcbB7mU5eL2n9fO0xH98o2tYpM.2s5lR7wE.2F8u7y6X1.,강도준,010-1072-8664,1972-04-06,ROLE_USER,ACTIVE,2026-04-26 00:00:00,2026-04-26 00:00:00,2026-05-15 15:41:00
383,user_383@test.com,$2a$10$7zB3qQzEcbB7mU5eL2n9fO0xH98o2tYpM.2s5lR7wE.2F8u7y6X1.,송서수,010-2733-6687,1970-04-16,ROLE_USER,ACTIVE,2023-12-17 00:00:00,2023-12-17 00:00:00,2026-06-22 08:57:00
384,user_384@test.com,$2a$10$7zB3qQzEcbB7mU5eL2n9fO0xH98o2tYpM.2s5lR7wE.2F8u7y6X1.,임승준,010-9294-9357,2004-06-05,ROLE_USER,ACTIVE,2024-07-16 00:00:00,2024-07-16 00:00:00,2026-06-11 22:35:00
385,user_385@test.com,$2a$10$7zB3qQzEcbB7mU5eL2n9fO0xH98o2tYpM.2s5lR7wE.2F8u7y6X1.,이하원,010-2918-6867,1993-10-06,ROLE_USER,ACTIVE,2026-04-26 00:00:00,2026-04-26 00:00:00,2026-06-29 09:49:00
386,user_386@test.com,$2a$10$7zB3qQzEcbB7mU5eL2n9fO0xH98o2tYpM.2s5lR7wE.2F8u7y6X1.,안승영,010-1744-1352,1978-11-28,ROLE_USER,ACTIVE,2025-05-31 00:00:00,2025-05-31 00:00:00,2026-06-28 17:37:00
387,user_387@test.com,$2a$10$7zB3qQzEcbB7mU5eL2n9fO0xH98o2tYpM.2s5lR7wE.2F8u7y6X1.,전도우,010-2684-8242,1999-12-10,ROLE_USER,ACTIVE,2023-12-25 00:00:00,2023-12-25 00:00:00,2026-06-28 09:23:00
388,user_388@test.com,$2a$10$7zB3qQzEcbB7mU5eL2n9fO0xH98o2tYpM.2s5lR7wE.2F8u7y6X1.,임하율,010-9001-5064,1973-04-13,ROLE_USER,ACTIVE,2024-02-10 00:00:00,2024-02-10 00:00:00,2026-06-29 15:08:00
389,user_389@test.com,$2a$10$7zB3qQzEcbB7mU5eL2n9fO0xH98o2tYpM.2s5lR7wE.2F8u7y6X1.,김서아,010-6178-7980,1992-10-22,ROLE_USER,ACTIVE,2025-06-17 00:00:00,2025-06-17 00:00:00,2026-06-18 16:17:00
390,user_390@test.com,$2a$10$7zB3qQzEcbB7mU5eL2n9fO0xH98o2tYpM.2s5lR7wE.2F8u7y6X1.,윤태아,010-8234-9863,1983-05-25,ROLE_USER,ACTIVE,2024-07-31 00:00:00,2024-07-31 00:00:00,2026-06-26 22:42:00
391,user_391@test.com,$2a$10$7zB3qQzEcbB7mU5eL2n9fO0xH98o2tYpM.2s5lR7wE.2F8u7y6X1.,임시아,010-6566-6308,2001-02-11,ROLE_USER,ACTIVE,2024-08-09 00:00:00,2024-08-09 00:00:00,2026-06-20 20:31:00
392,user_392@test.com,$2a$10$7zB3qQzEcbB7mU5eL2n9fO0xH98o2tYpM.2s5lR7wE.2F8u7y6X1.,황민준,010-8663-2446,1989-08-22,ROLE_USER,ACTIVE,2025-02-19 00:00:00,2025-02-19 00:00:00,2026-06-23 17:51:00
393,user_393@test.com,$2a$10$7zB3qQzEcbB7mU5eL2n9fO0xH98o2tYpM.2s5lR7wE.2F8u7y6X1.,조현영,010-4649-6723,1973-04-12,ROLE_USER,ACTIVE,2026-01-13 00:00:00,2026-01-13 00:00:00,2026-07-01 17:09:00
394,user_394@test.com,$2a$10$7zB3qQzEcbB7mU5eL2n9fO0xH98o2tYpM.2s5lR7wE.2F8u7y6X1.,장민원,010-2419-7108,2000-03-07,ROLE_USER,ACTIVE,2025-08-14 00:00:00,2025-08-14 00:00:00,2026-06-27 13:34:00
395,user_395@test.com,$2a$10$7zB3qQzEcbB7mU5eL2n9fO0xH98o2tYpM.2s5lR7wE.2F8u7y6X1.,신현우,010-5457-4624,2004-11-14,ROLE_USER,ACTIVE,2025-12-24 00:00:00,2025-12-24 00:00:00,2026-06-12 16:29:00
396,user_396@test.com,$2a$10$7zB3qQzEcbB7mU5eL2n9fO0xH98o2tYpM.2s5lR7wE.2F8u7y6X1.,한도아,010-2898-2841,1994-02-03,ROLE_USER,ACTIVE,2025-12-05 00:00:00,2025-12-05 00:00:00,2026-06-30 21:57:00
397,user_397@test.com,$2a$10$7zB3qQzEcbB7mU5eL2n9fO0xH98o2tYpM.2s5lR7wE.2F8u7y6X1.,한은혁,010-2878-3423,2003-09-20,ROLE_USER,ACTIVE,2024-06-08 00:00:00,2024-06-08 00:00:00,2026-06-09 19:45:00
398,user_398@test.com,$2a$10$7zB3qQzEcbB7mU5eL2n9fO0xH98o2tYpM.2s5lR7wE.2F8u7y6X1.,한서수,010-4363-4813,1990-11-19,ROLE_USER,ACTIVE,2024-02-19 00:00:00,2024-02-19 00:00:00,2026-06-07 14:41:00
399,user_399@test.com,$2a$10$7zB3qQzEcbB7mU5eL2n9fO0xH98o2tYpM.2s5lR7wE.2F8u7y6X1.,최도인,010-2444-4571,1997-05-18,ROLE_USER,ACTIVE,2024-08-11 00:00:00,2024-08-11 00:00:00,2026-06-28 20:28:00
400,user_400@test.com,$2a$10$7zB3qQzEcbB7mU5eL2n9fO0xH98o2tYpM.2s5lR7wE.2F8u7y6X1.,박은빈,010-1951-2918,1971-12-01,ROLE_USER,ACTIVE,2024-07-18 00:00:00,2024-07-18 00:00:00,2026-04-10 21:06:00
401,user_401@test.com,$2a$10$7zB3qQzEcbB7mU5eL2n9fO0xH98o2tYpM.2s5lR7wE.2F8u7y6X1.,강지혁,010-5446-4853,1996-04-18,ROLE_USER,ACTIVE,2026-02-17 00:00:00,2026-02-17 00:00:00,2026-06-27 10:24:00
402,user_402@test.com,$2a$10$7zB3qQzEcbB7mU5eL2n9fO0xH98o2tYpM.2s5lR7wE.2F8u7y6X1.,한서아,010-9418-9209,1986-10-27,ROLE_USER,ACTIVE,2026-03-20 00:00:00,2026-03-20 00:00:00,2026-07-02 09:41:00
403,user_403@test.com,$2a$10$7zB3qQzEcbB7mU5eL2n9fO0xH98o2tYpM.2s5lR7wE.2F8u7y6X1.,한예우,010-8374-2847,2001-09-21,ROLE_USER,ACTIVE,2025-08-25 00:00:00,2025-08-25 00:00:00,2026-06-30 13:18:00
404,user_404@test.com,$2a$10$7zB3qQzEcbB7mU5eL2n9fO0xH98o2tYpM.2s5lR7wE.2F8u7y6X1.,이시인,010-5419-7015,1995-10-18,ROLE_USER,ACTIVE,2026-05-01 00:00:00,2026-05-01 00:00:00,2026-06-13 17:45:00
405,user_405@test.com,$2a$10$7zB3qQzEcbB7mU5eL2n9fO0xH98o2tYpM.2s5lR7wE.2F8u7y6X1.,김도현,010-5469-1809,2004-10-07,ROLE_USER,ACTIVE,2025-10-21 00:00:00,2025-10-21 00:00:00,2026-06-29 16:02:00
406,user_406@test.com,$2a$10$7zB3qQzEcbB7mU5eL2n9fO0xH98o2tYpM.2s5lR7wE.2F8u7y6X1.,신은원,010-7565-9862,1974-01-01,ROLE_USER,ACTIVE,2024-08-11 00:00:00,2024-08-11 00:00:00,2026-06-23 09:38:00
407,user_407@test.com,$2a$10$7zB3qQzEcbB7mU5eL2n9fO0xH98o2tYpM.2s5lR7wE.2F8u7y6X1.,박승수,010-3759-7379,1983-04-07,ROLE_USER,ACTIVE,2023-12-14 00:00:00,2023-12-14 00:00:00,2026-06-24 20:24:00
408,user_408@test.com,$2a$10$7zB3qQzEcbB7mU5eL2n9fO0xH98o2tYpM.2s5lR7wE.2F8u7y6X1.,이주원,010-1047-6517,1971-12-08,ROLE_USER,ACTIVE,2025-11-13 00:00:00,2025-11-13 00:00:00,2026-06-24 17:52:00
409,user_409@test.com,$2a$10$7zB3qQzEcbB7mU5eL2n9fO0xH98o2tYpM.2s5lR7wE.2F8u7y6X1.,장민빈,010-2889-1986,1971-11-14,ROLE_USER,ACTIVE,2024-05-22 00:00:00,2024-05-22 00:00:00,2026-06-12 14:28:00
410,user_410@test.com,$2a$10$7zB3qQzEcbB7mU5eL2n9fO0xH98o2tYpM.2s5lR7wE.2F8u7y6X1.,권은영,010-7054-2604,1973-10-04,ROLE_USER,ACTIVE,2025-01-26 00:00:00,2025-01-26 00:00:00,2026-06-19 08:51:00
411,user_411@test.com,$2a$10$7zB3qQzEcbB7mU5eL2n9fO0xH98o2tYpM.2s5lR7wE.2F8u7y6X1.,김하영,010-6376-4524,1990-10-06,ROLE_USER,ACTIVE,2025-04-15 00:00:00,2025-04-15 00:00:00,2026-06-25 19:31:00
412,user_412@test.com,$2a$10$7zB3qQzEcbB7mU5eL2n9fO0xH98o2tYpM.2s5lR7wE.2F8u7y6X1.,오태빈,010-4206-4083,1987-06-23,ROLE_USER,ACTIVE,2024-08-05 00:00:00,2024-08-05 00:00:00,2026-06-27 09:33:00
413,user_413@test.com,$2a$10$7zB3qQzEcbB7mU5eL2n9fO0xH98o2tYpM.2s5lR7wE.2F8u7y6X1.,한도현,010-5026-5190,1997-07-24,ROLE_USER,ACTIVE,2026-04-08 00:00:00,2026-04-08 00:00:00,2026-06-30 22:29:00
414,user_414@test.com,$2a$10$7zB3qQzEcbB7mU5eL2n9fO0xH98o2tYpM.2s5lR7wE.2F8u7y6X1.,신하빈,010-9420-3035,1976-03-25,ROLE_USER,ACTIVE,2024-11-24 00:00:00,2024-11-24 00:00:00,2026-06-24 08:30:00
415,user_415@test.com,$2a$10$7zB3qQzEcbB7mU5eL2n9fO0xH98o2tYpM.2s5lR7wE.2F8u7y6X1.,윤지준,010-2325-8607,1994-12-21,ROLE_USER,ACTIVE,2026-05-09 00:00:00,2026-05-09 00:00:00,2026-06-09 08:40:00
416,user_416@test.com,$2a$10$7zB3qQzEcbB7mU5eL2n9fO0xH98o2tYpM.2s5lR7wE.2F8u7y6X1.,안서수,010-7943-3106,1971-08-21,ROLE_USER,ACTIVE,2026-04-25 00:00:00,2026-04-25 00:00:00,2026-06-20 11:45:00
417,user_417@test.com,$2a$10$7zB3qQzEcbB7mU5eL2n9fO0xH98o2tYpM.2s5lR7wE.2F8u7y6X1.,송서우,010-2905-3710,1990-06-17,ROLE_USER,ACTIVE,2024-03-19 00:00:00,2024-03-19 00:00:00,2026-06-22 19:28:00
418,user_418@test.com,$2a$10$7zB3qQzEcbB7mU5eL2n9fO0xH98o2tYpM.2s5lR7wE.2F8u7y6X1.,최하준,010-8370-9238,1996-02-12,ROLE_USER,ACTIVE,2025-09-13 00:00:00,2025-09-13 00:00:00,2026-06-21 21:17:00
419,user_419@test.com,$2a$10$7zB3qQzEcbB7mU5eL2n9fO0xH98o2tYpM.2s5lR7wE.2F8u7y6X1.,권승율,010-1318-2001,1978-05-13,ROLE_USER,ACTIVE,2025-01-16 00:00:00,2025-01-16 00:00:00,2026-06-27 12:55:00
420,user_420@test.com,$2a$10$7zB3qQzEcbB7mU5eL2n9fO0xH98o2tYpM.2s5lR7wE.2F8u7y6X1.,권승원,010-9142-2514,1978-06-20,ROLE_USER,ACTIVE,2025-02-08 00:00:00,2025-02-08 00:00:00,2026-06-25 10:21:00
421,user_421@test.com,$2a$10$7zB3qQzEcbB7mU5eL2n9fO0xH98o2tYpM.2s5lR7wE.2F8u7y6X1.,임주현,010-6781-2437,1989-06-18,ROLE_USER,ACTIVE,2024-12-08 00:00:00,2024-12-08 00:00:00,2026-06-20 17:25:00
422,user_422@test.com,$2a$10$7zB3qQzEcbB7mU5eL2n9fO0xH98o2tYpM.2s5lR7wE.2F8u7y6X1.,홍민우,010-5335-1459,1986-10-28,ROLE_USER,ACTIVE,2024-05-26 00:00:00,2024-05-26 00:00:00,2026-06-24 19:56:00
423,user_423@test.com,$2a$10$7zB3qQzEcbB7mU5eL2n9fO0xH98o2tYpM.2s5lR7wE.2F8u7y6X1.,임도현,010-7926-3784,1971-06-10,ROLE_USER,ACTIVE,2024-07-28 00:00:00,2024-07-28 00:00:00,2026-06-20 18:47:00
424,user_424@test.com,$2a$10$7zB3qQzEcbB7mU5eL2n9fO0xH98o2tYpM.2s5lR7wE.2F8u7y6X1.,오현빈,010-8483-4556,1979-02-14,ROLE_USER,ACTIVE,2025-01-02 00:00:00,2025-01-02 00:00:00,2026-05-21 20:37:00
425,user_425@test.com,$2a$10$7zB3qQzEcbB7mU5eL2n9fO0xH98o2tYpM.2s5lR7wE.2F8u7y6X1.,서태영,010-8963-6842,1973-08-13,ROLE_USER,ACTIVE,2023-10-13 00:00:00,2023-10-13 00:00:00,2026-06-26 19:09:00
426,user_426@test.com,$2a$10$7zB3qQzEcbB7mU5eL2n9fO0xH98o2tYpM.2s5lR7wE.2F8u7y6X1.,윤서원,010-8877-9090,1989-03-01,ROLE_USER,ACTIVE,2025-11-09 00:00:00,2025-11-09 00:00:00,2026-06-27 08:25:00
427,user_427@test.com,$2a$10$7zB3qQzEcbB7mU5eL2n9fO0xH98o2tYpM.2s5lR7wE.2F8u7y6X1.,장예준,010-8746-8170,1974-02-05,ROLE_USER,ACTIVE,2026-02-22 00:00:00,2026-02-22 00:00:00,2026-06-26 16:14:00
428,user_428@test.com,$2a$10$7zB3qQzEcbB7mU5eL2n9fO0xH98o2tYpM.2s5lR7wE.2F8u7y6X1.,홍승율,010-9381-1799,1984-06-02,ROLE_USER,ACTIVE,2024-08-23 00:00:00,2024-08-23 00:00:00,2026-06-23 21:06:00
429,user_429@test.com,$2a$10$7zB3qQzEcbB7mU5eL2n9fO0xH98o2tYpM.2s5lR7wE.2F8u7y6X1.,최승영,010-3806-4380,1978-03-15,ROLE_USER,ACTIVE,2025-02-01 00:00:00,2025-02-01 00:00:00,2026-07-01 21:58:00
430,user_430@test.com,$2a$10$7zB3qQzEcbB7mU5eL2n9fO0xH98o2tYpM.2s5lR7wE.2F8u7y6X1.,신민우,010-8554-8330,1984-06-06,ROLE_USER,ACTIVE,2025-01-17 00:00:00,2025-01-17 00:00:00,2026-06-25 10:54:00
431,user_431@test.com,$2a$10$7zB3qQzEcbB7mU5eL2n9fO0xH98o2tYpM.2s5lR7wE.2F8u7y6X1.,박현아,010-8120-2615,1991-06-17,ROLE_USER,ACTIVE,2023-12-23 00:00:00,2023-12-23 00:00:00,2026-06-23 11:21:00
432,user_432@test.com,$2a$10$7zB3qQzEcbB7mU5eL2n9fO0xH98o2tYpM.2s5lR7wE.2F8u7y6X1.,권민우,010-3097-4503,1986-03-27,ROLE_USER,ACTIVE,2025-02-15 00:00:00,2025-02-15 00:00:00,2026-06-10 11:41:00
433,user_433@test.com,$2a$10$7zB3qQzEcbB7mU5eL2n9fO0xH98o2tYpM.2s5lR7wE.2F8u7y6X1.,이민아,010-6313-4649,1978-11-21,ROLE_USER,ACTIVE,2025-07-09 00:00:00,2025-07-09 00:00:00,2026-06-22 08:17:00
434,user_434@test.com,$2a$10$7zB3qQzEcbB7mU5eL2n9fO0xH98o2tYpM.2s5lR7wE.2F8u7y6X1.,임민수,010-2538-9921,1995-08-24,ROLE_USER,ACTIVE,2024-12-03 00:00:00,2024-12-03 00:00:00,2026-06-20 22:49:00
435,user_435@test.com,$2a$10$7zB3qQzEcbB7mU5eL2n9fO0xH98o2tYpM.2s5lR7wE.2F8u7y6X1.,최서원,010-7612-5833,1993-04-08,ROLE_USER,ACTIVE,2026-02-18 00:00:00,2026-02-18 00:00:00,2026-06-28 19:32:00
436,user_436@test.com,$2a$10$7zB3qQzEcbB7mU5eL2n9fO0xH98o2tYpM.2s5lR7wE.2F8u7y6X1.,송주원,010-4167-2744,1990-07-06,ROLE_USER,ACTIVE,2024-05-07 00:00:00,2024-05-07 00:00:00,2026-06-18 20:32:00
437,user_437@test.com,$2a$10$7zB3qQzEcbB7mU5eL2n9fO0xH98o2tYpM.2s5lR7wE.2F8u7y6X1.,서도현,010-3468-2814,2004-04-08,ROLE_USER,ACTIVE,2025-02-09 00:00:00,2025-02-09 00:00:00,2026-06-30 13:09:00
438,user_438@test.com,$2a$10$7zB3qQzEcbB7mU5eL2n9fO0xH98o2tYpM.2s5lR7wE.2F8u7y6X1.,안주우,010-7196-7291,1996-05-12,ROLE_USER,ACTIVE,2025-12-27 00:00:00,2025-12-27 00:00:00,2026-06-24 11:41:00
439,user_439@test.com,$2a$10$7zB3qQzEcbB7mU5eL2n9fO0xH98o2tYpM.2s5lR7wE.2F8u7y6X1.,조지아,010-2574-8111,1983-12-02,ROLE_USER,ACTIVE,2025-05-02 00:00:00,2025-05-02 00:00:00,2026-06-30 20:35:00
440,user_440@test.com,$2a$10$7zB3qQzEcbB7mU5eL2n9fO0xH98o2tYpM.2s5lR7wE.2F8u7y6X1.,김서빈,010-3554-2371,2002-01-15,ROLE_USER,ACTIVE,2024-01-24 00:00:00,2024-01-24 00:00:00,2026-06-24 21:44:00
441,user_441@test.com,$2a$10$7zB3qQzEcbB7mU5eL2n9fO0xH98o2tYpM.2s5lR7wE.2F8u7y6X1.,박지원,010-2645-3922,1991-08-09,ROLE_USER,ACTIVE,2025-04-12 00:00:00,2025-04-12 00:00:00,2026-06-20 09:34:00
442,user_442@test.com,$2a$10$7zB3qQzEcbB7mU5eL2n9fO0xH98o2tYpM.2s5lR7wE.2F8u7y6X1.,임민아,010-2277-8686,1982-12-07,ROLE_USER,ACTIVE,2025-05-23 00:00:00,2025-05-23 00:00:00,2026-06-30 17:45:00
443,user_443@test.com,$2a$10$7zB3qQzEcbB7mU5eL2n9fO0xH98o2tYpM.2s5lR7wE.2F8u7y6X1.,한시원,010-8757-8159,1989-05-23,ROLE_USER,ACTIVE,2025-03-04 00:00:00,2025-03-04 00:00:00,2026-06-26 19:24:00
444,user_444@test.com,$2a$10$7zB3qQzEcbB7mU5eL2n9fO0xH98o2tYpM.2s5lR7wE.2F8u7y6X1.,조승수,010-2691-2678,1994-03-12,ROLE_USER,ACTIVE,2025-09-08 00:00:00,2025-09-08 00:00:00,2026-06-29 15:07:00
445,user_445@test.com,$2a$10$7zB3qQzEcbB7mU5eL2n9fO0xH98o2tYpM.2s5lR7wE.2F8u7y6X1.,임예율,010-8857-5397,1978-01-08,ROLE_USER,ACTIVE,2025-01-19 00:00:00,2025-01-19 00:00:00,2026-06-29 09:40:00
446,user_446@test.com,$2a$10$7zB3qQzEcbB7mU5eL2n9fO0xH98o2tYpM.2s5lR7wE.2F8u7y6X1.,홍태아,010-4410-1095,1991-07-12,ROLE_USER,ACTIVE,2024-03-09 00:00:00,2024-03-09 00:00:00,2026-06-23 08:59:00
447,user_447@test.com,$2a$10$7zB3qQzEcbB7mU5eL2n9fO0xH98o2tYpM.2s5lR7wE.2F8u7y6X1.,정현수,010-2500-7593,1981-05-06,ROLE_USER,ACTIVE,2026-01-26 00:00:00,2026-01-26 00:00:00,2026-06-23 14:19:00
448,user_448@test.com,$2a$10$7zB3qQzEcbB7mU5eL2n9fO0xH98o2tYpM.2s5lR7wE.2F8u7y6X1.,조태율,010-6826-2384,1983-11-24,ROLE_USER,ACTIVE,2024-03-15 00:00:00,2024-03-15 00:00:00,2026-06-18 20:38:00
449,user_449@test.com,$2a$10$7zB3qQzEcbB7mU5eL2n9fO0xH98o2tYpM.2s5lR7wE.2F8u7y6X1.,강서우,010-2125-6189,1998-11-24,ROLE_USER,ACTIVE,2025-01-29 00:00:00,2025-01-29 00:00:00,2026-06-28 10:39:00
450,user_450@test.com,$2a$10$7zB3qQzEcbB7mU5eL2n9fO0xH98o2tYpM.2s5lR7wE.2F8u7y6X1.,홍시현,010-4478-1910,1998-01-27,ROLE_USER,ACTIVE,2024-04-08 00:00:00,2024-04-08 00:00:00,2026-06-26 14:51:00
451,user_451@test.com,$2a$10$7zB3qQzEcbB7mU5eL2n9fO0xH98o2tYpM.2s5lR7wE.2F8u7y6X1.,정민아,010-2910-2530,1997-11-09,ROLE_USER,ACTIVE,2025-04-14 00:00:00,2025-04-14 00:00:00,2026-06-29 15:58:00
452,user_452@test.com,$2a$10$7zB3qQzEcbB7mU5eL2n9fO0xH98o2tYpM.2s5lR7wE.2F8u7y6X1.,박민현,010-2879-1505,1985-02-02,ROLE_USER,ACTIVE,2025-12-17 00:00:00,2025-12-17 00:00:00,2026-06-28 18:49:00
453,user_453@test.com,$2a$10$7zB3qQzEcbB7mU5eL2n9fO0xH98o2tYpM.2s5lR7wE.2F8u7y6X1.,한지아,010-1767-6100,1995-01-02,ROLE_USER,ACTIVE,2025-09-11 00:00:00,2025-09-11 00:00:00,2026-06-09 17:21:00
454,user_454@test.com,$2a$10$7zB3qQzEcbB7mU5eL2n9fO0xH98o2tYpM.2s5lR7wE.2F8u7y6X1.,서태원,010-2457-1341,1996-09-26,ROLE_USER,ACTIVE,2024-11-16 00:00:00,2024-11-16 00:00:00,2026-06-27 11:35:00
455,user_455@test.com,$2a$10$7zB3qQzEcbB7mU5eL2n9fO0xH98o2tYpM.2s5lR7wE.2F8u7y6X1.,강지수,010-9672-4769,1992-04-16,ROLE_USER,ACTIVE,2024-07-23 00:00:00,2024-07-23 00:00:00,2026-06-30 21:36:00
456,user_456@test.com,$2a$10$7zB3qQzEcbB7mU5eL2n9fO0xH98o2tYpM.2s5lR7wE.2F8u7y6X1.,조지혁,010-5388-9663,1970-03-11,ROLE_USER,ACTIVE,2024-11-30 00:00:00,2024-11-30 00:00:00,2026-06-28 16:34:00
457,user_457@test.com,$2a$10$7zB3qQzEcbB7mU5eL2n9fO0xH98o2tYpM.2s5lR7wE.2F8u7y6X1.,신예수,010-8751-7535,2001-07-20,ROLE_USER,ACTIVE,2024-09-20 00:00:00,2024-09-20 00:00:00,2026-06-25 13:19:00
458,user_458@test.com,$2a$10$7zB3qQzEcbB7mU5eL2n9fO0xH98o2tYpM.2s5lR7wE.2F8u7y6X1.,송은우,010-5199-7941,1992-10-06,ROLE_USER,ACTIVE,2025-04-12 00:00:00,2025-04-12 00:00:00,2026-06-30 11:48:00
459,user_459@test.com,$2a$10$7zB3qQzEcbB7mU5eL2n9fO0xH98o2tYpM.2s5lR7wE.2F8u7y6X1.,임예아,010-4874-5246,1980-11-25,ROLE_USER,ACTIVE,2024-12-26 00:00:00,2024-12-26 00:00:00,2026-07-02 15:16:00
460,user_460@test.com,$2a$10$7zB3qQzEcbB7mU5eL2n9fO0xH98o2tYpM.2s5lR7wE.2F8u7y6X1.,이태빈,010-5347-8626,1974-02-13,ROLE_USER,ACTIVE,2024-10-14 00:00:00,2024-10-14 00:00:00,2026-06-21 16:43:00
461,user_461@test.com,$2a$10$7zB3qQzEcbB7mU5eL2n9fO0xH98o2tYpM.2s5lR7wE.2F8u7y6X1.,조시율,010-5367-5440,1980-03-06,ROLE_USER,ACTIVE,2026-02-19 00:00:00,2026-02-19 00:00:00,2026-06-27 18:36:00
462,user_462@test.com,$2a$10$7zB3qQzEcbB7mU5eL2n9fO0xH98o2tYpM.2s5lR7wE.2F8u7y6X1.,임하혁,010-9605-6817,1988-05-15,ROLE_USER,ACTIVE,2024-04-21 00:00:00,2024-04-21 00:00:00,2026-05-01 20:42:00
463,user_463@test.com,$2a$10$7zB3qQzEcbB7mU5eL2n9fO0xH98o2tYpM.2s5lR7wE.2F8u7y6X1.,박태혁,010-3901-2934,1989-05-11,ROLE_USER,ACTIVE,2024-09-08 00:00:00,2024-09-08 00:00:00,2026-07-01 18:23:00
464,user_464@test.com,$2a$10$7zB3qQzEcbB7mU5eL2n9fO0xH98o2tYpM.2s5lR7wE.2F8u7y6X1.,전서혁,010-3170-7216,1978-10-24,ROLE_USER,ACTIVE,2025-02-11 00:00:00,2025-02-11 00:00:00,2026-06-28 19:03:00
465,user_465@test.com,$2a$10$7zB3qQzEcbB7mU5eL2n9fO0xH98o2tYpM.2s5lR7wE.2F8u7y6X1.,전서혁,010-4838-9766,1974-04-07,ROLE_USER,ACTIVE,2025-04-04 00:00:00,2025-04-04 00:00:00,2026-06-12 10:28:00
466,user_466@test.com,$2a$10$7zB3qQzEcbB7mU5eL2n9fO0xH98o2tYpM.2s5lR7wE.2F8u7y6X1.,최지인,010-6760-6284,1988-11-13,ROLE_USER,ACTIVE,2024-06-05 00:00:00,2024-06-05 00:00:00,2026-06-30 12:23:00
467,user_467@test.com,$2a$10$7zB3qQzEcbB7mU5eL2n9fO0xH98o2tYpM.2s5lR7wE.2F8u7y6X1.,전서인,010-8233-3831,1979-06-24,ROLE_USER,ACTIVE,2026-01-29 00:00:00,2026-01-29 00:00:00,2026-06-22 21:00:00
468,user_468@test.com,$2a$10$7zB3qQzEcbB7mU5eL2n9fO0xH98o2tYpM.2s5lR7wE.2F8u7y6X1.,조민현,010-8550-1432,1999-08-21,ROLE_USER,ACTIVE,2023-11-18 00:00:00,2023-11-18 00:00:00,2026-06-26 11:54:00
469,user_469@test.com,$2a$10$7zB3qQzEcbB7mU5eL2n9fO0xH98o2tYpM.2s5lR7wE.2F8u7y6X1.,송승아,010-1833-8845,1983-05-13,ROLE_USER,ACTIVE,2024-09-10 00:00:00,2024-09-10 00:00:00,2026-06-28 13:13:00
470,user_470@test.com,$2a$10$7zB3qQzEcbB7mU5eL2n9fO0xH98o2tYpM.2s5lR7wE.2F8u7y6X1.,전현빈,010-3591-9470,1977-10-03,ROLE_USER,ACTIVE,2024-02-28 00:00:00,2024-02-28 00:00:00,2026-06-20 22:43:00
471,user_471@test.com,$2a$10$7zB3qQzEcbB7mU5eL2n9fO0xH98o2tYpM.2s5lR7wE.2F8u7y6X1.,조태원,010-1215-8248,1975-09-27,ROLE_USER,ACTIVE,2025-11-12 00:00:00,2025-11-12 00:00:00,2026-06-19 11:39:00
472,user_472@test.com,$2a$10$7zB3qQzEcbB7mU5eL2n9fO0xH98o2tYpM.2s5lR7wE.2F8u7y6X1.,한예준,010-6951-1603,1989-09-21,ROLE_USER,ACTIVE,2024-04-13 00:00:00,2024-04-13 00:00:00,2026-06-26 14:32:00
473,user_473@test.com,$2a$10$7zB3qQzEcbB7mU5eL2n9fO0xH98o2tYpM.2s5lR7wE.2F8u7y6X1.,박도영,010-3180-8546,1992-02-22,ROLE_USER,ACTIVE,2024-09-30 00:00:00,2024-09-30 00:00:00,2026-06-19 16:21:00
474,user_474@test.com,$2a$10$7zB3qQzEcbB7mU5eL2n9fO0xH98o2tYpM.2s5lR7wE.2F8u7y6X1.,황태영,010-3655-8570,1996-03-03,ROLE_USER,ACTIVE,2025-02-06 00:00:00,2025-02-06 00:00:00,2026-06-22 22:45:00
475,user_475@test.com,$2a$10$7zB3qQzEcbB7mU5eL2n9fO0xH98o2tYpM.2s5lR7wE.2F8u7y6X1.,안서혁,010-5409-6940,1989-04-27,ROLE_USER,ACTIVE,2026-02-27 00:00:00,2026-02-27 00:00:00,2026-06-27 14:55:00
476,user_476@test.com,$2a$10$7zB3qQzEcbB7mU5eL2n9fO0xH98o2tYpM.2s5lR7wE.2F8u7y6X1.,장은현,010-8411-6618,1975-12-28,ROLE_USER,ACTIVE,2026-04-26 00:00:00,2026-04-26 00:00:00,2026-06-22 11:41:00
477,user_477@test.com,$2a$10$7zB3qQzEcbB7mU5eL2n9fO0xH98o2tYpM.2s5lR7wE.2F8u7y6X1.,서태인,010-4999-9914,1974-05-09,ROLE_USER,ACTIVE,2025-08-04 00:00:00,2025-08-04 00:00:00,2026-06-18 12:20:00
478,user_478@test.com,$2a$10$7zB3qQzEcbB7mU5eL2n9fO0xH98o2tYpM.2s5lR7wE.2F8u7y6X1.,김서아,010-3331-3290,1988-06-26,ROLE_USER,ACTIVE,2025-08-31 00:00:00,2025-08-31 00:00:00,2026-06-27 09:58:00
479,user_479@test.com,$2a$10$7zB3qQzEcbB7mU5eL2n9fO0xH98o2tYpM.2s5lR7wE.2F8u7y6X1.,임하우,010-4350-2292,2003-11-17,ROLE_USER,ACTIVE,2026-04-30 00:00:00,2026-04-30 00:00:00,2026-06-25 10:03:00
480,user_480@test.com,$2a$10$7zB3qQzEcbB7mU5eL2n9fO0xH98o2tYpM.2s5lR7wE.2F8u7y6X1.,전하현,010-4837-1389,1985-01-18,ROLE_USER,ACTIVE,2025-07-21 00:00:00,2025-07-21 00:00:00,2026-06-21 17:44:00
481,user_481@test.com,$2a$10$7zB3qQzEcbB7mU5eL2n9fO0xH98o2tYpM.2s5lR7wE.2F8u7y6X1.,이지율,010-6058-2131,1981-03-23,ROLE_USER,ACTIVE,2025-10-23 00:00:00,2025-10-23 00:00:00,2026-07-02 20:31:00
482,user_482@test.com,$2a$10$7zB3qQzEcbB7mU5eL2n9fO0xH98o2tYpM.2s5lR7wE.2F8u7y6X1.,이시영,010-9691-4298,1996-10-15,ROLE_USER,ACTIVE,2024-06-08 00:00:00,2024-06-08 00:00:00,2026-06-25 19:35:00
483,user_483@test.com,$2a$10$7zB3qQzEcbB7mU5eL2n9fO0xH98o2tYpM.2s5lR7wE.2F8u7y6X1.,신주혁,010-1989-1301,1980-07-23,ROLE_USER,ACTIVE,2024-06-28 00:00:00,2024-06-28 00:00:00,2026-06-19 18:00:00
484,user_484@test.com,$2a$10$7zB3qQzEcbB7mU5eL2n9fO0xH98o2tYpM.2s5lR7wE.2F8u7y6X1.,한태혁,010-7709-4035,2000-08-08,ROLE_USER,ACTIVE,2026-05-04 00:00:00,2026-05-04 00:00:00,2026-06-30 13:42:00
485,user_485@test.com,$2a$10$7zB3qQzEcbB7mU5eL2n9fO0xH98o2tYpM.2s5lR7wE.2F8u7y6X1.,최지우,010-4561-6967,1992-10-01,ROLE_USER,ACTIVE,2024-06-27 00:00:00,2024-06-27 00:00:00,2026-04-05 13:58:00
486,user_486@test.com,$2a$10$7zB3qQzEcbB7mU5eL2n9fO0xH98o2tYpM.2s5lR7wE.2F8u7y6X1.,한현혁,010-4252-8072,1973-02-06,ROLE_USER,ACTIVE,2025-07-20 00:00:00,2025-07-20 00:00:00,2026-06-29 19:16:00
487,user_487@test.com,$2a$10$7zB3qQzEcbB7mU5eL2n9fO0xH98o2tYpM.2s5lR7wE.2F8u7y6X1.,권민영,010-8791-6378,1997-10-08,ROLE_USER,ACTIVE,2024-04-21 00:00:00,2024-04-21 00:00:00,2026-06-25 22:27:00
488,user_488@test.com,$2a$10$7zB3qQzEcbB7mU5eL2n9fO0xH98o2tYpM.2s5lR7wE.2F8u7y6X1.,박도빈,010-3875-4006,1988-01-07,ROLE_USER,ACTIVE,2025-05-17 00:00:00,2025-05-17 00:00:00,2026-06-22 09:04:00
489,user_489@test.com,$2a$10$7zB3qQzEcbB7mU5eL2n9fO0xH98o2tYpM.2s5lR7wE.2F8u7y6X1.,황지준,010-6685-7143,1986-06-25,ROLE_USER,ACTIVE,2025-08-11 00:00:00,2025-08-11 00:00:00,2026-07-01 13:14:00
490,user_490@test.com,$2a$10$7zB3qQzEcbB7mU5eL2n9fO0xH98o2tYpM.2s5lR7wE.2F8u7y6X1.,송예원,010-6197-1013,1976-07-26,ROLE_USER,ACTIVE,2025-04-22 00:00:00,2025-04-22 00:00:00,2026-06-30 10:24:00
491,user_491@test.com,$2a$10$7zB3qQzEcbB7mU5eL2n9fO0xH98o2tYpM.2s5lR7wE.2F8u7y6X1.,오하인,010-7419-1881,1988-06-01,ROLE_USER,ACTIVE,2025-10-21 00:00:00,2025-10-21 00:00:00,2026-06-19 15:10:00
492,user_492@test.com,$2a$10$7zB3qQzEcbB7mU5eL2n9fO0xH98o2tYpM.2s5lR7wE.2F8u7y6X1.,전은인,010-3454-9717,2002-05-26,ROLE_USER,ACTIVE,2024-06-23 00:00:00,2024-06-23 00:00:00,2026-06-23 18:35:00
493,user_493@test.com,$2a$10$7zB3qQzEcbB7mU5eL2n9fO0xH98o2tYpM.2s5lR7wE.2F8u7y6X1.,전하준,010-2604-1510,1996-07-17,ROLE_USER,ACTIVE,2025-07-04 00:00:00,2025-07-04 00:00:00,2026-06-19 14:40:00
494,user_494@test.com,$2a$10$7zB3qQzEcbB7mU5eL2n9fO0xH98o2tYpM.2s5lR7wE.2F8u7y6X1.,안예혁,010-6105-4205,1991-12-06,ROLE_USER,ACTIVE,2024-01-07 00:00:00,2024-01-07 00:00:00,2026-06-21 08:20:00
495,user_495@test.com,$2a$10$7zB3qQzEcbB7mU5eL2n9fO0xH98o2tYpM.2s5lR7wE.2F8u7y6X1.,최도우,010-8080-4826,1983-12-14,ROLE_USER,ACTIVE,2024-09-23 00:00:00,2024-09-23 00:00:00,2026-06-25 18:28:00
496,user_496@test.com,$2a$10$7zB3qQzEcbB7mU5eL2n9fO0xH98o2tYpM.2s5lR7wE.2F8u7y6X1.,황도율,010-3282-1479,1999-11-06,ROLE_USER,ACTIVE,2025-11-28 00:00:00,2025-11-28 00:00:00,2026-06-19 08:55:00
497,user_497@test.com,$2a$10$7zB3qQzEcbB7mU5eL2n9fO0xH98o2tYpM.2s5lR7wE.2F8u7y6X1.,홍도준,010-8250-4715,1992-01-06,ROLE_USER,ACTIVE,2024-04-19 00:00:00,2024-04-19 00:00:00,2026-06-26 17:58:00
498,user_498@test.com,$2a$10$7zB3qQzEcbB7mU5eL2n9fO0xH98o2tYpM.2s5lR7wE.2F8u7y6X1.,안서준,010-5302-9320,2000-12-18,ROLE_USER,ACTIVE,2026-02-19 00:00:00,2026-02-19 00:00:00,2026-06-24 13:37:00
499,user_499@test.com,$2a$10$7zB3qQzEcbB7mU5eL2n9fO0xH98o2tYpM.2s5lR7wE.2F8u7y6X1.,오도아,010-5848-8325,1992-10-01,ROLE_USER,ACTIVE,2025-12-20 00:00:00,2025-12-20 00:00:00,2026-06-27 16:18:00
500,user_500@test.com,$2a$10$7zB3qQzEcbB7mU5eL2n9fO0xH98o2tYpM.2s5lR7wE.2F8u7y6X1.,임주우,010-5264-1103,1972-05-04,ROLE_USER,ACTIVE,2025-02-05 00:00:00,2025-02-05 00:00:00,2026-06-21 18:32:00
501,user_501@test.com,$2a$10$7zB3qQzEcbB7mU5eL2n9fO0xH98o2tYpM.2s5lR7wE.2F8u7y6X1.,전예우,010-6296-7563,2003-08-16,ROLE_USER,ACTIVE,2026-04-24 00:00:00,2026-04-24 00:00:00,2026-05-05 17:37:00
502,user_502@test.com,$2a$10$7zB3qQzEcbB7mU5eL2n9fO0xH98o2tYpM.2s5lR7wE.2F8u7y6X1.,조주아,010-1554-2033,1978-10-04,ROLE_USER,ACTIVE,2025-11-12 00:00:00,2025-11-12 00:00:00,2026-06-18 14:35:00
503,user_503@test.com,$2a$10$7zB3qQzEcbB7mU5eL2n9fO0xH98o2tYpM.2s5lR7wE.2F8u7y6X1.,임태수,010-7615-4860,1988-11-01,ROLE_USER,ACTIVE,2025-05-22 00:00:00,2025-05-22 00:00:00,2026-05-01 11:00:00
504,user_504@test.com,$2a$10$7zB3qQzEcbB7mU5eL2n9fO0xH98o2tYpM.2s5lR7wE.2F8u7y6X1.,홍서혁,010-2678-6151,1989-08-25,ROLE_USER,ACTIVE,2024-08-31 00:00:00,2024-08-31 00:00:00,2026-06-30 18:51:00
505,user_505@test.com,$2a$10$7zB3qQzEcbB7mU5eL2n9fO0xH98o2tYpM.2s5lR7wE.2F8u7y6X1.,정주영,010-9033-8482,1981-09-10,ROLE_USER,ACTIVE,2023-11-30 00:00:00,2023-11-30 00:00:00,2026-06-27 12:06:00
506,user_506@test.com,$2a$10$7zB3qQzEcbB7mU5eL2n9fO0xH98o2tYpM.2s5lR7wE.2F8u7y6X1.,권도영,010-7145-8221,1991-04-25,ROLE_USER,ACTIVE,2024-12-19 00:00:00,2024-12-19 00:00:00,2026-06-22 16:21:00
507,user_507@test.com,$2a$10$7zB3qQzEcbB7mU5eL2n9fO0xH98o2tYpM.2s5lR7wE.2F8u7y6X1.,최승혁,010-4875-7505,1983-11-15,ROLE_USER,ACTIVE,2024-03-31 00:00:00,2024-03-31 00:00:00,2026-07-01 09:41:00
508,user_508@test.com,$2a$10$7zB3qQzEcbB7mU5eL2n9fO0xH98o2tYpM.2s5lR7wE.2F8u7y6X1.,안예현,010-7087-3265,1977-02-13,ROLE_USER,ACTIVE,2026-01-22 00:00:00,2026-01-22 00:00:00,2026-06-04 12:04:00
509,user_509@test.com,$2a$10$7zB3qQzEcbB7mU5eL2n9fO0xH98o2tYpM.2s5lR7wE.2F8u7y6X1.,황도수,010-9972-3685,1977-07-17,ROLE_USER,ACTIVE,2024-09-12 00:00:00,2024-09-12 00:00:00,2026-06-27 13:26:00
510,user_510@test.com,$2a$10$7zB3qQzEcbB7mU5eL2n9fO0xH98o2tYpM.2s5lR7wE.2F8u7y6X1.,조지원,010-2438-1164,1985-05-24,ROLE_USER,ACTIVE,2024-09-22 00:00:00,2024-09-22 00:00:00,2026-06-29 09:54:00
511,user_511@test.com,$2a$10$7zB3qQzEcbB7mU5eL2n9fO0xH98o2tYpM.2s5lR7wE.2F8u7y6X1.,송하인,010-2920-5389,1971-03-22,ROLE_USER,ACTIVE,2024-12-01 00:00:00,2024-12-01 00:00:00,2026-06-28 17:42:00
512,user_512@test.com,$2a$10$7zB3qQzEcbB7mU5eL2n9fO0xH98o2tYpM.2s5lR7wE.2F8u7y6X1.,이서우,010-3117-1744,1974-05-03,ROLE_USER,ACTIVE,2023-10-20 00:00:00,2023-10-20 00:00:00,2026-06-20 20:05:00
513,user_513@test.com,$2a$10$7zB3qQzEcbB7mU5eL2n9fO0xH98o2tYpM.2s5lR7wE.2F8u7y6X1.,장태빈,010-2527-6133,1999-05-15,ROLE_USER,ACTIVE,2024-08-21 00:00:00,2024-08-21 00:00:00,2026-06-24 18:30:00
514,user_514@test.com,$2a$10$7zB3qQzEcbB7mU5eL2n9fO0xH98o2tYpM.2s5lR7wE.2F8u7y6X1.,장지인,010-9202-1925,1997-02-19,ROLE_USER,ACTIVE,2025-07-01 00:00:00,2025-07-01 00:00:00,2026-06-23 10:47:00
515,user_515@test.com,$2a$10$7zB3qQzEcbB7mU5eL2n9fO0xH98o2tYpM.2s5lR7wE.2F8u7y6X1.,송지혁,010-8828-1143,1981-05-11,ROLE_USER,ACTIVE,2026-05-07 00:00:00,2026-05-07 00:00:00,2026-05-21 16:01:00
516,user_516@test.com,$2a$10$7zB3qQzEcbB7mU5eL2n9fO0xH98o2tYpM.2s5lR7wE.2F8u7y6X1.,강주빈,010-6947-8350,2001-01-19,ROLE_USER,ACTIVE,2025-10-07 00:00:00,2025-10-07 00:00:00,2026-07-01 12:46:00
517,user_517@test.com,$2a$10$7zB3qQzEcbB7mU5eL2n9fO0xH98o2tYpM.2s5lR7wE.2F8u7y6X1.,강예혁,010-3923-6072,1996-12-10,ROLE_USER,ACTIVE,2024-07-09 00:00:00,2024-07-09 00:00:00,2026-06-23 18:29:00
518,user_518@test.com,$2a$10$7zB3qQzEcbB7mU5eL2n9fO0xH98o2tYpM.2s5lR7wE.2F8u7y6X1.,최시원,010-5787-7528,1981-07-20,ROLE_USER,ACTIVE,2026-02-13 00:00:00,2026-02-13 00:00:00,2026-06-28 14:27:00
519,user_519@test.com,$2a$10$7zB3qQzEcbB7mU5eL2n9fO0xH98o2tYpM.2s5lR7wE.2F8u7y6X1.,강은수,010-3443-3155,1978-01-16,ROLE_USER,ACTIVE,2023-10-15 00:00:00,2023-10-15 00:00:00,2026-06-27 20:48:00
520,user_520@test.com,$2a$10$7zB3qQzEcbB7mU5eL2n9fO0xH98o2tYpM.2s5lR7wE.2F8u7y6X1.,안시수,010-1417-9335,1985-12-04,ROLE_USER,ACTIVE,2025-04-11 00:00:00,2025-04-11 00:00:00,2026-06-24 22:26:00
521,user_521@test.com,$2a$10$7zB3qQzEcbB7mU5eL2n9fO0xH98o2tYpM.2s5lR7wE.2F8u7y6X1.,임태혁,010-6741-4777,1985-04-27,ROLE_USER,ACTIVE,2025-11-10 00:00:00,2025-11-10 00:00:00,2026-06-27 17:28:00
522,user_522@test.com,$2a$10$7zB3qQzEcbB7mU5eL2n9fO0xH98o2tYpM.2s5lR7wE.2F8u7y6X1.,전시준,010-4295-9414,1972-09-06,ROLE_USER,ACTIVE,2024-09-02 00:00:00,2024-09-02 00:00:00,2026-06-18 19:20:00
523,user_523@test.com,$2a$10$7zB3qQzEcbB7mU5eL2n9fO0xH98o2tYpM.2s5lR7wE.2F8u7y6X1.,송도혁,010-1031-3517,2002-01-05,ROLE_USER,ACTIVE,2024-06-29 00:00:00,2024-06-29 00:00:00,2026-06-30 15:33:00
524,user_524@test.com,$2a$10$7zB3qQzEcbB7mU5eL2n9fO0xH98o2tYpM.2s5lR7wE.2F8u7y6X1.,서하율,010-5520-5850,1996-12-05,ROLE_USER,ACTIVE,2024-05-09 00:00:00,2024-05-09 00:00:00,2026-06-13 09:43:00
525,user_525@test.com,$2a$10$7zB3qQzEcbB7mU5eL2n9fO0xH98o2tYpM.2s5lR7wE.2F8u7y6X1.,이도혁,010-8466-6345,1988-08-20,ROLE_USER,ACTIVE,2025-07-25 00:00:00,2025-07-25 00:00:00,2026-06-26 09:22:00
526,user_526@test.com,$2a$10$7zB3qQzEcbB7mU5eL2n9fO0xH98o2tYpM.2s5lR7wE.2F8u7y6X1.,강승아,010-1293-8066,2001-11-20,ROLE_USER,ACTIVE,2023-12-20 00:00:00,2023-12-20 00:00:00,2026-07-01 08:57:00
527,user_527@test.com,$2a$10$7zB3qQzEcbB7mU5eL2n9fO0xH98o2tYpM.2s5lR7wE.2F8u7y6X1.,안지준,010-1266-1225,1978-04-22,ROLE_USER,ACTIVE,2024-04-02 00:00:00,2024-04-02 00:00:00,2026-06-28 18:40:00
528,user_528@test.com,$2a$10$7zB3qQzEcbB7mU5eL2n9fO0xH98o2tYpM.2s5lR7wE.2F8u7y6X1.,신시수,010-3276-5392,2000-09-01,ROLE_USER,ACTIVE,2026-05-08 00:00:00,2026-05-08 00:00:00,2026-04-19 14:20:00
529,user_529@test.com,$2a$10$7zB3qQzEcbB7mU5eL2n9fO0xH98o2tYpM.2s5lR7wE.2F8u7y6X1.,홍지아,010-3965-3785,1990-04-01,ROLE_USER,ACTIVE,2026-02-16 00:00:00,2026-02-16 00:00:00,2026-06-27 09:08:00
530,user_530@test.com,$2a$10$7zB3qQzEcbB7mU5eL2n9fO0xH98o2tYpM.2s5lR7wE.2F8u7y6X1.,김현원,010-9790-4556,1976-07-20,ROLE_USER,ACTIVE,2026-01-08 00:00:00,2026-01-08 00:00:00,2026-06-14 20:57:00
531,user_531@test.com,$2a$10$7zB3qQzEcbB7mU5eL2n9fO0xH98o2tYpM.2s5lR7wE.2F8u7y6X1.,황지인,010-5996-5244,1979-04-06,ROLE_USER,ACTIVE,2025-08-05 00:00:00,2025-08-05 00:00:00,2026-06-29 10:17:00
532,user_532@test.com,$2a$10$7zB3qQzEcbB7mU5eL2n9fO0xH98o2tYpM.2s5lR7wE.2F8u7y6X1.,조하빈,010-2334-5166,1995-01-17,ROLE_USER,ACTIVE,2023-11-01 00:00:00,2023-11-01 00:00:00,2026-06-11 20:34:00
533,user_533@test.com,$2a$10$7zB3qQzEcbB7mU5eL2n9fO0xH98o2tYpM.2s5lR7wE.2F8u7y6X1.,강시아,010-4516-4138,1987-09-22,ROLE_USER,ACTIVE,2025-10-25 00:00:00,2025-10-25 00:00:00,2026-06-26 10:11:00
534,user_534@test.com,$2a$10$7zB3qQzEcbB7mU5eL2n9fO0xH98o2tYpM.2s5lR7wE.2F8u7y6X1.,서서현,010-8286-2328,1989-07-25,ROLE_USER,ACTIVE,2025-03-09 00:00:00,2025-03-09 00:00:00,2026-05-13 08:32:00
535,user_535@test.com,$2a$10$7zB3qQzEcbB7mU5eL2n9fO0xH98o2tYpM.2s5lR7wE.2F8u7y6X1.,조지우,010-4930-4715,1976-09-13,ROLE_USER,ACTIVE,2023-11-02 00:00:00,2023-11-02 00:00:00,2026-06-30 15:59:00
536,user_536@test.com,$2a$10$7zB3qQzEcbB7mU5eL2n9fO0xH98o2tYpM.2s5lR7wE.2F8u7y6X1.,강서혁,010-6648-6852,1990-12-22,ROLE_USER,ACTIVE,2024-03-29 00:00:00,2024-03-29 00:00:00,2026-05-24 21:19:00
537,user_537@test.com,$2a$10$7zB3qQzEcbB7mU5eL2n9fO0xH98o2tYpM.2s5lR7wE.2F8u7y6X1.,황민율,010-1840-5327,1998-03-05,ROLE_USER,ACTIVE,2024-04-02 00:00:00,2024-04-02 00:00:00,2026-06-27 16:58:00
538,user_538@test.com,$2a$10$7zB3qQzEcbB7mU5eL2n9fO0xH98o2tYpM.2s5lR7wE.2F8u7y6X1.,장지아,010-6623-8412,2001-05-25,ROLE_USER,ACTIVE,2026-01-02 00:00:00,2026-01-02 00:00:00,2026-06-26 11:02:00
539,user_539@test.com,$2a$10$7zB3qQzEcbB7mU5eL2n9fO0xH98o2tYpM.2s5lR7wE.2F8u7y6X1.,오시준,010-9596-4473,2001-05-17,ROLE_USER,ACTIVE,2024-12-06 00:00:00,2024-12-06 00:00:00,2026-06-21 20:28:00
540,user_540@test.com,$2a$10$7zB3qQzEcbB7mU5eL2n9fO0xH98o2tYpM.2s5lR7wE.2F8u7y6X1.,이민영,010-1072-5039,1984-03-24,ROLE_USER,ACTIVE,2024-12-07 00:00:00,2024-12-07 00:00:00,2026-06-29 08:40:00
541,user_541@test.com,$2a$10$7zB3qQzEcbB7mU5eL2n9fO0xH98o2tYpM.2s5lR7wE.2F8u7y6X1.,서주원,010-9318-6828,2001-04-14,ROLE_USER,ACTIVE,2024-12-28 00:00:00,2024-12-28 00:00:00,2026-06-24 17:33:00
542,user_542@test.com,$2a$10$7zB3qQzEcbB7mU5eL2n9fO0xH98o2tYpM.2s5lR7wE.2F8u7y6X1.,한주인,010-4707-4811,2001-02-24,ROLE_USER,ACTIVE,2025-07-20 00:00:00,2025-07-20 00:00:00,2026-06-20 13:14:00
543,user_543@test.com,$2a$10$7zB3qQzEcbB7mU5eL2n9fO0xH98o2tYpM.2s5lR7wE.2F8u7y6X1.,전민아,010-5041-9751,1983-08-25,ROLE_USER,ACTIVE,2026-05-12 00:00:00,2026-05-12 00:00:00,2026-06-30 19:59:00
544,user_544@test.com,$2a$10$7zB3qQzEcbB7mU5eL2n9fO0xH98o2tYpM.2s5lR7wE.2F8u7y6X1.,한승현,010-5742-8512,1988-11-02,ROLE_USER,ACTIVE,2026-04-15 00:00:00,2026-04-15 00:00:00,2026-06-23 14:48:00
545,user_545@test.com,$2a$10$7zB3qQzEcbB7mU5eL2n9fO0xH98o2tYpM.2s5lR7wE.2F8u7y6X1.,안서아,010-1719-8559,1980-08-24,ROLE_USER,ACTIVE,2025-09-18 00:00:00,2025-09-18 00:00:00,2026-06-27 17:40:00
546,user_546@test.com,$2a$10$7zB3qQzEcbB7mU5eL2n9fO0xH98o2tYpM.2s5lR7wE.2F8u7y6X1.,이은현,010-6786-3593,1979-05-18,ROLE_USER,ACTIVE,2025-07-20 00:00:00,2025-07-20 00:00:00,2026-06-27 10:16:00
547,user_547@test.com,$2a$10$7zB3qQzEcbB7mU5eL2n9fO0xH98o2tYpM.2s5lR7wE.2F8u7y6X1.,신서수,010-5021-8317,1978-08-11,ROLE_USER,ACTIVE,2024-04-01 00:00:00,2024-04-01 00:00:00,2026-06-27 10:03:00
548,user_548@test.com,$2a$10$7zB3qQzEcbB7mU5eL2n9fO0xH98o2tYpM.2s5lR7wE.2F8u7y6X1.,김서우,010-8310-6262,2000-12-23,ROLE_USER,ACTIVE,2025-05-26 00:00:00,2025-05-26 00:00:00,2026-06-28 18:21:00
549,user_549@test.com,$2a$10$7zB3qQzEcbB7mU5eL2n9fO0xH98o2tYpM.2s5lR7wE.2F8u7y6X1.,임주인,010-7035-2833,1995-08-15,ROLE_USER,ACTIVE,2024-04-04 00:00:00,2024-04-04 00:00:00,2026-06-20 08:56:00
550,user_550@test.com,$2a$10$7zB3qQzEcbB7mU5eL2n9fO0xH98o2tYpM.2s5lR7wE.2F8u7y6X1.,임도율,010-9324-1695,1999-12-10,ROLE_USER,ACTIVE,2023-11-07 00:00:00,2023-11-07 00:00:00,2026-07-01 20:45:00
551,user_551@test.com,$2a$10$7zB3qQzEcbB7mU5eL2n9fO0xH98o2tYpM.2s5lR7wE.2F8u7y6X1.,황시수,010-9509-9441,1977-12-13,ROLE_USER,ACTIVE,2024-05-12 00:00:00,2024-05-12 00:00:00,2026-06-25 08:15:00
552,user_552@test.com,$2a$10$7zB3qQzEcbB7mU5eL2n9fO0xH98o2tYpM.2s5lR7wE.2F8u7y6X1.,전지인,010-1031-1159,1980-05-25,ROLE_USER,ACTIVE,2025-10-09 00:00:00,2025-10-09 00:00:00,2026-06-12 16:13:00
553,user_553@test.com,$2a$10$7zB3qQzEcbB7mU5eL2n9fO0xH98o2tYpM.2s5lR7wE.2F8u7y6X1.,황서원,010-6127-1299,1989-02-18,ROLE_USER,ACTIVE,2023-10-30 00:00:00,2023-10-30 00:00:00,2026-06-27 20:12:00
554,user_554@test.com,$2a$10$7zB3qQzEcbB7mU5eL2n9fO0xH98o2tYpM.2s5lR7wE.2F8u7y6X1.,윤하준,010-4119-7048,1982-01-25,ROLE_USER,ACTIVE,2024-02-14 00:00:00,2024-02-14 00:00:00,2026-07-02 12:13:00
555,user_555@test.com,$2a$10$7zB3qQzEcbB7mU5eL2n9fO0xH98o2tYpM.2s5lR7wE.2F8u7y6X1.,윤서아,010-7048-1472,1985-08-24,ROLE_USER,ACTIVE,2024-05-23 00:00:00,2024-05-23 00:00:00,2026-06-29 20:49:00
556,user_556@test.com,$2a$10$7zB3qQzEcbB7mU5eL2n9fO0xH98o2tYpM.2s5lR7wE.2F8u7y6X1.,송서현,010-9865-9169,2002-11-28,ROLE_USER,ACTIVE,2024-03-26 00:00:00,2024-03-26 00:00:00,2026-06-24 19:23:00
557,user_557@test.com,$2a$10$7zB3qQzEcbB7mU5eL2n9fO0xH98o2tYpM.2s5lR7wE.2F8u7y6X1.,강시현,010-3181-8880,1999-04-05,ROLE_USER,ACTIVE,2024-09-04 00:00:00,2024-09-04 00:00:00,2026-06-21 16:02:00
558,user_558@test.com,$2a$10$7zB3qQzEcbB7mU5eL2n9fO0xH98o2tYpM.2s5lR7wE.2F8u7y6X1.,전하영,010-4451-2542,1979-09-08,ROLE_USER,ACTIVE,2025-07-04 00:00:00,2025-07-04 00:00:00,2026-06-21 18:02:00
559,user_559@test.com,$2a$10$7zB3qQzEcbB7mU5eL2n9fO0xH98o2tYpM.2s5lR7wE.2F8u7y6X1.,신주빈,010-7795-4219,1981-01-09,ROLE_USER,ACTIVE,2026-05-15 00:00:00,2026-05-15 00:00:00,2026-06-10 22:02:00
560,user_560@test.com,$2a$10$7zB3qQzEcbB7mU5eL2n9fO0xH98o2tYpM.2s5lR7wE.2F8u7y6X1.,서은우,010-5217-9934,1984-09-03,ROLE_USER,ACTIVE,2025-05-13 00:00:00,2025-05-13 00:00:00,2026-06-22 14:30:00
561,user_561@test.com,$2a$10$7zB3qQzEcbB7mU5eL2n9fO0xH98o2tYpM.2s5lR7wE.2F8u7y6X1.,홍하율,010-7667-5200,1999-11-13,ROLE_USER,ACTIVE,2025-03-11 00:00:00,2025-03-11 00:00:00,2026-06-18 12:52:00
562,user_562@test.com,$2a$10$7zB3qQzEcbB7mU5eL2n9fO0xH98o2tYpM.2s5lR7wE.2F8u7y6X1.,오서준,010-2733-6620,1974-02-18,ROLE_USER,ACTIVE,2024-04-15 00:00:00,2024-04-15 00:00:00,2026-06-28 12:42:00
563,user_563@test.com,$2a$10$7zB3qQzEcbB7mU5eL2n9fO0xH98o2tYpM.2s5lR7wE.2F8u7y6X1.,한주인,010-1241-2678,1998-03-11,ROLE_USER,ACTIVE,2024-09-13 00:00:00,2024-09-13 00:00:00,2026-07-01 16:47:00
564,user_564@test.com,$2a$10$7zB3qQzEcbB7mU5eL2n9fO0xH98o2tYpM.2s5lR7wE.2F8u7y6X1.,한하혁,010-3874-4674,2003-08-05,ROLE_USER,ACTIVE,2024-01-18 00:00:00,2024-01-18 00:00:00,2026-06-25 08:08:00
565,user_565@test.com,$2a$10$7zB3qQzEcbB7mU5eL2n9fO0xH98o2tYpM.2s5lR7wE.2F8u7y6X1.,오지우,010-6633-3753,2000-03-16,ROLE_USER,ACTIVE,2025-02-01 00:00:00,2025-02-01 00:00:00,2026-06-29 15:49:00
566,user_566@test.com,$2a$10$7zB3qQzEcbB7mU5eL2n9fO0xH98o2tYpM.2s5lR7wE.2F8u7y6X1.,최태혁,010-4630-5705,1979-04-03,ROLE_USER,ACTIVE,2024-01-19 00:00:00,2024-01-19 00:00:00,2026-06-19 09:46:00
567,user_567@test.com,$2a$10$7zB3qQzEcbB7mU5eL2n9fO0xH98o2tYpM.2s5lR7wE.2F8u7y6X1.,강승수,010-8194-6986,1994-04-18,ROLE_USER,ACTIVE,2025-11-18 00:00:00,2025-11-18 00:00:00,2026-06-22 20:37:00
568,user_568@test.com,$2a$10$7zB3qQzEcbB7mU5eL2n9fO0xH98o2tYpM.2s5lR7wE.2F8u7y6X1.,권서아,010-9338-5507,1978-08-15,ROLE_USER,ACTIVE,2026-01-21 00:00:00,2026-01-21 00:00:00,2026-06-21 14:01:00
569,user_569@test.com,$2a$10$7zB3qQzEcbB7mU5eL2n9fO0xH98o2tYpM.2s5lR7wE.2F8u7y6X1.,서태원,010-8214-5692,1982-12-10,ROLE_USER,ACTIVE,2026-01-11 00:00:00,2026-01-11 00:00:00,2026-06-19 22:48:00
570,user_570@test.com,$2a$10$7zB3qQzEcbB7mU5eL2n9fO0xH98o2tYpM.2s5lR7wE.2F8u7y6X1.,송현혁,010-9748-8154,1973-10-13,ROLE_USER,ACTIVE,2026-04-20 00:00:00,2026-04-20 00:00:00,2026-06-20 20:40:00
571,user_571@test.com,$2a$10$7zB3qQzEcbB7mU5eL2n9fO0xH98o2tYpM.2s5lR7wE.2F8u7y6X1.,신태혁,010-7562-3593,2002-08-04,ROLE_USER,ACTIVE,2024-12-28 00:00:00,2024-12-28 00:00:00,2026-06-22 17:08:00
572,user_572@test.com,$2a$10$7zB3qQzEcbB7mU5eL2n9fO0xH98o2tYpM.2s5lR7wE.2F8u7y6X1.,조승준,010-6335-4955,1975-08-16,ROLE_USER,ACTIVE,2025-12-28 00:00:00,2025-12-28 00:00:00,2026-07-02 20:52:00
573,user_573@test.com,$2a$10$7zB3qQzEcbB7mU5eL2n9fO0xH98o2tYpM.2s5lR7wE.2F8u7y6X1.,박민준,010-1523-8899,1970-09-03,ROLE_USER,ACTIVE,2026-05-02 00:00:00,2026-05-02 00:00:00,2026-06-22 21:44:00
574,user_574@test.com,$2a$10$7zB3qQzEcbB7mU5eL2n9fO0xH98o2tYpM.2s5lR7wE.2F8u7y6X1.,안지율,010-7694-4331,2004-04-04,ROLE_USER,ACTIVE,2024-01-12 00:00:00,2024-01-12 00:00:00,2026-06-18 15:40:00
575,user_575@test.com,$2a$10$7zB3qQzEcbB7mU5eL2n9fO0xH98o2tYpM.2s5lR7wE.2F8u7y6X1.,황시율,010-1780-4404,1974-10-18,ROLE_USER,ACTIVE,2026-02-14 00:00:00,2026-02-14 00:00:00,2026-06-23 22:11:00
576,user_576@test.com,$2a$10$7zB3qQzEcbB7mU5eL2n9fO0xH98o2tYpM.2s5lR7wE.2F8u7y6X1.,안서현,010-4258-4782,1990-01-24,ROLE_USER,ACTIVE,2025-11-02 00:00:00,2025-11-02 00:00:00,2026-06-26 17:43:00
577,user_577@test.com,$2a$10$7zB3qQzEcbB7mU5eL2n9fO0xH98o2tYpM.2s5lR7wE.2F8u7y6X1.,장시혁,010-7048-5343,1980-08-28,ROLE_USER,ACTIVE,2024-08-02 00:00:00,2024-08-02 00:00:00,2026-06-19 18:44:00
578,user_578@test.com,$2a$10$7zB3qQzEcbB7mU5eL2n9fO0xH98o2tYpM.2s5lR7wE.2F8u7y6X1.,강주빈,010-9098-3862,1988-05-16,ROLE_USER,ACTIVE,2024-01-24 00:00:00,2024-01-24 00:00:00,2026-06-18 12:18:00
579,user_579@test.com,$2a$10$7zB3qQzEcbB7mU5eL2n9fO0xH98o2tYpM.2s5lR7wE.2F8u7y6X1.,권서수,010-6108-1388,1998-11-24,ROLE_USER,ACTIVE,2025-12-03 00:00:00,2025-12-03 00:00:00,2026-06-26 14:59:00
580,user_580@test.com,$2a$10$7zB3qQzEcbB7mU5eL2n9fO0xH98o2tYpM.2s5lR7wE.2F8u7y6X1.,전태혁,010-3058-1094,1994-08-19,ROLE_USER,ACTIVE,2026-01-31 00:00:00,2026-01-31 00:00:00,2026-06-27 18:49:00
581,user_581@test.com,$2a$10$7zB3qQzEcbB7mU5eL2n9fO0xH98o2tYpM.2s5lR7wE.2F8u7y6X1.,신은빈,010-3708-4130,1977-04-16,ROLE_USER,ACTIVE,2024-08-25 00:00:00,2024-08-25 00:00:00,2026-06-20 15:24:00
582,user_582@test.com,$2a$10$7zB3qQzEcbB7mU5eL2n9fO0xH98o2tYpM.2s5lR7wE.2F8u7y6X1.,홍현준,010-9922-9066,1978-06-24,ROLE_USER,ACTIVE,2024-12-10 00:00:00,2024-12-10 00:00:00,2026-06-24 16:55:00
583,user_583@test.com,$2a$10$7zB3qQzEcbB7mU5eL2n9fO0xH98o2tYpM.2s5lR7wE.2F8u7y6X1.,홍서아,010-9196-2256,2001-10-01,ROLE_USER,ACTIVE,2024-11-10 00:00:00,2024-11-10 00:00:00,2026-06-23 10:05:00
584,user_584@test.com,$2a$10$7zB3qQzEcbB7mU5eL2n9fO0xH98o2tYpM.2s5lR7wE.2F8u7y6X1.,송서원,010-8116-8835,1995-04-11,ROLE_USER,ACTIVE,2025-04-27 00:00:00,2025-04-27 00:00:00,2026-06-24 09:02:00
585,user_585@test.com,$2a$10$7zB3qQzEcbB7mU5eL2n9fO0xH98o2tYpM.2s5lR7wE.2F8u7y6X1.,한태우,010-4273-4145,1994-03-06,ROLE_USER,ACTIVE,2024-01-16 00:00:00,2024-01-16 00:00:00,2026-06-30 13:26:00
586,user_586@test.com,$2a$10$7zB3qQzEcbB7mU5eL2n9fO0xH98o2tYpM.2s5lR7wE.2F8u7y6X1.,윤주아,010-4002-9865,2002-05-10,ROLE_USER,ACTIVE,2025-09-30 00:00:00,2025-09-30 00:00:00,2026-06-19 10:56:00
587,user_587@test.com,$2a$10$7zB3qQzEcbB7mU5eL2n9fO0xH98o2tYpM.2s5lR7wE.2F8u7y6X1.,최지원,010-3173-1956,1986-01-24,ROLE_USER,ACTIVE,2026-04-07 00:00:00,2026-04-07 00:00:00,2026-06-21 08:16:00
588,user_588@test.com,$2a$10$7zB3qQzEcbB7mU5eL2n9fO0xH98o2tYpM.2s5lR7wE.2F8u7y6X1.,박하아,010-9197-2928,1981-01-19,ROLE_USER,ACTIVE,2023-11-24 00:00:00,2023-11-24 00:00:00,2026-06-30 10:18:00
589,user_589@test.com,$2a$10$7zB3qQzEcbB7mU5eL2n9fO0xH98o2tYpM.2s5lR7wE.2F8u7y6X1.,신시수,010-9406-4378,1995-11-14,ROLE_USER,ACTIVE,2024-03-11 00:00:00,2024-03-11 00:00:00,2026-06-30 08:12:00
590,user_590@test.com,$2a$10$7zB3qQzEcbB7mU5eL2n9fO0xH98o2tYpM.2s5lR7wE.2F8u7y6X1.,장민현,010-4539-8791,2001-03-20,ROLE_USER,ACTIVE,2025-02-03 00:00:00,2025-02-03 00:00:00,2026-06-20 13:05:00
591,user_591@test.com,$2a$10$7zB3qQzEcbB7mU5eL2n9fO0xH98o2tYpM.2s5lR7wE.2F8u7y6X1.,송도빈,010-2840-5965,2001-07-22,ROLE_USER,ACTIVE,2025-11-07 00:00:00,2025-11-07 00:00:00,2026-06-24 19:41:00
592,user_592@test.com,$2a$10$7zB3qQzEcbB7mU5eL2n9fO0xH98o2tYpM.2s5lR7wE.2F8u7y6X1.,홍서빈,010-5760-6346,1994-08-19,ROLE_USER,ACTIVE,2024-11-15 00:00:00,2024-11-15 00:00:00,2026-06-26 09:39:00
593,user_593@test.com,$2a$10$7zB3qQzEcbB7mU5eL2n9fO0xH98o2tYpM.2s5lR7wE.2F8u7y6X1.,장은율,010-7988-6738,1970-09-24,ROLE_USER,ACTIVE,2024-08-22 00:00:00,2024-08-22 00:00:00,2026-06-19 11:50:00
594,user_594@test.com,$2a$10$7zB3qQzEcbB7mU5eL2n9fO0xH98o2tYpM.2s5lR7wE.2F8u7y6X1.,장민원,010-7605-9840,1991-02-19,ROLE_USER,ACTIVE,2024-02-01 00:00:00,2024-02-01 00:00:00,2026-06-27 12:48:00
595,user_595@test.com,$2a$10$7zB3qQzEcbB7mU5eL2n9fO0xH98o2tYpM.2s5lR7wE.2F8u7y6X1.,전현율,010-5131-1893,1992-11-26,ROLE_USER,ACTIVE,2026-04-05 00:00:00,2026-04-05 00:00:00,2026-06-29 22:56:00
596,user_596@test.com,$2a$10$7zB3qQzEcbB7mU5eL2n9fO0xH98o2tYpM.2s5lR7wE.2F8u7y6X1.,강하수,010-8763-3696,1973-08-12,ROLE_USER,ACTIVE,2025-10-23 00:00:00,2025-10-23 00:00:00,2026-06-24 10:55:00
597,user_597@test.com,$2a$10$7zB3qQzEcbB7mU5eL2n9fO0xH98o2tYpM.2s5lR7wE.2F8u7y6X1.,한민아,010-3862-6510,2000-12-22,ROLE_USER,ACTIVE,2024-12-24 00:00:00,2024-12-24 00:00:00,2026-07-02 17:15:00
598,user_598@test.com,$2a$10$7zB3qQzEcbB7mU5eL2n9fO0xH98o2tYpM.2s5lR7wE.2F8u7y6X1.,강주아,010-7108-5408,1977-11-06,ROLE_USER,ACTIVE,2024-12-07 00:00:00,2024-12-07 00:00:00,2026-06-16 22:18:00
599,user_599@test.com,$2a$10$7zB3qQzEcbB7mU5eL2n9fO0xH98o2tYpM.2s5lR7wE.2F8u7y6X1.,김현아,010-1218-8420,1993-06-21,ROLE_USER,ACTIVE,2024-12-04 00:00:00,2024-12-04 00:00:00,2026-07-01 17:20:00
600,user_600@test.com,$2a$10$7zB3qQzEcbB7mU5eL2n9fO0xH98o2tYpM.2s5lR7wE.2F8u7y6X1.,신주수,010-3433-4894,1978-06-09,ROLE_USER,ACTIVE,2025-07-10 00:00:00,2025-07-10 00:00:00,2026-06-09 17:24:00
601,user_601@test.com,$2a$10$7zB3qQzEcbB7mU5eL2n9fO0xH98o2tYpM.2s5lR7wE.2F8u7y6X1.,전민수,010-6232-2318,2001-09-07,ROLE_USER,ACTIVE,2024-12-06 00:00:00,2024-12-06 00:00:00,2026-06-29 14:12:00
602,user_602@test.com,$2a$10$7zB3qQzEcbB7mU5eL2n9fO0xH98o2tYpM.2s5lR7wE.2F8u7y6X1.,강승수,010-5897-1213,1970-07-14,ROLE_USER,ACTIVE,2024-08-20 00:00:00,2024-08-20 00:00:00,2026-07-01 17:44:00
603,user_603@test.com,$2a$10$7zB3qQzEcbB7mU5eL2n9fO0xH98o2tYpM.2s5lR7wE.2F8u7y6X1.,권태아,010-3782-2824,1972-08-07,ROLE_USER,ACTIVE,2024-02-23 00:00:00,2024-02-23 00:00:00,2026-06-18 15:24:00
604,user_604@test.com,$2a$10$7zB3qQzEcbB7mU5eL2n9fO0xH98o2tYpM.2s5lR7wE.2F8u7y6X1.,서서혁,010-6830-5975,2004-01-07,ROLE_USER,ACTIVE,2026-05-09 00:00:00,2026-05-09 00:00:00,2026-05-30 12:01:00
605,user_605@test.com,$2a$10$7zB3qQzEcbB7mU5eL2n9fO0xH98o2tYpM.2s5lR7wE.2F8u7y6X1.,홍예영,010-6453-1316,1981-10-03,ROLE_USER,ACTIVE,2023-12-08 00:00:00,2023-12-08 00:00:00,2026-06-23 18:53:00
606,user_606@test.com,$2a$10$7zB3qQzEcbB7mU5eL2n9fO0xH98o2tYpM.2s5lR7wE.2F8u7y6X1.,임서아,010-5444-3942,2003-05-18,ROLE_USER,ACTIVE,2024-06-04 00:00:00,2024-06-04 00:00:00,2026-06-26 20:08:00
607,user_607@test.com,$2a$10$7zB3qQzEcbB7mU5eL2n9fO0xH98o2tYpM.2s5lR7wE.2F8u7y6X1.,서민율,010-3191-3209,1984-06-23,ROLE_USER,ACTIVE,2026-03-06 00:00:00,2026-03-06 00:00:00,2026-06-21 21:37:00
608,user_608@test.com,$2a$10$7zB3qQzEcbB7mU5eL2n9fO0xH98o2tYpM.2s5lR7wE.2F8u7y6X1.,황도빈,010-7654-4102,1992-02-03,ROLE_USER,ACTIVE,2025-11-22 00:00:00,2025-11-22 00:00:00,2026-06-23 14:39:00
609,user_609@test.com,$2a$10$7zB3qQzEcbB7mU5eL2n9fO0xH98o2tYpM.2s5lR7wE.2F8u7y6X1.,오하혁,010-7417-1545,2004-12-02,ROLE_USER,ACTIVE,2024-07-15 00:00:00,2024-07-15 00:00:00,2026-06-24 15:00:00
610,user_610@test.com,$2a$10$7zB3qQzEcbB7mU5eL2n9fO0xH98o2tYpM.2s5lR7wE.2F8u7y6X1.,최주원,010-4136-2317,1986-04-11,ROLE_USER,ACTIVE,2024-03-08 00:00:00,2024-03-08 00:00:00,2026-06-26 15:10:00
611,user_611@test.com,$2a$10$7zB3qQzEcbB7mU5eL2n9fO0xH98o2tYpM.2s5lR7wE.2F8u7y6X1.,장예영,010-4292-2251,1974-01-18,ROLE_USER,ACTIVE,2024-04-04 00:00:00,2024-04-04 00:00:00,2026-06-25 20:56:00
612,user_612@test.com,$2a$10$7zB3qQzEcbB7mU5eL2n9fO0xH98o2tYpM.2s5lR7wE.2F8u7y6X1.,서서아,010-7911-6500,1998-11-19,ROLE_USER,ACTIVE,2025-06-10 00:00:00,2025-06-10 00:00:00,2026-05-19 08:33:00
613,user_613@test.com,$2a$10$7zB3qQzEcbB7mU5eL2n9fO0xH98o2tYpM.2s5lR7wE.2F8u7y6X1.,안예인,010-8745-8813,2001-06-11,ROLE_USER,ACTIVE,2023-11-27 00:00:00,2023-11-27 00:00:00,2026-07-02 16:59:00
614,user_614@test.com,$2a$10$7zB3qQzEcbB7mU5eL2n9fO0xH98o2tYpM.2s5lR7wE.2F8u7y6X1.,신하아,010-1706-7629,1975-07-23,ROLE_USER,ACTIVE,2026-02-09 00:00:00,2026-02-09 00:00:00,2026-06-28 13:04:00
615,user_615@test.com,$2a$10$7zB3qQzEcbB7mU5eL2n9fO0xH98o2tYpM.2s5lR7wE.2F8u7y6X1.,임시혁,010-8778-4180,2002-09-15,ROLE_USER,ACTIVE,2023-10-30 00:00:00,2023-10-30 00:00:00,2026-06-14 20:11:00
616,user_616@test.com,$2a$10$7zB3qQzEcbB7mU5eL2n9fO0xH98o2tYpM.2s5lR7wE.2F8u7y6X1.,안예혁,010-6210-8559,2000-11-15,ROLE_USER,ACTIVE,2024-11-01 00:00:00,2024-11-01 00:00:00,2026-06-21 12:57:00
617,user_617@test.com,$2a$10$7zB3qQzEcbB7mU5eL2n9fO0xH98o2tYpM.2s5lR7wE.2F8u7y6X1.,이하아,010-6601-6558,1999-01-13,ROLE_USER,ACTIVE,2026-04-23 00:00:00,2026-04-23 00:00:00,2026-06-24 16:46:00
618,user_618@test.com,$2a$10$7zB3qQzEcbB7mU5eL2n9fO0xH98o2tYpM.2s5lR7wE.2F8u7y6X1.,오승혁,010-4795-3730,1982-05-18,ROLE_USER,ACTIVE,2024-04-12 00:00:00,2024-04-12 00:00:00,2026-06-21 21:29:00
619,user_619@test.com,$2a$10$7zB3qQzEcbB7mU5eL2n9fO0xH98o2tYpM.2s5lR7wE.2F8u7y6X1.,박태원,010-7976-6961,1993-05-03,ROLE_USER,ACTIVE,2026-01-07 00:00:00,2026-01-07 00:00:00,2026-06-20 10:30:00
620,user_620@test.com,$2a$10$7zB3qQzEcbB7mU5eL2n9fO0xH98o2tYpM.2s5lR7wE.2F8u7y6X1.,오승아,010-7385-7569,1973-02-21,ROLE_USER,ACTIVE,2024-07-23 00:00:00,2024-07-23 00:00:00,2026-06-25 22:48:00
621,user_621@test.com,$2a$10$7zB3qQzEcbB7mU5eL2n9fO0xH98o2tYpM.2s5lR7wE.2F8u7y6X1.,이예아,010-8382-3448,2004-02-18,ROLE_USER,ACTIVE,2025-09-24 00:00:00,2025-09-24 00:00:00,2026-06-27 08:02:00
622,user_622@test.com,$2a$10$7zB3qQzEcbB7mU5eL2n9fO0xH98o2tYpM.2s5lR7wE.2F8u7y6X1.,윤서영,010-5547-7702,1990-05-13,ROLE_USER,ACTIVE,2023-10-28 00:00:00,2023-10-28 00:00:00,2026-06-28 08:25:00
623,user_623@test.com,$2a$10$7zB3qQzEcbB7mU5eL2n9fO0xH98o2tYpM.2s5lR7wE.2F8u7y6X1.,전현아,010-4911-8943,1995-11-10,ROLE_USER,ACTIVE,2024-01-06 00:00:00,2024-01-06 00:00:00,2026-06-24 13:21:00
624,user_624@test.com,$2a$10$7zB3qQzEcbB7mU5eL2n9fO0xH98o2tYpM.2s5lR7wE.2F8u7y6X1.,안현율,010-4684-4714,2004-04-17,ROLE_USER,ACTIVE,2025-11-03 00:00:00,2025-11-03 00:00:00,2026-06-24 18:05:00
625,user_625@test.com,$2a$10$7zB3qQzEcbB7mU5eL2n9fO0xH98o2tYpM.2s5lR7wE.2F8u7y6X1.,오도빈,010-6319-3696,1985-11-05,ROLE_USER,ACTIVE,2024-07-23 00:00:00,2024-07-23 00:00:00,2026-06-28 16:51:00
626,user_626@test.com,$2a$10$7zB3qQzEcbB7mU5eL2n9fO0xH98o2tYpM.2s5lR7wE.2F8u7y6X1.,서승영,010-6273-4401,1981-12-01,ROLE_USER,ACTIVE,2025-03-08 00:00:00,2025-03-08 00:00:00,2026-07-01 12:31:00
627,user_627@test.com,$2a$10$7zB3qQzEcbB7mU5eL2n9fO0xH98o2tYpM.2s5lR7wE.2F8u7y6X1.,박민현,010-1348-1351,1998-12-25,ROLE_USER,ACTIVE,2025-09-29 00:00:00,2025-09-29 00:00:00,2026-05-10 10:54:00
628,user_628@test.com,$2a$10$7zB3qQzEcbB7mU5eL2n9fO0xH98o2tYpM.2s5lR7wE.2F8u7y6X1.,김현아,010-7850-7540,1975-01-02,ROLE_USER,ACTIVE,2023-10-11 00:00:00,2023-10-11 00:00:00,2026-04-06 14:54:00
629,user_629@test.com,$2a$10$7zB3qQzEcbB7mU5eL2n9fO0xH98o2tYpM.2s5lR7wE.2F8u7y6X1.,안태빈,010-7652-5207,1999-09-01,ROLE_USER,ACTIVE,2025-06-23 00:00:00,2025-06-23 00:00:00,2026-06-19 12:44:00
630,user_630@test.com,$2a$10$7zB3qQzEcbB7mU5eL2n9fO0xH98o2tYpM.2s5lR7wE.2F8u7y6X1.,황태수,010-7782-6663,1974-07-05,ROLE_USER,ACTIVE,2025-11-27 00:00:00,2025-11-27 00:00:00,2026-06-20 08:09:00
631,user_631@test.com,$2a$10$7zB3qQzEcbB7mU5eL2n9fO0xH98o2tYpM.2s5lR7wE.2F8u7y6X1.,이서아,010-3180-2907,1988-03-12,ROLE_USER,ACTIVE,2025-08-29 00:00:00,2025-08-29 00:00:00,2026-06-24 13:12:00
632,user_632@test.com,$2a$10$7zB3qQzEcbB7mU5eL2n9fO0xH98o2tYpM.2s5lR7wE.2F8u7y6X1.,전지수,010-2196-8602,1982-08-11,ROLE_USER,ACTIVE,2025-12-23 00:00:00,2025-12-23 00:00:00,2026-06-22 21:25:00
633,user_633@test.com,$2a$10$7zB3qQzEcbB7mU5eL2n9fO0xH98o2tYpM.2s5lR7wE.2F8u7y6X1.,강도아,010-4111-4483,1995-02-13,ROLE_USER,ACTIVE,2024-02-03 00:00:00,2024-02-03 00:00:00,2026-06-30 16:01:00
634,user_634@test.com,$2a$10$7zB3qQzEcbB7mU5eL2n9fO0xH98o2tYpM.2s5lR7wE.2F8u7y6X1.,이서수,010-8552-5811,1973-08-22,ROLE_USER,ACTIVE,2023-12-28 00:00:00,2023-12-28 00:00:00,2026-06-24 12:25:00
635,user_635@test.com,$2a$10$7zB3qQzEcbB7mU5eL2n9fO0xH98o2tYpM.2s5lR7wE.2F8u7y6X1.,송승혁,010-2918-8985,2004-04-10,ROLE_USER,ACTIVE,2024-05-09 00:00:00,2024-05-09 00:00:00,2026-06-24 19:20:00
636,user_636@test.com,$2a$10$7zB3qQzEcbB7mU5eL2n9fO0xH98o2tYpM.2s5lR7wE.2F8u7y6X1.,조서아,010-4357-4647,1999-09-25,ROLE_USER,ACTIVE,2024-07-04 00:00:00,2024-07-04 00:00:00,2026-06-18 09:54:00
637,user_637@test.com,$2a$10$7zB3qQzEcbB7mU5eL2n9fO0xH98o2tYpM.2s5lR7wE.2F8u7y6X1.,황승아,010-2688-9028,1984-05-20,ROLE_USER,ACTIVE,2024-03-06 00:00:00,2024-03-06 00:00:00,2026-06-28 12:04:00
638,user_638@test.com,$2a$10$7zB3qQzEcbB7mU5eL2n9fO0xH98o2tYpM.2s5lR7wE.2F8u7y6X1.,권예우,010-5885-2744,1971-11-08,ROLE_USER,ACTIVE,2023-11-28 00:00:00,2023-11-28 00:00:00,2026-07-01 14:17:00
639,user_639@test.com,$2a$10$7zB3qQzEcbB7mU5eL2n9fO0xH98o2tYpM.2s5lR7wE.2F8u7y6X1.,안시현,010-4063-4106,1996-12-13,ROLE_USER,ACTIVE,2026-05-10 00:00:00,2026-05-10 00:00:00,2026-05-17 17:45:00
640,user_640@test.com,$2a$10$7zB3qQzEcbB7mU5eL2n9fO0xH98o2tYpM.2s5lR7wE.2F8u7y6X1.,권하영,010-1526-3610,1982-11-05,ROLE_USER,ACTIVE,2025-09-30 00:00:00,2025-09-30 00:00:00,2026-06-22 20:33:00
641,user_641@test.com,$2a$10$7zB3qQzEcbB7mU5eL2n9fO0xH98o2tYpM.2s5lR7wE.2F8u7y6X1.,오예아,010-1275-2114,1996-04-12,ROLE_USER,ACTIVE,2026-04-23 00:00:00,2026-04-23 00:00:00,2026-06-18 10:04:00
642,user_642@test.com,$2a$10$7zB3qQzEcbB7mU5eL2n9fO0xH98o2tYpM.2s5lR7wE.2F8u7y6X1.,전태현,010-6701-3116,1975-05-22,ROLE_USER,ACTIVE,2024-10-21 00:00:00,2024-10-21 00:00:00,2026-07-02 13:12:00
643,user_643@test.com,$2a$10$7zB3qQzEcbB7mU5eL2n9fO0xH98o2tYpM.2s5lR7wE.2F8u7y6X1.,박은영,010-6976-5449,1993-04-01,ROLE_USER,ACTIVE,2024-11-19 00:00:00,2024-11-19 00:00:00,2026-06-24 17:46:00
644,user_644@test.com,$2a$10$7zB3qQzEcbB7mU5eL2n9fO0xH98o2tYpM.2s5lR7wE.2F8u7y6X1.,홍도혁,010-6911-2642,1973-06-26,ROLE_USER,ACTIVE,2025-09-20 00:00:00,2025-09-20 00:00:00,2026-07-01 12:20:00
645,user_645@test.com,$2a$10$7zB3qQzEcbB7mU5eL2n9fO0xH98o2tYpM.2s5lR7wE.2F8u7y6X1.,이시인,010-9263-9933,1974-01-05,ROLE_USER,ACTIVE,2024-07-05 00:00:00,2024-07-05 00:00:00,2026-05-20 18:30:00
646,user_646@test.com,$2a$10$7zB3qQzEcbB7mU5eL2n9fO0xH98o2tYpM.2s5lR7wE.2F8u7y6X1.,신민혁,010-3153-2092,1998-02-08,ROLE_USER,ACTIVE,2025-07-20 00:00:00,2025-07-20 00:00:00,2026-06-26 10:58:00
647,user_647@test.com,$2a$10$7zB3qQzEcbB7mU5eL2n9fO0xH98o2tYpM.2s5lR7wE.2F8u7y6X1.,신하수,010-8725-6794,1970-01-10,ROLE_USER,ACTIVE,2025-02-24 00:00:00,2025-02-24 00:00:00,2026-06-27 10:05:00
648,user_648@test.com,$2a$10$7zB3qQzEcbB7mU5eL2n9fO0xH98o2tYpM.2s5lR7wE.2F8u7y6X1.,송승원,010-5908-3872,1973-09-10,ROLE_USER,ACTIVE,2024-01-15 00:00:00,2024-01-15 00:00:00,2026-07-01 13:43:00
649,user_649@test.com,$2a$10$7zB3qQzEcbB7mU5eL2n9fO0xH98o2tYpM.2s5lR7wE.2F8u7y6X1.,서지아,010-3709-1903,1997-12-17,ROLE_USER,ACTIVE,2024-01-08 00:00:00,2024-01-08 00:00:00,2026-06-18 19:41:00
650,user_650@test.com,$2a$10$7zB3qQzEcbB7mU5eL2n9fO0xH98o2tYpM.2s5lR7wE.2F8u7y6X1.,최주우,010-1289-6688,1987-05-26,ROLE_USER,ACTIVE,2025-10-25 00:00:00,2025-10-25 00:00:00,2026-06-27 21:24:00
651,user_651@test.com,$2a$10$7zB3qQzEcbB7mU5eL2n9fO0xH98o2tYpM.2s5lR7wE.2F8u7y6X1.,정은인,010-7741-1539,1983-10-24,ROLE_USER,ACTIVE,2025-06-11 00:00:00,2025-06-11 00:00:00,2026-06-21 15:00:00
652,user_652@test.com,$2a$10$7zB3qQzEcbB7mU5eL2n9fO0xH98o2tYpM.2s5lR7wE.2F8u7y6X1.,황지율,010-4937-6479,1986-11-17,ROLE_USER,ACTIVE,2025-04-04 00:00:00,2025-04-04 00:00:00,2026-06-23 20:33:00
653,user_653@test.com,$2a$10$7zB3qQzEcbB7mU5eL2n9fO0xH98o2tYpM.2s5lR7wE.2F8u7y6X1.,전시아,010-6468-2353,1982-09-21,ROLE_USER,ACTIVE,2025-02-26 00:00:00,2025-02-26 00:00:00,2026-06-22 15:56:00
654,user_654@test.com,$2a$10$7zB3qQzEcbB7mU5eL2n9fO0xH98o2tYpM.2s5lR7wE.2F8u7y6X1.,권주준,010-1652-6016,1978-01-10,ROLE_USER,ACTIVE,2026-03-17 00:00:00,2026-03-17 00:00:00,2026-06-28 16:12:00
655,user_655@test.com,$2a$10$7zB3qQzEcbB7mU5eL2n9fO0xH98o2tYpM.2s5lR7wE.2F8u7y6X1.,서지수,010-5074-3786,1970-11-15,ROLE_USER,ACTIVE,2026-04-12 00:00:00,2026-04-12 00:00:00,2026-06-27 13:21:00
656,user_656@test.com,$2a$10$7zB3qQzEcbB7mU5eL2n9fO0xH98o2tYpM.2s5lR7wE.2F8u7y6X1.,임현빈,010-4837-3555,2004-03-15,ROLE_USER,ACTIVE,2026-04-17 00:00:00,2026-04-17 00:00:00,2026-07-01 19:52:00
657,user_657@test.com,$2a$10$7zB3qQzEcbB7mU5eL2n9fO0xH98o2tYpM.2s5lR7wE.2F8u7y6X1.,이승인,010-5982-9675,1980-03-11,ROLE_USER,ACTIVE,2025-03-20 00:00:00,2025-03-20 00:00:00,2026-07-01 11:29:00
658,user_658@test.com,$2a$10$7zB3qQzEcbB7mU5eL2n9fO0xH98o2tYpM.2s5lR7wE.2F8u7y6X1.,김서혁,010-7731-5204,1978-04-28,ROLE_USER,ACTIVE,2023-12-16 00:00:00,2023-12-16 00:00:00,2026-06-22 14:30:00
659,user_659@test.com,$2a$10$7zB3qQzEcbB7mU5eL2n9fO0xH98o2tYpM.2s5lR7wE.2F8u7y6X1.,이은원,010-5835-2394,1971-04-17,ROLE_USER,ACTIVE,2025-06-07 00:00:00,2025-06-07 00:00:00,2026-06-19 16:20:00
660,user_660@test.com,$2a$10$7zB3qQzEcbB7mU5eL2n9fO0xH98o2tYpM.2s5lR7wE.2F8u7y6X1.,전주우,010-1714-2981,1980-01-07,ROLE_USER,ACTIVE,2023-10-22 00:00:00,2023-10-22 00:00:00,2026-06-28 19:59:00
661,user_661@test.com,$2a$10$7zB3qQzEcbB7mU5eL2n9fO0xH98o2tYpM.2s5lR7wE.2F8u7y6X1.,조민원,010-1708-9837,1987-05-07,ROLE_USER,ACTIVE,2024-05-29 00:00:00,2024-05-29 00:00:00,2026-06-23 08:52:00
662,user_662@test.com,$2a$10$7zB3qQzEcbB7mU5eL2n9fO0xH98o2tYpM.2s5lR7wE.2F8u7y6X1.,전승율,010-1323-1898,1985-05-02,ROLE_USER,ACTIVE,2025-06-11 00:00:00,2025-06-11 00:00:00,2026-06-19 19:33:00
663,user_663@test.com,$2a$10$7zB3qQzEcbB7mU5eL2n9fO0xH98o2tYpM.2s5lR7wE.2F8u7y6X1.,안승원,010-6363-9542,1995-09-10,ROLE_USER,ACTIVE,2025-07-20 00:00:00,2025-07-20 00:00:00,2026-06-27 18:19:00
664,user_664@test.com,$2a$10$7zB3qQzEcbB7mU5eL2n9fO0xH98o2tYpM.2s5lR7wE.2F8u7y6X1.,권주영,010-9561-6761,1980-06-06,ROLE_USER,ACTIVE,2023-12-30 00:00:00,2023-12-30 00:00:00,2026-06-19 15:21:00
665,user_665@test.com,$2a$10$7zB3qQzEcbB7mU5eL2n9fO0xH98o2tYpM.2s5lR7wE.2F8u7y6X1.,정은아,010-9097-9088,1997-05-10,ROLE_USER,ACTIVE,2025-09-24 00:00:00,2025-09-24 00:00:00,2026-06-28 13:01:00
666,user_666@test.com,$2a$10$7zB3qQzEcbB7mU5eL2n9fO0xH98o2tYpM.2s5lR7wE.2F8u7y6X1.,오지율,010-7681-8229,1983-03-26,ROLE_USER,ACTIVE,2025-01-24 00:00:00,2025-01-24 00:00:00,2026-06-22 12:39:00
667,user_667@test.com,$2a$10$7zB3qQzEcbB7mU5eL2n9fO0xH98o2tYpM.2s5lR7wE.2F8u7y6X1.,강서영,010-7314-1950,1978-03-25,ROLE_USER,ACTIVE,2023-11-27 00:00:00,2023-11-27 00:00:00,2026-06-23 17:57:00
668,user_668@test.com,$2a$10$7zB3qQzEcbB7mU5eL2n9fO0xH98o2tYpM.2s5lR7wE.2F8u7y6X1.,최도현,010-9970-8374,1981-04-17,ROLE_USER,ACTIVE,2023-11-25 00:00:00,2023-11-25 00:00:00,2026-06-23 09:44:00
669,user_669@test.com,$2a$10$7zB3qQzEcbB7mU5eL2n9fO0xH98o2tYpM.2s5lR7wE.2F8u7y6X1.,윤시원,010-8479-9171,1981-12-01,ROLE_USER,ACTIVE,2025-10-24 00:00:00,2025-10-24 00:00:00,2026-06-28 15:39:00
670,user_670@test.com,$2a$10$7zB3qQzEcbB7mU5eL2n9fO0xH98o2tYpM.2s5lR7wE.2F8u7y6X1.,이도현,010-5020-9476,1977-03-09,ROLE_USER,ACTIVE,2025-05-06 00:00:00,2025-05-06 00:00:00,2026-07-01 14:45:00
671,user_671@test.com,$2a$10$7zB3qQzEcbB7mU5eL2n9fO0xH98o2tYpM.2s5lR7wE.2F8u7y6X1.,윤서수,010-6536-6754,1994-03-25,ROLE_USER,ACTIVE,2024-07-08 00:00:00,2024-07-08 00:00:00,2026-06-26 11:13:00
672,user_672@test.com,$2a$10$7zB3qQzEcbB7mU5eL2n9fO0xH98o2tYpM.2s5lR7wE.2F8u7y6X1.,임주수,010-8073-4566,1999-04-21,ROLE_USER,ACTIVE,2024-11-18 00:00:00,2024-11-18 00:00:00,2026-05-30 08:55:00
673,user_673@test.com,$2a$10$7zB3qQzEcbB7mU5eL2n9fO0xH98o2tYpM.2s5lR7wE.2F8u7y6X1.,오하아,010-8438-8063,1997-06-18,ROLE_USER,ACTIVE,2026-05-21 00:00:00,2026-05-21 00:00:00,2026-06-03 13:19:00
674,user_674@test.com,$2a$10$7zB3qQzEcbB7mU5eL2n9fO0xH98o2tYpM.2s5lR7wE.2F8u7y6X1.,박예아,010-9017-4589,1994-10-19,ROLE_USER,ACTIVE,2025-10-05 00:00:00,2025-10-05 00:00:00,2026-06-30 18:01:00
675,user_675@test.com,$2a$10$7zB3qQzEcbB7mU5eL2n9fO0xH98o2tYpM.2s5lR7wE.2F8u7y6X1.,안예빈,010-2685-5396,1985-12-16,ROLE_USER,ACTIVE,2023-10-17 00:00:00,2023-10-17 00:00:00,2026-06-21 18:49:00
676,user_676@test.com,$2a$10$7zB3qQzEcbB7mU5eL2n9fO0xH98o2tYpM.2s5lR7wE.2F8u7y6X1.,정은빈,010-4267-7688,1989-11-28,ROLE_USER,ACTIVE,2025-11-14 00:00:00,2025-11-14 00:00:00,2026-06-30 16:29:00
677,user_677@test.com,$2a$10$7zB3qQzEcbB7mU5eL2n9fO0xH98o2tYpM.2s5lR7wE.2F8u7y6X1.,권예준,010-6191-7485,1977-10-01,ROLE_USER,ACTIVE,2025-08-06 00:00:00,2025-08-06 00:00:00,2026-06-18 09:06:00
678,user_678@test.com,$2a$10$7zB3qQzEcbB7mU5eL2n9fO0xH98o2tYpM.2s5lR7wE.2F8u7y6X1.,최민수,010-5899-9929,1992-06-12,ROLE_USER,ACTIVE,2026-05-02 00:00:00,2026-05-02 00:00:00,2026-06-25 09:35:00
679,user_679@test.com,$2a$10$7zB3qQzEcbB7mU5eL2n9fO0xH98o2tYpM.2s5lR7wE.2F8u7y6X1.,서서우,010-7098-9646,1995-10-28,ROLE_USER,ACTIVE,2023-12-30 00:00:00,2023-12-30 00:00:00,2026-06-07 17:01:00
680,user_680@test.com,$2a$10$7zB3qQzEcbB7mU5eL2n9fO0xH98o2tYpM.2s5lR7wE.2F8u7y6X1.,안주아,010-8474-1128,2001-02-24,ROLE_USER,ACTIVE,2024-10-22 00:00:00,2024-10-22 00:00:00,2026-06-28 21:05:00
681,user_681@test.com,$2a$10$7zB3qQzEcbB7mU5eL2n9fO0xH98o2tYpM.2s5lR7wE.2F8u7y6X1.,조시우,010-6834-7651,1981-07-17,ROLE_USER,ACTIVE,2023-11-03 00:00:00,2023-11-03 00:00:00,2026-06-24 10:41:00
682,user_682@test.com,$2a$10$7zB3qQzEcbB7mU5eL2n9fO0xH98o2tYpM.2s5lR7wE.2F8u7y6X1.,이예아,010-2133-2581,1981-01-13,ROLE_USER,ACTIVE,2026-05-04 00:00:00,2026-05-04 00:00:00,2026-06-24 14:39:00
683,user_683@test.com,$2a$10$7zB3qQzEcbB7mU5eL2n9fO0xH98o2tYpM.2s5lR7wE.2F8u7y6X1.,김예혁,010-5043-6467,2000-07-20,ROLE_USER,ACTIVE,2025-08-05 00:00:00,2025-08-05 00:00:00,2026-06-29 20:09:00
684,user_684@test.com,$2a$10$7zB3qQzEcbB7mU5eL2n9fO0xH98o2tYpM.2s5lR7wE.2F8u7y6X1.,박은혁,010-8331-2369,1978-12-25,ROLE_USER,ACTIVE,2024-09-17 00:00:00,2024-09-17 00:00:00,2026-06-24 17:46:00
685,user_685@test.com,$2a$10$7zB3qQzEcbB7mU5eL2n9fO0xH98o2tYpM.2s5lR7wE.2F8u7y6X1.,강주율,010-2726-1527,1978-11-08,ROLE_USER,ACTIVE,2024-02-12 00:00:00,2024-02-12 00:00:00,2026-06-27 21:44:00
686,user_686@test.com,$2a$10$7zB3qQzEcbB7mU5eL2n9fO0xH98o2tYpM.2s5lR7wE.2F8u7y6X1.,권예현,010-3295-2973,1985-03-11,ROLE_USER,ACTIVE,2024-11-14 00:00:00,2024-11-14 00:00:00,2026-05-30 10:15:00
687,user_687@test.com,$2a$10$7zB3qQzEcbB7mU5eL2n9fO0xH98o2tYpM.2s5lR7wE.2F8u7y6X1.,임하현,010-2006-6318,1972-04-28,ROLE_USER,ACTIVE,2024-01-09 00:00:00,2024-01-09 00:00:00,2026-06-23 14:45:00
688,user_688@test.com,$2a$10$7zB3qQzEcbB7mU5eL2n9fO0xH98o2tYpM.2s5lR7wE.2F8u7y6X1.,정서율,010-1940-5584,1983-02-15,ROLE_USER,ACTIVE,2025-08-19 00:00:00,2025-08-19 00:00:00,2026-06-30 21:25:00
689,user_689@test.com,$2a$10$7zB3qQzEcbB7mU5eL2n9fO0xH98o2tYpM.2s5lR7wE.2F8u7y6X1.,서태수,010-1264-2091,1974-02-17,ROLE_USER,ACTIVE,2024-05-03 00:00:00,2024-05-03 00:00:00,2026-06-28 17:34:00
690,user_690@test.com,$2a$10$7zB3qQzEcbB7mU5eL2n9fO0xH98o2tYpM.2s5lR7wE.2F8u7y6X1.,김시원,010-5930-5836,2004-04-12,ROLE_USER,ACTIVE,2025-08-22 00:00:00,2025-08-22 00:00:00,2026-06-20 13:39:00
691,user_691@test.com,$2a$10$7zB3qQzEcbB7mU5eL2n9fO0xH98o2tYpM.2s5lR7wE.2F8u7y6X1.,윤서아,010-6882-5789,1976-09-04,ROLE_USER,ACTIVE,2025-06-19 00:00:00,2025-06-19 00:00:00,2026-06-30 22:28:00
692,user_692@test.com,$2a$10$7zB3qQzEcbB7mU5eL2n9fO0xH98o2tYpM.2s5lR7wE.2F8u7y6X1.,최현원,010-1350-6603,2001-04-09,ROLE_USER,ACTIVE,2025-08-20 00:00:00,2025-08-20 00:00:00,2026-06-30 12:44:00
693,user_693@test.com,$2a$10$7zB3qQzEcbB7mU5eL2n9fO0xH98o2tYpM.2s5lR7wE.2F8u7y6X1.,황서아,010-7301-3128,1998-07-09,ROLE_USER,ACTIVE,2025-06-17 00:00:00,2025-06-17 00:00:00,2026-06-24 18:37:00
694,user_694@test.com,$2a$10$7zB3qQzEcbB7mU5eL2n9fO0xH98o2tYpM.2s5lR7wE.2F8u7y6X1.,최현우,010-5842-6456,1982-07-18,ROLE_USER,ACTIVE,2026-04-06 00:00:00,2026-04-06 00:00:00,2026-06-20 22:59:00
695,user_695@test.com,$2a$10$7zB3qQzEcbB7mU5eL2n9fO0xH98o2tYpM.2s5lR7wE.2F8u7y6X1.,김주아,010-1369-8219,1988-09-21,ROLE_USER,ACTIVE,2025-04-16 00:00:00,2025-04-16 00:00:00,2026-06-30 20:34:00
696,user_696@test.com,$2a$10$7zB3qQzEcbB7mU5eL2n9fO0xH98o2tYpM.2s5lR7wE.2F8u7y6X1.,장예빈,010-5936-1887,1992-11-17,ROLE_USER,ACTIVE,2024-01-28 00:00:00,2024-01-28 00:00:00,2026-06-20 10:08:00
697,user_697@test.com,$2a$10$7zB3qQzEcbB7mU5eL2n9fO0xH98o2tYpM.2s5lR7wE.2F8u7y6X1.,서시준,010-3123-2569,1998-12-16,ROLE_USER,ACTIVE,2026-01-14 00:00:00,2026-01-14 00:00:00,2026-06-27 16:03:00
698,user_698@test.com,$2a$10$7zB3qQzEcbB7mU5eL2n9fO0xH98o2tYpM.2s5lR7wE.2F8u7y6X1.,한지수,010-4144-5648,1997-08-05,ROLE_USER,ACTIVE,2024-04-05 00:00:00,2024-04-05 00:00:00,2026-06-23 12:57:00
699,user_699@test.com,$2a$10$7zB3qQzEcbB7mU5eL2n9fO0xH98o2tYpM.2s5lR7wE.2F8u7y6X1.,전민영,010-8209-9008,1992-02-23,ROLE_USER,ACTIVE,2024-12-12 00:00:00,2024-12-12 00:00:00,2026-06-30 12:41:00
700,user_700@test.com,$2a$10$7zB3qQzEcbB7mU5eL2n9fO0xH98o2tYpM.2s5lR7wE.2F8u7y6X1.,김하인,010-1243-7813,1974-12-27,ROLE_USER,ACTIVE,2024-05-29 00:00:00,2024-05-29 00:00:00,2026-06-29 11:46:00
701,user_701@test.com,$2a$10$7zB3qQzEcbB7mU5eL2n9fO0xH98o2tYpM.2s5lR7wE.2F8u7y6X1.,황서준,010-9500-5197,1988-04-27,ROLE_USER,ACTIVE,2026-01-17 00:00:00,2026-01-17 00:00:00,2026-06-25 10:21:00
702,user_702@test.com,$2a$10$7zB3qQzEcbB7mU5eL2n9fO0xH98o2tYpM.2s5lR7wE.2F8u7y6X1.,윤주인,010-6531-4452,1992-05-06,ROLE_USER,ACTIVE,2024-01-15 00:00:00,2024-01-15 00:00:00,2026-06-29 19:16:00
703,user_703@test.com,$2a$10$7zB3qQzEcbB7mU5eL2n9fO0xH98o2tYpM.2s5lR7wE.2F8u7y6X1.,안승빈,010-9350-4175,1999-03-10,ROLE_USER,ACTIVE,2025-12-05 00:00:00,2025-12-05 00:00:00,2026-06-25 10:10:00
704,user_704@test.com,$2a$10$7zB3qQzEcbB7mU5eL2n9fO0xH98o2tYpM.2s5lR7wE.2F8u7y6X1.,강지수,010-8306-5285,1984-06-01,ROLE_USER,ACTIVE,2025-07-11 00:00:00,2025-07-11 00:00:00,2026-06-28 18:25:00
705,user_705@test.com,$2a$10$7zB3qQzEcbB7mU5eL2n9fO0xH98o2tYpM.2s5lR7wE.2F8u7y6X1.,안도수,010-2813-4599,1970-04-08,ROLE_USER,ACTIVE,2024-02-04 00:00:00,2024-02-04 00:00:00,2026-07-01 22:30:00
706,user_706@test.com,$2a$10$7zB3qQzEcbB7mU5eL2n9fO0xH98o2tYpM.2s5lR7wE.2F8u7y6X1.,황태원,010-3300-3664,1991-09-16,ROLE_USER,ACTIVE,2026-05-21 00:00:00,2026-05-21 00:00:00,2026-04-08 10:50:00
707,user_707@test.com,$2a$10$7zB3qQzEcbB7mU5eL2n9fO0xH98o2tYpM.2s5lR7wE.2F8u7y6X1.,이태혁,010-1200-3462,1980-12-02,ROLE_USER,ACTIVE,2025-09-30 00:00:00,2025-09-30 00:00:00,2026-06-27 11:42:00
708,user_708@test.com,$2a$10$7zB3qQzEcbB7mU5eL2n9fO0xH98o2tYpM.2s5lR7wE.2F8u7y6X1.,윤시빈,010-8840-4453,1978-01-07,ROLE_USER,ACTIVE,2025-01-18 00:00:00,2025-01-18 00:00:00,2026-06-26 16:19:00
709,user_709@test.com,$2a$10$7zB3qQzEcbB7mU5eL2n9fO0xH98o2tYpM.2s5lR7wE.2F8u7y6X1.,이민아,010-2588-6142,1983-06-27,ROLE_USER,ACTIVE,2024-08-21 00:00:00,2024-08-21 00:00:00,2026-06-22 18:46:00
710,user_710@test.com,$2a$10$7zB3qQzEcbB7mU5eL2n9fO0xH98o2tYpM.2s5lR7wE.2F8u7y6X1.,서승영,010-5584-4092,1985-09-07,ROLE_USER,ACTIVE,2025-05-12 00:00:00,2025-05-12 00:00:00,2026-06-23 14:55:00
711,user_711@test.com,$2a$10$7zB3qQzEcbB7mU5eL2n9fO0xH98o2tYpM.2s5lR7wE.2F8u7y6X1.,홍도현,010-2161-8858,2002-07-24,ROLE_USER,ACTIVE,2026-01-15 00:00:00,2026-01-15 00:00:00,2026-06-25 16:44:00
712,user_712@test.com,$2a$10$7zB3qQzEcbB7mU5eL2n9fO0xH98o2tYpM.2s5lR7wE.2F8u7y6X1.,임도원,010-6255-5057,1977-04-23,ROLE_USER,ACTIVE,2025-09-03 00:00:00,2025-09-03 00:00:00,2026-07-01 19:10:00
713,user_713@test.com,$2a$10$7zB3qQzEcbB7mU5eL2n9fO0xH98o2tYpM.2s5lR7wE.2F8u7y6X1.,조주원,010-6105-3558,1994-08-16,ROLE_USER,ACTIVE,2024-08-15 00:00:00,2024-08-15 00:00:00,2026-06-28 16:13:00
714,user_714@test.com,$2a$10$7zB3qQzEcbB7mU5eL2n9fO0xH98o2tYpM.2s5lR7wE.2F8u7y6X1.,안시영,010-2782-7513,2002-11-18,ROLE_USER,ACTIVE,2025-06-09 00:00:00,2025-06-09 00:00:00,2026-07-01 14:25:00
715,user_715@test.com,$2a$10$7zB3qQzEcbB7mU5eL2n9fO0xH98o2tYpM.2s5lR7wE.2F8u7y6X1.,안민현,010-2338-2595,1985-05-06,ROLE_USER,ACTIVE,2024-12-17 00:00:00,2024-12-17 00:00:00,2026-06-25 13:16:00
716,user_716@test.com,$2a$10$7zB3qQzEcbB7mU5eL2n9fO0xH98o2tYpM.2s5lR7wE.2F8u7y6X1.,강도현,010-8608-8476,1977-07-17,ROLE_USER,ACTIVE,2025-10-19 00:00:00,2025-10-19 00:00:00,2026-07-01 08:48:00
717,user_717@test.com,$2a$10$7zB3qQzEcbB7mU5eL2n9fO0xH98o2tYpM.2s5lR7wE.2F8u7y6X1.,최서아,010-5270-1517,1986-11-19,ROLE_USER,ACTIVE,2025-05-20 00:00:00,2025-05-20 00:00:00,2026-06-30 21:27:00
718,user_718@test.com,$2a$10$7zB3qQzEcbB7mU5eL2n9fO0xH98o2tYpM.2s5lR7wE.2F8u7y6X1.,오서아,010-7947-8904,1987-08-13,ROLE_USER,ACTIVE,2025-05-03 00:00:00,2025-05-03 00:00:00,2026-04-26 18:40:00
719,user_719@test.com,$2a$10$7zB3qQzEcbB7mU5eL2n9fO0xH98o2tYpM.2s5lR7wE.2F8u7y6X1.,권예인,010-6708-2660,1987-10-01,ROLE_USER,ACTIVE,2024-02-22 00:00:00,2024-02-22 00:00:00,2026-06-24 11:32:00
720,user_720@test.com,$2a$10$7zB3qQzEcbB7mU5eL2n9fO0xH98o2tYpM.2s5lR7wE.2F8u7y6X1.,강은인,010-4621-5947,1986-06-14,ROLE_USER,ACTIVE,2024-01-13 00:00:00,2024-01-13 00:00:00,2026-06-28 18:38:00
721,user_721@test.com,$2a$10$7zB3qQzEcbB7mU5eL2n9fO0xH98o2tYpM.2s5lR7wE.2F8u7y6X1.,한태빈,010-3515-3537,1997-06-04,ROLE_USER,ACTIVE,2026-02-16 00:00:00,2026-02-16 00:00:00,2026-06-24 19:56:00
722,user_722@test.com,$2a$10$7zB3qQzEcbB7mU5eL2n9fO0xH98o2tYpM.2s5lR7wE.2F8u7y6X1.,임주영,010-1595-6605,1973-10-27,ROLE_USER,ACTIVE,2024-10-21 00:00:00,2024-10-21 00:00:00,2026-06-21 17:27:00
723,user_723@test.com,$2a$10$7zB3qQzEcbB7mU5eL2n9fO0xH98o2tYpM.2s5lR7wE.2F8u7y6X1.,오시영,010-2372-3748,1996-12-27,ROLE_USER,ACTIVE,2025-05-22 00:00:00,2025-05-22 00:00:00,2026-06-26 12:36:00
724,user_724@test.com,$2a$10$7zB3qQzEcbB7mU5eL2n9fO0xH98o2tYpM.2s5lR7wE.2F8u7y6X1.,임도우,010-6116-7256,1983-04-25,ROLE_USER,ACTIVE,2025-05-31 00:00:00,2025-05-31 00:00:00,2026-06-12 15:51:00
725,user_725@test.com,$2a$10$7zB3qQzEcbB7mU5eL2n9fO0xH98o2tYpM.2s5lR7wE.2F8u7y6X1.,조하현,010-3453-7088,1994-10-24,ROLE_USER,ACTIVE,2024-08-29 00:00:00,2024-08-29 00:00:00,2026-06-21 18:10:00
726,user_726@test.com,$2a$10$7zB3qQzEcbB7mU5eL2n9fO0xH98o2tYpM.2s5lR7wE.2F8u7y6X1.,홍현수,010-4493-6551,1976-05-21,ROLE_USER,ACTIVE,2026-03-28 00:00:00,2026-03-28 00:00:00,2026-06-25 18:41:00
727,user_727@test.com,$2a$10$7zB3qQzEcbB7mU5eL2n9fO0xH98o2tYpM.2s5lR7wE.2F8u7y6X1.,안현우,010-2315-7402,1980-10-02,ROLE_USER,ACTIVE,2026-04-07 00:00:00,2026-04-07 00:00:00,2026-06-20 19:42:00
728,user_728@test.com,$2a$10$7zB3qQzEcbB7mU5eL2n9fO0xH98o2tYpM.2s5lR7wE.2F8u7y6X1.,장도수,010-9588-8157,1996-08-23,ROLE_USER,ACTIVE,2024-12-26 00:00:00,2024-12-26 00:00:00,2026-06-15 21:33:00
729,user_729@test.com,$2a$10$7zB3qQzEcbB7mU5eL2n9fO0xH98o2tYpM.2s5lR7wE.2F8u7y6X1.,권서빈,010-2419-2591,1982-03-01,ROLE_USER,ACTIVE,2023-10-28 00:00:00,2023-10-28 00:00:00,2026-06-23 14:39:00
730,user_730@test.com,$2a$10$7zB3qQzEcbB7mU5eL2n9fO0xH98o2tYpM.2s5lR7wE.2F8u7y6X1.,송지영,010-9160-2345,1986-02-22,ROLE_USER,ACTIVE,2024-09-08 00:00:00,2024-09-08 00:00:00,2026-06-29 16:45:00
731,user_731@test.com,$2a$10$7zB3qQzEcbB7mU5eL2n9fO0xH98o2tYpM.2s5lR7wE.2F8u7y6X1.,최예인,010-8574-5393,1999-11-02,ROLE_USER,ACTIVE,2026-03-06 00:00:00,2026-03-06 00:00:00,2026-07-01 21:01:00
732,user_732@test.com,$2a$10$7zB3qQzEcbB7mU5eL2n9fO0xH98o2tYpM.2s5lR7wE.2F8u7y6X1.,박은현,010-5902-9752,1987-02-19,ROLE_USER,ACTIVE,2025-07-08 00:00:00,2025-07-08 00:00:00,2026-06-04 18:20:00
733,user_733@test.com,$2a$10$7zB3qQzEcbB7mU5eL2n9fO0xH98o2tYpM.2s5lR7wE.2F8u7y6X1.,임지영,010-2309-6103,1977-02-16,ROLE_USER,ACTIVE,2024-01-22 00:00:00,2024-01-22 00:00:00,2026-06-09 10:09:00
734,user_734@test.com,$2a$10$7zB3qQzEcbB7mU5eL2n9fO0xH98o2tYpM.2s5lR7wE.2F8u7y6X1.,오서아,010-3726-9582,1989-01-10,ROLE_USER,ACTIVE,2024-11-10 00:00:00,2024-11-10 00:00:00,2026-06-18 18:21:00
735,user_735@test.com,$2a$10$7zB3qQzEcbB7mU5eL2n9fO0xH98o2tYpM.2s5lR7wE.2F8u7y6X1.,조시수,010-1490-2888,2002-10-21,ROLE_USER,ACTIVE,2024-08-05 00:00:00,2024-08-05 00:00:00,2026-06-25 08:47:00
736,user_736@test.com,$2a$10$7zB3qQzEcbB7mU5eL2n9fO0xH98o2tYpM.2s5lR7wE.2F8u7y6X1.,장현우,010-2910-1606,1992-08-22,ROLE_USER,ACTIVE,2024-10-14 00:00:00,2024-10-14 00:00:00,2026-06-05 08:19:00
737,user_737@test.com,$2a$10$7zB3qQzEcbB7mU5eL2n9fO0xH98o2tYpM.2s5lR7wE.2F8u7y6X1.,이서아,010-9881-6878,1981-05-13,ROLE_USER,ACTIVE,2024-12-09 00:00:00,2024-12-09 00:00:00,2026-06-19 12:42:00
738,user_738@test.com,$2a$10$7zB3qQzEcbB7mU5eL2n9fO0xH98o2tYpM.2s5lR7wE.2F8u7y6X1.,윤서아,010-6487-1861,1999-03-13,ROLE_USER,ACTIVE,2025-04-05 00:00:00,2025-04-05 00:00:00,2026-05-05 16:04:00
739,user_739@test.com,$2a$10$7zB3qQzEcbB7mU5eL2n9fO0xH98o2tYpM.2s5lR7wE.2F8u7y6X1.,이도아,010-3118-6882,1997-07-15,ROLE_USER,ACTIVE,2026-05-04 00:00:00,2026-05-04 00:00:00,2026-05-21 21:43:00
740,user_740@test.com,$2a$10$7zB3qQzEcbB7mU5eL2n9fO0xH98o2tYpM.2s5lR7wE.2F8u7y6X1.,장시준,010-7346-5437,1971-04-11,ROLE_USER,ACTIVE,2026-01-12 00:00:00,2026-01-12 00:00:00,2026-06-24 10:47:00
741,user_741@test.com,$2a$10$7zB3qQzEcbB7mU5eL2n9fO0xH98o2tYpM.2s5lR7wE.2F8u7y6X1.,오은빈,010-5585-9729,2003-03-08,ROLE_USER,ACTIVE,2024-03-07 00:00:00,2024-03-07 00:00:00,2026-06-24 16:58:00
742,user_742@test.com,$2a$10$7zB3qQzEcbB7mU5eL2n9fO0xH98o2tYpM.2s5lR7wE.2F8u7y6X1.,박하율,010-7859-5629,1995-10-22,ROLE_USER,ACTIVE,2025-07-20 00:00:00,2025-07-20 00:00:00,2026-06-20 20:33:00
743,user_743@test.com,$2a$10$7zB3qQzEcbB7mU5eL2n9fO0xH98o2tYpM.2s5lR7wE.2F8u7y6X1.,박지인,010-5615-7219,1988-02-06,ROLE_USER,ACTIVE,2026-03-25 00:00:00,2026-03-25 00:00:00,2026-06-23 08:22:00
744,user_744@test.com,$2a$10$7zB3qQzEcbB7mU5eL2n9fO0xH98o2tYpM.2s5lR7wE.2F8u7y6X1.,서지수,010-3346-4699,1983-08-02,ROLE_USER,ACTIVE,2026-05-01 00:00:00,2026-05-01 00:00:00,2026-05-18 13:08:00
745,user_745@test.com,$2a$10$7zB3qQzEcbB7mU5eL2n9fO0xH98o2tYpM.2s5lR7wE.2F8u7y6X1.,조승우,010-2816-5026,1987-12-26,ROLE_USER,ACTIVE,2025-09-22 00:00:00,2025-09-22 00:00:00,2026-06-26 21:33:00
746,user_746@test.com,$2a$10$7zB3qQzEcbB7mU5eL2n9fO0xH98o2tYpM.2s5lR7wE.2F8u7y6X1.,한주우,010-8085-3649,2004-08-02,ROLE_USER,ACTIVE,2024-02-18 00:00:00,2024-02-18 00:00:00,2026-06-28 21:39:00
747,user_747@test.com,$2a$10$7zB3qQzEcbB7mU5eL2n9fO0xH98o2tYpM.2s5lR7wE.2F8u7y6X1.,오도빈,010-9075-1732,1987-08-24,ROLE_USER,ACTIVE,2025-09-07 00:00:00,2025-09-07 00:00:00,2026-07-01 19:51:00
748,user_748@test.com,$2a$10$7zB3qQzEcbB7mU5eL2n9fO0xH98o2tYpM.2s5lR7wE.2F8u7y6X1.,최도영,010-5580-9428,1997-05-14,ROLE_USER,ACTIVE,2024-04-29 00:00:00,2024-04-29 00:00:00,2026-06-29 11:51:00
749,user_749@test.com,$2a$10$7zB3qQzEcbB7mU5eL2n9fO0xH98o2tYpM.2s5lR7wE.2F8u7y6X1.,서태준,010-3005-8120,2002-11-12,ROLE_USER,ACTIVE,2026-03-19 00:00:00,2026-03-19 00:00:00,2026-06-23 20:27:00
750,user_750@test.com,$2a$10$7zB3qQzEcbB7mU5eL2n9fO0xH98o2tYpM.2s5lR7wE.2F8u7y6X1.,신주수,010-9629-6454,1991-09-25,ROLE_USER,ACTIVE,2025-06-04 00:00:00,2025-06-04 00:00:00,2026-04-24 11:46:00
751,user_751@test.com,$2a$10$7zB3qQzEcbB7mU5eL2n9fO0xH98o2tYpM.2s5lR7wE.2F8u7y6X1.,한현현,010-4427-1675,1989-10-15,ROLE_USER,ACTIVE,2026-05-19 00:00:00,2026-05-19 00:00:00,2026-06-04 11:41:00
752,user_752@test.com,$2a$10$7zB3qQzEcbB7mU5eL2n9fO0xH98o2tYpM.2s5lR7wE.2F8u7y6X1.,전현아,010-7194-1353,1974-10-19,ROLE_USER,ACTIVE,2024-05-01 00:00:00,2024-05-01 00:00:00,2026-06-20 11:50:00
753,user_753@test.com,$2a$10$7zB3qQzEcbB7mU5eL2n9fO0xH98o2tYpM.2s5lR7wE.2F8u7y6X1.,오태수,010-5675-3170,1995-02-21,ROLE_USER,ACTIVE,2026-03-31 00:00:00,2026-03-31 00:00:00,2026-04-03 21:53:00
754,user_754@test.com,$2a$10$7zB3qQzEcbB7mU5eL2n9fO0xH98o2tYpM.2s5lR7wE.2F8u7y6X1.,조주율,010-9593-1140,1982-07-18,ROLE_USER,ACTIVE,2024-12-04 00:00:00,2024-12-04 00:00:00,2026-06-23 18:13:00
755,user_755@test.com,$2a$10$7zB3qQzEcbB7mU5eL2n9fO0xH98o2tYpM.2s5lR7wE.2F8u7y6X1.,송승원,010-9817-9921,1975-08-03,ROLE_USER,ACTIVE,2025-01-05 00:00:00,2025-01-05 00:00:00,2026-06-22 08:29:00
756,user_756@test.com,$2a$10$7zB3qQzEcbB7mU5eL2n9fO0xH98o2tYpM.2s5lR7wE.2F8u7y6X1.,정민혁,010-7779-6535,1995-02-23,ROLE_USER,ACTIVE,2025-06-01 00:00:00,2025-06-01 00:00:00,2026-06-29 12:20:00
757,user_757@test.com,$2a$10$7zB3qQzEcbB7mU5eL2n9fO0xH98o2tYpM.2s5lR7wE.2F8u7y6X1.,윤태영,010-4436-7401,1990-07-13,ROLE_USER,ACTIVE,2024-04-13 00:00:00,2024-04-13 00:00:00,2026-06-18 11:45:00
758,user_758@test.com,$2a$10$7zB3qQzEcbB7mU5eL2n9fO0xH98o2tYpM.2s5lR7wE.2F8u7y6X1.,정시아,010-3883-4453,1977-04-20,ROLE_USER,ACTIVE,2024-08-22 00:00:00,2024-08-22 00:00:00,2026-06-29 21:03:00
759,user_759@test.com,$2a$10$7zB3qQzEcbB7mU5eL2n9fO0xH98o2tYpM.2s5lR7wE.2F8u7y6X1.,윤주현,010-9994-4047,1981-02-02,ROLE_USER,ACTIVE,2026-04-20 00:00:00,2026-04-20 00:00:00,2026-06-06 22:01:00
760,user_760@test.com,$2a$10$7zB3qQzEcbB7mU5eL2n9fO0xH98o2tYpM.2s5lR7wE.2F8u7y6X1.,조주율,010-1752-2515,2004-08-19,ROLE_USER,ACTIVE,2025-11-14 00:00:00,2025-11-14 00:00:00,2026-07-01 10:14:00
761,user_761@test.com,$2a$10$7zB3qQzEcbB7mU5eL2n9fO0xH98o2tYpM.2s5lR7wE.2F8u7y6X1.,전태인,010-9098-8719,1991-08-27,ROLE_USER,ACTIVE,2024-01-01 00:00:00,2024-01-01 00:00:00,2026-06-26 19:47:00
762,user_762@test.com,$2a$10$7zB3qQzEcbB7mU5eL2n9fO0xH98o2tYpM.2s5lR7wE.2F8u7y6X1.,홍지현,010-3126-3535,1970-02-06,ROLE_USER,ACTIVE,2025-05-06 00:00:00,2025-05-06 00:00:00,2026-07-02 22:01:00
763,user_763@test.com,$2a$10$7zB3qQzEcbB7mU5eL2n9fO0xH98o2tYpM.2s5lR7wE.2F8u7y6X1.,김태혁,010-6260-8770,1984-04-15,ROLE_USER,ACTIVE,2024-04-07 00:00:00,2024-04-07 00:00:00,2026-06-18 22:17:00
764,user_764@test.com,$2a$10$7zB3qQzEcbB7mU5eL2n9fO0xH98o2tYpM.2s5lR7wE.2F8u7y6X1.,한민율,010-8741-5861,1970-11-18,ROLE_USER,ACTIVE,2024-12-31 00:00:00,2024-12-31 00:00:00,2026-06-21 17:40:00
765,user_765@test.com,$2a$10$7zB3qQzEcbB7mU5eL2n9fO0xH98o2tYpM.2s5lR7wE.2F8u7y6X1.,정하아,010-4216-7741,1975-04-20,ROLE_USER,ACTIVE,2024-09-03 00:00:00,2024-09-03 00:00:00,2026-06-23 17:27:00
766,user_766@test.com,$2a$10$7zB3qQzEcbB7mU5eL2n9fO0xH98o2tYpM.2s5lR7wE.2F8u7y6X1.,송지영,010-4674-2434,1989-10-08,ROLE_USER,ACTIVE,2026-01-24 00:00:00,2026-01-24 00:00:00,2026-06-29 11:35:00
767,user_767@test.com,$2a$10$7zB3qQzEcbB7mU5eL2n9fO0xH98o2tYpM.2s5lR7wE.2F8u7y6X1.,조현빈,010-4239-4853,1971-12-22,ROLE_USER,ACTIVE,2025-07-15 00:00:00,2025-07-15 00:00:00,2026-06-27 22:27:00
768,user_768@test.com,$2a$10$7zB3qQzEcbB7mU5eL2n9fO0xH98o2tYpM.2s5lR7wE.2F8u7y6X1.,조태영,010-2149-5901,1999-12-25,ROLE_USER,ACTIVE,2025-09-30 00:00:00,2025-09-30 00:00:00,2026-06-26 19:03:00
769,user_769@test.com,$2a$10$7zB3qQzEcbB7mU5eL2n9fO0xH98o2tYpM.2s5lR7wE.2F8u7y6X1.,박은혁,010-6976-7891,2001-11-14,ROLE_USER,ACTIVE,2025-07-27 00:00:00,2025-07-27 00:00:00,2026-06-25 09:57:00
770,user_770@test.com,$2a$10$7zB3qQzEcbB7mU5eL2n9fO0xH98o2tYpM.2s5lR7wE.2F8u7y6X1.,안서아,010-2224-1191,1990-09-04,ROLE_USER,ACTIVE,2026-04-26 00:00:00,2026-04-26 00:00:00,2026-06-15 14:44:00
771,user_771@test.com,$2a$10$7zB3qQzEcbB7mU5eL2n9fO0xH98o2tYpM.2s5lR7wE.2F8u7y6X1.,전지아,010-4865-2040,1988-11-05,ROLE_USER,ACTIVE,2024-02-05 00:00:00,2024-02-05 00:00:00,2026-06-29 19:39:00
772,user_772@test.com,$2a$10$7zB3qQzEcbB7mU5eL2n9fO0xH98o2tYpM.2s5lR7wE.2F8u7y6X1.,한태아,010-9562-4446,2002-10-23,ROLE_USER,ACTIVE,2025-02-21 00:00:00,2025-02-21 00:00:00,2026-06-21 18:41:00
773,user_773@test.com,$2a$10$7zB3qQzEcbB7mU5eL2n9fO0xH98o2tYpM.2s5lR7wE.2F8u7y6X1.,이시빈,010-9484-2229,1972-02-26,ROLE_USER,ACTIVE,2026-05-14 00:00:00,2026-05-14 00:00:00,2026-06-12 22:00:00
774,user_774@test.com,$2a$10$7zB3qQzEcbB7mU5eL2n9fO0xH98o2tYpM.2s5lR7wE.2F8u7y6X1.,정시아,010-9154-5915,1980-04-05,ROLE_USER,ACTIVE,2026-02-16 00:00:00,2026-02-16 00:00:00,2026-06-27 19:28:00
775,user_775@test.com,$2a$10$7zB3qQzEcbB7mU5eL2n9fO0xH98o2tYpM.2s5lR7wE.2F8u7y6X1.,홍도혁,010-3025-1096,1985-01-03,ROLE_USER,ACTIVE,2024-05-10 00:00:00,2024-05-10 00:00:00,2026-06-12 16:34:00
776,user_776@test.com,$2a$10$7zB3qQzEcbB7mU5eL2n9fO0xH98o2tYpM.2s5lR7wE.2F8u7y6X1.,정예인,010-8958-5777,1989-05-09,ROLE_USER,ACTIVE,2023-12-28 00:00:00,2023-12-28 00:00:00,2026-06-18 10:17:00
777,user_777@test.com,$2a$10$7zB3qQzEcbB7mU5eL2n9fO0xH98o2tYpM.2s5lR7wE.2F8u7y6X1.,황하원,010-9993-5307,1989-02-26,ROLE_USER,ACTIVE,2024-06-13 00:00:00,2024-06-13 00:00:00,2026-06-29 15:47:00
778,user_778@test.com,$2a$10$7zB3qQzEcbB7mU5eL2n9fO0xH98o2tYpM.2s5lR7wE.2F8u7y6X1.,전지빈,010-4109-2336,1972-03-07,ROLE_USER,ACTIVE,2026-04-23 00:00:00,2026-04-23 00:00:00,2026-05-24 08:38:00
779,user_779@test.com,$2a$10$7zB3qQzEcbB7mU5eL2n9fO0xH98o2tYpM.2s5lR7wE.2F8u7y6X1.,홍서준,010-5786-4932,1993-08-03,ROLE_USER,ACTIVE,2025-09-05 00:00:00,2025-09-05 00:00:00,2026-06-22 19:37:00
780,user_780@test.com,$2a$10$7zB3qQzEcbB7mU5eL2n9fO0xH98o2tYpM.2s5lR7wE.2F8u7y6X1.,박민아,010-3499-5928,1981-04-10,ROLE_USER,ACTIVE,2024-06-18 00:00:00,2024-06-18 00:00:00,2026-06-25 10:22:00
781,user_781@test.com,$2a$10$7zB3qQzEcbB7mU5eL2n9fO0xH98o2tYpM.2s5lR7wE.2F8u7y6X1.,서현우,010-1917-7169,1990-10-22,ROLE_USER,ACTIVE,2024-03-12 00:00:00,2024-03-12 00:00:00,2026-06-28 20:10:00
782,user_782@test.com,$2a$10$7zB3qQzEcbB7mU5eL2n9fO0xH98o2tYpM.2s5lR7wE.2F8u7y6X1.,송주수,010-8076-9847,1988-05-03,ROLE_USER,ACTIVE,2024-06-26 00:00:00,2024-06-26 00:00:00,2026-07-01 17:26:00
783,user_783@test.com,$2a$10$7zB3qQzEcbB7mU5eL2n9fO0xH98o2tYpM.2s5lR7wE.2F8u7y6X1.,송주율,010-4063-7832,2000-07-21,ROLE_USER,ACTIVE,2024-08-26 00:00:00,2024-08-26 00:00:00,2026-06-26 10:46:00
784,user_784@test.com,$2a$10$7zB3qQzEcbB7mU5eL2n9fO0xH98o2tYpM.2s5lR7wE.2F8u7y6X1.,전주원,010-9946-2443,1989-03-25,ROLE_USER,ACTIVE,2026-03-02 00:00:00,2026-03-02 00:00:00,2026-06-06 08:05:00
785,user_785@test.com,$2a$10$7zB3qQzEcbB7mU5eL2n9fO0xH98o2tYpM.2s5lR7wE.2F8u7y6X1.,김하율,010-3458-6637,1989-02-02,ROLE_USER,ACTIVE,2024-12-22 00:00:00,2024-12-22 00:00:00,2026-06-24 22:37:00
786,user_786@test.com,$2a$10$7zB3qQzEcbB7mU5eL2n9fO0xH98o2tYpM.2s5lR7wE.2F8u7y6X1.,서예우,010-2897-8843,1981-04-02,ROLE_USER,ACTIVE,2024-02-25 00:00:00,2024-02-25 00:00:00,2026-06-06 14:35:00
787,user_787@test.com,$2a$10$7zB3qQzEcbB7mU5eL2n9fO0xH98o2tYpM.2s5lR7wE.2F8u7y6X1.,정하빈,010-1428-1689,1990-02-11,ROLE_USER,ACTIVE,2023-10-12 00:00:00,2023-10-12 00:00:00,2026-06-27 12:38:00
788,user_788@test.com,$2a$10$7zB3qQzEcbB7mU5eL2n9fO0xH98o2tYpM.2s5lR7wE.2F8u7y6X1.,신은준,010-7117-1705,1971-06-09,ROLE_USER,ACTIVE,2023-12-27 00:00:00,2023-12-27 00:00:00,2026-06-24 16:19:00
789,user_789@test.com,$2a$10$7zB3qQzEcbB7mU5eL2n9fO0xH98o2tYpM.2s5lR7wE.2F8u7y6X1.,황태준,010-5247-3060,1991-11-03,ROLE_USER,ACTIVE,2024-04-13 00:00:00,2024-04-13 00:00:00,2026-06-29 20:03:00
790,user_790@test.com,$2a$10$7zB3qQzEcbB7mU5eL2n9fO0xH98o2tYpM.2s5lR7wE.2F8u7y6X1.,김하수,010-9897-8229,1988-08-07,ROLE_USER,ACTIVE,2024-12-23 00:00:00,2024-12-23 00:00:00,2026-07-02 13:59:00
791,user_791@test.com,$2a$10$7zB3qQzEcbB7mU5eL2n9fO0xH98o2tYpM.2s5lR7wE.2F8u7y6X1.,강태빈,010-5166-5842,1994-04-06,ROLE_USER,ACTIVE,2024-03-27 00:00:00,2024-03-27 00:00:00,2026-07-01 09:14:00
792,user_792@test.com,$2a$10$7zB3qQzEcbB7mU5eL2n9fO0xH98o2tYpM.2s5lR7wE.2F8u7y6X1.,이지아,010-2210-1976,1982-06-18,ROLE_USER,ACTIVE,2026-02-14 00:00:00,2026-02-14 00:00:00,2026-06-23 11:30:00
793,user_793@test.com,$2a$10$7zB3qQzEcbB7mU5eL2n9fO0xH98o2tYpM.2s5lR7wE.2F8u7y6X1.,정현인,010-6204-9891,2000-01-01,ROLE_USER,ACTIVE,2025-03-29 00:00:00,2025-03-29 00:00:00,2026-06-29 10:12:00
794,user_794@test.com,$2a$10$7zB3qQzEcbB7mU5eL2n9fO0xH98o2tYpM.2s5lR7wE.2F8u7y6X1.,권도아,010-2354-7062,1971-07-06,ROLE_USER,ACTIVE,2025-10-08 00:00:00,2025-10-08 00:00:00,2026-07-01 15:57:00
795,user_795@test.com,$2a$10$7zB3qQzEcbB7mU5eL2n9fO0xH98o2tYpM.2s5lR7wE.2F8u7y6X1.,강하영,010-1585-5323,2002-09-07,ROLE_USER,ACTIVE,2024-12-25 00:00:00,2024-12-25 00:00:00,2026-06-28 09:24:00
796,user_796@test.com,$2a$10$7zB3qQzEcbB7mU5eL2n9fO0xH98o2tYpM.2s5lR7wE.2F8u7y6X1.,장현율,010-5987-2839,1989-04-11,ROLE_USER,ACTIVE,2024-03-13 00:00:00,2024-03-13 00:00:00,2026-06-24 19:48:00
797,user_797@test.com,$2a$10$7zB3qQzEcbB7mU5eL2n9fO0xH98o2tYpM.2s5lR7wE.2F8u7y6X1.,임예아,010-6167-8415,2002-10-05,ROLE_USER,ACTIVE,2025-04-20 00:00:00,2025-04-20 00:00:00,2026-06-25 19:18:00
798,user_798@test.com,$2a$10$7zB3qQzEcbB7mU5eL2n9fO0xH98o2tYpM.2s5lR7wE.2F8u7y6X1.,윤현인,010-1924-5460,1996-11-10,ROLE_USER,ACTIVE,2024-10-06 00:00:00,2024-10-06 00:00:00,2026-06-26 21:01:00
799,user_799@test.com,$2a$10$7zB3qQzEcbB7mU5eL2n9fO0xH98o2tYpM.2s5lR7wE.2F8u7y6X1.,한하우,010-9206-2938,1972-11-22,ROLE_USER,ACTIVE,2025-05-23 00:00:00,2025-05-23 00:00:00,2026-06-19 13:42:00
800,user_800@test.com,$2a$10$7zB3qQzEcbB7mU5eL2n9fO0xH98o2tYpM.2s5lR7wE.2F8u7y6X1.,김승아,010-3490-6909,1992-04-11,ROLE_USER,ACTIVE,2025-10-01 00:00:00,2025-10-01 00:00:00,2026-06-20 21:34:00
801,user_801@test.com,$2a$10$7zB3qQzEcbB7mU5eL2n9fO0xH98o2tYpM.2s5lR7wE.2F8u7y6X1.,홍은혁,010-2032-5120,1972-12-24,ROLE_USER,ACTIVE,2024-12-25 00:00:00,2024-12-25 00:00:00,2026-06-24 20:15:00
802,user_802@test.com,$2a$10$7zB3qQzEcbB7mU5eL2n9fO0xH98o2tYpM.2s5lR7wE.2F8u7y6X1.,박지현,010-4353-9689,1982-04-07,ROLE_USER,ACTIVE,2025-11-19 00:00:00,2025-11-19 00:00:00,2026-06-24 14:47:00
803,user_803@test.com,$2a$10$7zB3qQzEcbB7mU5eL2n9fO0xH98o2tYpM.2s5lR7wE.2F8u7y6X1.,송예아,010-1971-3561,1991-07-25,ROLE_USER,ACTIVE,2024-12-12 00:00:00,2024-12-12 00:00:00,2026-06-30 22:08:00
804,user_804@test.com,$2a$10$7zB3qQzEcbB7mU5eL2n9fO0xH98o2tYpM.2s5lR7wE.2F8u7y6X1.,조하율,010-5867-9125,2004-01-12,ROLE_USER,ACTIVE,2026-01-03 00:00:00,2026-01-03 00:00:00,2026-06-26 21:43:00
805,user_805@test.com,$2a$10$7zB3qQzEcbB7mU5eL2n9fO0xH98o2tYpM.2s5lR7wE.2F8u7y6X1.,오서인,010-4017-5587,1979-08-20,ROLE_USER,ACTIVE,2025-07-10 00:00:00,2025-07-10 00:00:00,2026-06-14 14:20:00
806,user_806@test.com,$2a$10$7zB3qQzEcbB7mU5eL2n9fO0xH98o2tYpM.2s5lR7wE.2F8u7y6X1.,오은우,010-5178-8123,2004-04-22,ROLE_USER,ACTIVE,2025-09-30 00:00:00,2025-09-30 00:00:00,2026-06-18 09:40:00
807,user_807@test.com,$2a$10$7zB3qQzEcbB7mU5eL2n9fO0xH98o2tYpM.2s5lR7wE.2F8u7y6X1.,장민율,010-8428-9297,1972-02-24,ROLE_USER,ACTIVE,2025-12-01 00:00:00,2025-12-01 00:00:00,2026-06-19 22:14:00
808,user_808@test.com,$2a$10$7zB3qQzEcbB7mU5eL2n9fO0xH98o2tYpM.2s5lR7wE.2F8u7y6X1.,권서아,010-7900-1981,1971-01-15,ROLE_USER,ACTIVE,2026-03-02 00:00:00,2026-03-02 00:00:00,2026-06-23 09:47:00
809,user_809@test.com,$2a$10$7zB3qQzEcbB7mU5eL2n9fO0xH98o2tYpM.2s5lR7wE.2F8u7y6X1.,권현혁,010-8051-4324,1984-02-28,ROLE_USER,ACTIVE,2025-10-18 00:00:00,2025-10-18 00:00:00,2026-06-28 10:06:00
810,user_810@test.com,$2a$10$7zB3qQzEcbB7mU5eL2n9fO0xH98o2tYpM.2s5lR7wE.2F8u7y6X1.,윤은수,010-6250-4310,1993-04-21,ROLE_USER,ACTIVE,2024-10-26 00:00:00,2024-10-26 00:00:00,2026-06-22 09:31:00
811,user_811@test.com,$2a$10$7zB3qQzEcbB7mU5eL2n9fO0xH98o2tYpM.2s5lR7wE.2F8u7y6X1.,최지아,010-3597-5184,1978-09-13,ROLE_USER,ACTIVE,2024-10-03 00:00:00,2024-10-03 00:00:00,2026-07-01 08:57:00
812,user_812@test.com,$2a$10$7zB3qQzEcbB7mU5eL2n9fO0xH98o2tYpM.2s5lR7wE.2F8u7y6X1.,한은인,010-9093-6474,1973-01-05,ROLE_USER,ACTIVE,2024-08-22 00:00:00,2024-08-22 00:00:00,2026-06-28 21:34:00
813,user_813@test.com,$2a$10$7zB3qQzEcbB7mU5eL2n9fO0xH98o2tYpM.2s5lR7wE.2F8u7y6X1.,이시준,010-4031-3381,2004-04-11,ROLE_USER,ACTIVE,2024-08-12 00:00:00,2024-08-12 00:00:00,2026-06-30 16:30:00
814,user_814@test.com,$2a$10$7zB3qQzEcbB7mU5eL2n9fO0xH98o2tYpM.2s5lR7wE.2F8u7y6X1.,안은수,010-7094-8999,1987-01-22,ROLE_USER,ACTIVE,2024-01-28 00:00:00,2024-01-28 00:00:00,2026-06-25 19:33:00
815,user_815@test.com,$2a$10$7zB3qQzEcbB7mU5eL2n9fO0xH98o2tYpM.2s5lR7wE.2F8u7y6X1.,오서아,010-1623-3622,1986-03-08,ROLE_USER,ACTIVE,2024-03-02 00:00:00,2024-03-02 00:00:00,2026-06-03 20:27:00
816,user_816@test.com,$2a$10$7zB3qQzEcbB7mU5eL2n9fO0xH98o2tYpM.2s5lR7wE.2F8u7y6X1.,임은아,010-9724-9364,1981-02-21,ROLE_USER,ACTIVE,2024-01-01 00:00:00,2024-01-01 00:00:00,2026-06-28 12:04:00
817,user_817@test.com,$2a$10$7zB3qQzEcbB7mU5eL2n9fO0xH98o2tYpM.2s5lR7wE.2F8u7y6X1.,임주수,010-4062-8944,1984-12-09,ROLE_USER,ACTIVE,2025-12-31 00:00:00,2025-12-31 00:00:00,2026-06-24 18:39:00
818,user_818@test.com,$2a$10$7zB3qQzEcbB7mU5eL2n9fO0xH98o2tYpM.2s5lR7wE.2F8u7y6X1.,정민원,010-7040-2319,1982-10-22,ROLE_USER,ACTIVE,2026-05-21 00:00:00,2026-05-21 00:00:00,2026-06-06 21:51:00
819,user_819@test.com,$2a$10$7zB3qQzEcbB7mU5eL2n9fO0xH98o2tYpM.2s5lR7wE.2F8u7y6X1.,장예율,010-4092-4785,1999-01-26,ROLE_USER,ACTIVE,2025-02-05 00:00:00,2025-02-05 00:00:00,2026-06-27 08:18:00
820,user_820@test.com,$2a$10$7zB3qQzEcbB7mU5eL2n9fO0xH98o2tYpM.2s5lR7wE.2F8u7y6X1.,송서원,010-9380-3342,1986-10-09,ROLE_USER,ACTIVE,2024-12-05 00:00:00,2024-12-05 00:00:00,2026-06-18 19:24:00
821,user_821@test.com,$2a$10$7zB3qQzEcbB7mU5eL2n9fO0xH98o2tYpM.2s5lR7wE.2F8u7y6X1.,윤현아,010-9068-4379,2000-05-10,ROLE_USER,ACTIVE,2024-05-12 00:00:00,2024-05-12 00:00:00,2026-06-28 09:16:00
822,user_822@test.com,$2a$10$7zB3qQzEcbB7mU5eL2n9fO0xH98o2tYpM.2s5lR7wE.2F8u7y6X1.,김현준,010-1829-9928,1970-03-20,ROLE_USER,ACTIVE,2025-01-23 00:00:00,2025-01-23 00:00:00,2026-07-02 09:50:00
823,user_823@test.com,$2a$10$7zB3qQzEcbB7mU5eL2n9fO0xH98o2tYpM.2s5lR7wE.2F8u7y6X1.,박서우,010-5909-1204,1970-04-20,ROLE_USER,ACTIVE,2023-10-31 00:00:00,2023-10-31 00:00:00,2026-06-21 15:22:00
824,user_824@test.com,$2a$10$7zB3qQzEcbB7mU5eL2n9fO0xH98o2tYpM.2s5lR7wE.2F8u7y6X1.,신지우,010-7820-4521,1999-09-26,ROLE_USER,ACTIVE,2024-07-20 00:00:00,2024-07-20 00:00:00,2026-04-23 12:32:00
825,user_825@test.com,$2a$10$7zB3qQzEcbB7mU5eL2n9fO0xH98o2tYpM.2s5lR7wE.2F8u7y6X1.,한현혁,010-5272-8844,1988-04-02,ROLE_USER,ACTIVE,2025-05-28 00:00:00,2025-05-28 00:00:00,2026-06-19 13:57:00
826,user_826@test.com,$2a$10$7zB3qQzEcbB7mU5eL2n9fO0xH98o2tYpM.2s5lR7wE.2F8u7y6X1.,윤하아,010-9654-9737,1971-09-05,ROLE_USER,ACTIVE,2024-11-21 00:00:00,2024-11-21 00:00:00,2026-06-13 16:06:00
827,user_827@test.com,$2a$10$7zB3qQzEcbB7mU5eL2n9fO0xH98o2tYpM.2s5lR7wE.2F8u7y6X1.,박은원,010-9444-9771,1975-04-15,ROLE_USER,ACTIVE,2024-04-17 00:00:00,2024-04-17 00:00:00,2026-06-28 21:49:00
828,user_828@test.com,$2a$10$7zB3qQzEcbB7mU5eL2n9fO0xH98o2tYpM.2s5lR7wE.2F8u7y6X1.,정주우,010-6039-7239,2001-04-26,ROLE_USER,ACTIVE,2024-07-22 00:00:00,2024-07-22 00:00:00,2026-06-21 11:22:00
829,user_829@test.com,$2a$10$7zB3qQzEcbB7mU5eL2n9fO0xH98o2tYpM.2s5lR7wE.2F8u7y6X1.,임승빈,010-7784-4517,1988-03-18,ROLE_USER,ACTIVE,2024-05-20 00:00:00,2024-05-20 00:00:00,2026-07-01 20:58:00
830,user_830@test.com,$2a$10$7zB3qQzEcbB7mU5eL2n9fO0xH98o2tYpM.2s5lR7wE.2F8u7y6X1.,이현아,010-4267-9606,2004-08-06,ROLE_USER,ACTIVE,2024-09-05 00:00:00,2024-09-05 00:00:00,2026-06-09 11:48:00
831,user_831@test.com,$2a$10$7zB3qQzEcbB7mU5eL2n9fO0xH98o2tYpM.2s5lR7wE.2F8u7y6X1.,임은혁,010-4916-3303,1978-08-02,ROLE_USER,ACTIVE,2023-10-23 00:00:00,2023-10-23 00:00:00,2026-06-19 15:44:00
832,user_832@test.com,$2a$10$7zB3qQzEcbB7mU5eL2n9fO0xH98o2tYpM.2s5lR7wE.2F8u7y6X1.,오예빈,010-6303-3958,1971-03-13,ROLE_USER,ACTIVE,2025-06-14 00:00:00,2025-06-14 00:00:00,2026-06-26 12:23:00
833,user_833@test.com,$2a$10$7zB3qQzEcbB7mU5eL2n9fO0xH98o2tYpM.2s5lR7wE.2F8u7y6X1.,윤서준,010-9318-2628,1973-03-08,ROLE_USER,ACTIVE,2025-08-06 00:00:00,2025-08-06 00:00:00,2026-07-01 16:22:00
834,user_834@test.com,$2a$10$7zB3qQzEcbB7mU5eL2n9fO0xH98o2tYpM.2s5lR7wE.2F8u7y6X1.,김예율,010-2522-5147,1987-12-18,ROLE_USER,ACTIVE,2025-11-10 00:00:00,2025-11-10 00:00:00,2026-07-02 11:42:00
835,user_835@test.com,$2a$10$7zB3qQzEcbB7mU5eL2n9fO0xH98o2tYpM.2s5lR7wE.2F8u7y6X1.,황현수,010-5367-1755,2003-12-06,ROLE_USER,ACTIVE,2024-01-24 00:00:00,2024-01-24 00:00:00,2026-06-22 17:36:00
836,user_836@test.com,$2a$10$7zB3qQzEcbB7mU5eL2n9fO0xH98o2tYpM.2s5lR7wE.2F8u7y6X1.,송시우,010-4307-3363,1987-08-03,ROLE_USER,ACTIVE,2025-08-01 00:00:00,2025-08-01 00:00:00,2026-07-01 12:48:00
837,user_837@test.com,$2a$10$7zB3qQzEcbB7mU5eL2n9fO0xH98o2tYpM.2s5lR7wE.2F8u7y6X1.,임승우,010-4807-4548,1996-03-03,ROLE_USER,ACTIVE,2024-07-26 00:00:00,2024-07-26 00:00:00,2026-06-30 13:16:00
838,user_838@test.com,$2a$10$7zB3qQzEcbB7mU5eL2n9fO0xH98o2tYpM.2s5lR7wE.2F8u7y6X1.,황민아,010-6269-6276,1982-12-08,ROLE_USER,ACTIVE,2025-06-07 00:00:00,2025-06-07 00:00:00,2026-06-21 13:48:00
839,user_839@test.com,$2a$10$7zB3qQzEcbB7mU5eL2n9fO0xH98o2tYpM.2s5lR7wE.2F8u7y6X1.,송서혁,010-2877-6791,1995-04-10,ROLE_USER,ACTIVE,2023-10-22 00:00:00,2023-10-22 00:00:00,2026-06-03 15:29:00
840,user_840@test.com,$2a$10$7zB3qQzEcbB7mU5eL2n9fO0xH98o2tYpM.2s5lR7wE.2F8u7y6X1.,권도현,010-3212-3359,1977-09-02,ROLE_USER,ACTIVE,2025-02-12 00:00:00,2025-02-12 00:00:00,2026-04-19 20:42:00
841,user_841@test.com,$2a$10$7zB3qQzEcbB7mU5eL2n9fO0xH98o2tYpM.2s5lR7wE.2F8u7y6X1.,신승원,010-3238-9723,1982-10-27,ROLE_USER,ACTIVE,2026-04-26 00:00:00,2026-04-26 00:00:00,2026-05-23 18:23:00
842,user_842@test.com,$2a$10$7zB3qQzEcbB7mU5eL2n9fO0xH98o2tYpM.2s5lR7wE.2F8u7y6X1.,최은준,010-9396-3957,1976-11-09,ROLE_USER,ACTIVE,2025-11-17 00:00:00,2025-11-17 00:00:00,2026-06-24 20:28:00
843,user_843@test.com,$2a$10$7zB3qQzEcbB7mU5eL2n9fO0xH98o2tYpM.2s5lR7wE.2F8u7y6X1.,장예영,010-6717-3460,1990-11-15,ROLE_USER,ACTIVE,2024-03-25 00:00:00,2024-03-25 00:00:00,2026-06-30 13:01:00
844,user_844@test.com,$2a$10$7zB3qQzEcbB7mU5eL2n9fO0xH98o2tYpM.2s5lR7wE.2F8u7y6X1.,황태인,010-7807-5726,1997-04-08,ROLE_USER,ACTIVE,2024-02-03 00:00:00,2024-02-03 00:00:00,2026-06-27 21:49:00
845,user_845@test.com,$2a$10$7zB3qQzEcbB7mU5eL2n9fO0xH98o2tYpM.2s5lR7wE.2F8u7y6X1.,최지우,010-5784-7457,1993-04-16,ROLE_USER,ACTIVE,2025-10-26 00:00:00,2025-10-26 00:00:00,2026-06-29 11:03:00
846,user_846@test.com,$2a$10$7zB3qQzEcbB7mU5eL2n9fO0xH98o2tYpM.2s5lR7wE.2F8u7y6X1.,이은원,010-9690-4377,1973-11-28,ROLE_USER,ACTIVE,2024-12-31 00:00:00,2024-12-31 00:00:00,2026-06-30 20:01:00
847,user_847@test.com,$2a$10$7zB3qQzEcbB7mU5eL2n9fO0xH98o2tYpM.2s5lR7wE.2F8u7y6X1.,조지인,010-2085-1814,1980-09-13,ROLE_USER,ACTIVE,2025-04-13 00:00:00,2025-04-13 00:00:00,2026-06-19 10:25:00
848,user_848@test.com,$2a$10$7zB3qQzEcbB7mU5eL2n9fO0xH98o2tYpM.2s5lR7wE.2F8u7y6X1.,황도아,010-5771-4278,1990-08-10,ROLE_USER,ACTIVE,2025-03-20 00:00:00,2025-03-20 00:00:00,2026-06-20 14:25:00
849,user_849@test.com,$2a$10$7zB3qQzEcbB7mU5eL2n9fO0xH98o2tYpM.2s5lR7wE.2F8u7y6X1.,최승준,010-9524-5049,1984-06-05,ROLE_USER,ACTIVE,2025-05-13 00:00:00,2025-05-13 00:00:00,2026-06-25 12:02:00
850,user_850@test.com,$2a$10$7zB3qQzEcbB7mU5eL2n9fO0xH98o2tYpM.2s5lR7wE.2F8u7y6X1.,장민현,010-4470-4334,2002-10-15,ROLE_USER,ACTIVE,2024-12-06 00:00:00,2024-12-06 00:00:00,2026-06-19 12:58:00
851,user_851@test.com,$2a$10$7zB3qQzEcbB7mU5eL2n9fO0xH98o2tYpM.2s5lR7wE.2F8u7y6X1.,홍현원,010-4587-6504,1995-05-16,ROLE_USER,ACTIVE,2026-05-18 00:00:00,2026-05-18 00:00:00,2026-06-01 21:24:00
852,user_852@test.com,$2a$10$7zB3qQzEcbB7mU5eL2n9fO0xH98o2tYpM.2s5lR7wE.2F8u7y6X1.,임지율,010-7828-3187,1976-12-11,ROLE_USER,ACTIVE,2025-11-17 00:00:00,2025-11-17 00:00:00,2026-06-11 21:26:00
853,user_853@test.com,$2a$10$7zB3qQzEcbB7mU5eL2n9fO0xH98o2tYpM.2s5lR7wE.2F8u7y6X1.,홍시아,010-7709-8825,1975-09-18,ROLE_USER,ACTIVE,2025-11-20 00:00:00,2025-11-20 00:00:00,2026-06-27 08:05:00
854,user_854@test.com,$2a$10$7zB3qQzEcbB7mU5eL2n9fO0xH98o2tYpM.2s5lR7wE.2F8u7y6X1.,박승영,010-8197-4584,1997-02-19,ROLE_USER,ACTIVE,2025-02-25 00:00:00,2025-02-25 00:00:00,2026-06-24 10:50:00
855,user_855@test.com,$2a$10$7zB3qQzEcbB7mU5eL2n9fO0xH98o2tYpM.2s5lR7wE.2F8u7y6X1.,권시수,010-6713-5537,1977-12-24,ROLE_USER,ACTIVE,2024-02-24 00:00:00,2024-02-24 00:00:00,2026-06-25 20:04:00
856,user_856@test.com,$2a$10$7zB3qQzEcbB7mU5eL2n9fO0xH98o2tYpM.2s5lR7wE.2F8u7y6X1.,강민혁,010-6597-4695,1986-08-16,ROLE_USER,ACTIVE,2026-05-03 00:00:00,2026-05-03 00:00:00,2026-05-19 22:14:00
857,user_857@test.com,$2a$10$7zB3qQzEcbB7mU5eL2n9fO0xH98o2tYpM.2s5lR7wE.2F8u7y6X1.,권은우,010-8130-3255,1994-10-26,ROLE_USER,ACTIVE,2025-01-13 00:00:00,2025-01-13 00:00:00,2026-06-28 15:25:00
858,user_858@test.com,$2a$10$7zB3qQzEcbB7mU5eL2n9fO0xH98o2tYpM.2s5lR7wE.2F8u7y6X1.,신시준,010-7568-4617,1987-04-19,ROLE_USER,ACTIVE,2025-08-18 00:00:00,2025-08-18 00:00:00,2026-06-26 08:02:00
859,user_859@test.com,$2a$10$7zB3qQzEcbB7mU5eL2n9fO0xH98o2tYpM.2s5lR7wE.2F8u7y6X1.,조시율,010-2248-8764,2003-03-07,ROLE_USER,ACTIVE,2026-04-16 00:00:00,2026-04-16 00:00:00,2026-06-25 16:31:00
860,user_860@test.com,$2a$10$7zB3qQzEcbB7mU5eL2n9fO0xH98o2tYpM.2s5lR7wE.2F8u7y6X1.,오승인,010-4032-2216,1983-11-21,ROLE_USER,ACTIVE,2025-11-05 00:00:00,2025-11-05 00:00:00,2026-04-04 09:32:00
861,user_861@test.com,$2a$10$7zB3qQzEcbB7mU5eL2n9fO0xH98o2tYpM.2s5lR7wE.2F8u7y6X1.,정승아,010-9617-8820,1976-12-13,ROLE_USER,ACTIVE,2025-01-19 00:00:00,2025-01-19 00:00:00,2026-07-02 15:14:00
862,user_862@test.com,$2a$10$7zB3qQzEcbB7mU5eL2n9fO0xH98o2tYpM.2s5lR7wE.2F8u7y6X1.,홍주인,010-5896-5916,1977-01-12,ROLE_USER,ACTIVE,2025-04-07 00:00:00,2025-04-07 00:00:00,2026-06-24 20:57:00
863,user_863@test.com,$2a$10$7zB3qQzEcbB7mU5eL2n9fO0xH98o2tYpM.2s5lR7wE.2F8u7y6X1.,김민현,010-5819-8345,2003-06-26,ROLE_USER,ACTIVE,2024-03-30 00:00:00,2024-03-30 00:00:00,2026-06-28 17:43:00
864,user_864@test.com,$2a$10$7zB3qQzEcbB7mU5eL2n9fO0xH98o2tYpM.2s5lR7wE.2F8u7y6X1.,전지현,010-4835-7531,1999-11-25,ROLE_USER,ACTIVE,2024-11-23 00:00:00,2024-11-23 00:00:00,2026-06-24 20:59:00
865,user_865@test.com,$2a$10$7zB3qQzEcbB7mU5eL2n9fO0xH98o2tYpM.2s5lR7wE.2F8u7y6X1.,신지율,010-1664-9923,1976-07-28,ROLE_USER,ACTIVE,2024-05-28 00:00:00,2024-05-28 00:00:00,2026-06-20 15:36:00
866,user_866@test.com,$2a$10$7zB3qQzEcbB7mU5eL2n9fO0xH98o2tYpM.2s5lR7wE.2F8u7y6X1.,윤시영,010-9026-8420,1995-09-13,ROLE_USER,ACTIVE,2025-07-28 00:00:00,2025-07-28 00:00:00,2026-07-02 21:27:00
867,user_867@test.com,$2a$10$7zB3qQzEcbB7mU5eL2n9fO0xH98o2tYpM.2s5lR7wE.2F8u7y6X1.,오지수,010-4910-7603,1994-07-08,ROLE_USER,ACTIVE,2024-02-14 00:00:00,2024-02-14 00:00:00,2026-05-14 08:01:00
868,user_868@test.com,$2a$10$7zB3qQzEcbB7mU5eL2n9fO0xH98o2tYpM.2s5lR7wE.2F8u7y6X1.,김도준,010-5517-2871,1998-06-12,ROLE_USER,ACTIVE,2024-08-18 00:00:00,2024-08-18 00:00:00,2026-06-19 19:12:00
869,user_869@test.com,$2a$10$7zB3qQzEcbB7mU5eL2n9fO0xH98o2tYpM.2s5lR7wE.2F8u7y6X1.,이서우,010-8527-6199,1984-09-19,ROLE_USER,ACTIVE,2025-05-17 00:00:00,2025-05-17 00:00:00,2026-06-27 22:09:00
870,user_870@test.com,$2a$10$7zB3qQzEcbB7mU5eL2n9fO0xH98o2tYpM.2s5lR7wE.2F8u7y6X1.,김시수,010-1196-9147,2004-11-05,ROLE_USER,ACTIVE,2024-05-19 00:00:00,2024-05-19 00:00:00,2026-06-30 15:54:00
871,user_871@test.com,$2a$10$7zB3qQzEcbB7mU5eL2n9fO0xH98o2tYpM.2s5lR7wE.2F8u7y6X1.,송시영,010-3025-9462,2002-12-24,ROLE_USER,ACTIVE,2024-12-21 00:00:00,2024-12-21 00:00:00,2026-06-24 10:23:00
872,user_872@test.com,$2a$10$7zB3qQzEcbB7mU5eL2n9fO0xH98o2tYpM.2s5lR7wE.2F8u7y6X1.,장민아,010-1060-3148,1974-07-14,ROLE_USER,ACTIVE,2025-01-26 00:00:00,2025-01-26 00:00:00,2026-06-06 22:59:00
873,user_873@test.com,$2a$10$7zB3qQzEcbB7mU5eL2n9fO0xH98o2tYpM.2s5lR7wE.2F8u7y6X1.,강시혁,010-5819-7355,1971-03-06,ROLE_USER,ACTIVE,2024-10-11 00:00:00,2024-10-11 00:00:00,2026-06-21 14:05:00
874,user_874@test.com,$2a$10$7zB3qQzEcbB7mU5eL2n9fO0xH98o2tYpM.2s5lR7wE.2F8u7y6X1.,황태원,010-8092-7520,1996-06-03,ROLE_USER,ACTIVE,2026-01-24 00:00:00,2026-01-24 00:00:00,2026-06-26 14:11:00
875,user_875@test.com,$2a$10$7zB3qQzEcbB7mU5eL2n9fO0xH98o2tYpM.2s5lR7wE.2F8u7y6X1.,이도인,010-9920-9682,1992-08-27,ROLE_USER,ACTIVE,2024-04-11 00:00:00,2024-04-11 00:00:00,2026-06-26 11:12:00
876,user_876@test.com,$2a$10$7zB3qQzEcbB7mU5eL2n9fO0xH98o2tYpM.2s5lR7wE.2F8u7y6X1.,안도준,010-2939-4067,1981-04-22,ROLE_USER,ACTIVE,2025-04-27 00:00:00,2025-04-27 00:00:00,2026-06-22 20:25:00
877,user_877@test.com,$2a$10$7zB3qQzEcbB7mU5eL2n9fO0xH98o2tYpM.2s5lR7wE.2F8u7y6X1.,장은빈,010-6985-8336,1974-08-13,ROLE_USER,ACTIVE,2025-01-13 00:00:00,2025-01-13 00:00:00,2026-06-28 15:56:00
878,user_878@test.com,$2a$10$7zB3qQzEcbB7mU5eL2n9fO0xH98o2tYpM.2s5lR7wE.2F8u7y6X1.,한은빈,010-5290-1905,1980-08-07,ROLE_USER,ACTIVE,2024-07-01 00:00:00,2024-07-01 00:00:00,2026-04-22 18:43:00
879,user_879@test.com,$2a$10$7zB3qQzEcbB7mU5eL2n9fO0xH98o2tYpM.2s5lR7wE.2F8u7y6X1.,한도수,010-3528-1787,1999-01-24,ROLE_USER,ACTIVE,2025-09-16 00:00:00,2025-09-16 00:00:00,2026-06-07 20:39:00
880,user_880@test.com,$2a$10$7zB3qQzEcbB7mU5eL2n9fO0xH98o2tYpM.2s5lR7wE.2F8u7y6X1.,서태원,010-3321-7764,1997-05-28,ROLE_USER,ACTIVE,2024-08-01 00:00:00,2024-08-01 00:00:00,2026-06-25 15:45:00
881,user_881@test.com,$2a$10$7zB3qQzEcbB7mU5eL2n9fO0xH98o2tYpM.2s5lR7wE.2F8u7y6X1.,안은우,010-8035-7713,1986-08-04,ROLE_USER,ACTIVE,2024-11-26 00:00:00,2024-11-26 00:00:00,2026-06-27 16:02:00
882,user_882@test.com,$2a$10$7zB3qQzEcbB7mU5eL2n9fO0xH98o2tYpM.2s5lR7wE.2F8u7y6X1.,이민우,010-8338-8717,1984-12-04,ROLE_USER,ACTIVE,2025-07-07 00:00:00,2025-07-07 00:00:00,2026-07-01 15:25:00
883,user_883@test.com,$2a$10$7zB3qQzEcbB7mU5eL2n9fO0xH98o2tYpM.2s5lR7wE.2F8u7y6X1.,강민준,010-5095-8046,1972-01-06,ROLE_USER,ACTIVE,2024-02-08 00:00:00,2024-02-08 00:00:00,2026-06-30 12:49:00
884,user_884@test.com,$2a$10$7zB3qQzEcbB7mU5eL2n9fO0xH98o2tYpM.2s5lR7wE.2F8u7y6X1.,정현원,010-6235-3960,1983-09-06,ROLE_USER,ACTIVE,2025-08-26 00:00:00,2025-08-26 00:00:00,2026-06-25 10:01:00
885,user_885@test.com,$2a$10$7zB3qQzEcbB7mU5eL2n9fO0xH98o2tYpM.2s5lR7wE.2F8u7y6X1.,장예아,010-7576-4046,1989-02-06,ROLE_USER,ACTIVE,2023-12-03 00:00:00,2023-12-03 00:00:00,2026-06-26 18:40:00
886,user_886@test.com,$2a$10$7zB3qQzEcbB7mU5eL2n9fO0xH98o2tYpM.2s5lR7wE.2F8u7y6X1.,강예혁,010-1431-5138,1979-12-01,ROLE_USER,ACTIVE,2024-07-10 00:00:00,2024-07-10 00:00:00,2026-06-24 09:05:00
887,user_887@test.com,$2a$10$7zB3qQzEcbB7mU5eL2n9fO0xH98o2tYpM.2s5lR7wE.2F8u7y6X1.,오지원,010-6130-2598,1995-06-09,ROLE_USER,ACTIVE,2024-01-12 00:00:00,2024-01-12 00:00:00,2026-06-21 15:49:00
888,user_888@test.com,$2a$10$7zB3qQzEcbB7mU5eL2n9fO0xH98o2tYpM.2s5lR7wE.2F8u7y6X1.,홍하인,010-7911-5967,1990-07-23,ROLE_USER,ACTIVE,2024-02-17 00:00:00,2024-02-17 00:00:00,2026-06-24 21:38:00
889,user_889@test.com,$2a$10$7zB3qQzEcbB7mU5eL2n9fO0xH98o2tYpM.2s5lR7wE.2F8u7y6X1.,강승아,010-9376-8898,1971-10-21,ROLE_USER,ACTIVE,2025-03-07 00:00:00,2025-03-07 00:00:00,2026-06-22 13:43:00
890,user_890@test.com,$2a$10$7zB3qQzEcbB7mU5eL2n9fO0xH98o2tYpM.2s5lR7wE.2F8u7y6X1.,조태우,010-5698-4219,1979-01-24,ROLE_USER,ACTIVE,2024-05-23 00:00:00,2024-05-23 00:00:00,2026-07-01 21:00:00
891,user_891@test.com,$2a$10$7zB3qQzEcbB7mU5eL2n9fO0xH98o2tYpM.2s5lR7wE.2F8u7y6X1.,강하빈,010-6999-9659,1976-05-08,ROLE_USER,ACTIVE,2024-02-17 00:00:00,2024-02-17 00:00:00,2026-06-25 17:39:00
892,user_892@test.com,$2a$10$7zB3qQzEcbB7mU5eL2n9fO0xH98o2tYpM.2s5lR7wE.2F8u7y6X1.,전민영,010-9964-2862,1998-01-20,ROLE_USER,ACTIVE,2026-04-07 00:00:00,2026-04-07 00:00:00,2026-06-29 16:36:00
893,user_893@test.com,$2a$10$7zB3qQzEcbB7mU5eL2n9fO0xH98o2tYpM.2s5lR7wE.2F8u7y6X1.,이도혁,010-1964-9109,1984-08-03,ROLE_USER,ACTIVE,2024-07-23 00:00:00,2024-07-23 00:00:00,2026-06-28 09:42:00
894,user_894@test.com,$2a$10$7zB3qQzEcbB7mU5eL2n9fO0xH98o2tYpM.2s5lR7wE.2F8u7y6X1.,장승빈,010-1884-7307,1984-11-14,ROLE_USER,ACTIVE,2025-07-08 00:00:00,2025-07-08 00:00:00,2026-06-28 19:34:00
895,user_895@test.com,$2a$10$7zB3qQzEcbB7mU5eL2n9fO0xH98o2tYpM.2s5lR7wE.2F8u7y6X1.,송민인,010-2646-3330,1999-09-11,ROLE_USER,ACTIVE,2024-04-25 00:00:00,2024-04-25 00:00:00,2026-06-24 18:51:00
896,user_896@test.com,$2a$10$7zB3qQzEcbB7mU5eL2n9fO0xH98o2tYpM.2s5lR7wE.2F8u7y6X1.,이예인,010-9869-9184,2000-10-26,ROLE_USER,ACTIVE,2026-05-01 00:00:00,2026-05-01 00:00:00,2026-05-13 13:04:00
897,user_897@test.com,$2a$10$7zB3qQzEcbB7mU5eL2n9fO0xH98o2tYpM.2s5lR7wE.2F8u7y6X1.,홍예인,010-5123-3957,2002-12-27,ROLE_USER,ACTIVE,2025-12-01 00:00:00,2025-12-01 00:00:00,2026-06-28 21:36:00
898,user_898@test.com,$2a$10$7zB3qQzEcbB7mU5eL2n9fO0xH98o2tYpM.2s5lR7wE.2F8u7y6X1.,권태수,010-4327-4801,1973-04-19,ROLE_USER,ACTIVE,2023-12-25 00:00:00,2023-12-25 00:00:00,2026-06-21 16:00:00
899,user_899@test.com,$2a$10$7zB3qQzEcbB7mU5eL2n9fO0xH98o2tYpM.2s5lR7wE.2F8u7y6X1.,조지아,010-7845-6118,1986-02-09,ROLE_USER,ACTIVE,2026-01-22 00:00:00,2026-01-22 00:00:00,2026-06-29 18:19:00
900,user_900@test.com,$2a$10$7zB3qQzEcbB7mU5eL2n9fO0xH98o2tYpM.2s5lR7wE.2F8u7y6X1.,정현아,010-1229-1549,1970-05-25,ROLE_USER,ACTIVE,2024-02-07 00:00:00,2024-02-07 00:00:00,2026-06-21 22:44:00
901,user_901@test.com,$2a$10$7zB3qQzEcbB7mU5eL2n9fO0xH98o2tYpM.2s5lR7wE.2F8u7y6X1.,서지율,010-4112-4656,1994-06-18,ROLE_USER,ACTIVE,2026-05-24 00:00:00,2026-05-24 00:00:00,2026-06-04 12:35:00
902,user_902@test.com,$2a$10$7zB3qQzEcbB7mU5eL2n9fO0xH98o2tYpM.2s5lR7wE.2F8u7y6X1.,윤도아,010-2527-2042,2003-02-20,ROLE_USER,ACTIVE,2024-09-11 00:00:00,2024-09-11 00:00:00,2026-06-20 22:18:00
903,user_903@test.com,$2a$10$7zB3qQzEcbB7mU5eL2n9fO0xH98o2tYpM.2s5lR7wE.2F8u7y6X1.,한주인,010-3768-6188,1988-07-15,ROLE_USER,ACTIVE,2026-02-18 00:00:00,2026-02-18 00:00:00,2026-06-29 09:45:00
904,user_904@test.com,$2a$10$7zB3qQzEcbB7mU5eL2n9fO0xH98o2tYpM.2s5lR7wE.2F8u7y6X1.,신서수,010-4111-2412,1986-02-11,ROLE_USER,ACTIVE,2024-12-21 00:00:00,2024-12-21 00:00:00,2026-06-28 10:17:00
905,user_905@test.com,$2a$10$7zB3qQzEcbB7mU5eL2n9fO0xH98o2tYpM.2s5lR7wE.2F8u7y6X1.,전주현,010-3520-5140,1979-02-24,ROLE_USER,ACTIVE,2024-01-29 00:00:00,2024-01-29 00:00:00,2026-06-27 15:51:00
906,user_906@test.com,$2a$10$7zB3qQzEcbB7mU5eL2n9fO0xH98o2tYpM.2s5lR7wE.2F8u7y6X1.,장민인,010-6365-4347,1995-02-15,ROLE_USER,ACTIVE,2024-12-25 00:00:00,2024-12-25 00:00:00,2026-06-24 19:02:00
907,user_907@test.com,$2a$10$7zB3qQzEcbB7mU5eL2n9fO0xH98o2tYpM.2s5lR7wE.2F8u7y6X1.,장서수,010-3556-9017,1991-07-17,ROLE_USER,ACTIVE,2025-06-21 00:00:00,2025-06-21 00:00:00,2026-06-22 11:17:00
908,user_908@test.com,$2a$10$7zB3qQzEcbB7mU5eL2n9fO0xH98o2tYpM.2s5lR7wE.2F8u7y6X1.,황예혁,010-2915-4722,1995-10-27,ROLE_USER,ACTIVE,2025-01-07 00:00:00,2025-01-07 00:00:00,2026-06-25 20:11:00
909,user_909@test.com,$2a$10$7zB3qQzEcbB7mU5eL2n9fO0xH98o2tYpM.2s5lR7wE.2F8u7y6X1.,김시우,010-6241-1898,1982-12-23,ROLE_USER,ACTIVE,2025-05-18 00:00:00,2025-05-18 00:00:00,2026-06-22 22:35:00
910,user_910@test.com,$2a$10$7zB3qQzEcbB7mU5eL2n9fO0xH98o2tYpM.2s5lR7wE.2F8u7y6X1.,안현준,010-3484-3368,1978-03-20,ROLE_USER,ACTIVE,2025-06-10 00:00:00,2025-06-10 00:00:00,2026-06-20 09:48:00
911,user_911@test.com,$2a$10$7zB3qQzEcbB7mU5eL2n9fO0xH98o2tYpM.2s5lR7wE.2F8u7y6X1.,장시원,010-1680-4548,1983-08-01,ROLE_USER,ACTIVE,2025-06-06 00:00:00,2025-06-06 00:00:00,2026-06-22 18:32:00
912,user_912@test.com,$2a$10$7zB3qQzEcbB7mU5eL2n9fO0xH98o2tYpM.2s5lR7wE.2F8u7y6X1.,홍도인,010-1571-7720,1971-08-06,ROLE_USER,ACTIVE,2024-02-16 00:00:00,2024-02-16 00:00:00,2026-06-07 10:32:00
913,user_913@test.com,$2a$10$7zB3qQzEcbB7mU5eL2n9fO0xH98o2tYpM.2s5lR7wE.2F8u7y6X1.,최지현,010-7048-2914,1982-05-11,ROLE_USER,ACTIVE,2025-05-06 00:00:00,2025-05-06 00:00:00,2026-06-19 17:28:00
914,user_914@test.com,$2a$10$7zB3qQzEcbB7mU5eL2n9fO0xH98o2tYpM.2s5lR7wE.2F8u7y6X1.,한예빈,010-7285-9179,1979-09-24,ROLE_USER,ACTIVE,2025-03-16 00:00:00,2025-03-16 00:00:00,2026-07-02 17:46:00
915,user_915@test.com,$2a$10$7zB3qQzEcbB7mU5eL2n9fO0xH98o2tYpM.2s5lR7wE.2F8u7y6X1.,이시아,010-8747-9406,1977-07-28,ROLE_USER,ACTIVE,2024-05-12 00:00:00,2024-05-12 00:00:00,2026-05-12 14:12:00
916,user_916@test.com,$2a$10$7zB3qQzEcbB7mU5eL2n9fO0xH98o2tYpM.2s5lR7wE.2F8u7y6X1.,신예율,010-7422-2566,1988-09-15,ROLE_USER,ACTIVE,2026-05-04 00:00:00,2026-05-04 00:00:00,2026-05-18 10:33:00
917,user_917@test.com,$2a$10$7zB3qQzEcbB7mU5eL2n9fO0xH98o2tYpM.2s5lR7wE.2F8u7y6X1.,오예아,010-3047-2727,1996-10-27,ROLE_USER,ACTIVE,2026-03-17 00:00:00,2026-03-17 00:00:00,2026-06-20 08:44:00
918,user_918@test.com,$2a$10$7zB3qQzEcbB7mU5eL2n9fO0xH98o2tYpM.2s5lR7wE.2F8u7y6X1.,서서원,010-7264-7400,1991-04-03,ROLE_USER,ACTIVE,2024-09-10 00:00:00,2024-09-10 00:00:00,2026-06-26 15:45:00
919,user_919@test.com,$2a$10$7zB3qQzEcbB7mU5eL2n9fO0xH98o2tYpM.2s5lR7wE.2F8u7y6X1.,최현혁,010-2190-2858,1991-10-15,ROLE_USER,ACTIVE,2026-01-10 00:00:00,2026-01-10 00:00:00,2026-06-25 21:08:00
920,user_920@test.com,$2a$10$7zB3qQzEcbB7mU5eL2n9fO0xH98o2tYpM.2s5lR7wE.2F8u7y6X1.,안서준,010-5424-3761,1979-11-18,ROLE_USER,ACTIVE,2024-09-07 00:00:00,2024-09-07 00:00:00,2026-06-28 21:13:00
921,user_921@test.com,$2a$10$7zB3qQzEcbB7mU5eL2n9fO0xH98o2tYpM.2s5lR7wE.2F8u7y6X1.,장주현,010-7559-6235,1990-11-06,ROLE_USER,ACTIVE,2024-05-17 00:00:00,2024-05-17 00:00:00,2026-06-21 19:53:00
922,user_922@test.com,$2a$10$7zB3qQzEcbB7mU5eL2n9fO0xH98o2tYpM.2s5lR7wE.2F8u7y6X1.,안예원,010-5279-9859,1988-06-02,ROLE_USER,ACTIVE,2025-10-27 00:00:00,2025-10-27 00:00:00,2026-06-27 16:56:00
923,user_923@test.com,$2a$10$7zB3qQzEcbB7mU5eL2n9fO0xH98o2tYpM.2s5lR7wE.2F8u7y6X1.,이승현,010-1824-6012,2002-11-25,ROLE_USER,ACTIVE,2024-03-29 00:00:00,2024-03-29 00:00:00,2026-06-18 11:37:00
924,user_924@test.com,$2a$10$7zB3qQzEcbB7mU5eL2n9fO0xH98o2tYpM.2s5lR7wE.2F8u7y6X1.,송은현,010-5728-9924,2000-09-17,ROLE_USER,ACTIVE,2023-10-12 00:00:00,2023-10-12 00:00:00,2026-06-24 21:56:00
925,user_925@test.com,$2a$10$7zB3qQzEcbB7mU5eL2n9fO0xH98o2tYpM.2s5lR7wE.2F8u7y6X1.,이지영,010-1572-6993,1987-01-13,ROLE_USER,ACTIVE,2024-02-14 00:00:00,2024-02-14 00:00:00,2026-06-24 17:19:00
926,user_926@test.com,$2a$10$7zB3qQzEcbB7mU5eL2n9fO0xH98o2tYpM.2s5lR7wE.2F8u7y6X1.,정서현,010-9624-1302,1992-11-21,ROLE_USER,ACTIVE,2024-02-24 00:00:00,2024-02-24 00:00:00,2026-07-01 10:58:00
927,user_927@test.com,$2a$10$7zB3qQzEcbB7mU5eL2n9fO0xH98o2tYpM.2s5lR7wE.2F8u7y6X1.,조민빈,010-9240-2481,2001-08-16,ROLE_USER,ACTIVE,2025-10-20 00:00:00,2025-10-20 00:00:00,2026-06-20 13:14:00
928,user_928@test.com,$2a$10$7zB3qQzEcbB7mU5eL2n9fO0xH98o2tYpM.2s5lR7wE.2F8u7y6X1.,조현영,010-8617-8353,1980-10-08,ROLE_USER,ACTIVE,2024-07-06 00:00:00,2024-07-06 00:00:00,2026-06-27 08:22:00
929,user_929@test.com,$2a$10$7zB3qQzEcbB7mU5eL2n9fO0xH98o2tYpM.2s5lR7wE.2F8u7y6X1.,오현빈,010-6039-2656,2001-10-05,ROLE_USER,ACTIVE,2025-02-15 00:00:00,2025-02-15 00:00:00,2026-06-18 19:49:00
930,user_930@test.com,$2a$10$7zB3qQzEcbB7mU5eL2n9fO0xH98o2tYpM.2s5lR7wE.2F8u7y6X1.,최현아,010-7123-4610,1998-10-21,ROLE_USER,ACTIVE,2025-06-07 00:00:00,2025-06-07 00:00:00,2026-04-21 22:15:00
931,user_931@test.com,$2a$10$7zB3qQzEcbB7mU5eL2n9fO0xH98o2tYpM.2s5lR7wE.2F8u7y6X1.,송하혁,010-1284-5977,1992-09-25,ROLE_USER,ACTIVE,2024-03-06 00:00:00,2024-03-06 00:00:00,2026-06-19 20:05:00
932,user_932@test.com,$2a$10$7zB3qQzEcbB7mU5eL2n9fO0xH98o2tYpM.2s5lR7wE.2F8u7y6X1.,강지우,010-3108-2836,1981-08-09,ROLE_USER,ACTIVE,2025-10-04 00:00:00,2025-10-04 00:00:00,2026-06-28 09:47:00
933,user_933@test.com,$2a$10$7zB3qQzEcbB7mU5eL2n9fO0xH98o2tYpM.2s5lR7wE.2F8u7y6X1.,장도아,010-9425-6742,1990-05-21,ROLE_USER,ACTIVE,2023-11-24 00:00:00,2023-11-24 00:00:00,2026-06-27 08:09:00
934,user_934@test.com,$2a$10$7zB3qQzEcbB7mU5eL2n9fO0xH98o2tYpM.2s5lR7wE.2F8u7y6X1.,박민아,010-2155-7371,1989-07-23,ROLE_USER,ACTIVE,2024-03-04 00:00:00,2024-03-04 00:00:00,2026-06-27 21:34:00
935,user_935@test.com,$2a$10$7zB3qQzEcbB7mU5eL2n9fO0xH98o2tYpM.2s5lR7wE.2F8u7y6X1.,윤주수,010-9023-4792,1970-08-04,ROLE_USER,ACTIVE,2025-02-03 00:00:00,2025-02-03 00:00:00,2026-06-19 08:39:00
936,user_936@test.com,$2a$10$7zB3qQzEcbB7mU5eL2n9fO0xH98o2tYpM.2s5lR7wE.2F8u7y6X1.,임시영,010-1170-8321,1991-02-23,ROLE_USER,ACTIVE,2024-09-06 00:00:00,2024-09-06 00:00:00,2026-06-19 11:55:00
937,user_937@test.com,$2a$10$7zB3qQzEcbB7mU5eL2n9fO0xH98o2tYpM.2s5lR7wE.2F8u7y6X1.,이현아,010-3916-5888,1981-01-10,ROLE_USER,ACTIVE,2024-03-20 00:00:00,2024-03-20 00:00:00,2026-06-29 08:18:00
938,user_938@test.com,$2a$10$7zB3qQzEcbB7mU5eL2n9fO0xH98o2tYpM.2s5lR7wE.2F8u7y6X1.,박주빈,010-6610-7959,1971-02-06,ROLE_USER,ACTIVE,2024-02-05 00:00:00,2024-02-05 00:00:00,2026-06-06 19:40:00
939,user_939@test.com,$2a$10$7zB3qQzEcbB7mU5eL2n9fO0xH98o2tYpM.2s5lR7wE.2F8u7y6X1.,박도원,010-6974-1534,1989-04-13,ROLE_USER,ACTIVE,2025-05-05 00:00:00,2025-05-05 00:00:00,2026-06-11 09:10:00
940,user_940@test.com,$2a$10$7zB3qQzEcbB7mU5eL2n9fO0xH98o2tYpM.2s5lR7wE.2F8u7y6X1.,박지빈,010-8123-9784,1971-05-08,ROLE_USER,ACTIVE,2026-05-07 00:00:00,2026-05-07 00:00:00,2026-04-24 21:27:00
941,user_941@test.com,$2a$10$7zB3qQzEcbB7mU5eL2n9fO0xH98o2tYpM.2s5lR7wE.2F8u7y6X1.,서도영,010-9218-4297,1999-08-12,ROLE_USER,ACTIVE,2023-11-28 00:00:00,2023-11-28 00:00:00,2026-06-22 14:15:00
942,user_942@test.com,$2a$10$7zB3qQzEcbB7mU5eL2n9fO0xH98o2tYpM.2s5lR7wE.2F8u7y6X1.,임하율,010-2550-7659,1979-01-19,ROLE_USER,ACTIVE,2025-04-25 00:00:00,2025-04-25 00:00:00,2026-06-18 16:53:00
943,user_943@test.com,$2a$10$7zB3qQzEcbB7mU5eL2n9fO0xH98o2tYpM.2s5lR7wE.2F8u7y6X1.,전시현,010-1027-9603,1982-02-19,ROLE_USER,ACTIVE,2025-08-05 00:00:00,2025-08-05 00:00:00,2026-06-23 15:52:00
944,user_944@test.com,$2a$10$7zB3qQzEcbB7mU5eL2n9fO0xH98o2tYpM.2s5lR7wE.2F8u7y6X1.,최하수,010-1931-3680,1974-05-13,ROLE_USER,ACTIVE,2023-10-11 00:00:00,2023-10-11 00:00:00,2026-06-26 15:44:00
945,user_945@test.com,$2a$10$7zB3qQzEcbB7mU5eL2n9fO0xH98o2tYpM.2s5lR7wE.2F8u7y6X1.,서주빈,010-4788-2460,1978-05-26,ROLE_USER,ACTIVE,2026-05-08 00:00:00,2026-05-08 00:00:00,2026-05-18 12:44:00
946,user_946@test.com,$2a$10$7zB3qQzEcbB7mU5eL2n9fO0xH98o2tYpM.2s5lR7wE.2F8u7y6X1.,한민빈,010-9474-3879,1994-05-06,ROLE_USER,ACTIVE,2025-12-23 00:00:00,2025-12-23 00:00:00,2026-06-27 11:09:00
947,user_947@test.com,$2a$10$7zB3qQzEcbB7mU5eL2n9fO0xH98o2tYpM.2s5lR7wE.2F8u7y6X1.,홍승현,010-8075-5999,1986-11-07,ROLE_USER,ACTIVE,2023-12-13 00:00:00,2023-12-13 00:00:00,2026-06-23 19:42:00
948,user_948@test.com,$2a$10$7zB3qQzEcbB7mU5eL2n9fO0xH98o2tYpM.2s5lR7wE.2F8u7y6X1.,윤주아,010-5189-3698,2001-04-05,ROLE_USER,ACTIVE,2024-04-02 00:00:00,2024-04-02 00:00:00,2026-06-08 17:10:00
949,user_949@test.com,$2a$10$7zB3qQzEcbB7mU5eL2n9fO0xH98o2tYpM.2s5lR7wE.2F8u7y6X1.,정도준,010-7445-2178,1975-04-08,ROLE_USER,ACTIVE,2024-06-18 00:00:00,2024-06-18 00:00:00,2026-06-23 16:25:00
950,user_950@test.com,$2a$10$7zB3qQzEcbB7mU5eL2n9fO0xH98o2tYpM.2s5lR7wE.2F8u7y6X1.,오승현,010-3449-8336,1988-07-01,ROLE_USER,ACTIVE,2025-04-15 00:00:00,2025-04-15 00:00:00,2026-06-24 12:59:00
951,user_951@test.com,$2a$10$7zB3qQzEcbB7mU5eL2n9fO0xH98o2tYpM.2s5lR7wE.2F8u7y6X1.,신은원,010-9582-3751,1971-06-24,ROLE_USER,ACTIVE,2025-12-08 00:00:00,2025-12-08 00:00:00,2026-06-07 14:05:00
952,user_952@test.com,$2a$10$7zB3qQzEcbB7mU5eL2n9fO0xH98o2tYpM.2s5lR7wE.2F8u7y6X1.,윤시빈,010-2156-3558,1976-04-09,ROLE_USER,ACTIVE,2026-04-24 00:00:00,2026-04-24 00:00:00,2026-05-13 20:21:00
953,user_953@test.com,$2a$10$7zB3qQzEcbB7mU5eL2n9fO0xH98o2tYpM.2s5lR7wE.2F8u7y6X1.,서지우,010-8249-5426,1973-03-11,ROLE_USER,ACTIVE,2024-03-13 00:00:00,2024-03-13 00:00:00,2026-06-24 15:27:00
954,user_954@test.com,$2a$10$7zB3qQzEcbB7mU5eL2n9fO0xH98o2tYpM.2s5lR7wE.2F8u7y6X1.,이도아,010-5363-2778,1989-12-10,ROLE_USER,ACTIVE,2025-09-13 00:00:00,2025-09-13 00:00:00,2026-06-25 12:09:00
955,user_955@test.com,$2a$10$7zB3qQzEcbB7mU5eL2n9fO0xH98o2tYpM.2s5lR7wE.2F8u7y6X1.,정승우,010-7473-1897,1996-06-13,ROLE_USER,ACTIVE,2026-02-08 00:00:00,2026-02-08 00:00:00,2026-06-19 12:25:00
956,user_956@test.com,$2a$10$7zB3qQzEcbB7mU5eL2n9fO0xH98o2tYpM.2s5lR7wE.2F8u7y6X1.,김주아,010-6006-8586,1985-01-24,ROLE_USER,ACTIVE,2024-06-06 00:00:00,2024-06-06 00:00:00,2026-06-29 22:25:00
957,user_957@test.com,$2a$10$7zB3qQzEcbB7mU5eL2n9fO0xH98o2tYpM.2s5lR7wE.2F8u7y6X1.,조서인,010-8875-9665,1970-06-25,ROLE_USER,ACTIVE,2023-12-05 00:00:00,2023-12-05 00:00:00,2026-06-24 11:29:00
958,user_958@test.com,$2a$10$7zB3qQzEcbB7mU5eL2n9fO0xH98o2tYpM.2s5lR7wE.2F8u7y6X1.,홍현수,010-8739-8889,2000-07-13,ROLE_USER,ACTIVE,2025-11-14 00:00:00,2025-11-14 00:00:00,2026-06-27 22:50:00
959,user_959@test.com,$2a$10$7zB3qQzEcbB7mU5eL2n9fO0xH98o2tYpM.2s5lR7wE.2F8u7y6X1.,장지수,010-9355-6110,1989-12-06,ROLE_USER,ACTIVE,2024-04-30 00:00:00,2024-04-30 00:00:00,2026-06-30 20:44:00
960,user_960@test.com,$2a$10$7zB3qQzEcbB7mU5eL2n9fO0xH98o2tYpM.2s5lR7wE.2F8u7y6X1.,황시영,010-2736-3189,1981-09-22,ROLE_USER,ACTIVE,2025-03-30 00:00:00,2025-03-30 00:00:00,2026-06-18 20:47:00
961,user_961@test.com,$2a$10$7zB3qQzEcbB7mU5eL2n9fO0xH98o2tYpM.2s5lR7wE.2F8u7y6X1.,강도율,010-8562-8344,1979-07-04,ROLE_USER,ACTIVE,2026-02-16 00:00:00,2026-02-16 00:00:00,2026-06-06 17:36:00
962,user_962@test.com,$2a$10$7zB3qQzEcbB7mU5eL2n9fO0xH98o2tYpM.2s5lR7wE.2F8u7y6X1.,안서현,010-6105-1609,1988-11-27,ROLE_USER,ACTIVE,2025-11-20 00:00:00,2025-11-20 00:00:00,2026-06-20 14:45:00
963,user_963@test.com,$2a$10$7zB3qQzEcbB7mU5eL2n9fO0xH98o2tYpM.2s5lR7wE.2F8u7y6X1.,권예영,010-2478-1175,1977-03-28,ROLE_USER,ACTIVE,2023-12-31 00:00:00,2023-12-31 00:00:00,2026-06-27 12:58:00
964,user_964@test.com,$2a$10$7zB3qQzEcbB7mU5eL2n9fO0xH98o2tYpM.2s5lR7wE.2F8u7y6X1.,조지원,010-9539-7434,1997-08-27,ROLE_USER,ACTIVE,2024-09-11 00:00:00,2024-09-11 00:00:00,2026-06-22 16:17:00
965,user_965@test.com,$2a$10$7zB3qQzEcbB7mU5eL2n9fO0xH98o2tYpM.2s5lR7wE.2F8u7y6X1.,강도수,010-2216-7343,1974-01-13,ROLE_USER,ACTIVE,2024-11-16 00:00:00,2024-11-16 00:00:00,2026-06-11 13:58:00
966,user_966@test.com,$2a$10$7zB3qQzEcbB7mU5eL2n9fO0xH98o2tYpM.2s5lR7wE.2F8u7y6X1.,송태영,010-6192-2139,1982-11-28,ROLE_USER,ACTIVE,2025-11-27 00:00:00,2025-11-27 00:00:00,2026-07-01 22:11:00
967,user_967@test.com,$2a$10$7zB3qQzEcbB7mU5eL2n9fO0xH98o2tYpM.2s5lR7wE.2F8u7y6X1.,오지빈,010-1431-8921,1991-05-04,ROLE_USER,ACTIVE,2026-01-08 00:00:00,2026-01-08 00:00:00,2026-06-29 16:26:00
968,user_968@test.com,$2a$10$7zB3qQzEcbB7mU5eL2n9fO0xH98o2tYpM.2s5lR7wE.2F8u7y6X1.,황민우,010-7886-7149,1989-08-25,ROLE_USER,ACTIVE,2026-01-18 00:00:00,2026-01-18 00:00:00,2026-06-26 10:58:00
969,user_969@test.com,$2a$10$7zB3qQzEcbB7mU5eL2n9fO0xH98o2tYpM.2s5lR7wE.2F8u7y6X1.,조승아,010-9054-1496,1979-11-08,ROLE_USER,ACTIVE,2024-07-19 00:00:00,2024-07-19 00:00:00,2026-05-11 14:23:00
970,user_970@test.com,$2a$10$7zB3qQzEcbB7mU5eL2n9fO0xH98o2tYpM.2s5lR7wE.2F8u7y6X1.,박현수,010-9848-6423,1985-11-18,ROLE_USER,ACTIVE,2023-12-29 00:00:00,2023-12-29 00:00:00,2026-06-28 14:44:00
971,user_971@test.com,$2a$10$7zB3qQzEcbB7mU5eL2n9fO0xH98o2tYpM.2s5lR7wE.2F8u7y6X1.,윤예아,010-2111-3665,1982-06-10,ROLE_USER,ACTIVE,2024-09-05 00:00:00,2024-09-05 00:00:00,2026-06-26 17:01:00
972,user_972@test.com,$2a$10$7zB3qQzEcbB7mU5eL2n9fO0xH98o2tYpM.2s5lR7wE.2F8u7y6X1.,전승인,010-6800-6961,1993-09-26,ROLE_USER,ACTIVE,2024-10-01 00:00:00,2024-10-01 00:00:00,2026-06-26 10:18:00
973,user_973@test.com,$2a$10$7zB3qQzEcbB7mU5eL2n9fO0xH98o2tYpM.2s5lR7wE.2F8u7y6X1.,장예우,010-1359-7539,1991-01-02,ROLE_USER,ACTIVE,2024-02-11 00:00:00,2024-02-11 00:00:00,2026-06-22 18:24:00
974,user_974@test.com,$2a$10$7zB3qQzEcbB7mU5eL2n9fO0xH98o2tYpM.2s5lR7wE.2F8u7y6X1.,송하준,010-6172-3562,1996-01-12,ROLE_USER,ACTIVE,2025-02-26 00:00:00,2025-02-26 00:00:00,2026-06-19 18:16:00
975,user_975@test.com,$2a$10$7zB3qQzEcbB7mU5eL2n9fO0xH98o2tYpM.2s5lR7wE.2F8u7y6X1.,안시빈,010-5033-3671,2002-02-11,ROLE_USER,ACTIVE,2026-03-26 00:00:00,2026-03-26 00:00:00,2026-06-26 10:23:00
976,user_976@test.com,$2a$10$7zB3qQzEcbB7mU5eL2n9fO0xH98o2tYpM.2s5lR7wE.2F8u7y6X1.,최승빈,010-7397-7592,1973-03-04,ROLE_USER,ACTIVE,2026-01-22 00:00:00,2026-01-22 00:00:00,2026-06-28 18:52:00
977,user_977@test.com,$2a$10$7zB3qQzEcbB7mU5eL2n9fO0xH98o2tYpM.2s5lR7wE.2F8u7y6X1.,강하우,010-5215-9288,1980-09-20,ROLE_USER,ACTIVE,2025-05-08 00:00:00,2025-05-08 00:00:00,2026-06-29 17:25:00
978,user_978@test.com,$2a$10$7zB3qQzEcbB7mU5eL2n9fO0xH98o2tYpM.2s5lR7wE.2F8u7y6X1.,최태수,010-2808-6993,1997-11-19,ROLE_USER,ACTIVE,2024-02-11 00:00:00,2024-02-11 00:00:00,2026-06-05 12:43:00
979,user_979@test.com,$2a$10$7zB3qQzEcbB7mU5eL2n9fO0xH98o2tYpM.2s5lR7wE.2F8u7y6X1.,박태우,010-6176-4953,1982-07-26,ROLE_USER,ACTIVE,2024-10-29 00:00:00,2024-10-29 00:00:00,2026-06-21 16:14:00
980,user_980@test.com,$2a$10$7zB3qQzEcbB7mU5eL2n9fO0xH98o2tYpM.2s5lR7wE.2F8u7y6X1.,임도현,010-4223-5632,1994-07-25,ROLE_USER,ACTIVE,2025-06-17 00:00:00,2025-06-17 00:00:00,2026-06-23 15:44:00
981,user_981@test.com,$2a$10$7zB3qQzEcbB7mU5eL2n9fO0xH98o2tYpM.2s5lR7wE.2F8u7y6X1.,임시아,010-8048-8629,1984-01-08,ROLE_USER,ACTIVE,2024-01-29 00:00:00,2024-01-29 00:00:00,2026-06-25 16:47:00
982,user_982@test.com,$2a$10$7zB3qQzEcbB7mU5eL2n9fO0xH98o2tYpM.2s5lR7wE.2F8u7y6X1.,서승율,010-2057-2784,1987-06-26,ROLE_USER,ACTIVE,2023-10-16 00:00:00,2023-10-16 00:00:00,2026-06-24 20:21:00
983,user_983@test.com,$2a$10$7zB3qQzEcbB7mU5eL2n9fO0xH98o2tYpM.2s5lR7wE.2F8u7y6X1.,박승준,010-7273-6035,1995-09-21,ROLE_USER,ACTIVE,2026-01-28 00:00:00,2026-01-28 00:00:00,2026-07-01 18:03:00
984,user_984@test.com,$2a$10$7zB3qQzEcbB7mU5eL2n9fO0xH98o2tYpM.2s5lR7wE.2F8u7y6X1.,신승준,010-2247-8716,1998-09-16,ROLE_USER,ACTIVE,2025-04-04 00:00:00,2025-04-04 00:00:00,2026-07-01 22:34:00
985,user_985@test.com,$2a$10$7zB3qQzEcbB7mU5eL2n9fO0xH98o2tYpM.2s5lR7wE.2F8u7y6X1.,임태아,010-8718-4727,1994-02-28,ROLE_USER,ACTIVE,2026-03-23 00:00:00,2026-03-23 00:00:00,2026-06-29 08:28:00
986,user_986@test.com,$2a$10$7zB3qQzEcbB7mU5eL2n9fO0xH98o2tYpM.2s5lR7wE.2F8u7y6X1.,정주현,010-9159-3192,2004-12-01,ROLE_USER,ACTIVE,2025-08-25 00:00:00,2025-08-25 00:00:00,2026-06-18 22:31:00
987,user_987@test.com,$2a$10$7zB3qQzEcbB7mU5eL2n9fO0xH98o2tYpM.2s5lR7wE.2F8u7y6X1.,전은영,010-5993-7476,1970-02-27,ROLE_USER,ACTIVE,2023-12-07 00:00:00,2023-12-07 00:00:00,2026-06-04 21:23:00
988,user_988@test.com,$2a$10$7zB3qQzEcbB7mU5eL2n9fO0xH98o2tYpM.2s5lR7wE.2F8u7y6X1.,임예아,010-7415-6149,1979-02-16,ROLE_USER,ACTIVE,2023-11-06 00:00:00,2023-11-06 00:00:00,2026-06-18 16:37:00
989,user_989@test.com,$2a$10$7zB3qQzEcbB7mU5eL2n9fO0xH98o2tYpM.2s5lR7wE.2F8u7y6X1.,조하영,010-5847-5969,2004-09-09,ROLE_USER,ACTIVE,2025-04-25 00:00:00,2025-04-25 00:00:00,2026-06-18 21:14:00
990,user_990@test.com,$2a$10$7zB3qQzEcbB7mU5eL2n9fO0xH98o2tYpM.2s5lR7wE.2F8u7y6X1.,안도우,010-5975-7125,1971-11-13,ROLE_USER,ACTIVE,2024-05-14 00:00:00,2024-05-14 00:00:00,2026-06-29 15:57:00
991,user_991@test.com,$2a$10$7zB3qQzEcbB7mU5eL2n9fO0xH98o2tYpM.2s5lR7wE.2F8u7y6X1.,권현빈,010-2075-6608,1992-06-24,ROLE_USER,ACTIVE,2025-06-16 00:00:00,2025-06-16 00:00:00,2026-07-01 18:27:00
992,user_992@test.com,$2a$10$7zB3qQzEcbB7mU5eL2n9fO0xH98o2tYpM.2s5lR7wE.2F8u7y6X1.,황시아,010-9673-2317,1998-10-20,ROLE_USER,ACTIVE,2025-01-12 00:00:00,2025-01-12 00:00:00,2026-05-22 13:59:00
993,user_993@test.com,$2a$10$7zB3qQzEcbB7mU5eL2n9fO0xH98o2tYpM.2s5lR7wE.2F8u7y6X1.,김지아,010-4713-3640,1975-04-21,ROLE_USER,ACTIVE,2025-01-29 00:00:00,2025-01-29 00:00:00,2026-06-24 20:30:00
994,user_994@test.com,$2a$10$7zB3qQzEcbB7mU5eL2n9fO0xH98o2tYpM.2s5lR7wE.2F8u7y6X1.,서태아,010-5654-9181,1983-10-03,ROLE_USER,ACTIVE,2025-07-25 00:00:00,2025-07-25 00:00:00,2026-06-17 11:49:00
995,user_995@test.com,$2a$10$7zB3qQzEcbB7mU5eL2n9fO0xH98o2tYpM.2s5lR7wE.2F8u7y6X1.,권시율,010-7281-7004,1998-07-17,ROLE_USER,ACTIVE,2024-06-25 00:00:00,2024-06-25 00:00:00,2026-06-25 17:58:00
996,user_996@test.com,$2a$10$7zB3qQzEcbB7mU5eL2n9fO0xH98o2tYpM.2s5lR7wE.2F8u7y6X1.,송서아,010-8902-6839,1988-08-04,ROLE_USER,ACTIVE,2024-10-28 00:00:00,2024-10-28 00:00:00,2026-06-30 11:17:00
997,user_997@test.com,$2a$10$7zB3qQzEcbB7mU5eL2n9fO0xH98o2tYpM.2s5lR7wE.2F8u7y6X1.,전시현,010-8228-6639,1997-02-21,ROLE_USER,ACTIVE,2025-10-16 00:00:00,2025-10-16 00:00:00,2026-06-29 09:05:00
998,user_998@test.com,$2a$10$7zB3qQzEcbB7mU5eL2n9fO0xH98o2tYpM.2s5lR7wE.2F8u7y6X1.,조도혁,010-1957-7757,2001-06-14,ROLE_USER,ACTIVE,2026-02-01 00:00:00,2026-02-01 00:00:00,2026-07-01 08:09:00
999,user_999@test.com,$2a$10$7zB3qQzEcbB7mU5eL2n9fO0xH98o2tYpM.2s5lR7wE.2F8u7y6X1.,서지영,010-7804-7876,1972-10-04,ROLE_USER,ACTIVE,2026-01-25 00:00:00,2026-01-25 00:00:00,2026-06-28 22:30:00
1000,user_1000@test.com,$2a$10$7zB3qQzEcbB7mU5eL2n9fO0xH98o2tYpM.2s5lR7wE.2F8u7y6X1.,윤현아,010-3912-7214,1999-09-23,ROLE_USER,ACTIVE,2024-07-10 00:00:00,2024-07-10 00:00:00,2026-06-22 22:13:00
1001,user_1001@test.com,$2a$10$7zB3qQzEcbB7mU5eL2n9fO0xH98o2tYpM.2s5lR7wE.2F8u7y6X1.,신하아,010-5990-4169,1982-02-19,ROLE_USER,ACTIVE,2024-10-10 00:00:00,2024-10-10 00:00:00,2026-07-02 14:37:00
1002,user_1002@test.com,$2a$10$7zB3qQzEcbB7mU5eL2n9fO0xH98o2tYpM.2s5lR7wE.2F8u7y6X1.,이승수,010-8352-3587,1974-03-02,ROLE_USER,ACTIVE,2025-04-05 00:00:00,2025-04-05 00:00:00,2026-06-28 14:29:00
1003,user_1003@test.com,$2a$10$7zB3qQzEcbB7mU5eL2n9fO0xH98o2tYpM.2s5lR7wE.2F8u7y6X1.,박시혁,010-8678-1243,1993-07-19,ROLE_USER,ACTIVE,2026-01-24 00:00:00,2026-01-24 00:00:00,2026-06-19 09:10:00
1004,user_1004@test.com,$2a$10$7zB3qQzEcbB7mU5eL2n9fO0xH98o2tYpM.2s5lR7wE.2F8u7y6X1.,전태혁,010-6845-5795,2004-04-22,ROLE_USER,ACTIVE,2025-11-03 00:00:00,2025-11-03 00:00:00,2026-06-24 09:56:00
1005,user_1005@test.com,$2a$10$7zB3qQzEcbB7mU5eL2n9fO0xH98o2tYpM.2s5lR7wE.2F8u7y6X1.,김주아,010-2761-6753,1994-05-13,ROLE_USER,ACTIVE,2024-01-28 00:00:00,2024-01-28 00:00:00,2026-06-18 08:00:00
1006,user_1006@test.com,$2a$10$7zB3qQzEcbB7mU5eL2n9fO0xH98o2tYpM.2s5lR7wE.2F8u7y6X1.,송예인,010-1820-1517,1995-06-06,ROLE_USER,ACTIVE,2024-12-10 00:00:00,2024-12-10 00:00:00,2026-06-29 12:20:00
1007,user_1007@test.com,$2a$10$7zB3qQzEcbB7mU5eL2n9fO0xH98o2tYpM.2s5lR7wE.2F8u7y6X1.,안승빈,010-6498-3987,2000-12-21,ROLE_USER,ACTIVE,2025-03-31 00:00:00,2025-03-31 00:00:00,2026-06-20 10:09:00
1008,user_1008@test.com,$2a$10$7zB3qQzEcbB7mU5eL2n9fO0xH98o2tYpM.2s5lR7wE.2F8u7y6X1.,서예율,010-8836-8401,1973-01-25,ROLE_USER,ACTIVE,2024-02-10 00:00:00,2024-02-10 00:00:00,2026-06-03 12:41:00
1009,user_1009@test.com,$2a$10$7zB3qQzEcbB7mU5eL2n9fO0xH98o2tYpM.2s5lR7wE.2F8u7y6X1.,이서빈,010-1041-4455,1989-05-05,ROLE_USER,ACTIVE,2024-06-23 00:00:00,2024-06-23 00:00:00,2026-06-22 22:18:00
1010,user_1010@test.com,$2a$10$7zB3qQzEcbB7mU5eL2n9fO0xH98o2tYpM.2s5lR7wE.2F8u7y6X1.,송주아,010-2108-9185,1970-12-13,ROLE_USER,ACTIVE,2025-10-10 00:00:00,2025-10-10 00:00:00,2026-06-28 08:17:00
1011,user_1011@test.com,$2a$10$7zB3qQzEcbB7mU5eL2n9fO0xH98o2tYpM.2s5lR7wE.2F8u7y6X1.,황시준,010-2980-9010,1997-07-17,ROLE_USER,ACTIVE,2025-04-12 00:00:00,2025-04-12 00:00:00,2026-07-01 17:24:00
1012,user_1012@test.com,$2a$10$7zB3qQzEcbB7mU5eL2n9fO0xH98o2tYpM.2s5lR7wE.2F8u7y6X1.,황서아,010-4853-1667,1977-02-14,ROLE_USER,ACTIVE,2024-02-18 00:00:00,2024-02-18 00:00:00,2026-06-20 12:24:00
1013,user_1013@test.com,$2a$10$7zB3qQzEcbB7mU5eL2n9fO0xH98o2tYpM.2s5lR7wE.2F8u7y6X1.,서예현,010-9837-1037,1991-09-08,ROLE_USER,ACTIVE,2024-03-29 00:00:00,2024-03-29 00:00:00,2026-06-18 19:47:00
1014,user_1014@test.com,$2a$10$7zB3qQzEcbB7mU5eL2n9fO0xH98o2tYpM.2s5lR7wE.2F8u7y6X1.,신예빈,010-2667-4680,1976-07-22,ROLE_USER,ACTIVE,2025-04-04 00:00:00,2025-04-04 00:00:00,2026-06-29 14:51:00
1015,user_1015@test.com,$2a$10$7zB3qQzEcbB7mU5eL2n9fO0xH98o2tYpM.2s5lR7wE.2F8u7y6X1.,정민빈,010-7162-2031,1980-03-25,ROLE_USER,ACTIVE,2026-01-22 00:00:00,2026-01-22 00:00:00,2026-06-25 18:01:00
1016,user_1016@test.com,$2a$10$7zB3qQzEcbB7mU5eL2n9fO0xH98o2tYpM.2s5lR7wE.2F8u7y6X1.,김태율,010-6955-1401,1976-04-28,ROLE_USER,ACTIVE,2024-08-14 00:00:00,2024-08-14 00:00:00,2026-07-02 21:36:00
1017,user_1017@test.com,$2a$10$7zB3qQzEcbB7mU5eL2n9fO0xH98o2tYpM.2s5lR7wE.2F8u7y6X1.,장주빈,010-4181-5827,1985-10-19,ROLE_USER,ACTIVE,2026-04-16 00:00:00,2026-04-16 00:00:00,2026-04-17 16:35:00
1018,user_1018@test.com,$2a$10$7zB3qQzEcbB7mU5eL2n9fO0xH98o2tYpM.2s5lR7wE.2F8u7y6X1.,송지혁,010-8273-5947,1987-07-01,ROLE_USER,ACTIVE,2025-06-20 00:00:00,2025-06-20 00:00:00,2026-06-29 08:47:00
1019,user_1019@test.com,$2a$10$7zB3qQzEcbB7mU5eL2n9fO0xH98o2tYpM.2s5lR7wE.2F8u7y6X1.,임도우,010-8652-7045,1989-04-10,ROLE_USER,ACTIVE,2023-10-24 00:00:00,2023-10-24 00:00:00,2026-06-29 14:27:00
1020,user_1020@test.com,$2a$10$7zB3qQzEcbB7mU5eL2n9fO0xH98o2tYpM.2s5lR7wE.2F8u7y6X1.,강서인,010-3789-4863,1975-10-13,ROLE_USER,ACTIVE,2025-01-29 00:00:00,2025-01-29 00:00:00,2026-06-30 17:59:00
1021,user_1021@test.com,$2a$10$7zB3qQzEcbB7mU5eL2n9fO0xH98o2tYpM.2s5lR7wE.2F8u7y6X1.,전주영,010-2345-1653,1993-01-04,ROLE_USER,ACTIVE,2024-10-31 00:00:00,2024-10-31 00:00:00,2026-06-27 20:12:00
1022,user_1022@test.com,$2a$10$7zB3qQzEcbB7mU5eL2n9fO0xH98o2tYpM.2s5lR7wE.2F8u7y6X1.,안태준,010-8529-3458,1976-07-11,ROLE_USER,ACTIVE,2025-07-16 00:00:00,2025-07-16 00:00:00,2026-06-19 14:42:00
1023,user_1023@test.com,$2a$10$7zB3qQzEcbB7mU5eL2n9fO0xH98o2tYpM.2s5lR7wE.2F8u7y6X1.,박태우,010-4676-9587,1972-12-11,ROLE_USER,ACTIVE,2024-10-12 00:00:00,2024-10-12 00:00:00,2026-06-19 16:13:00
1024,user_1024@test.com,$2a$10$7zB3qQzEcbB7mU5eL2n9fO0xH98o2tYpM.2s5lR7wE.2F8u7y6X1.,장예아,010-9365-2433,1973-10-01,ROLE_USER,ACTIVE,2026-03-26 00:00:00,2026-03-26 00:00:00,2026-06-19 14:42:00
1025,user_1025@test.com,$2a$10$7zB3qQzEcbB7mU5eL2n9fO0xH98o2tYpM.2s5lR7wE.2F8u7y6X1.,박은인,010-1160-5441,1981-10-28,ROLE_USER,ACTIVE,2025-02-09 00:00:00,2025-02-09 00:00:00,2026-06-29 10:49:00
1026,user_1026@test.com,$2a$10$7zB3qQzEcbB7mU5eL2n9fO0xH98o2tYpM.2s5lR7wE.2F8u7y6X1.,전민원,010-3622-8833,1975-09-12,ROLE_USER,ACTIVE,2025-06-12 00:00:00,2025-06-12 00:00:00,2026-07-02 11:07:00
1027,user_1027@test.com,$2a$10$7zB3qQzEcbB7mU5eL2n9fO0xH98o2tYpM.2s5lR7wE.2F8u7y6X1.,신주아,010-4043-5499,1998-07-12,ROLE_USER,ACTIVE,2025-01-15 00:00:00,2025-01-15 00:00:00,2026-06-24 09:10:00
1028,user_1028@test.com,$2a$10$7zB3qQzEcbB7mU5eL2n9fO0xH98o2tYpM.2s5lR7wE.2F8u7y6X1.,김태인,010-9459-6115,1994-06-24,ROLE_USER,ACTIVE,2026-05-16 00:00:00,2026-05-16 00:00:00,2026-04-29 09:03:00
1029,user_1029@test.com,$2a$10$7zB3qQzEcbB7mU5eL2n9fO0xH98o2tYpM.2s5lR7wE.2F8u7y6X1.,강지아,010-5335-3918,1992-10-20,ROLE_USER,ACTIVE,2024-08-08 00:00:00,2024-08-08 00:00:00,2026-06-06 19:56:00
1030,user_1030@test.com,$2a$10$7zB3qQzEcbB7mU5eL2n9fO0xH98o2tYpM.2s5lR7wE.2F8u7y6X1.,서승우,010-6662-3896,1986-05-01,ROLE_USER,ACTIVE,2025-04-02 00:00:00,2025-04-02 00:00:00,2026-06-20 19:08:00
1031,user_1031@test.com,$2a$10$7zB3qQzEcbB7mU5eL2n9fO0xH98o2tYpM.2s5lR7wE.2F8u7y6X1.,서태아,010-5545-9853,1973-10-16,ROLE_USER,ACTIVE,2024-07-12 00:00:00,2024-07-12 00:00:00,2026-06-26 14:04:00
1032,user_1032@test.com,$2a$10$7zB3qQzEcbB7mU5eL2n9fO0xH98o2tYpM.2s5lR7wE.2F8u7y6X1.,강예원,010-2946-5827,1982-12-18,ROLE_USER,ACTIVE,2025-01-23 00:00:00,2025-01-23 00:00:00,2026-06-25 11:11:00
1033,user_1033@test.com,$2a$10$7zB3qQzEcbB7mU5eL2n9fO0xH98o2tYpM.2s5lR7wE.2F8u7y6X1.,황지혁,010-6735-7184,1974-02-23,ROLE_USER,ACTIVE,2025-11-06 00:00:00,2025-11-06 00:00:00,2026-06-26 19:03:00
1034,user_1034@test.com,$2a$10$7zB3qQzEcbB7mU5eL2n9fO0xH98o2tYpM.2s5lR7wE.2F8u7y6X1.,강민빈,010-1626-7781,1992-02-17,ROLE_USER,ACTIVE,2025-03-09 00:00:00,2025-03-09 00:00:00,2026-06-21 09:51:00
1035,user_1035@test.com,$2a$10$7zB3qQzEcbB7mU5eL2n9fO0xH98o2tYpM.2s5lR7wE.2F8u7y6X1.,황서인,010-6572-4669,2002-01-17,ROLE_USER,ACTIVE,2025-02-26 00:00:00,2025-02-26 00:00:00,2026-06-18 16:45:00
1036,user_1036@test.com,$2a$10$7zB3qQzEcbB7mU5eL2n9fO0xH98o2tYpM.2s5lR7wE.2F8u7y6X1.,장지준,010-6865-8606,1998-04-05,ROLE_USER,ACTIVE,2025-03-21 00:00:00,2025-03-21 00:00:00,2026-06-30 08:47:00
1037,user_1037@test.com,$2a$10$7zB3qQzEcbB7mU5eL2n9fO0xH98o2tYpM.2s5lR7wE.2F8u7y6X1.,오은아,010-6176-8834,1997-06-19,ROLE_USER,ACTIVE,2024-02-21 00:00:00,2024-02-21 00:00:00,2026-06-23 08:31:00
1038,user_1038@test.com,$2a$10$7zB3qQzEcbB7mU5eL2n9fO0xH98o2tYpM.2s5lR7wE.2F8u7y6X1.,전지현,010-1030-5289,1981-08-27,ROLE_USER,ACTIVE,2025-03-27 00:00:00,2025-03-27 00:00:00,2026-06-30 19:27:00
1039,user_1039@test.com,$2a$10$7zB3qQzEcbB7mU5eL2n9fO0xH98o2tYpM.2s5lR7wE.2F8u7y6X1.,박태수,010-3349-2407,2004-02-27,ROLE_USER,ACTIVE,2026-05-27 00:00:00,2026-05-27 00:00:00,2026-05-20 18:14:00
1040,user_1040@test.com,$2a$10$7zB3qQzEcbB7mU5eL2n9fO0xH98o2tYpM.2s5lR7wE.2F8u7y6X1.,신태우,010-7273-9014,1973-03-23,ROLE_USER,ACTIVE,2025-10-04 00:00:00,2025-10-04 00:00:00,2026-06-26 09:24:00
1041,user_1041@test.com,$2a$10$7zB3qQzEcbB7mU5eL2n9fO0xH98o2tYpM.2s5lR7wE.2F8u7y6X1.,황민아,010-3374-5791,2000-03-27,ROLE_USER,ACTIVE,2024-09-22 00:00:00,2024-09-22 00:00:00,2026-06-20 09:02:00
1042,user_1042@test.com,$2a$10$7zB3qQzEcbB7mU5eL2n9fO0xH98o2tYpM.2s5lR7wE.2F8u7y6X1.,최민빈,010-4382-1217,1980-07-06,ROLE_USER,ACTIVE,2024-12-21 00:00:00,2024-12-21 00:00:00,2026-06-27 16:13:00
1043,user_1043@test.com,$2a$10$7zB3qQzEcbB7mU5eL2n9fO0xH98o2tYpM.2s5lR7wE.2F8u7y6X1.,임태인,010-3000-4895,1971-10-03,ROLE_USER,ACTIVE,2026-04-12 00:00:00,2026-04-12 00:00:00,2026-07-02 16:51:00
1044,user_1044@test.com,$2a$10$7zB3qQzEcbB7mU5eL2n9fO0xH98o2tYpM.2s5lR7wE.2F8u7y6X1.,윤서아,010-2122-9456,1974-06-26,ROLE_USER,ACTIVE,2025-11-30 00:00:00,2025-11-30 00:00:00,2026-06-29 17:10:00
1045,user_1045@test.com,$2a$10$7zB3qQzEcbB7mU5eL2n9fO0xH98o2tYpM.2s5lR7wE.2F8u7y6X1.,윤서인,010-8580-3337,1973-08-27,ROLE_USER,ACTIVE,2025-05-22 00:00:00,2025-05-22 00:00:00,2026-06-21 17:34:00
1046,user_1046@test.com,$2a$10$7zB3qQzEcbB7mU5eL2n9fO0xH98o2tYpM.2s5lR7wE.2F8u7y6X1.,권주우,010-4446-1669,2000-03-17,ROLE_USER,ACTIVE,2025-03-04 00:00:00,2025-03-04 00:00:00,2026-07-01 12:09:00
1047,user_1047@test.com,$2a$10$7zB3qQzEcbB7mU5eL2n9fO0xH98o2tYpM.2s5lR7wE.2F8u7y6X1.,서하준,010-1112-1230,2002-08-22,ROLE_USER,ACTIVE,2023-12-17 00:00:00,2023-12-17 00:00:00,2026-06-18 19:30:00
1048,user_1048@test.com,$2a$10$7zB3qQzEcbB7mU5eL2n9fO0xH98o2tYpM.2s5lR7wE.2F8u7y6X1.,임지율,010-8546-8483,1999-10-14,ROLE_USER,ACTIVE,2025-04-10 00:00:00,2025-04-10 00:00:00,2026-06-25 19:02:00
1049,user_1049@test.com,$2a$10$7zB3qQzEcbB7mU5eL2n9fO0xH98o2tYpM.2s5lR7wE.2F8u7y6X1.,오지원,010-5028-2075,1999-09-26,ROLE_USER,ACTIVE,2025-10-29 00:00:00,2025-10-29 00:00:00,2026-06-25 11:58:00
1050,user_1050@test.com,$2a$10$7zB3qQzEcbB7mU5eL2n9fO0xH98o2tYpM.2s5lR7wE.2F8u7y6X1.,윤서율,010-8545-5278,1990-05-03,ROLE_USER,ACTIVE,2026-02-22 00:00:00,2026-02-22 00:00:00,2026-06-30 12:34:00
1051,user_1051@test.com,$2a$10$7zB3qQzEcbB7mU5eL2n9fO0xH98o2tYpM.2s5lR7wE.2F8u7y6X1.,전예혁,010-5607-3792,1991-12-04,ROLE_USER,ACTIVE,2025-10-14 00:00:00,2025-10-14 00:00:00,2026-06-22 18:14:00
1052,user_1052@test.com,$2a$10$7zB3qQzEcbB7mU5eL2n9fO0xH98o2tYpM.2s5lR7wE.2F8u7y6X1.,강예율,010-9294-6940,1986-05-02,ROLE_USER,ACTIVE,2024-12-13 00:00:00,2024-12-13 00:00:00,2026-07-02 20:21:00
1053,user_1053@test.com,$2a$10$7zB3qQzEcbB7mU5eL2n9fO0xH98o2tYpM.2s5lR7wE.2F8u7y6X1.,홍지아,010-2694-8269,1970-09-17,ROLE_USER,ACTIVE,2023-10-21 00:00:00,2023-10-21 00:00:00,2026-06-18 09:00:00
1054,user_1054@test.com,$2a$10$7zB3qQzEcbB7mU5eL2n9fO0xH98o2tYpM.2s5lR7wE.2F8u7y6X1.,한현우,010-6563-8100,1998-05-18,ROLE_USER,ACTIVE,2025-01-29 00:00:00,2025-01-29 00:00:00,2026-06-26 12:43:00
1055,user_1055@test.com,$2a$10$7zB3qQzEcbB7mU5eL2n9fO0xH98o2tYpM.2s5lR7wE.2F8u7y6X1.,권시아,010-6549-5110,1970-09-24,ROLE_USER,ACTIVE,2024-10-16 00:00:00,2024-10-16 00:00:00,2026-07-02 15:55:00
1056,user_1056@test.com,$2a$10$7zB3qQzEcbB7mU5eL2n9fO0xH98o2tYpM.2s5lR7wE.2F8u7y6X1.,안하우,010-8371-8124,2001-06-08,ROLE_USER,ACTIVE,2025-04-01 00:00:00,2025-04-01 00:00:00,2026-07-02 16:14:00
1057,user_1057@test.com,$2a$10$7zB3qQzEcbB7mU5eL2n9fO0xH98o2tYpM.2s5lR7wE.2F8u7y6X1.,황하우,010-2834-1189,1982-03-09,ROLE_USER,ACTIVE,2025-05-18 00:00:00,2025-05-18 00:00:00,2026-06-30 21:58:00
1058,user_1058@test.com,$2a$10$7zB3qQzEcbB7mU5eL2n9fO0xH98o2tYpM.2s5lR7wE.2F8u7y6X1.,최은빈,010-8869-5185,1977-07-05,ROLE_USER,ACTIVE,2026-02-06 00:00:00,2026-02-06 00:00:00,2026-06-20 20:18:00
1059,user_1059@test.com,$2a$10$7zB3qQzEcbB7mU5eL2n9fO0xH98o2tYpM.2s5lR7wE.2F8u7y6X1.,송태우,010-6651-2200,1982-02-14,ROLE_USER,ACTIVE,2026-01-14 00:00:00,2026-01-14 00:00:00,2026-06-29 14:18:00
1060,user_1060@test.com,$2a$10$7zB3qQzEcbB7mU5eL2n9fO0xH98o2tYpM.2s5lR7wE.2F8u7y6X1.,김주준,010-5438-5557,1977-12-20,ROLE_USER,ACTIVE,2026-04-20 00:00:00,2026-04-20 00:00:00,2026-06-21 13:07:00
1061,user_1061@test.com,$2a$10$7zB3qQzEcbB7mU5eL2n9fO0xH98o2tYpM.2s5lR7wE.2F8u7y6X1.,전지인,010-1409-7232,1994-05-27,ROLE_USER,ACTIVE,2024-07-26 00:00:00,2024-07-26 00:00:00,2026-06-19 19:27:00
1062,user_1062@test.com,$2a$10$7zB3qQzEcbB7mU5eL2n9fO0xH98o2tYpM.2s5lR7wE.2F8u7y6X1.,장하혁,010-3686-6244,1970-02-16,ROLE_USER,ACTIVE,2025-10-25 00:00:00,2025-10-25 00:00:00,2026-07-01 10:17:00
1063,user_1063@test.com,$2a$10$7zB3qQzEcbB7mU5eL2n9fO0xH98o2tYpM.2s5lR7wE.2F8u7y6X1.,조민영,010-5856-8988,1999-02-20,ROLE_USER,ACTIVE,2025-04-02 00:00:00,2025-04-02 00:00:00,2026-06-27 22:12:00
1064,user_1064@test.com,$2a$10$7zB3qQzEcbB7mU5eL2n9fO0xH98o2tYpM.2s5lR7wE.2F8u7y6X1.,오현원,010-9740-4338,1971-09-16,ROLE_USER,ACTIVE,2025-02-04 00:00:00,2025-02-04 00:00:00,2026-06-30 10:46:00
1065,user_1065@test.com,$2a$10$7zB3qQzEcbB7mU5eL2n9fO0xH98o2tYpM.2s5lR7wE.2F8u7y6X1.,홍태원,010-2858-4862,1983-06-22,ROLE_USER,ACTIVE,2024-05-17 00:00:00,2024-05-17 00:00:00,2026-07-01 11:14:00
1066,user_1066@test.com,$2a$10$7zB3qQzEcbB7mU5eL2n9fO0xH98o2tYpM.2s5lR7wE.2F8u7y6X1.,오도인,010-3185-5009,1996-12-20,ROLE_USER,ACTIVE,2024-07-22 00:00:00,2024-07-22 00:00:00,2026-06-29 10:17:00
1067,user_1067@test.com,$2a$10$7zB3qQzEcbB7mU5eL2n9fO0xH98o2tYpM.2s5lR7wE.2F8u7y6X1.,최승현,010-9131-9462,1984-06-12,ROLE_USER,ACTIVE,2026-04-26 00:00:00,2026-04-26 00:00:00,2026-06-23 20:12:00
1068,user_1068@test.com,$2a$10$7zB3qQzEcbB7mU5eL2n9fO0xH98o2tYpM.2s5lR7wE.2F8u7y6X1.,강민혁,010-4768-9154,2001-08-16,ROLE_USER,ACTIVE,2024-01-17 00:00:00,2024-01-17 00:00:00,2026-06-26 21:07:00
1069,user_1069@test.com,$2a$10$7zB3qQzEcbB7mU5eL2n9fO0xH98o2tYpM.2s5lR7wE.2F8u7y6X1.,장지수,010-2820-7159,2002-09-22,ROLE_USER,ACTIVE,2024-05-19 00:00:00,2024-05-19 00:00:00,2026-06-22 19:39:00
1070,user_1070@test.com,$2a$10$7zB3qQzEcbB7mU5eL2n9fO0xH98o2tYpM.2s5lR7wE.2F8u7y6X1.,오예율,010-4571-3659,1990-07-10,ROLE_USER,ACTIVE,2024-12-28 00:00:00,2024-12-28 00:00:00,2026-06-03 16:16:00
1071,user_1071@test.com,$2a$10$7zB3qQzEcbB7mU5eL2n9fO0xH98o2tYpM.2s5lR7wE.2F8u7y6X1.,신은영,010-5911-7077,1983-05-16,ROLE_USER,ACTIVE,2025-03-10 00:00:00,2025-03-10 00:00:00,2026-06-05 19:17:00
1072,user_1072@test.com,$2a$10$7zB3qQzEcbB7mU5eL2n9fO0xH98o2tYpM.2s5lR7wE.2F8u7y6X1.,안은현,010-5912-3449,1970-07-13,ROLE_USER,ACTIVE,2024-03-26 00:00:00,2024-03-26 00:00:00,2026-06-10 13:13:00
1073,user_1073@test.com,$2a$10$7zB3qQzEcbB7mU5eL2n9fO0xH98o2tYpM.2s5lR7wE.2F8u7y6X1.,전현준,010-1493-2203,2002-04-13,ROLE_USER,ACTIVE,2024-02-13 00:00:00,2024-02-13 00:00:00,2026-06-19 09:41:00
1074,user_1074@test.com,$2a$10$7zB3qQzEcbB7mU5eL2n9fO0xH98o2tYpM.2s5lR7wE.2F8u7y6X1.,최시인,010-9905-4098,2004-08-06,ROLE_USER,ACTIVE,2025-12-01 00:00:00,2025-12-01 00:00:00,2026-06-28 19:01:00
1075,user_1075@test.com,$2a$10$7zB3qQzEcbB7mU5eL2n9fO0xH98o2tYpM.2s5lR7wE.2F8u7y6X1.,오승아,010-6594-8330,1972-12-01,ROLE_USER,ACTIVE,2025-07-23 00:00:00,2025-07-23 00:00:00,2026-06-29 22:52:00
1076,user_1076@test.com,$2a$10$7zB3qQzEcbB7mU5eL2n9fO0xH98o2tYpM.2s5lR7wE.2F8u7y6X1.,최승율,010-1781-2248,1982-09-14,ROLE_USER,ACTIVE,2026-05-03 00:00:00,2026-05-03 00:00:00,2026-05-29 16:52:00
1077,user_1077@test.com,$2a$10$7zB3qQzEcbB7mU5eL2n9fO0xH98o2tYpM.2s5lR7wE.2F8u7y6X1.,윤태영,010-5435-1970,1974-10-04,ROLE_USER,ACTIVE,2025-12-30 00:00:00,2025-12-30 00:00:00,2026-06-23 19:26:00
1078,user_1078@test.com,$2a$10$7zB3qQzEcbB7mU5eL2n9fO0xH98o2tYpM.2s5lR7wE.2F8u7y6X1.,오태우,010-9389-6085,1991-09-02,ROLE_USER,ACTIVE,2024-10-02 00:00:00,2024-10-02 00:00:00,2026-06-25 08:18:00
1079,user_1079@test.com,$2a$10$7zB3qQzEcbB7mU5eL2n9fO0xH98o2tYpM.2s5lR7wE.2F8u7y6X1.,오민인,010-2981-9398,2001-08-08,ROLE_USER,ACTIVE,2023-10-09 00:00:00,2023-10-09 00:00:00,2026-06-18 20:33:00
1080,user_1080@test.com,$2a$10$7zB3qQzEcbB7mU5eL2n9fO0xH98o2tYpM.2s5lR7wE.2F8u7y6X1.,서현아,010-3703-9624,1999-05-03,ROLE_USER,ACTIVE,2025-06-08 00:00:00,2025-06-08 00:00:00,2026-06-20 13:22:00
1081,user_1081@test.com,$2a$10$7zB3qQzEcbB7mU5eL2n9fO0xH98o2tYpM.2s5lR7wE.2F8u7y6X1.,신시준,010-4010-4654,1984-04-14,ROLE_USER,ACTIVE,2025-01-07 00:00:00,2025-01-07 00:00:00,2026-06-18 13:09:00
1082,user_1082@test.com,$2a$10$7zB3qQzEcbB7mU5eL2n9fO0xH98o2tYpM.2s5lR7wE.2F8u7y6X1.,전시아,010-2730-2929,1975-08-21,ROLE_USER,ACTIVE,2024-11-08 00:00:00,2024-11-08 00:00:00,2026-06-25 21:35:00
1083,user_1083@test.com,$2a$10$7zB3qQzEcbB7mU5eL2n9fO0xH98o2tYpM.2s5lR7wE.2F8u7y6X1.,윤민율,010-6284-2215,2004-10-03,ROLE_USER,ACTIVE,2023-12-17 00:00:00,2023-12-17 00:00:00,2026-06-20 08:09:00
1084,user_1084@test.com,$2a$10$7zB3qQzEcbB7mU5eL2n9fO0xH98o2tYpM.2s5lR7wE.2F8u7y6X1.,오시빈,010-2434-5345,1975-10-01,ROLE_USER,ACTIVE,2024-10-05 00:00:00,2024-10-05 00:00:00,2026-06-30 15:55:00
1085,user_1085@test.com,$2a$10$7zB3qQzEcbB7mU5eL2n9fO0xH98o2tYpM.2s5lR7wE.2F8u7y6X1.,한승아,010-4984-4554,1996-11-02,ROLE_USER,ACTIVE,2024-01-11 00:00:00,2024-01-11 00:00:00,2026-06-20 08:37:00
1086,user_1086@test.com,$2a$10$7zB3qQzEcbB7mU5eL2n9fO0xH98o2tYpM.2s5lR7wE.2F8u7y6X1.,권승빈,010-9628-6517,1999-10-24,ROLE_USER,ACTIVE,2024-02-05 00:00:00,2024-02-05 00:00:00,2026-06-08 19:17:00
1087,user_1087@test.com,$2a$10$7zB3qQzEcbB7mU5eL2n9fO0xH98o2tYpM.2s5lR7wE.2F8u7y6X1.,장예빈,010-3549-6311,1986-11-13,ROLE_USER,ACTIVE,2026-04-04 00:00:00,2026-04-04 00:00:00,2026-06-22 12:25:00
1088,user_1088@test.com,$2a$10$7zB3qQzEcbB7mU5eL2n9fO0xH98o2tYpM.2s5lR7wE.2F8u7y6X1.,윤민준,010-4649-1112,2000-04-08,ROLE_USER,ACTIVE,2025-04-07 00:00:00,2025-04-07 00:00:00,2026-06-24 12:29:00
1089,user_1089@test.com,$2a$10$7zB3qQzEcbB7mU5eL2n9fO0xH98o2tYpM.2s5lR7wE.2F8u7y6X1.,정현혁,010-3893-6996,1994-11-13,ROLE_USER,ACTIVE,2025-01-24 00:00:00,2025-01-24 00:00:00,2026-06-28 11:47:00
1090,user_1090@test.com,$2a$10$7zB3qQzEcbB7mU5eL2n9fO0xH98o2tYpM.2s5lR7wE.2F8u7y6X1.,안시우,010-5720-1195,1972-02-05,ROLE_USER,ACTIVE,2025-04-21 00:00:00,2025-04-21 00:00:00,2026-06-30 20:00:00
1091,user_1091@test.com,$2a$10$7zB3qQzEcbB7mU5eL2n9fO0xH98o2tYpM.2s5lR7wE.2F8u7y6X1.,오지준,010-8997-9235,1975-03-19,ROLE_USER,ACTIVE,2024-08-14 00:00:00,2024-08-14 00:00:00,2026-06-19 09:34:00
1092,user_1092@test.com,$2a$10$7zB3qQzEcbB7mU5eL2n9fO0xH98o2tYpM.2s5lR7wE.2F8u7y6X1.,서예영,010-7842-4873,1988-02-10,ROLE_USER,ACTIVE,2024-04-23 00:00:00,2024-04-23 00:00:00,2026-06-21 15:02:00
1093,user_1093@test.com,$2a$10$7zB3qQzEcbB7mU5eL2n9fO0xH98o2tYpM.2s5lR7wE.2F8u7y6X1.,윤시아,010-8779-4197,1972-11-09,ROLE_USER,ACTIVE,2024-05-03 00:00:00,2024-05-03 00:00:00,2026-06-29 20:59:00
1094,user_1094@test.com,$2a$10$7zB3qQzEcbB7mU5eL2n9fO0xH98o2tYpM.2s5lR7wE.2F8u7y6X1.,윤예인,010-6262-6759,1993-02-09,ROLE_USER,ACTIVE,2025-03-19 00:00:00,2025-03-19 00:00:00,2026-06-24 19:16:00
1095,user_1095@test.com,$2a$10$7zB3qQzEcbB7mU5eL2n9fO0xH98o2tYpM.2s5lR7wE.2F8u7y6X1.,송태혁,010-8507-7628,1980-03-05,ROLE_USER,ACTIVE,2024-01-21 00:00:00,2024-01-21 00:00:00,2026-06-29 14:02:00
1096,user_1096@test.com,$2a$10$7zB3qQzEcbB7mU5eL2n9fO0xH98o2tYpM.2s5lR7wE.2F8u7y6X1.,전민현,010-2494-3525,2001-05-26,ROLE_USER,ACTIVE,2024-06-03 00:00:00,2024-06-03 00:00:00,2026-06-24 14:06:00
1097,user_1097@test.com,$2a$10$7zB3qQzEcbB7mU5eL2n9fO0xH98o2tYpM.2s5lR7wE.2F8u7y6X1.,최예우,010-5874-2582,1984-06-18,ROLE_USER,ACTIVE,2024-12-07 00:00:00,2024-12-07 00:00:00,2026-05-20 16:50:00
1098,user_1098@test.com,$2a$10$7zB3qQzEcbB7mU5eL2n9fO0xH98o2tYpM.2s5lR7wE.2F8u7y6X1.,임하현,010-7580-6491,1989-01-02,ROLE_USER,ACTIVE,2025-09-10 00:00:00,2025-09-10 00:00:00,2026-06-23 14:00:00
1099,user_1099@test.com,$2a$10$7zB3qQzEcbB7mU5eL2n9fO0xH98o2tYpM.2s5lR7wE.2F8u7y6X1.,오도아,010-5458-6142,1986-07-19,ROLE_USER,ACTIVE,2025-11-16 00:00:00,2025-11-16 00:00:00,2026-06-26 22:24:00
1100,user_1100@test.com,$2a$10$7zB3qQzEcbB7mU5eL2n9fO0xH98o2tYpM.2s5lR7wE.2F8u7y6X1.,오승우,010-3628-5029,1999-08-12,ROLE_USER,ACTIVE,2025-04-15 00:00:00,2025-04-15 00:00:00,2026-06-24 12:01:00
1101,user_1101@test.com,$2a$10$7zB3qQzEcbB7mU5eL2n9fO0xH98o2tYpM.2s5lR7wE.2F8u7y6X1.,정지현,010-1430-5812,1975-12-11,ROLE_USER,ACTIVE,2025-03-27 00:00:00,2025-03-27 00:00:00,2026-07-01 08:40:00
1102,user_1102@test.com,$2a$10$7zB3qQzEcbB7mU5eL2n9fO0xH98o2tYpM.2s5lR7wE.2F8u7y6X1.,신지현,010-5428-3796,1992-01-16,ROLE_USER,ACTIVE,2025-03-14 00:00:00,2025-03-14 00:00:00,2026-05-20 08:06:00
1103,user_1103@test.com,$2a$10$7zB3qQzEcbB7mU5eL2n9fO0xH98o2tYpM.2s5lR7wE.2F8u7y6X1.,강민현,010-5924-4645,1976-08-05,ROLE_USER,ACTIVE,2024-04-10 00:00:00,2024-04-10 00:00:00,2026-06-21 12:11:00
1104,user_1104@test.com,$2a$10$7zB3qQzEcbB7mU5eL2n9fO0xH98o2tYpM.2s5lR7wE.2F8u7y6X1.,임서아,010-9971-6889,1971-09-05,ROLE_USER,ACTIVE,2023-11-04 00:00:00,2023-11-04 00:00:00,2026-06-18 15:29:00
1105,user_1105@test.com,$2a$10$7zB3qQzEcbB7mU5eL2n9fO0xH98o2tYpM.2s5lR7wE.2F8u7y6X1.,임서아,010-4923-8305,2002-08-07,ROLE_USER,ACTIVE,2025-10-04 00:00:00,2025-10-04 00:00:00,2026-06-25 10:13:00
1106,user_1106@test.com,$2a$10$7zB3qQzEcbB7mU5eL2n9fO0xH98o2tYpM.2s5lR7wE.2F8u7y6X1.,황서아,010-4472-7392,1999-04-11,ROLE_USER,ACTIVE,2024-12-28 00:00:00,2024-12-28 00:00:00,2026-05-26 19:04:00
1107,user_1107@test.com,$2a$10$7zB3qQzEcbB7mU5eL2n9fO0xH98o2tYpM.2s5lR7wE.2F8u7y6X1.,전주빈,010-6895-4422,1998-08-09,ROLE_USER,ACTIVE,2023-12-12 00:00:00,2023-12-12 00:00:00,2026-06-17 19:55:00
1108,user_1108@test.com,$2a$10$7zB3qQzEcbB7mU5eL2n9fO0xH98o2tYpM.2s5lR7wE.2F8u7y6X1.,송예인,010-6216-6302,1993-03-11,ROLE_USER,ACTIVE,2024-09-29 00:00:00,2024-09-29 00:00:00,2026-06-30 18:47:00
1109,user_1109@test.com,$2a$10$7zB3qQzEcbB7mU5eL2n9fO0xH98o2tYpM.2s5lR7wE.2F8u7y6X1.,장서혁,010-5065-7897,1991-02-11,ROLE_USER,ACTIVE,2026-04-29 00:00:00,2026-04-29 00:00:00,2026-07-01 22:03:00
1110,user_1110@test.com,$2a$10$7zB3qQzEcbB7mU5eL2n9fO0xH98o2tYpM.2s5lR7wE.2F8u7y6X1.,정도인,010-1037-9856,1985-09-16,ROLE_USER,ACTIVE,2024-04-21 00:00:00,2024-04-21 00:00:00,2026-06-29 16:18:00
1111,user_1111@test.com,$2a$10$7zB3qQzEcbB7mU5eL2n9fO0xH98o2tYpM.2s5lR7wE.2F8u7y6X1.,신도아,010-2947-5889,1995-12-02,ROLE_USER,ACTIVE,2025-09-25 00:00:00,2025-09-25 00:00:00,2026-07-01 12:47:00
1112,user_1112@test.com,$2a$10$7zB3qQzEcbB7mU5eL2n9fO0xH98o2tYpM.2s5lR7wE.2F8u7y6X1.,이은아,010-7253-4147,1993-12-26,ROLE_USER,ACTIVE,2024-09-20 00:00:00,2024-09-20 00:00:00,2026-06-18 11:49:00
1113,user_1113@test.com,$2a$10$7zB3qQzEcbB7mU5eL2n9fO0xH98o2tYpM.2s5lR7wE.2F8u7y6X1.,전시준,010-2653-6347,1991-12-16,ROLE_USER,ACTIVE,2024-02-02 00:00:00,2024-02-02 00:00:00,2026-06-28 13:01:00
1114,user_1114@test.com,$2a$10$7zB3qQzEcbB7mU5eL2n9fO0xH98o2tYpM.2s5lR7wE.2F8u7y6X1.,신현현,010-6566-9529,2004-01-28,ROLE_USER,ACTIVE,2026-03-19 00:00:00,2026-03-19 00:00:00,2026-06-19 12:21:00
1115,user_1115@test.com,$2a$10$7zB3qQzEcbB7mU5eL2n9fO0xH98o2tYpM.2s5lR7wE.2F8u7y6X1.,한태아,010-3963-7372,1992-01-21,ROLE_USER,ACTIVE,2025-07-14 00:00:00,2025-07-14 00:00:00,2026-06-27 13:15:00
1116,user_1116@test.com,$2a$10$7zB3qQzEcbB7mU5eL2n9fO0xH98o2tYpM.2s5lR7wE.2F8u7y6X1.,신태빈,010-2008-6801,1972-05-16,ROLE_USER,ACTIVE,2024-04-20 00:00:00,2024-04-20 00:00:00,2026-06-24 21:25:00
1117,user_1117@test.com,$2a$10$7zB3qQzEcbB7mU5eL2n9fO0xH98o2tYpM.2s5lR7wE.2F8u7y6X1.,오서빈,010-4885-5529,1985-06-02,ROLE_USER,ACTIVE,2025-01-10 00:00:00,2025-01-10 00:00:00,2026-06-27 12:01:00
1118,user_1118@test.com,$2a$10$7zB3qQzEcbB7mU5eL2n9fO0xH98o2tYpM.2s5lR7wE.2F8u7y6X1.,장시수,010-1866-3039,1999-06-12,ROLE_USER,ACTIVE,2025-04-30 00:00:00,2025-04-30 00:00:00,2026-06-26 22:17:00
1119,user_1119@test.com,$2a$10$7zB3qQzEcbB7mU5eL2n9fO0xH98o2tYpM.2s5lR7wE.2F8u7y6X1.,조승현,010-5008-7239,1991-01-08,ROLE_USER,ACTIVE,2023-11-04 00:00:00,2023-11-04 00:00:00,2026-07-02 16:14:00
1120,user_1120@test.com,$2a$10$7zB3qQzEcbB7mU5eL2n9fO0xH98o2tYpM.2s5lR7wE.2F8u7y6X1.,최민혁,010-6666-5883,1972-03-04,ROLE_USER,ACTIVE,2024-01-03 00:00:00,2024-01-03 00:00:00,2026-06-21 20:36:00
1121,user_1121@test.com,$2a$10$7zB3qQzEcbB7mU5eL2n9fO0xH98o2tYpM.2s5lR7wE.2F8u7y6X1.,임승준,010-7465-6889,1972-11-21,ROLE_USER,ACTIVE,2025-02-28 00:00:00,2025-02-28 00:00:00,2026-06-18 11:58:00
1122,user_1122@test.com,$2a$10$7zB3qQzEcbB7mU5eL2n9fO0xH98o2tYpM.2s5lR7wE.2F8u7y6X1.,신승영,010-4233-6077,1983-01-20,ROLE_USER,ACTIVE,2024-06-22 00:00:00,2024-06-22 00:00:00,2026-06-30 17:07:00
1123,user_1123@test.com,$2a$10$7zB3qQzEcbB7mU5eL2n9fO0xH98o2tYpM.2s5lR7wE.2F8u7y6X1.,한주수,010-4115-1654,1994-01-12,ROLE_USER,ACTIVE,2025-03-25 00:00:00,2025-03-25 00:00:00,2026-06-24 12:22:00
1124,user_1124@test.com,$2a$10$7zB3qQzEcbB7mU5eL2n9fO0xH98o2tYpM.2s5lR7wE.2F8u7y6X1.,강현인,010-2320-4467,1988-04-14,ROLE_USER,ACTIVE,2025-09-14 00:00:00,2025-09-14 00:00:00,2026-06-22 09:44:00
1125,user_1125@test.com,$2a$10$7zB3qQzEcbB7mU5eL2n9fO0xH98o2tYpM.2s5lR7wE.2F8u7y6X1.,송서우,010-1666-4553,1974-12-02,ROLE_USER,ACTIVE,2024-12-03 00:00:00,2024-12-03 00:00:00,2026-06-20 16:31:00
1126,user_1126@test.com,$2a$10$7zB3qQzEcbB7mU5eL2n9fO0xH98o2tYpM.2s5lR7wE.2F8u7y6X1.,김민수,010-9183-9462,1982-12-18,ROLE_USER,ACTIVE,2025-06-27 00:00:00,2025-06-27 00:00:00,2026-06-19 09:54:00
1127,user_1127@test.com,$2a$10$7zB3qQzEcbB7mU5eL2n9fO0xH98o2tYpM.2s5lR7wE.2F8u7y6X1.,권민율,010-7820-7317,1995-09-25,ROLE_USER,ACTIVE,2026-05-22 00:00:00,2026-05-22 00:00:00,2026-05-29 14:32:00
1128,user_1128@test.com,$2a$10$7zB3qQzEcbB7mU5eL2n9fO0xH98o2tYpM.2s5lR7wE.2F8u7y6X1.,조서영,010-6250-1532,2002-05-07,ROLE_USER,ACTIVE,2025-04-15 00:00:00,2025-04-15 00:00:00,2026-06-29 17:34:00
1129,user_1129@test.com,$2a$10$7zB3qQzEcbB7mU5eL2n9fO0xH98o2tYpM.2s5lR7wE.2F8u7y6X1.,강주아,010-5807-1730,1984-09-03,ROLE_USER,ACTIVE,2024-12-16 00:00:00,2024-12-16 00:00:00,2026-07-02 09:54:00
1130,user_1130@test.com,$2a$10$7zB3qQzEcbB7mU5eL2n9fO0xH98o2tYpM.2s5lR7wE.2F8u7y6X1.,조은인,010-5577-7170,1973-06-10,ROLE_USER,ACTIVE,2024-10-29 00:00:00,2024-10-29 00:00:00,2026-05-01 17:33:00
1131,user_1131@test.com,$2a$10$7zB3qQzEcbB7mU5eL2n9fO0xH98o2tYpM.2s5lR7wE.2F8u7y6X1.,윤하혁,010-5065-6186,2003-05-16,ROLE_USER,ACTIVE,2026-03-25 00:00:00,2026-03-25 00:00:00,2026-06-25 21:13:00
1132,user_1132@test.com,$2a$10$7zB3qQzEcbB7mU5eL2n9fO0xH98o2tYpM.2s5lR7wE.2F8u7y6X1.,안민우,010-6509-4803,1981-06-24,ROLE_USER,ACTIVE,2024-07-26 00:00:00,2024-07-26 00:00:00,2026-06-18 18:59:00
1133,user_1133@test.com,$2a$10$7zB3qQzEcbB7mU5eL2n9fO0xH98o2tYpM.2s5lR7wE.2F8u7y6X1.,신지준,010-1577-4350,2003-05-19,ROLE_USER,ACTIVE,2025-06-20 00:00:00,2025-06-20 00:00:00,2026-06-24 10:53:00
1134,user_1134@test.com,$2a$10$7zB3qQzEcbB7mU5eL2n9fO0xH98o2tYpM.2s5lR7wE.2F8u7y6X1.,최태현,010-3223-7219,1972-03-01,ROLE_USER,ACTIVE,2026-05-08 00:00:00,2026-05-08 00:00:00,2026-06-10 18:34:00
1135,user_1135@test.com,$2a$10$7zB3qQzEcbB7mU5eL2n9fO0xH98o2tYpM.2s5lR7wE.2F8u7y6X1.,윤하원,010-6296-6967,1973-02-16,ROLE_USER,ACTIVE,2025-11-06 00:00:00,2025-11-06 00:00:00,2026-06-18 13:22:00
1136,user_1136@test.com,$2a$10$7zB3qQzEcbB7mU5eL2n9fO0xH98o2tYpM.2s5lR7wE.2F8u7y6X1.,송서율,010-8642-7175,1992-02-21,ROLE_USER,ACTIVE,2026-05-07 00:00:00,2026-05-07 00:00:00,2026-05-24 22:55:00
1137,user_1137@test.com,$2a$10$7zB3qQzEcbB7mU5eL2n9fO0xH98o2tYpM.2s5lR7wE.2F8u7y6X1.,신지혁,010-6008-4712,1989-03-13,ROLE_USER,ACTIVE,2025-10-28 00:00:00,2025-10-28 00:00:00,2026-06-29 14:31:00
1138,user_1138@test.com,$2a$10$7zB3qQzEcbB7mU5eL2n9fO0xH98o2tYpM.2s5lR7wE.2F8u7y6X1.,박서준,010-9212-1659,1970-05-21,ROLE_USER,ACTIVE,2025-11-16 00:00:00,2025-11-16 00:00:00,2026-06-30 08:40:00
1139,user_1139@test.com,$2a$10$7zB3qQzEcbB7mU5eL2n9fO0xH98o2tYpM.2s5lR7wE.2F8u7y6X1.,최현원,010-8808-5237,1995-05-20,ROLE_USER,ACTIVE,2024-07-22 00:00:00,2024-07-22 00:00:00,2026-06-24 21:33:00
1140,user_1140@test.com,$2a$10$7zB3qQzEcbB7mU5eL2n9fO0xH98o2tYpM.2s5lR7wE.2F8u7y6X1.,정예아,010-9055-6550,1992-07-09,ROLE_USER,ACTIVE,2026-02-03 00:00:00,2026-02-03 00:00:00,2026-06-28 19:13:00
1141,user_1141@test.com,$2a$10$7zB3qQzEcbB7mU5eL2n9fO0xH98o2tYpM.2s5lR7wE.2F8u7y6X1.,전서준,010-6943-4782,1998-08-25,ROLE_USER,ACTIVE,2026-04-09 00:00:00,2026-04-09 00:00:00,2026-06-30 15:11:00
1142,user_1142@test.com,$2a$10$7zB3qQzEcbB7mU5eL2n9fO0xH98o2tYpM.2s5lR7wE.2F8u7y6X1.,윤현수,010-4242-5216,1996-06-13,ROLE_USER,ACTIVE,2024-12-30 00:00:00,2024-12-30 00:00:00,2026-07-01 11:54:00
1143,user_1143@test.com,$2a$10$7zB3qQzEcbB7mU5eL2n9fO0xH98o2tYpM.2s5lR7wE.2F8u7y6X1.,박은준,010-1413-1507,2004-09-20,ROLE_USER,ACTIVE,2025-12-18 00:00:00,2025-12-18 00:00:00,2026-04-20 22:01:00
1144,user_1144@test.com,$2a$10$7zB3qQzEcbB7mU5eL2n9fO0xH98o2tYpM.2s5lR7wE.2F8u7y6X1.,박지수,010-8572-7152,1986-03-01,ROLE_USER,ACTIVE,2024-11-06 00:00:00,2024-11-06 00:00:00,2026-07-02 20:01:00
1145,user_1145@test.com,$2a$10$7zB3qQzEcbB7mU5eL2n9fO0xH98o2tYpM.2s5lR7wE.2F8u7y6X1.,전예수,010-9913-8738,1995-03-12,ROLE_USER,ACTIVE,2025-01-02 00:00:00,2025-01-02 00:00:00,2026-06-25 12:19:00
1146,user_1146@test.com,$2a$10$7zB3qQzEcbB7mU5eL2n9fO0xH98o2tYpM.2s5lR7wE.2F8u7y6X1.,안도빈,010-5702-3861,1976-03-24,ROLE_USER,ACTIVE,2026-02-20 00:00:00,2026-02-20 00:00:00,2026-06-30 09:30:00
1147,user_1147@test.com,$2a$10$7zB3qQzEcbB7mU5eL2n9fO0xH98o2tYpM.2s5lR7wE.2F8u7y6X1.,정서율,010-5197-1900,1981-08-09,ROLE_USER,ACTIVE,2024-10-01 00:00:00,2024-10-01 00:00:00,2026-06-30 18:47:00
1148,user_1148@test.com,$2a$10$7zB3qQzEcbB7mU5eL2n9fO0xH98o2tYpM.2s5lR7wE.2F8u7y6X1.,전시우,010-4319-8086,2000-09-24,ROLE_USER,ACTIVE,2024-03-24 00:00:00,2024-03-24 00:00:00,2026-06-26 15:07:00
1149,user_1149@test.com,$2a$10$7zB3qQzEcbB7mU5eL2n9fO0xH98o2tYpM.2s5lR7wE.2F8u7y6X1.,안도현,010-9252-2234,1974-11-14,ROLE_USER,ACTIVE,2025-01-28 00:00:00,2025-01-28 00:00:00,2026-06-23 18:09:00
1150,user_1150@test.com,$2a$10$7zB3qQzEcbB7mU5eL2n9fO0xH98o2tYpM.2s5lR7wE.2F8u7y6X1.,정주현,010-6055-2418,1985-12-17,ROLE_USER,ACTIVE,2024-07-11 00:00:00,2024-07-11 00:00:00,2026-04-24 12:22:00
1151,user_1151@test.com,$2a$10$7zB3qQzEcbB7mU5eL2n9fO0xH98o2tYpM.2s5lR7wE.2F8u7y6X1.,권현인,010-4206-1753,1992-01-19,ROLE_USER,ACTIVE,2026-02-25 00:00:00,2026-02-25 00:00:00,2026-06-24 17:59:00
1152,user_1152@test.com,$2a$10$7zB3qQzEcbB7mU5eL2n9fO0xH98o2tYpM.2s5lR7wE.2F8u7y6X1.,안지율,010-5488-3784,2000-01-08,ROLE_USER,ACTIVE,2024-01-28 00:00:00,2024-01-28 00:00:00,2026-06-18 22:37:00
1153,user_1153@test.com,$2a$10$7zB3qQzEcbB7mU5eL2n9fO0xH98o2tYpM.2s5lR7wE.2F8u7y6X1.,황민혁,010-8304-4790,1993-12-05,ROLE_USER,ACTIVE,2024-11-26 00:00:00,2024-11-26 00:00:00,2026-06-25 12:19:00
1154,user_1154@test.com,$2a$10$7zB3qQzEcbB7mU5eL2n9fO0xH98o2tYpM.2s5lR7wE.2F8u7y6X1.,임승혁,010-8879-5218,1994-04-26,ROLE_USER,ACTIVE,2024-08-10 00:00:00,2024-08-10 00:00:00,2026-06-22 17:27:00
1155,user_1155@test.com,$2a$10$7zB3qQzEcbB7mU5eL2n9fO0xH98o2tYpM.2s5lR7wE.2F8u7y6X1.,박민우,010-7100-3082,1977-04-04,ROLE_USER,ACTIVE,2025-06-17 00:00:00,2025-06-17 00:00:00,2026-06-18 21:10:00
1156,user_1156@test.com,$2a$10$7zB3qQzEcbB7mU5eL2n9fO0xH98o2tYpM.2s5lR7wE.2F8u7y6X1.,박예현,010-6822-9856,1974-11-17,ROLE_USER,ACTIVE,2025-05-25 00:00:00,2025-05-25 00:00:00,2026-06-24 16:04:00
1157,user_1157@test.com,$2a$10$7zB3qQzEcbB7mU5eL2n9fO0xH98o2tYpM.2s5lR7wE.2F8u7y6X1.,송하영,010-7294-1542,1982-07-26,ROLE_USER,ACTIVE,2023-11-04 00:00:00,2023-11-04 00:00:00,2026-06-23 16:42:00
1158,user_1158@test.com,$2a$10$7zB3qQzEcbB7mU5eL2n9fO0xH98o2tYpM.2s5lR7wE.2F8u7y6X1.,윤예우,010-2171-5037,1981-04-05,ROLE_USER,ACTIVE,2025-01-15 00:00:00,2025-01-15 00:00:00,2026-06-03 18:37:00
1159,user_1159@test.com,$2a$10$7zB3qQzEcbB7mU5eL2n9fO0xH98o2tYpM.2s5lR7wE.2F8u7y6X1.,장은아,010-5688-6924,1980-03-11,ROLE_USER,ACTIVE,2024-01-25 00:00:00,2024-01-25 00:00:00,2026-06-25 15:01:00
1160,user_1160@test.com,$2a$10$7zB3qQzEcbB7mU5eL2n9fO0xH98o2tYpM.2s5lR7wE.2F8u7y6X1.,송시우,010-1916-2419,1975-08-13,ROLE_USER,ACTIVE,2025-12-05 00:00:00,2025-12-05 00:00:00,2026-06-28 20:41:00
1161,user_1161@test.com,$2a$10$7zB3qQzEcbB7mU5eL2n9fO0xH98o2tYpM.2s5lR7wE.2F8u7y6X1.,이주인,010-1928-9374,1980-05-16,ROLE_USER,ACTIVE,2025-10-22 00:00:00,2025-10-22 00:00:00,2026-06-20 09:18:00
1162,user_1162@test.com,$2a$10$7zB3qQzEcbB7mU5eL2n9fO0xH98o2tYpM.2s5lR7wE.2F8u7y6X1.,권예수,010-5517-6625,1987-03-08,ROLE_USER,ACTIVE,2025-02-27 00:00:00,2025-02-27 00:00:00,2026-06-29 18:17:00
1163,user_1163@test.com,$2a$10$7zB3qQzEcbB7mU5eL2n9fO0xH98o2tYpM.2s5lR7wE.2F8u7y6X1.,권현아,010-4174-1082,1993-11-04,ROLE_USER,ACTIVE,2025-04-02 00:00:00,2025-04-02 00:00:00,2026-06-27 09:26:00
1164,user_1164@test.com,$2a$10$7zB3qQzEcbB7mU5eL2n9fO0xH98o2tYpM.2s5lR7wE.2F8u7y6X1.,서예수,010-9694-2480,1986-09-15,ROLE_USER,ACTIVE,2025-07-23 00:00:00,2025-07-23 00:00:00,2026-07-01 21:23:00
1165,user_1165@test.com,$2a$10$7zB3qQzEcbB7mU5eL2n9fO0xH98o2tYpM.2s5lR7wE.2F8u7y6X1.,오예아,010-2523-8185,1974-07-13,ROLE_USER,ACTIVE,2023-11-03 00:00:00,2023-11-03 00:00:00,2026-06-16 10:50:00
1166,user_1166@test.com,$2a$10$7zB3qQzEcbB7mU5eL2n9fO0xH98o2tYpM.2s5lR7wE.2F8u7y6X1.,박현영,010-1868-2863,1994-05-05,ROLE_USER,ACTIVE,2025-09-09 00:00:00,2025-09-09 00:00:00,2026-06-29 15:55:00
1167,user_1167@test.com,$2a$10$7zB3qQzEcbB7mU5eL2n9fO0xH98o2tYpM.2s5lR7wE.2F8u7y6X1.,강지아,010-3056-5653,1989-08-27,ROLE_USER,ACTIVE,2024-01-29 00:00:00,2024-01-29 00:00:00,2026-06-19 13:12:00
1168,user_1168@test.com,$2a$10$7zB3qQzEcbB7mU5eL2n9fO0xH98o2tYpM.2s5lR7wE.2F8u7y6X1.,한서영,010-5621-5761,1995-12-26,ROLE_USER,ACTIVE,2025-07-31 00:00:00,2025-07-31 00:00:00,2026-06-20 22:52:00
1169,user_1169@test.com,$2a$10$7zB3qQzEcbB7mU5eL2n9fO0xH98o2tYpM.2s5lR7wE.2F8u7y6X1.,김민빈,010-6327-4682,1970-06-09,ROLE_USER,ACTIVE,2023-11-02 00:00:00,2023-11-02 00:00:00,2026-06-30 16:47:00
1170,user_1170@test.com,$2a$10$7zB3qQzEcbB7mU5eL2n9fO0xH98o2tYpM.2s5lR7wE.2F8u7y6X1.,홍도아,010-1311-8638,1970-11-22,ROLE_USER,ACTIVE,2025-02-01 00:00:00,2025-02-01 00:00:00,2026-06-29 20:39:00
1171,user_1171@test.com,$2a$10$7zB3qQzEcbB7mU5eL2n9fO0xH98o2tYpM.2s5lR7wE.2F8u7y6X1.,전민아,010-8586-9879,1976-12-20,ROLE_USER,ACTIVE,2023-12-14 00:00:00,2023-12-14 00:00:00,2026-06-23 20:37:00
1172,user_1172@test.com,$2a$10$7zB3qQzEcbB7mU5eL2n9fO0xH98o2tYpM.2s5lR7wE.2F8u7y6X1.,박현우,010-2725-9185,1991-12-19,ROLE_USER,ACTIVE,2023-11-19 00:00:00,2023-11-19 00:00:00,2026-06-24 08:54:00
1173,user_1173@test.com,$2a$10$7zB3qQzEcbB7mU5eL2n9fO0xH98o2tYpM.2s5lR7wE.2F8u7y6X1.,박예수,010-5274-2972,2003-08-17,ROLE_USER,ACTIVE,2025-12-07 00:00:00,2025-12-07 00:00:00,2026-06-21 14:54:00
1174,user_1174@test.com,$2a$10$7zB3qQzEcbB7mU5eL2n9fO0xH98o2tYpM.2s5lR7wE.2F8u7y6X1.,신주준,010-9617-8047,1974-07-11,ROLE_USER,ACTIVE,2025-08-22 00:00:00,2025-08-22 00:00:00,2026-06-21 14:31:00
1175,user_1175@test.com,$2a$10$7zB3qQzEcbB7mU5eL2n9fO0xH98o2tYpM.2s5lR7wE.2F8u7y6X1.,최태영,010-3914-1378,2004-09-11,ROLE_USER,ACTIVE,2025-08-27 00:00:00,2025-08-27 00:00:00,2026-06-22 11:35:00
1176,user_1176@test.com,$2a$10$7zB3qQzEcbB7mU5eL2n9fO0xH98o2tYpM.2s5lR7wE.2F8u7y6X1.,오주현,010-5897-1988,1979-11-17,ROLE_USER,ACTIVE,2026-04-13 00:00:00,2026-04-13 00:00:00,2026-06-25 09:55:00
1177,user_1177@test.com,$2a$10$7zB3qQzEcbB7mU5eL2n9fO0xH98o2tYpM.2s5lR7wE.2F8u7y6X1.,오민영,010-9424-6569,1988-12-03,ROLE_USER,ACTIVE,2023-10-13 00:00:00,2023-10-13 00:00:00,2026-06-28 09:06:00
1178,user_1178@test.com,$2a$10$7zB3qQzEcbB7mU5eL2n9fO0xH98o2tYpM.2s5lR7wE.2F8u7y6X1.,황하수,010-4271-5453,1975-02-13,ROLE_USER,ACTIVE,2025-10-15 00:00:00,2025-10-15 00:00:00,2026-05-16 16:03:00
1179,user_1179@test.com,$2a$10$7zB3qQzEcbB7mU5eL2n9fO0xH98o2tYpM.2s5lR7wE.2F8u7y6X1.,장은영,010-7739-8418,1990-02-23,ROLE_USER,ACTIVE,2025-08-15 00:00:00,2025-08-15 00:00:00,2026-06-25 13:29:00
1180,user_1180@test.com,$2a$10$7zB3qQzEcbB7mU5eL2n9fO0xH98o2tYpM.2s5lR7wE.2F8u7y6X1.,전예혁,010-1397-3303,1976-12-13,ROLE_USER,ACTIVE,2025-06-18 00:00:00,2025-06-18 00:00:00,2026-06-30 11:06:00
1181,user_1181@test.com,$2a$10$7zB3qQzEcbB7mU5eL2n9fO0xH98o2tYpM.2s5lR7wE.2F8u7y6X1.,강시영,010-4217-7268,1982-12-10,ROLE_USER,ACTIVE,2023-11-23 00:00:00,2023-11-23 00:00:00,2026-06-12 17:39:00
1182,user_1182@test.com,$2a$10$7zB3qQzEcbB7mU5eL2n9fO0xH98o2tYpM.2s5lR7wE.2F8u7y6X1.,홍예수,010-1358-1744,1999-02-08,ROLE_USER,ACTIVE,2026-02-24 00:00:00,2026-02-24 00:00:00,2026-06-20 09:27:00
1183,user_1183@test.com,$2a$10$7zB3qQzEcbB7mU5eL2n9fO0xH98o2tYpM.2s5lR7wE.2F8u7y6X1.,정지율,010-5438-2016,1988-06-03,ROLE_USER,ACTIVE,2025-04-21 00:00:00,2025-04-21 00:00:00,2026-06-21 10:14:00
1184,user_1184@test.com,$2a$10$7zB3qQzEcbB7mU5eL2n9fO0xH98o2tYpM.2s5lR7wE.2F8u7y6X1.,조민인,010-9802-2888,1998-09-20,ROLE_USER,ACTIVE,2024-03-10 00:00:00,2024-03-10 00:00:00,2026-06-28 22:18:00
1185,user_1185@test.com,$2a$10$7zB3qQzEcbB7mU5eL2n9fO0xH98o2tYpM.2s5lR7wE.2F8u7y6X1.,이도준,010-7490-4014,1999-07-27,ROLE_USER,ACTIVE,2025-11-25 00:00:00,2025-11-25 00:00:00,2026-06-19 19:58:00
1186,user_1186@test.com,$2a$10$7zB3qQzEcbB7mU5eL2n9fO0xH98o2tYpM.2s5lR7wE.2F8u7y6X1.,정예현,010-6848-4326,1979-10-06,ROLE_USER,ACTIVE,2025-01-23 00:00:00,2025-01-23 00:00:00,2026-06-30 15:27:00
1187,user_1187@test.com,$2a$10$7zB3qQzEcbB7mU5eL2n9fO0xH98o2tYpM.2s5lR7wE.2F8u7y6X1.,전하원,010-4265-3969,1977-01-24,ROLE_USER,ACTIVE,2025-12-15 00:00:00,2025-12-15 00:00:00,2026-07-02 19:28:00
1188,user_1188@test.com,$2a$10$7zB3qQzEcbB7mU5eL2n9fO0xH98o2tYpM.2s5lR7wE.2F8u7y6X1.,이승영,010-8585-7039,1998-03-26,ROLE_USER,ACTIVE,2025-03-16 00:00:00,2025-03-16 00:00:00,2026-06-18 12:56:00
1189,user_1189@test.com,$2a$10$7zB3qQzEcbB7mU5eL2n9fO0xH98o2tYpM.2s5lR7wE.2F8u7y6X1.,황현준,010-4940-8484,1970-06-19,ROLE_USER,ACTIVE,2023-12-28 00:00:00,2023-12-28 00:00:00,2026-06-21 13:42:00
1190,user_1190@test.com,$2a$10$7zB3qQzEcbB7mU5eL2n9fO0xH98o2tYpM.2s5lR7wE.2F8u7y6X1.,이하율,010-9462-4338,2000-05-12,ROLE_USER,ACTIVE,2026-03-27 00:00:00,2026-03-27 00:00:00,2026-06-27 08:45:00
1191,user_1191@test.com,$2a$10$7zB3qQzEcbB7mU5eL2n9fO0xH98o2tYpM.2s5lR7wE.2F8u7y6X1.,안서수,010-1845-5559,1978-10-09,ROLE_USER,ACTIVE,2025-06-15 00:00:00,2025-06-15 00:00:00,2026-06-25 17:44:00
1192,user_1192@test.com,$2a$10$7zB3qQzEcbB7mU5eL2n9fO0xH98o2tYpM.2s5lR7wE.2F8u7y6X1.,임지수,010-2381-2151,2001-03-19,ROLE_USER,ACTIVE,2024-02-14 00:00:00,2024-02-14 00:00:00,2026-06-20 14:58:00
1193,user_1193@test.com,$2a$10$7zB3qQzEcbB7mU5eL2n9fO0xH98o2tYpM.2s5lR7wE.2F8u7y6X1.,안민준,010-5413-8330,1998-12-20,ROLE_USER,ACTIVE,2023-10-21 00:00:00,2023-10-21 00:00:00,2026-05-24 10:00:00
1194,user_1194@test.com,$2a$10$7zB3qQzEcbB7mU5eL2n9fO0xH98o2tYpM.2s5lR7wE.2F8u7y6X1.,강현현,010-8253-8998,2003-09-18,ROLE_USER,ACTIVE,2025-08-25 00:00:00,2025-08-25 00:00:00,2026-06-30 08:49:00
1195,user_1195@test.com,$2a$10$7zB3qQzEcbB7mU5eL2n9fO0xH98o2tYpM.2s5lR7wE.2F8u7y6X1.,박예아,010-3755-5917,1998-08-02,ROLE_USER,ACTIVE,2023-11-22 00:00:00,2023-11-22 00:00:00,2026-06-26 18:11:00
1196,user_1196@test.com,$2a$10$7zB3qQzEcbB7mU5eL2n9fO0xH98o2tYpM.2s5lR7wE.2F8u7y6X1.,이지현,010-4557-3337,1988-04-03,ROLE_USER,ACTIVE,2026-02-23 00:00:00,2026-02-23 00:00:00,2026-06-27 09:01:00
1197,user_1197@test.com,$2a$10$7zB3qQzEcbB7mU5eL2n9fO0xH98o2tYpM.2s5lR7wE.2F8u7y6X1.,장민준,010-4020-6581,1995-08-21,ROLE_USER,ACTIVE,2024-05-05 00:00:00,2024-05-05 00:00:00,2026-06-24 21:49:00
1198,user_1198@test.com,$2a$10$7zB3qQzEcbB7mU5eL2n9fO0xH98o2tYpM.2s5lR7wE.2F8u7y6X1.,김은빈,010-4526-2767,1986-03-16,ROLE_USER,ACTIVE,2024-02-06 00:00:00,2024-02-06 00:00:00,2026-06-23 19:55:00
1199,user_1199@test.com,$2a$10$7zB3qQzEcbB7mU5eL2n9fO0xH98o2tYpM.2s5lR7wE.2F8u7y6X1.,윤도인,010-1480-8486,1977-09-02,ROLE_USER,ACTIVE,2024-03-18 00:00:00,2024-03-18 00:00:00,2026-06-25 09:19:00
1200,user_1200@test.com,$2a$10$7zB3qQzEcbB7mU5eL2n9fO0xH98o2tYpM.2s5lR7wE.2F8u7y6X1.,임예준,010-3163-9094,1983-01-11,ROLE_USER,ACTIVE,2024-01-10 00:00:00,2024-01-10 00:00:00,2026-06-28 18:22:00
1201,user_1201@test.com,$2a$10$7zB3qQzEcbB7mU5eL2n9fO0xH98o2tYpM.2s5lR7wE.2F8u7y6X1.,안예빈,010-2586-9081,2004-12-13,ROLE_USER,ACTIVE,2026-03-19 00:00:00,2026-03-19 00:00:00,2026-06-25 12:32:00
1202,user_1202@test.com,$2a$10$7zB3qQzEcbB7mU5eL2n9fO0xH98o2tYpM.2s5lR7wE.2F8u7y6X1.,권도빈,010-3559-3797,1989-07-21,ROLE_USER,ACTIVE,2024-10-20 00:00:00,2024-10-20 00:00:00,2026-06-14 11:10:00
1203,user_1203@test.com,$2a$10$7zB3qQzEcbB7mU5eL2n9fO0xH98o2tYpM.2s5lR7wE.2F8u7y6X1.,강예준,010-5960-7677,2004-07-09,ROLE_USER,ACTIVE,2026-02-25 00:00:00,2026-02-25 00:00:00,2026-06-29 12:29:00
1204,user_1204@test.com,$2a$10$7zB3qQzEcbB7mU5eL2n9fO0xH98o2tYpM.2s5lR7wE.2F8u7y6X1.,서예빈,010-9926-5889,2001-05-05,ROLE_USER,ACTIVE,2024-08-10 00:00:00,2024-08-10 00:00:00,2026-06-21 22:03:00
1205,user_1205@test.com,$2a$10$7zB3qQzEcbB7mU5eL2n9fO0xH98o2tYpM.2s5lR7wE.2F8u7y6X1.,장예준,010-2366-2149,1997-02-05,ROLE_USER,ACTIVE,2024-04-04 00:00:00,2024-04-04 00:00:00,2026-06-27 14:42:00
1206,user_1206@test.com,$2a$10$7zB3qQzEcbB7mU5eL2n9fO0xH98o2tYpM.2s5lR7wE.2F8u7y6X1.,장태우,010-2721-2658,1976-03-26,ROLE_USER,ACTIVE,2025-07-22 00:00:00,2025-07-22 00:00:00,2026-06-20 19:26:00
1207,user_1207@test.com,$2a$10$7zB3qQzEcbB7mU5eL2n9fO0xH98o2tYpM.2s5lR7wE.2F8u7y6X1.,최민현,010-7550-3670,1999-07-06,ROLE_USER,ACTIVE,2025-06-30 00:00:00,2025-06-30 00:00:00,2026-06-10 14:46:00
1208,user_1208@test.com,$2a$10$7zB3qQzEcbB7mU5eL2n9fO0xH98o2tYpM.2s5lR7wE.2F8u7y6X1.,장주아,010-1304-3563,1975-07-18,ROLE_USER,ACTIVE,2025-09-21 00:00:00,2025-09-21 00:00:00,2026-06-18 08:24:00
1209,user_1209@test.com,$2a$10$7zB3qQzEcbB7mU5eL2n9fO0xH98o2tYpM.2s5lR7wE.2F8u7y6X1.,이은아,010-5607-5208,1974-05-03,ROLE_USER,ACTIVE,2024-04-03 00:00:00,2024-04-03 00:00:00,2026-06-26 11:11:00
1210,user_1210@test.com,$2a$10$7zB3qQzEcbB7mU5eL2n9fO0xH98o2tYpM.2s5lR7wE.2F8u7y6X1.,김시원,010-8136-9701,1992-12-10,ROLE_USER,ACTIVE,2024-03-01 00:00:00,2024-03-01 00:00:00,2026-06-27 19:24:00
1211,user_1211@test.com,$2a$10$7zB3qQzEcbB7mU5eL2n9fO0xH98o2tYpM.2s5lR7wE.2F8u7y6X1.,서태우,010-9053-3832,1979-10-26,ROLE_USER,ACTIVE,2025-05-27 00:00:00,2025-05-27 00:00:00,2026-06-27 20:17:00
1212,user_1212@test.com,$2a$10$7zB3qQzEcbB7mU5eL2n9fO0xH98o2tYpM.2s5lR7wE.2F8u7y6X1.,황시인,010-2118-9598,1999-03-26,ROLE_USER,ACTIVE,2025-09-26 00:00:00,2025-09-26 00:00:00,2026-06-07 21:35:00
1213,user_1213@test.com,$2a$10$7zB3qQzEcbB7mU5eL2n9fO0xH98o2tYpM.2s5lR7wE.2F8u7y6X1.,이도혁,010-7378-3328,2001-01-14,ROLE_USER,ACTIVE,2026-01-20 00:00:00,2026-01-20 00:00:00,2026-07-01 08:13:00
1214,user_1214@test.com,$2a$10$7zB3qQzEcbB7mU5eL2n9fO0xH98o2tYpM.2s5lR7wE.2F8u7y6X1.,오주우,010-2248-8149,1988-05-24,ROLE_USER,ACTIVE,2024-01-27 00:00:00,2024-01-27 00:00:00,2026-06-22 18:30:00
1215,user_1215@test.com,$2a$10$7zB3qQzEcbB7mU5eL2n9fO0xH98o2tYpM.2s5lR7wE.2F8u7y6X1.,박도아,010-2499-2626,1988-12-05,ROLE_USER,ACTIVE,2023-10-06 00:00:00,2023-10-06 00:00:00,2026-06-19 12:01:00
1216,user_1216@test.com,$2a$10$7zB3qQzEcbB7mU5eL2n9fO0xH98o2tYpM.2s5lR7wE.2F8u7y6X1.,서도현,010-3160-1163,1974-04-14,ROLE_USER,ACTIVE,2026-05-03 00:00:00,2026-05-03 00:00:00,2026-05-17 15:03:00
1217,user_1217@test.com,$2a$10$7zB3qQzEcbB7mU5eL2n9fO0xH98o2tYpM.2s5lR7wE.2F8u7y6X1.,전도아,010-8574-2876,2003-04-28,ROLE_USER,ACTIVE,2024-09-03 00:00:00,2024-09-03 00:00:00,2026-06-28 21:47:00
1218,user_1218@test.com,$2a$10$7zB3qQzEcbB7mU5eL2n9fO0xH98o2tYpM.2s5lR7wE.2F8u7y6X1.,황민영,010-5871-3190,1986-03-10,ROLE_USER,ACTIVE,2025-11-23 00:00:00,2025-11-23 00:00:00,2026-06-22 10:53:00
1219,user_1219@test.com,$2a$10$7zB3qQzEcbB7mU5eL2n9fO0xH98o2tYpM.2s5lR7wE.2F8u7y6X1.,최승율,010-5764-1812,1990-12-15,ROLE_USER,ACTIVE,2024-06-22 00:00:00,2024-06-22 00:00:00,2026-06-30 20:01:00
1220,user_1220@test.com,$2a$10$7zB3qQzEcbB7mU5eL2n9fO0xH98o2tYpM.2s5lR7wE.2F8u7y6X1.,오지혁,010-2920-5359,2002-12-19,ROLE_USER,ACTIVE,2024-01-20 00:00:00,2024-01-20 00:00:00,2026-06-26 11:40:00
1221,user_1221@test.com,$2a$10$7zB3qQzEcbB7mU5eL2n9fO0xH98o2tYpM.2s5lR7wE.2F8u7y6X1.,신승인,010-8882-2302,1993-07-10,ROLE_USER,ACTIVE,2025-12-02 00:00:00,2025-12-02 00:00:00,2026-06-21 21:32:00
1222,user_1222@test.com,$2a$10$7zB3qQzEcbB7mU5eL2n9fO0xH98o2tYpM.2s5lR7wE.2F8u7y6X1.,이승인,010-4948-6797,1975-03-24,ROLE_USER,ACTIVE,2025-12-25 00:00:00,2025-12-25 00:00:00,2026-06-30 22:31:00
1223,user_1223@test.com,$2a$10$7zB3qQzEcbB7mU5eL2n9fO0xH98o2tYpM.2s5lR7wE.2F8u7y6X1.,홍주원,010-7631-8546,2000-10-09,ROLE_USER,ACTIVE,2025-02-12 00:00:00,2025-02-12 00:00:00,2026-06-26 13:26:00
1224,user_1224@test.com,$2a$10$7zB3qQzEcbB7mU5eL2n9fO0xH98o2tYpM.2s5lR7wE.2F8u7y6X1.,황승영,010-8228-5187,1994-11-14,ROLE_USER,ACTIVE,2025-03-29 00:00:00,2025-03-29 00:00:00,2026-06-29 17:45:00
1225,user_1225@test.com,$2a$10$7zB3qQzEcbB7mU5eL2n9fO0xH98o2tYpM.2s5lR7wE.2F8u7y6X1.,안서영,010-5560-1198,1984-05-23,ROLE_USER,ACTIVE,2024-12-10 00:00:00,2024-12-10 00:00:00,2026-06-25 11:10:00
1226,user_1226@test.com,$2a$10$7zB3qQzEcbB7mU5eL2n9fO0xH98o2tYpM.2s5lR7wE.2F8u7y6X1.,신태혁,010-6785-4270,1979-03-04,ROLE_USER,ACTIVE,2024-05-09 00:00:00,2024-05-09 00:00:00,2026-06-26 19:08:00
1227,user_1227@test.com,$2a$10$7zB3qQzEcbB7mU5eL2n9fO0xH98o2tYpM.2s5lR7wE.2F8u7y6X1.,정서혁,010-7538-2557,1988-12-10,ROLE_USER,ACTIVE,2025-11-16 00:00:00,2025-11-16 00:00:00,2026-06-28 08:01:00
1228,user_1228@test.com,$2a$10$7zB3qQzEcbB7mU5eL2n9fO0xH98o2tYpM.2s5lR7wE.2F8u7y6X1.,홍민준,010-6478-9228,2002-04-11,ROLE_USER,ACTIVE,2024-11-24 00:00:00,2024-11-24 00:00:00,2026-06-23 09:48:00
1229,user_1229@test.com,$2a$10$7zB3qQzEcbB7mU5eL2n9fO0xH98o2tYpM.2s5lR7wE.2F8u7y6X1.,박도영,010-1939-6286,1982-07-12,ROLE_USER,ACTIVE,2025-04-29 00:00:00,2025-04-29 00:00:00,2026-06-21 17:42:00
1230,user_1230@test.com,$2a$10$7zB3qQzEcbB7mU5eL2n9fO0xH98o2tYpM.2s5lR7wE.2F8u7y6X1.,신예인,010-8492-1543,2004-04-16,ROLE_USER,ACTIVE,2025-09-29 00:00:00,2025-09-29 00:00:00,2026-06-26 08:20:00
1231,user_1231@test.com,$2a$10$7zB3qQzEcbB7mU5eL2n9fO0xH98o2tYpM.2s5lR7wE.2F8u7y6X1.,장서준,010-9895-1810,2004-04-25,ROLE_USER,ACTIVE,2024-04-15 00:00:00,2024-04-15 00:00:00,2026-06-20 15:22:00
1232,user_1232@test.com,$2a$10$7zB3qQzEcbB7mU5eL2n9fO0xH98o2tYpM.2s5lR7wE.2F8u7y6X1.,조예혁,010-7101-2839,1991-01-22,ROLE_USER,ACTIVE,2026-03-19 00:00:00,2026-03-19 00:00:00,2026-06-28 11:58:00
1233,user_1233@test.com,$2a$10$7zB3qQzEcbB7mU5eL2n9fO0xH98o2tYpM.2s5lR7wE.2F8u7y6X1.,홍도아,010-3445-1714,1987-01-05,ROLE_USER,ACTIVE,2023-10-10 00:00:00,2023-10-10 00:00:00,2026-06-18 18:43:00
1234,user_1234@test.com,$2a$10$7zB3qQzEcbB7mU5eL2n9fO0xH98o2tYpM.2s5lR7wE.2F8u7y6X1.,김현우,010-3374-2585,1991-10-11,ROLE_USER,ACTIVE,2023-12-13 00:00:00,2023-12-13 00:00:00,2026-07-02 13:21:00
1235,user_1235@test.com,$2a$10$7zB3qQzEcbB7mU5eL2n9fO0xH98o2tYpM.2s5lR7wE.2F8u7y6X1.,오은아,010-5390-2148,1992-10-20,ROLE_USER,ACTIVE,2026-03-23 00:00:00,2026-03-23 00:00:00,2026-04-11 17:44:00
1236,user_1236@test.com,$2a$10$7zB3qQzEcbB7mU5eL2n9fO0xH98o2tYpM.2s5lR7wE.2F8u7y6X1.,한예인,010-7210-1754,1977-07-13,ROLE_USER,ACTIVE,2024-01-21 00:00:00,2024-01-21 00:00:00,2026-06-18 09:34:00
1237,user_1237@test.com,$2a$10$7zB3qQzEcbB7mU5eL2n9fO0xH98o2tYpM.2s5lR7wE.2F8u7y6X1.,김현아,010-9977-1724,1976-11-16,ROLE_USER,ACTIVE,2025-06-24 00:00:00,2025-06-24 00:00:00,2026-06-20 18:15:00
1238,user_1238@test.com,$2a$10$7zB3qQzEcbB7mU5eL2n9fO0xH98o2tYpM.2s5lR7wE.2F8u7y6X1.,조승우,010-5701-5382,1992-04-18,ROLE_USER,ACTIVE,2026-01-05 00:00:00,2026-01-05 00:00:00,2026-06-19 21:44:00
1239,user_1239@test.com,$2a$10$7zB3qQzEcbB7mU5eL2n9fO0xH98o2tYpM.2s5lR7wE.2F8u7y6X1.,정서아,010-7855-6536,1977-08-19,ROLE_USER,ACTIVE,2025-02-18 00:00:00,2025-02-18 00:00:00,2026-07-01 09:19:00
1240,user_1240@test.com,$2a$10$7zB3qQzEcbB7mU5eL2n9fO0xH98o2tYpM.2s5lR7wE.2F8u7y6X1.,임승빈,010-9169-3912,1977-02-04,ROLE_USER,ACTIVE,2025-11-11 00:00:00,2025-11-11 00:00:00,2026-06-22 14:07:00
1241,user_1241@test.com,$2a$10$7zB3qQzEcbB7mU5eL2n9fO0xH98o2tYpM.2s5lR7wE.2F8u7y6X1.,김지우,010-7142-4423,2001-04-16,ROLE_USER,ACTIVE,2024-03-11 00:00:00,2024-03-11 00:00:00,2026-06-18 16:53:00
1242,user_1242@test.com,$2a$10$7zB3qQzEcbB7mU5eL2n9fO0xH98o2tYpM.2s5lR7wE.2F8u7y6X1.,조예원,010-7508-8559,1986-06-02,ROLE_USER,ACTIVE,2026-05-13 00:00:00,2026-05-13 00:00:00,2026-06-10 11:05:00
1243,user_1243@test.com,$2a$10$7zB3qQzEcbB7mU5eL2n9fO0xH98o2tYpM.2s5lR7wE.2F8u7y6X1.,조서율,010-4025-6084,1976-03-04,ROLE_USER,ACTIVE,2025-12-30 00:00:00,2025-12-30 00:00:00,2026-06-24 11:16:00
1244,user_1244@test.com,$2a$10$7zB3qQzEcbB7mU5eL2n9fO0xH98o2tYpM.2s5lR7wE.2F8u7y6X1.,서지현,010-2822-4298,1994-07-23,ROLE_USER,ACTIVE,2024-02-16 00:00:00,2024-02-16 00:00:00,2026-07-01 22:44:00
1245,user_1245@test.com,$2a$10$7zB3qQzEcbB7mU5eL2n9fO0xH98o2tYpM.2s5lR7wE.2F8u7y6X1.,한현현,010-5521-5224,1994-03-03,ROLE_USER,ACTIVE,2024-01-31 00:00:00,2024-01-31 00:00:00,2026-06-20 08:48:00
1246,user_1246@test.com,$2a$10$7zB3qQzEcbB7mU5eL2n9fO0xH98o2tYpM.2s5lR7wE.2F8u7y6X1.,임승율,010-2848-3148,1970-02-27,ROLE_USER,ACTIVE,2024-11-02 00:00:00,2024-11-02 00:00:00,2026-06-29 08:21:00
1247,user_1247@test.com,$2a$10$7zB3qQzEcbB7mU5eL2n9fO0xH98o2tYpM.2s5lR7wE.2F8u7y6X1.,임도수,010-7099-4602,1987-10-18,ROLE_USER,ACTIVE,2024-11-25 00:00:00,2024-11-25 00:00:00,2026-06-20 17:12:00
1248,user_1248@test.com,$2a$10$7zB3qQzEcbB7mU5eL2n9fO0xH98o2tYpM.2s5lR7wE.2F8u7y6X1.,임하우,010-4310-4094,1973-01-16,ROLE_USER,ACTIVE,2024-05-19 00:00:00,2024-05-19 00:00:00,2026-06-05 13:15:00
1249,user_1249@test.com,$2a$10$7zB3qQzEcbB7mU5eL2n9fO0xH98o2tYpM.2s5lR7wE.2F8u7y6X1.,장서수,010-6736-2819,1985-07-20,ROLE_USER,ACTIVE,2025-10-12 00:00:00,2025-10-12 00:00:00,2026-06-18 16:01:00
1250,user_1250@test.com,$2a$10$7zB3qQzEcbB7mU5eL2n9fO0xH98o2tYpM.2s5lR7wE.2F8u7y6X1.,오승원,010-9770-3325,1970-08-22,ROLE_USER,ACTIVE,2024-07-08 00:00:00,2024-07-08 00:00:00,2026-06-27 13:20:00
1251,user_1251@test.com,$2a$10$7zB3qQzEcbB7mU5eL2n9fO0xH98o2tYpM.2s5lR7wE.2F8u7y6X1.,안승빈,010-7155-2445,2002-12-08,ROLE_USER,ACTIVE,2024-11-16 00:00:00,2024-11-16 00:00:00,2026-06-24 10:12:00
1252,user_1252@test.com,$2a$10$7zB3qQzEcbB7mU5eL2n9fO0xH98o2tYpM.2s5lR7wE.2F8u7y6X1.,홍민원,010-1074-8852,1991-09-16,ROLE_USER,ACTIVE,2026-05-20 00:00:00,2026-05-20 00:00:00,2026-06-15 20:13:00
1253,user_1253@test.com,$2a$10$7zB3qQzEcbB7mU5eL2n9fO0xH98o2tYpM.2s5lR7wE.2F8u7y6X1.,정은혁,010-9664-6140,1973-08-28,ROLE_USER,ACTIVE,2025-06-30 00:00:00,2025-06-30 00:00:00,2026-06-11 14:50:00
1254,user_1254@test.com,$2a$10$7zB3qQzEcbB7mU5eL2n9fO0xH98o2tYpM.2s5lR7wE.2F8u7y6X1.,권현우,010-4501-7625,1994-07-13,ROLE_USER,ACTIVE,2025-06-22 00:00:00,2025-06-22 00:00:00,2026-06-21 19:11:00
1255,user_1255@test.com,$2a$10$7zB3qQzEcbB7mU5eL2n9fO0xH98o2tYpM.2s5lR7wE.2F8u7y6X1.,조하현,010-8518-6472,2003-07-08,ROLE_USER,ACTIVE,2024-11-12 00:00:00,2024-11-12 00:00:00,2026-06-23 12:31:00
1256,user_1256@test.com,$2a$10$7zB3qQzEcbB7mU5eL2n9fO0xH98o2tYpM.2s5lR7wE.2F8u7y6X1.,강서혁,010-4225-6875,1977-11-03,ROLE_USER,ACTIVE,2025-10-28 00:00:00,2025-10-28 00:00:00,2026-06-04 17:52:00
1257,user_1257@test.com,$2a$10$7zB3qQzEcbB7mU5eL2n9fO0xH98o2tYpM.2s5lR7wE.2F8u7y6X1.,전도아,010-8289-3788,1982-10-08,ROLE_USER,ACTIVE,2024-09-19 00:00:00,2024-09-19 00:00:00,2026-06-19 16:52:00
1258,user_1258@test.com,$2a$10$7zB3qQzEcbB7mU5eL2n9fO0xH98o2tYpM.2s5lR7wE.2F8u7y6X1.,최예영,010-7028-7257,1979-09-17,ROLE_USER,ACTIVE,2025-06-18 00:00:00,2025-06-18 00:00:00,2026-06-18 08:18:00
1259,user_1259@test.com,$2a$10$7zB3qQzEcbB7mU5eL2n9fO0xH98o2tYpM.2s5lR7wE.2F8u7y6X1.,권도혁,010-8541-8615,1981-09-22,ROLE_USER,ACTIVE,2026-01-14 00:00:00,2026-01-14 00:00:00,2026-06-18 22:01:00
1260,user_1260@test.com,$2a$10$7zB3qQzEcbB7mU5eL2n9fO0xH98o2tYpM.2s5lR7wE.2F8u7y6X1.,조현원,010-9184-9560,1987-09-03,ROLE_USER,ACTIVE,2023-10-30 00:00:00,2023-10-30 00:00:00,2026-06-20 22:10:00
1261,user_1261@test.com,$2a$10$7zB3qQzEcbB7mU5eL2n9fO0xH98o2tYpM.2s5lR7wE.2F8u7y6X1.,임지인,010-6326-1727,1979-05-28,ROLE_USER,ACTIVE,2024-07-27 00:00:00,2024-07-27 00:00:00,2026-06-20 14:34:00
1262,user_1262@test.com,$2a$10$7zB3qQzEcbB7mU5eL2n9fO0xH98o2tYpM.2s5lR7wE.2F8u7y6X1.,전현현,010-4652-7379,1989-04-25,ROLE_USER,ACTIVE,2024-11-28 00:00:00,2024-11-28 00:00:00,2026-06-29 08:25:00
1263,user_1263@test.com,$2a$10$7zB3qQzEcbB7mU5eL2n9fO0xH98o2tYpM.2s5lR7wE.2F8u7y6X1.,송태아,010-4770-2796,1979-07-07,ROLE_USER,ACTIVE,2025-10-23 00:00:00,2025-10-23 00:00:00,2026-06-25 17:08:00
1264,user_1264@test.com,$2a$10$7zB3qQzEcbB7mU5eL2n9fO0xH98o2tYpM.2s5lR7wE.2F8u7y6X1.,안시아,010-8712-5564,1988-08-23,ROLE_USER,ACTIVE,2025-07-08 00:00:00,2025-07-08 00:00:00,2026-06-27 13:50:00
1265,user_1265@test.com,$2a$10$7zB3qQzEcbB7mU5eL2n9fO0xH98o2tYpM.2s5lR7wE.2F8u7y6X1.,김현아,010-2995-9888,1993-07-23,ROLE_USER,ACTIVE,2023-12-09 00:00:00,2023-12-09 00:00:00,2026-06-03 14:32:00
1266,user_1266@test.com,$2a$10$7zB3qQzEcbB7mU5eL2n9fO0xH98o2tYpM.2s5lR7wE.2F8u7y6X1.,황은현,010-6088-9457,1993-10-06,ROLE_USER,ACTIVE,2025-12-23 00:00:00,2025-12-23 00:00:00,2026-06-23 09:52:00
1267,user_1267@test.com,$2a$10$7zB3qQzEcbB7mU5eL2n9fO0xH98o2tYpM.2s5lR7wE.2F8u7y6X1.,신도원,010-5663-9514,1981-10-21,ROLE_USER,ACTIVE,2024-04-01 00:00:00,2024-04-01 00:00:00,2026-07-02 21:57:00
1268,user_1268@test.com,$2a$10$7zB3qQzEcbB7mU5eL2n9fO0xH98o2tYpM.2s5lR7wE.2F8u7y6X1.,전태율,010-6695-2321,1999-08-04,ROLE_USER,ACTIVE,2026-05-01 00:00:00,2026-05-01 00:00:00,2026-06-22 18:07:00
1269,user_1269@test.com,$2a$10$7zB3qQzEcbB7mU5eL2n9fO0xH98o2tYpM.2s5lR7wE.2F8u7y6X1.,윤승혁,010-6082-8297,1986-02-27,ROLE_USER,ACTIVE,2026-04-28 00:00:00,2026-04-28 00:00:00,2026-06-05 15:10:00
1270,user_1270@test.com,$2a$10$7zB3qQzEcbB7mU5eL2n9fO0xH98o2tYpM.2s5lR7wE.2F8u7y6X1.,안도혁,010-1710-2904,1976-02-18,ROLE_USER,ACTIVE,2025-10-04 00:00:00,2025-10-04 00:00:00,2026-06-26 20:16:00
1271,user_1271@test.com,$2a$10$7zB3qQzEcbB7mU5eL2n9fO0xH98o2tYpM.2s5lR7wE.2F8u7y6X1.,조서아,010-7176-2806,1970-09-06,ROLE_USER,ACTIVE,2026-03-14 00:00:00,2026-03-14 00:00:00,2026-06-28 15:41:00
1272,user_1272@test.com,$2a$10$7zB3qQzEcbB7mU5eL2n9fO0xH98o2tYpM.2s5lR7wE.2F8u7y6X1.,송지아,010-9456-5234,1992-09-28,ROLE_USER,ACTIVE,2024-11-13 00:00:00,2024-11-13 00:00:00,2026-06-28 19:16:00
1273,user_1273@test.com,$2a$10$7zB3qQzEcbB7mU5eL2n9fO0xH98o2tYpM.2s5lR7wE.2F8u7y6X1.,안민혁,010-6916-6340,1980-08-04,ROLE_USER,ACTIVE,2026-04-19 00:00:00,2026-04-19 00:00:00,2026-06-25 17:59:00
1274,user_1274@test.com,$2a$10$7zB3qQzEcbB7mU5eL2n9fO0xH98o2tYpM.2s5lR7wE.2F8u7y6X1.,홍은원,010-2898-3640,1981-09-28,ROLE_USER,ACTIVE,2023-12-01 00:00:00,2023-12-01 00:00:00,2026-07-02 09:40:00
1275,user_1275@test.com,$2a$10$7zB3qQzEcbB7mU5eL2n9fO0xH98o2tYpM.2s5lR7wE.2F8u7y6X1.,임주원,010-7942-4754,2000-05-25,ROLE_USER,ACTIVE,2025-09-05 00:00:00,2025-09-05 00:00:00,2026-06-28 14:21:00
1276,user_1276@test.com,$2a$10$7zB3qQzEcbB7mU5eL2n9fO0xH98o2tYpM.2s5lR7wE.2F8u7y6X1.,황민혁,010-8515-1691,2002-04-26,ROLE_USER,ACTIVE,2025-04-19 00:00:00,2025-04-19 00:00:00,2026-06-24 19:10:00
1277,user_1277@test.com,$2a$10$7zB3qQzEcbB7mU5eL2n9fO0xH98o2tYpM.2s5lR7wE.2F8u7y6X1.,강예준,010-7173-9348,1999-02-21,ROLE_USER,ACTIVE,2026-02-28 00:00:00,2026-02-28 00:00:00,2026-06-23 10:07:00
1278,user_1278@test.com,$2a$10$7zB3qQzEcbB7mU5eL2n9fO0xH98o2tYpM.2s5lR7wE.2F8u7y6X1.,오하우,010-4936-8283,1978-01-08,ROLE_USER,ACTIVE,2024-10-11 00:00:00,2024-10-11 00:00:00,2026-06-19 17:42:00
1279,user_1279@test.com,$2a$10$7zB3qQzEcbB7mU5eL2n9fO0xH98o2tYpM.2s5lR7wE.2F8u7y6X1.,신시아,010-5324-7132,1975-10-26,ROLE_USER,ACTIVE,2024-03-08 00:00:00,2024-03-08 00:00:00,2026-06-26 10:16:00
1280,user_1280@test.com,$2a$10$7zB3qQzEcbB7mU5eL2n9fO0xH98o2tYpM.2s5lR7wE.2F8u7y6X1.,전주아,010-4816-6951,1993-06-17,ROLE_USER,ACTIVE,2024-05-21 00:00:00,2024-05-21 00:00:00,2026-05-10 17:04:00
1281,user_1281@test.com,$2a$10$7zB3qQzEcbB7mU5eL2n9fO0xH98o2tYpM.2s5lR7wE.2F8u7y6X1.,오지아,010-3553-8190,2002-09-11,ROLE_USER,ACTIVE,2025-01-05 00:00:00,2025-01-05 00:00:00,2026-06-23 15:50:00
1282,user_1282@test.com,$2a$10$7zB3qQzEcbB7mU5eL2n9fO0xH98o2tYpM.2s5lR7wE.2F8u7y6X1.,전하혁,010-6818-6237,1981-06-21,ROLE_USER,ACTIVE,2025-05-27 00:00:00,2025-05-27 00:00:00,2026-06-25 22:20:00
1283,user_1283@test.com,$2a$10$7zB3qQzEcbB7mU5eL2n9fO0xH98o2tYpM.2s5lR7wE.2F8u7y6X1.,이예혁,010-9224-8408,1978-03-27,ROLE_USER,ACTIVE,2025-09-09 00:00:00,2025-09-09 00:00:00,2026-06-26 22:11:00
1284,user_1284@test.com,$2a$10$7zB3qQzEcbB7mU5eL2n9fO0xH98o2tYpM.2s5lR7wE.2F8u7y6X1.,안시율,010-7588-8338,1977-03-20,ROLE_USER,ACTIVE,2024-10-19 00:00:00,2024-10-19 00:00:00,2026-06-12 11:15:00
1285,user_1285@test.com,$2a$10$7zB3qQzEcbB7mU5eL2n9fO0xH98o2tYpM.2s5lR7wE.2F8u7y6X1.,윤주준,010-8019-4530,1993-11-28,ROLE_USER,ACTIVE,2024-07-14 00:00:00,2024-07-14 00:00:00,2026-05-27 10:13:00
1286,user_1286@test.com,$2a$10$7zB3qQzEcbB7mU5eL2n9fO0xH98o2tYpM.2s5lR7wE.2F8u7y6X1.,권서현,010-6797-6833,1970-11-03,ROLE_USER,ACTIVE,2024-02-13 00:00:00,2024-02-13 00:00:00,2026-06-23 22:53:00
1287,user_1287@test.com,$2a$10$7zB3qQzEcbB7mU5eL2n9fO0xH98o2tYpM.2s5lR7wE.2F8u7y6X1.,홍예아,010-2956-7438,1997-04-05,ROLE_USER,ACTIVE,2024-04-17 00:00:00,2024-04-17 00:00:00,2026-07-02 21:26:00
1288,user_1288@test.com,$2a$10$7zB3qQzEcbB7mU5eL2n9fO0xH98o2tYpM.2s5lR7wE.2F8u7y6X1.,신시수,010-5422-7167,1974-06-23,ROLE_USER,ACTIVE,2024-12-04 00:00:00,2024-12-04 00:00:00,2026-06-23 11:31:00
1289,user_1289@test.com,$2a$10$7zB3qQzEcbB7mU5eL2n9fO0xH98o2tYpM.2s5lR7wE.2F8u7y6X1.,김현영,010-7441-4986,2001-01-08,ROLE_USER,ACTIVE,2024-05-21 00:00:00,2024-05-21 00:00:00,2026-06-30 21:33:00
1290,user_1290@test.com,$2a$10$7zB3qQzEcbB7mU5eL2n9fO0xH98o2tYpM.2s5lR7wE.2F8u7y6X1.,안주우,010-8477-6465,1973-03-13,ROLE_USER,ACTIVE,2025-11-24 00:00:00,2025-11-24 00:00:00,2026-06-29 22:32:00
1291,user_1291@test.com,$2a$10$7zB3qQzEcbB7mU5eL2n9fO0xH98o2tYpM.2s5lR7wE.2F8u7y6X1.,박하아,010-7661-6439,1971-06-08,ROLE_USER,ACTIVE,2026-03-02 00:00:00,2026-03-02 00:00:00,2026-06-07 16:20:00
1292,user_1292@test.com,$2a$10$7zB3qQzEcbB7mU5eL2n9fO0xH98o2tYpM.2s5lR7wE.2F8u7y6X1.,황승율,010-3017-8309,1981-09-17,ROLE_USER,ACTIVE,2025-11-27 00:00:00,2025-11-27 00:00:00,2026-06-21 10:29:00
1293,user_1293@test.com,$2a$10$7zB3qQzEcbB7mU5eL2n9fO0xH98o2tYpM.2s5lR7wE.2F8u7y6X1.,윤도우,010-1000-7122,1996-01-01,ROLE_USER,ACTIVE,2023-12-22 00:00:00,2023-12-22 00:00:00,2026-06-18 21:35:00
1294,user_1294@test.com,$2a$10$7zB3qQzEcbB7mU5eL2n9fO0xH98o2tYpM.2s5lR7wE.2F8u7y6X1.,김현원,010-2453-8811,1981-09-15,ROLE_USER,ACTIVE,2025-09-11 00:00:00,2025-09-11 00:00:00,2026-06-21 09:37:00
1295,user_1295@test.com,$2a$10$7zB3qQzEcbB7mU5eL2n9fO0xH98o2tYpM.2s5lR7wE.2F8u7y6X1.,전주혁,010-6549-1247,1987-11-24,ROLE_USER,ACTIVE,2026-05-13 00:00:00,2026-05-13 00:00:00,2026-05-21 21:01:00
1296,user_1296@test.com,$2a$10$7zB3qQzEcbB7mU5eL2n9fO0xH98o2tYpM.2s5lR7wE.2F8u7y6X1.,장시혁,010-1825-8745,2000-01-14,ROLE_USER,ACTIVE,2026-05-06 00:00:00,2026-05-06 00:00:00,2026-05-14 18:04:00
1297,user_1297@test.com,$2a$10$7zB3qQzEcbB7mU5eL2n9fO0xH98o2tYpM.2s5lR7wE.2F8u7y6X1.,윤도영,010-2742-2588,1981-11-11,ROLE_USER,ACTIVE,2026-01-05 00:00:00,2026-01-05 00:00:00,2026-06-20 13:54:00
1298,user_1298@test.com,$2a$10$7zB3qQzEcbB7mU5eL2n9fO0xH98o2tYpM.2s5lR7wE.2F8u7y6X1.,장시준,010-3252-8196,1991-03-27,ROLE_USER,ACTIVE,2024-10-07 00:00:00,2024-10-07 00:00:00,2026-06-25 16:51:00
1299,user_1299@test.com,$2a$10$7zB3qQzEcbB7mU5eL2n9fO0xH98o2tYpM.2s5lR7wE.2F8u7y6X1.,오하우,010-2876-4753,1981-01-04,ROLE_USER,ACTIVE,2023-10-17 00:00:00,2023-10-17 00:00:00,2026-07-02 22:01:00
1300,user_1300@test.com,$2a$10$7zB3qQzEcbB7mU5eL2n9fO0xH98o2tYpM.2s5lR7wE.2F8u7y6X1.,조서우,010-8104-6296,1984-10-12,ROLE_USER,ACTIVE,2025-05-28 00:00:00,2025-05-28 00:00:00,2026-06-24 18:43:00
1301,user_1301@test.com,$2a$10$7zB3qQzEcbB7mU5eL2n9fO0xH98o2tYpM.2s5lR7wE.2F8u7y6X1.,정지인,010-5307-6364,1977-06-26,ROLE_USER,ACTIVE,2025-09-20 00:00:00,2025-09-20 00:00:00,2026-06-27 20:49:00
1302,user_1302@test.com,$2a$10$7zB3qQzEcbB7mU5eL2n9fO0xH98o2tYpM.2s5lR7wE.2F8u7y6X1.,황서율,010-4552-8999,1997-01-22,ROLE_USER,ACTIVE,2025-11-16 00:00:00,2025-11-16 00:00:00,2026-06-22 21:49:00
1303,user_1303@test.com,$2a$10$7zB3qQzEcbB7mU5eL2n9fO0xH98o2tYpM.2s5lR7wE.2F8u7y6X1.,송민영,010-1163-8012,1994-08-01,ROLE_USER,ACTIVE,2026-04-09 00:00:00,2026-04-09 00:00:00,2026-06-11 08:59:00
1304,user_1304@test.com,$2a$10$7zB3qQzEcbB7mU5eL2n9fO0xH98o2tYpM.2s5lR7wE.2F8u7y6X1.,임민원,010-2564-2443,1973-12-14,ROLE_USER,ACTIVE,2024-01-30 00:00:00,2024-01-30 00:00:00,2026-07-01 16:14:00
1305,user_1305@test.com,$2a$10$7zB3qQzEcbB7mU5eL2n9fO0xH98o2tYpM.2s5lR7wE.2F8u7y6X1.,최시혁,010-5594-1666,1987-01-27,ROLE_USER,ACTIVE,2026-05-26 00:00:00,2026-05-26 00:00:00,2026-05-14 15:39:00
1306,user_1306@test.com,$2a$10$7zB3qQzEcbB7mU5eL2n9fO0xH98o2tYpM.2s5lR7wE.2F8u7y6X1.,전현원,010-4688-2658,1987-04-17,ROLE_USER,ACTIVE,2024-06-18 00:00:00,2024-06-18 00:00:00,2026-06-08 15:12:00
1307,user_1307@test.com,$2a$10$7zB3qQzEcbB7mU5eL2n9fO0xH98o2tYpM.2s5lR7wE.2F8u7y6X1.,최예아,010-6870-3560,1979-05-14,ROLE_USER,ACTIVE,2025-06-16 00:00:00,2025-06-16 00:00:00,2026-06-26 10:18:00
1308,user_1308@test.com,$2a$10$7zB3qQzEcbB7mU5eL2n9fO0xH98o2tYpM.2s5lR7wE.2F8u7y6X1.,장서혁,010-2703-3266,1975-02-08,ROLE_USER,ACTIVE,2025-08-09 00:00:00,2025-08-09 00:00:00,2026-06-18 14:46:00
1309,user_1309@test.com,$2a$10$7zB3qQzEcbB7mU5eL2n9fO0xH98o2tYpM.2s5lR7wE.2F8u7y6X1.,송태인,010-6373-3858,1978-07-12,ROLE_USER,ACTIVE,2024-10-04 00:00:00,2024-10-04 00:00:00,2026-07-01 15:15:00
1310,user_1310@test.com,$2a$10$7zB3qQzEcbB7mU5eL2n9fO0xH98o2tYpM.2s5lR7wE.2F8u7y6X1.,홍승빈,010-9948-6306,1983-12-21,ROLE_USER,ACTIVE,2026-05-25 00:00:00,2026-05-25 00:00:00,2026-05-22 14:01:00
1311,user_1311@test.com,$2a$10$7zB3qQzEcbB7mU5eL2n9fO0xH98o2tYpM.2s5lR7wE.2F8u7y6X1.,한승빈,010-5486-8193,1996-10-09,ROLE_USER,ACTIVE,2025-03-09 00:00:00,2025-03-09 00:00:00,2026-06-23 08:38:00
1312,user_1312@test.com,$2a$10$7zB3qQzEcbB7mU5eL2n9fO0xH98o2tYpM.2s5lR7wE.2F8u7y6X1.,황은아,010-8027-6413,1975-10-12,ROLE_USER,ACTIVE,2026-05-21 00:00:00,2026-05-21 00:00:00,2026-05-15 17:06:00
1313,user_1313@test.com,$2a$10$7zB3qQzEcbB7mU5eL2n9fO0xH98o2tYpM.2s5lR7wE.2F8u7y6X1.,장도아,010-5177-4566,1985-10-24,ROLE_USER,ACTIVE,2023-10-09 00:00:00,2023-10-09 00:00:00,2026-06-24 08:29:00
1314,user_1314@test.com,$2a$10$7zB3qQzEcbB7mU5eL2n9fO0xH98o2tYpM.2s5lR7wE.2F8u7y6X1.,안도혁,010-2015-3762,1989-06-15,ROLE_USER,ACTIVE,2025-01-03 00:00:00,2025-01-03 00:00:00,2026-06-25 20:48:00
1315,user_1315@test.com,$2a$10$7zB3qQzEcbB7mU5eL2n9fO0xH98o2tYpM.2s5lR7wE.2F8u7y6X1.,황서혁,010-7327-6404,1973-08-27,ROLE_USER,ACTIVE,2026-02-25 00:00:00,2026-02-25 00:00:00,2026-06-30 22:43:00
1316,user_1316@test.com,$2a$10$7zB3qQzEcbB7mU5eL2n9fO0xH98o2tYpM.2s5lR7wE.2F8u7y6X1.,김서우,010-9317-5094,1979-09-14,ROLE_USER,ACTIVE,2024-06-20 00:00:00,2024-06-20 00:00:00,2026-06-21 15:26:00
1317,user_1317@test.com,$2a$10$7zB3qQzEcbB7mU5eL2n9fO0xH98o2tYpM.2s5lR7wE.2F8u7y6X1.,박하율,010-9842-2594,1974-01-17,ROLE_USER,ACTIVE,2025-04-21 00:00:00,2025-04-21 00:00:00,2026-06-21 19:41:00
1318,user_1318@test.com,$2a$10$7zB3qQzEcbB7mU5eL2n9fO0xH98o2tYpM.2s5lR7wE.2F8u7y6X1.,이서우,010-1720-5667,1984-08-17,ROLE_USER,ACTIVE,2023-11-21 00:00:00,2023-11-21 00:00:00,2026-07-02 15:00:00
1319,user_1319@test.com,$2a$10$7zB3qQzEcbB7mU5eL2n9fO0xH98o2tYpM.2s5lR7wE.2F8u7y6X1.,장도원,010-4773-3197,1987-05-23,ROLE_USER,ACTIVE,2026-05-23 00:00:00,2026-05-23 00:00:00,2026-06-05 13:25:00
1320,user_1320@test.com,$2a$10$7zB3qQzEcbB7mU5eL2n9fO0xH98o2tYpM.2s5lR7wE.2F8u7y6X1.,박은아,010-6436-2242,1978-02-27,ROLE_USER,ACTIVE,2026-02-06 00:00:00,2026-02-06 00:00:00,2026-06-25 22:05:00
1321,user_1321@test.com,$2a$10$7zB3qQzEcbB7mU5eL2n9fO0xH98o2tYpM.2s5lR7wE.2F8u7y6X1.,정승원,010-9607-3175,1987-06-24,ROLE_USER,ACTIVE,2024-11-06 00:00:00,2024-11-06 00:00:00,2026-06-24 09:26:00
1322,user_1322@test.com,$2a$10$7zB3qQzEcbB7mU5eL2n9fO0xH98o2tYpM.2s5lR7wE.2F8u7y6X1.,신지아,010-1179-1002,1992-02-10,ROLE_USER,ACTIVE,2024-01-04 00:00:00,2024-01-04 00:00:00,2026-06-12 08:34:00
1323,user_1323@test.com,$2a$10$7zB3qQzEcbB7mU5eL2n9fO0xH98o2tYpM.2s5lR7wE.2F8u7y6X1.,황시영,010-5888-2749,2004-12-17,ROLE_USER,ACTIVE,2023-12-12 00:00:00,2023-12-12 00:00:00,2026-06-28 12:15:00
1324,user_1324@test.com,$2a$10$7zB3qQzEcbB7mU5eL2n9fO0xH98o2tYpM.2s5lR7wE.2F8u7y6X1.,강하원,010-6340-8038,1998-03-06,ROLE_USER,ACTIVE,2024-11-11 00:00:00,2024-11-11 00:00:00,2026-06-28 20:37:00
1325,user_1325@test.com,$2a$10$7zB3qQzEcbB7mU5eL2n9fO0xH98o2tYpM.2s5lR7wE.2F8u7y6X1.,장은인,010-6816-5707,1982-02-27,ROLE_USER,ACTIVE,2026-01-19 00:00:00,2026-01-19 00:00:00,2026-07-01 16:35:00
1326,user_1326@test.com,$2a$10$7zB3qQzEcbB7mU5eL2n9fO0xH98o2tYpM.2s5lR7wE.2F8u7y6X1.,조지수,010-7818-2181,1972-12-16,ROLE_USER,ACTIVE,2026-05-07 00:00:00,2026-05-07 00:00:00,2026-06-27 17:43:00
1327,user_1327@test.com,$2a$10$7zB3qQzEcbB7mU5eL2n9fO0xH98o2tYpM.2s5lR7wE.2F8u7y6X1.,황주인,010-2448-2595,1972-04-15,ROLE_USER,ACTIVE,2025-01-16 00:00:00,2025-01-16 00:00:00,2026-06-24 08:50:00
1328,user_1328@test.com,$2a$10$7zB3qQzEcbB7mU5eL2n9fO0xH98o2tYpM.2s5lR7wE.2F8u7y6X1.,조주아,010-6216-4592,1990-12-26,ROLE_USER,ACTIVE,2024-01-14 00:00:00,2024-01-14 00:00:00,2026-07-02 11:21:00
1329,user_1329@test.com,$2a$10$7zB3qQzEcbB7mU5eL2n9fO0xH98o2tYpM.2s5lR7wE.2F8u7y6X1.,오시우,010-5843-5490,1990-02-23,ROLE_USER,ACTIVE,2024-08-30 00:00:00,2024-08-30 00:00:00,2026-06-23 08:42:00
1330,user_1330@test.com,$2a$10$7zB3qQzEcbB7mU5eL2n9fO0xH98o2tYpM.2s5lR7wE.2F8u7y6X1.,신주아,010-4724-8505,2001-05-27,ROLE_USER,ACTIVE,2024-04-21 00:00:00,2024-04-21 00:00:00,2026-06-07 20:39:00
1331,user_1331@test.com,$2a$10$7zB3qQzEcbB7mU5eL2n9fO0xH98o2tYpM.2s5lR7wE.2F8u7y6X1.,안하아,010-2577-1769,2004-02-04,ROLE_USER,ACTIVE,2025-06-19 00:00:00,2025-06-19 00:00:00,2026-06-23 15:24:00
1332,user_1332@test.com,$2a$10$7zB3qQzEcbB7mU5eL2n9fO0xH98o2tYpM.2s5lR7wE.2F8u7y6X1.,전예원,010-9771-8588,1972-06-22,ROLE_USER,ACTIVE,2025-09-14 00:00:00,2025-09-14 00:00:00,2026-06-29 20:02:00
1333,user_1333@test.com,$2a$10$7zB3qQzEcbB7mU5eL2n9fO0xH98o2tYpM.2s5lR7wE.2F8u7y6X1.,권주영,010-7659-8839,1979-06-08,ROLE_USER,ACTIVE,2025-10-16 00:00:00,2025-10-16 00:00:00,2026-06-05 19:15:00
1334,user_1334@test.com,$2a$10$7zB3qQzEcbB7mU5eL2n9fO0xH98o2tYpM.2s5lR7wE.2F8u7y6X1.,서승준,010-8960-1124,1993-05-19,ROLE_USER,ACTIVE,2026-02-14 00:00:00,2026-02-14 00:00:00,2026-07-01 10:35:00
1335,user_1335@test.com,$2a$10$7zB3qQzEcbB7mU5eL2n9fO0xH98o2tYpM.2s5lR7wE.2F8u7y6X1.,황지인,010-1466-6910,2000-04-25,ROLE_USER,ACTIVE,2024-03-29 00:00:00,2024-03-29 00:00:00,2026-07-02 15:07:00
1336,user_1336@test.com,$2a$10$7zB3qQzEcbB7mU5eL2n9fO0xH98o2tYpM.2s5lR7wE.2F8u7y6X1.,신지현,010-7298-7325,1977-07-28,ROLE_USER,ACTIVE,2024-04-02 00:00:00,2024-04-02 00:00:00,2026-06-28 16:40:00
1337,user_1337@test.com,$2a$10$7zB3qQzEcbB7mU5eL2n9fO0xH98o2tYpM.2s5lR7wE.2F8u7y6X1.,장지빈,010-1962-5350,1981-08-08,ROLE_USER,ACTIVE,2023-11-20 00:00:00,2023-11-20 00:00:00,2026-07-02 10:25:00
1338,user_1338@test.com,$2a$10$7zB3qQzEcbB7mU5eL2n9fO0xH98o2tYpM.2s5lR7wE.2F8u7y6X1.,임도영,010-1048-7606,1990-12-22,ROLE_USER,ACTIVE,2026-04-06 00:00:00,2026-04-06 00:00:00,2026-06-26 16:33:00
1339,user_1339@test.com,$2a$10$7zB3qQzEcbB7mU5eL2n9fO0xH98o2tYpM.2s5lR7wE.2F8u7y6X1.,홍현아,010-2152-2263,1991-09-20,ROLE_USER,ACTIVE,2023-10-27 00:00:00,2023-10-27 00:00:00,2026-04-14 18:52:00
1340,user_1340@test.com,$2a$10$7zB3qQzEcbB7mU5eL2n9fO0xH98o2tYpM.2s5lR7wE.2F8u7y6X1.,이도혁,010-3072-2555,1984-04-24,ROLE_USER,ACTIVE,2024-11-12 00:00:00,2024-11-12 00:00:00,2026-06-19 15:38:00
1341,user_1341@test.com,$2a$10$7zB3qQzEcbB7mU5eL2n9fO0xH98o2tYpM.2s5lR7wE.2F8u7y6X1.,송예영,010-5124-6735,1983-05-23,ROLE_USER,ACTIVE,2024-11-09 00:00:00,2024-11-09 00:00:00,2026-04-15 19:00:00
1342,user_1342@test.com,$2a$10$7zB3qQzEcbB7mU5eL2n9fO0xH98o2tYpM.2s5lR7wE.2F8u7y6X1.,장민혁,010-5770-2581,1989-07-06,ROLE_USER,ACTIVE,2025-12-15 00:00:00,2025-12-15 00:00:00,2026-06-26 14:59:00
1343,user_1343@test.com,$2a$10$7zB3qQzEcbB7mU5eL2n9fO0xH98o2tYpM.2s5lR7wE.2F8u7y6X1.,서도우,010-8977-1900,1975-07-24,ROLE_USER,ACTIVE,2025-04-19 00:00:00,2025-04-19 00:00:00,2026-04-17 08:03:00
1344,user_1344@test.com,$2a$10$7zB3qQzEcbB7mU5eL2n9fO0xH98o2tYpM.2s5lR7wE.2F8u7y6X1.,김도수,010-5354-3048,1984-08-19,ROLE_USER,ACTIVE,2025-07-11 00:00:00,2025-07-11 00:00:00,2026-06-28 09:08:00
1345,user_1345@test.com,$2a$10$7zB3qQzEcbB7mU5eL2n9fO0xH98o2tYpM.2s5lR7wE.2F8u7y6X1.,서민원,010-9202-1428,1972-07-26,ROLE_USER,ACTIVE,2025-11-15 00:00:00,2025-11-15 00:00:00,2026-06-26 19:53:00
1346,user_1346@test.com,$2a$10$7zB3qQzEcbB7mU5eL2n9fO0xH98o2tYpM.2s5lR7wE.2F8u7y6X1.,김지율,010-2585-9157,1990-07-19,ROLE_USER,ACTIVE,2024-01-04 00:00:00,2024-01-04 00:00:00,2026-06-24 08:32:00
1347,user_1347@test.com,$2a$10$7zB3qQzEcbB7mU5eL2n9fO0xH98o2tYpM.2s5lR7wE.2F8u7y6X1.,정도아,010-2016-8821,2002-01-15,ROLE_USER,ACTIVE,2025-04-05 00:00:00,2025-04-05 00:00:00,2026-06-08 13:15:00
1348,user_1348@test.com,$2a$10$7zB3qQzEcbB7mU5eL2n9fO0xH98o2tYpM.2s5lR7wE.2F8u7y6X1.,정승현,010-7941-7414,1998-08-05,ROLE_USER,ACTIVE,2025-11-05 00:00:00,2025-11-05 00:00:00,2026-06-18 22:28:00
1349,user_1349@test.com,$2a$10$7zB3qQzEcbB7mU5eL2n9fO0xH98o2tYpM.2s5lR7wE.2F8u7y6X1.,안태영,010-2016-2463,1987-10-11,ROLE_USER,ACTIVE,2024-02-29 00:00:00,2024-02-29 00:00:00,2026-06-26 19:20:00
1350,user_1350@test.com,$2a$10$7zB3qQzEcbB7mU5eL2n9fO0xH98o2tYpM.2s5lR7wE.2F8u7y6X1.,오하원,010-5440-2104,1972-01-17,ROLE_USER,ACTIVE,2024-07-17 00:00:00,2024-07-17 00:00:00,2026-07-01 19:18:00
1351,user_1351@test.com,$2a$10$7zB3qQzEcbB7mU5eL2n9fO0xH98o2tYpM.2s5lR7wE.2F8u7y6X1.,신주현,010-3761-2810,1994-06-03,ROLE_USER,ACTIVE,2024-10-05 00:00:00,2024-10-05 00:00:00,2026-06-21 10:28:00
1352,user_1352@test.com,$2a$10$7zB3qQzEcbB7mU5eL2n9fO0xH98o2tYpM.2s5lR7wE.2F8u7y6X1.,박주우,010-9408-7864,1990-03-13,ROLE_USER,ACTIVE,2025-08-27 00:00:00,2025-08-27 00:00:00,2026-06-30 15:03:00
1353,user_1353@test.com,$2a$10$7zB3qQzEcbB7mU5eL2n9fO0xH98o2tYpM.2s5lR7wE.2F8u7y6X1.,황지준,010-2109-8160,1997-09-08,ROLE_USER,ACTIVE,2025-02-13 00:00:00,2025-02-13 00:00:00,2026-06-27 12:34:00
1354,user_1354@test.com,$2a$10$7zB3qQzEcbB7mU5eL2n9fO0xH98o2tYpM.2s5lR7wE.2F8u7y6X1.,박현인,010-3196-6343,1990-05-15,ROLE_USER,ACTIVE,2026-05-17 00:00:00,2026-05-17 00:00:00,2026-05-13 16:05:00
1355,user_1355@test.com,$2a$10$7zB3qQzEcbB7mU5eL2n9fO0xH98o2tYpM.2s5lR7wE.2F8u7y6X1.,송서인,010-1297-1581,1996-04-09,ROLE_USER,ACTIVE,2025-02-21 00:00:00,2025-02-21 00:00:00,2026-07-01 12:43:00
1356,user_1356@test.com,$2a$10$7zB3qQzEcbB7mU5eL2n9fO0xH98o2tYpM.2s5lR7wE.2F8u7y6X1.,서은우,010-6457-5026,1994-03-12,ROLE_USER,ACTIVE,2025-12-31 00:00:00,2025-12-31 00:00:00,2026-06-28 19:41:00
1357,user_1357@test.com,$2a$10$7zB3qQzEcbB7mU5eL2n9fO0xH98o2tYpM.2s5lR7wE.2F8u7y6X1.,송서빈,010-9186-7224,1985-01-11,ROLE_USER,ACTIVE,2025-06-19 00:00:00,2025-06-19 00:00:00,2026-06-19 10:58:00
1358,user_1358@test.com,$2a$10$7zB3qQzEcbB7mU5eL2n9fO0xH98o2tYpM.2s5lR7wE.2F8u7y6X1.,서서준,010-2041-1572,1970-05-14,ROLE_USER,ACTIVE,2025-09-16 00:00:00,2025-09-16 00:00:00,2026-07-02 14:43:00
1359,user_1359@test.com,$2a$10$7zB3qQzEcbB7mU5eL2n9fO0xH98o2tYpM.2s5lR7wE.2F8u7y6X1.,안서영,010-2500-9670,1974-10-12,ROLE_USER,ACTIVE,2026-01-04 00:00:00,2026-01-04 00:00:00,2026-04-21 17:12:00
1360,user_1360@test.com,$2a$10$7zB3qQzEcbB7mU5eL2n9fO0xH98o2tYpM.2s5lR7wE.2F8u7y6X1.,송승원,010-4161-8010,1979-10-23,ROLE_USER,ACTIVE,2025-07-07 00:00:00,2025-07-07 00:00:00,2026-06-04 14:49:00
1361,user_1361@test.com,$2a$10$7zB3qQzEcbB7mU5eL2n9fO0xH98o2tYpM.2s5lR7wE.2F8u7y6X1.,박하우,010-8857-6948,1989-06-01,ROLE_USER,ACTIVE,2024-07-15 00:00:00,2024-07-15 00:00:00,2026-06-26 21:03:00
1362,user_1362@test.com,$2a$10$7zB3qQzEcbB7mU5eL2n9fO0xH98o2tYpM.2s5lR7wE.2F8u7y6X1.,조승아,010-2225-3896,1999-05-25,ROLE_USER,ACTIVE,2025-02-06 00:00:00,2025-02-06 00:00:00,2026-06-25 13:04:00
1363,user_1363@test.com,$2a$10$7zB3qQzEcbB7mU5eL2n9fO0xH98o2tYpM.2s5lR7wE.2F8u7y6X1.,서서빈,010-2303-3137,1980-11-22,ROLE_USER,ACTIVE,2025-03-17 00:00:00,2025-03-17 00:00:00,2026-04-16 12:04:00
1364,user_1364@test.com,$2a$10$7zB3qQzEcbB7mU5eL2n9fO0xH98o2tYpM.2s5lR7wE.2F8u7y6X1.,박시아,010-4934-4478,1980-02-05,ROLE_USER,ACTIVE,2026-03-16 00:00:00,2026-03-16 00:00:00,2026-06-30 16:29:00
1365,user_1365@test.com,$2a$10$7zB3qQzEcbB7mU5eL2n9fO0xH98o2tYpM.2s5lR7wE.2F8u7y6X1.,서민인,010-3616-9284,1971-01-22,ROLE_USER,ACTIVE,2025-08-07 00:00:00,2025-08-07 00:00:00,2026-07-01 17:28:00
1366,user_1366@test.com,$2a$10$7zB3qQzEcbB7mU5eL2n9fO0xH98o2tYpM.2s5lR7wE.2F8u7y6X1.,권태수,010-7021-8137,1992-08-08,ROLE_USER,ACTIVE,2025-10-08 00:00:00,2025-10-08 00:00:00,2026-06-27 19:47:00
1367,user_1367@test.com,$2a$10$7zB3qQzEcbB7mU5eL2n9fO0xH98o2tYpM.2s5lR7wE.2F8u7y6X1.,김하현,010-6046-7061,1988-11-04,ROLE_USER,ACTIVE,2024-06-08 00:00:00,2024-06-08 00:00:00,2026-07-01 10:02:00
1368,user_1368@test.com,$2a$10$7zB3qQzEcbB7mU5eL2n9fO0xH98o2tYpM.2s5lR7wE.2F8u7y6X1.,장태준,010-4162-9114,1978-06-20,ROLE_USER,ACTIVE,2024-06-17 00:00:00,2024-06-17 00:00:00,2026-06-27 14:16:00
1369,user_1369@test.com,$2a$10$7zB3qQzEcbB7mU5eL2n9fO0xH98o2tYpM.2s5lR7wE.2F8u7y6X1.,조현준,010-9397-5168,1989-12-03,ROLE_USER,ACTIVE,2026-02-16 00:00:00,2026-02-16 00:00:00,2026-06-18 19:20:00
1370,user_1370@test.com,$2a$10$7zB3qQzEcbB7mU5eL2n9fO0xH98o2tYpM.2s5lR7wE.2F8u7y6X1.,오예혁,010-5188-3052,1979-12-05,ROLE_USER,ACTIVE,2025-12-10 00:00:00,2025-12-10 00:00:00,2026-06-19 10:32:00
1371,user_1371@test.com,$2a$10$7zB3qQzEcbB7mU5eL2n9fO0xH98o2tYpM.2s5lR7wE.2F8u7y6X1.,윤승율,010-4320-3423,1974-05-03,ROLE_USER,ACTIVE,2025-01-26 00:00:00,2025-01-26 00:00:00,2026-06-29 13:56:00
1372,user_1372@test.com,$2a$10$7zB3qQzEcbB7mU5eL2n9fO0xH98o2tYpM.2s5lR7wE.2F8u7y6X1.,최현인,010-4109-4498,2003-07-28,ROLE_USER,ACTIVE,2024-04-05 00:00:00,2024-04-05 00:00:00,2026-06-20 08:22:00
1373,user_1373@test.com,$2a$10$7zB3qQzEcbB7mU5eL2n9fO0xH98o2tYpM.2s5lR7wE.2F8u7y6X1.,최서우,010-4999-9071,1976-11-08,ROLE_USER,ACTIVE,2023-11-16 00:00:00,2023-11-16 00:00:00,2026-06-23 10:13:00
1374,user_1374@test.com,$2a$10$7zB3qQzEcbB7mU5eL2n9fO0xH98o2tYpM.2s5lR7wE.2F8u7y6X1.,홍민빈,010-3955-3043,1996-08-23,ROLE_USER,ACTIVE,2025-05-20 00:00:00,2025-05-20 00:00:00,2026-06-21 11:47:00
1375,user_1375@test.com,$2a$10$7zB3qQzEcbB7mU5eL2n9fO0xH98o2tYpM.2s5lR7wE.2F8u7y6X1.,박서우,010-2701-9463,1981-12-05,ROLE_USER,ACTIVE,2025-09-08 00:00:00,2025-09-08 00:00:00,2026-06-19 17:01:00
1376,user_1376@test.com,$2a$10$7zB3qQzEcbB7mU5eL2n9fO0xH98o2tYpM.2s5lR7wE.2F8u7y6X1.,이하수,010-4494-4587,1983-11-24,ROLE_USER,ACTIVE,2025-03-11 00:00:00,2025-03-11 00:00:00,2026-07-02 11:02:00
1377,user_1377@test.com,$2a$10$7zB3qQzEcbB7mU5eL2n9fO0xH98o2tYpM.2s5lR7wE.2F8u7y6X1.,홍서아,010-7926-1344,1974-04-17,ROLE_USER,ACTIVE,2024-09-08 00:00:00,2024-09-08 00:00:00,2026-06-24 10:01:00
1378,user_1378@test.com,$2a$10$7zB3qQzEcbB7mU5eL2n9fO0xH98o2tYpM.2s5lR7wE.2F8u7y6X1.,전승아,010-9297-2937,2002-03-18,ROLE_USER,ACTIVE,2025-03-17 00:00:00,2025-03-17 00:00:00,2026-06-19 16:07:00
1379,user_1379@test.com,$2a$10$7zB3qQzEcbB7mU5eL2n9fO0xH98o2tYpM.2s5lR7wE.2F8u7y6X1.,한시빈,010-7908-3936,1985-04-25,ROLE_USER,ACTIVE,2026-05-15 00:00:00,2026-05-15 00:00:00,2026-05-27 16:15:00
1380,user_1380@test.com,$2a$10$7zB3qQzEcbB7mU5eL2n9fO0xH98o2tYpM.2s5lR7wE.2F8u7y6X1.,김예빈,010-9596-8404,2002-12-18,ROLE_USER,ACTIVE,2026-01-16 00:00:00,2026-01-16 00:00:00,2026-06-22 15:42:00
1381,user_1381@test.com,$2a$10$7zB3qQzEcbB7mU5eL2n9fO0xH98o2tYpM.2s5lR7wE.2F8u7y6X1.,권승빈,010-9109-1843,1997-09-02,ROLE_USER,ACTIVE,2026-02-18 00:00:00,2026-02-18 00:00:00,2026-06-23 10:17:00
1382,user_1382@test.com,$2a$10$7zB3qQzEcbB7mU5eL2n9fO0xH98o2tYpM.2s5lR7wE.2F8u7y6X1.,강현아,010-6642-9677,1996-05-09,ROLE_USER,ACTIVE,2026-05-26 00:00:00,2026-05-26 00:00:00,2026-06-09 19:40:00
1383,user_1383@test.com,$2a$10$7zB3qQzEcbB7mU5eL2n9fO0xH98o2tYpM.2s5lR7wE.2F8u7y6X1.,장민율,010-4043-8729,1994-05-17,ROLE_USER,ACTIVE,2024-02-06 00:00:00,2024-02-06 00:00:00,2026-07-02 08:56:00
1384,user_1384@test.com,$2a$10$7zB3qQzEcbB7mU5eL2n9fO0xH98o2tYpM.2s5lR7wE.2F8u7y6X1.,장지아,010-5319-1605,1972-08-12,ROLE_USER,ACTIVE,2025-08-20 00:00:00,2025-08-20 00:00:00,2026-06-24 09:19:00
1385,user_1385@test.com,$2a$10$7zB3qQzEcbB7mU5eL2n9fO0xH98o2tYpM.2s5lR7wE.2F8u7y6X1.,송현영,010-4116-2765,1994-09-19,ROLE_USER,ACTIVE,2024-07-28 00:00:00,2024-07-28 00:00:00,2026-07-01 13:57:00
1386,user_1386@test.com,$2a$10$7zB3qQzEcbB7mU5eL2n9fO0xH98o2tYpM.2s5lR7wE.2F8u7y6X1.,안승영,010-9598-2747,1995-06-25,ROLE_USER,ACTIVE,2024-03-25 00:00:00,2024-03-25 00:00:00,2026-06-18 12:03:00
1387,user_1387@test.com,$2a$10$7zB3qQzEcbB7mU5eL2n9fO0xH98o2tYpM.2s5lR7wE.2F8u7y6X1.,장예혁,010-6314-4959,1985-05-18,ROLE_USER,ACTIVE,2025-03-30 00:00:00,2025-03-30 00:00:00,2026-06-25 14:29:00
1388,user_1388@test.com,$2a$10$7zB3qQzEcbB7mU5eL2n9fO0xH98o2tYpM.2s5lR7wE.2F8u7y6X1.,강승인,010-4569-5269,1982-11-25,ROLE_USER,ACTIVE,2026-02-27 00:00:00,2026-02-27 00:00:00,2026-06-21 13:43:00
1389,user_1389@test.com,$2a$10$7zB3qQzEcbB7mU5eL2n9fO0xH98o2tYpM.2s5lR7wE.2F8u7y6X1.,박서수,010-6887-7189,1973-09-22,ROLE_USER,ACTIVE,2023-10-09 00:00:00,2023-10-09 00:00:00,2026-06-26 14:51:00
1390,user_1390@test.com,$2a$10$7zB3qQzEcbB7mU5eL2n9fO0xH98o2tYpM.2s5lR7wE.2F8u7y6X1.,신승원,010-9510-5392,1988-05-22,ROLE_USER,ACTIVE,2025-10-15 00:00:00,2025-10-15 00:00:00,2026-06-25 22:37:00
1391,user_1391@test.com,$2a$10$7zB3qQzEcbB7mU5eL2n9fO0xH98o2tYpM.2s5lR7wE.2F8u7y6X1.,오주우,010-1805-8919,2003-12-20,ROLE_USER,ACTIVE,2025-10-25 00:00:00,2025-10-25 00:00:00,2026-06-22 08:24:00
1392,user_1392@test.com,$2a$10$7zB3qQzEcbB7mU5eL2n9fO0xH98o2tYpM.2s5lR7wE.2F8u7y6X1.,김지아,010-4507-6560,1976-05-28,ROLE_USER,ACTIVE,2024-03-21 00:00:00,2024-03-21 00:00:00,2026-06-26 22:53:00
1393,user_1393@test.com,$2a$10$7zB3qQzEcbB7mU5eL2n9fO0xH98o2tYpM.2s5lR7wE.2F8u7y6X1.,오하원,010-6765-3844,1996-01-13,ROLE_USER,ACTIVE,2023-10-25 00:00:00,2023-10-25 00:00:00,2026-06-24 10:56:00
1394,user_1394@test.com,$2a$10$7zB3qQzEcbB7mU5eL2n9fO0xH98o2tYpM.2s5lR7wE.2F8u7y6X1.,임도인,010-8125-1304,1993-01-20,ROLE_USER,ACTIVE,2024-09-03 00:00:00,2024-09-03 00:00:00,2026-06-26 20:47:00
1395,user_1395@test.com,$2a$10$7zB3qQzEcbB7mU5eL2n9fO0xH98o2tYpM.2s5lR7wE.2F8u7y6X1.,임하아,010-7470-2086,2004-09-26,ROLE_USER,ACTIVE,2025-12-18 00:00:00,2025-12-18 00:00:00,2026-06-22 16:06:00
1396,user_1396@test.com,$2a$10$7zB3qQzEcbB7mU5eL2n9fO0xH98o2tYpM.2s5lR7wE.2F8u7y6X1.,한주영,010-9573-3129,1988-06-15,ROLE_USER,ACTIVE,2023-10-23 00:00:00,2023-10-23 00:00:00,2026-06-18 14:41:00
1397,user_1397@test.com,$2a$10$7zB3qQzEcbB7mU5eL2n9fO0xH98o2tYpM.2s5lR7wE.2F8u7y6X1.,김시준,010-9310-8805,1997-10-23,ROLE_USER,ACTIVE,2024-11-04 00:00:00,2024-11-04 00:00:00,2026-06-20 11:41:00
1398,user_1398@test.com,$2a$10$7zB3qQzEcbB7mU5eL2n9fO0xH98o2tYpM.2s5lR7wE.2F8u7y6X1.,오은율,010-1574-8621,1973-04-14,ROLE_USER,ACTIVE,2025-03-16 00:00:00,2025-03-16 00:00:00,2026-06-23 15:17:00
1399,user_1399@test.com,$2a$10$7zB3qQzEcbB7mU5eL2n9fO0xH98o2tYpM.2s5lR7wE.2F8u7y6X1.,조도준,010-8479-1879,1998-05-07,ROLE_USER,ACTIVE,2026-01-15 00:00:00,2026-01-15 00:00:00,2026-06-24 13:21:00
1400,user_1400@test.com,$2a$10$7zB3qQzEcbB7mU5eL2n9fO0xH98o2tYpM.2s5lR7wE.2F8u7y6X1.,조현인,010-5767-4724,1971-02-23,ROLE_USER,ACTIVE,2025-06-05 00:00:00,2025-06-05 00:00:00,2026-07-02 19:05:00
1401,user_1401@test.com,$2a$10$7zB3qQzEcbB7mU5eL2n9fO0xH98o2tYpM.2s5lR7wE.2F8u7y6X1.,황태혁,010-7920-4671,2000-12-05,ROLE_USER,ACTIVE,2025-10-17 00:00:00,2025-10-17 00:00:00,2026-06-25 09:32:00
1402,user_1402@test.com,$2a$10$7zB3qQzEcbB7mU5eL2n9fO0xH98o2tYpM.2s5lR7wE.2F8u7y6X1.,장민아,010-7409-3035,1992-04-24,ROLE_USER,ACTIVE,2024-12-24 00:00:00,2024-12-24 00:00:00,2026-06-30 21:43:00
1403,user_1403@test.com,$2a$10$7zB3qQzEcbB7mU5eL2n9fO0xH98o2tYpM.2s5lR7wE.2F8u7y6X1.,안예아,010-7244-4400,1977-06-24,ROLE_USER,ACTIVE,2026-02-04 00:00:00,2026-02-04 00:00:00,2026-06-19 22:10:00
1404,user_1404@test.com,$2a$10$7zB3qQzEcbB7mU5eL2n9fO0xH98o2tYpM.2s5lR7wE.2F8u7y6X1.,안태아,010-6512-8695,1975-01-15,ROLE_USER,ACTIVE,2025-06-02 00:00:00,2025-06-02 00:00:00,2026-06-29 15:32:00
1405,user_1405@test.com,$2a$10$7zB3qQzEcbB7mU5eL2n9fO0xH98o2tYpM.2s5lR7wE.2F8u7y6X1.,이예혁,010-3202-1303,1988-07-05,ROLE_USER,ACTIVE,2024-04-18 00:00:00,2024-04-18 00:00:00,2026-06-19 19:44:00
1406,user_1406@test.com,$2a$10$7zB3qQzEcbB7mU5eL2n9fO0xH98o2tYpM.2s5lR7wE.2F8u7y6X1.,서하아,010-8698-3698,1975-09-14,ROLE_USER,ACTIVE,2025-08-04 00:00:00,2025-08-04 00:00:00,2026-06-19 14:14:00
1407,user_1407@test.com,$2a$10$7zB3qQzEcbB7mU5eL2n9fO0xH98o2tYpM.2s5lR7wE.2F8u7y6X1.,안하우,010-5633-8182,1989-01-03,ROLE_USER,ACTIVE,2025-04-06 00:00:00,2025-04-06 00:00:00,2026-06-23 20:45:00
1408,user_1408@test.com,$2a$10$7zB3qQzEcbB7mU5eL2n9fO0xH98o2tYpM.2s5lR7wE.2F8u7y6X1.,박하율,010-3069-8588,1986-02-18,ROLE_USER,ACTIVE,2025-12-20 00:00:00,2025-12-20 00:00:00,2026-06-20 09:41:00
1409,user_1409@test.com,$2a$10$7zB3qQzEcbB7mU5eL2n9fO0xH98o2tYpM.2s5lR7wE.2F8u7y6X1.,최은혁,010-9613-3777,1976-04-25,ROLE_USER,ACTIVE,2025-05-12 00:00:00,2025-05-12 00:00:00,2026-06-26 19:34:00
1410,user_1410@test.com,$2a$10$7zB3qQzEcbB7mU5eL2n9fO0xH98o2tYpM.2s5lR7wE.2F8u7y6X1.,윤도인,010-5311-8080,1978-08-14,ROLE_USER,ACTIVE,2026-05-08 00:00:00,2026-05-08 00:00:00,2026-05-27 11:23:00
1411,user_1411@test.com,$2a$10$7zB3qQzEcbB7mU5eL2n9fO0xH98o2tYpM.2s5lR7wE.2F8u7y6X1.,안승아,010-9804-4226,1976-09-26,ROLE_USER,ACTIVE,2025-05-21 00:00:00,2025-05-21 00:00:00,2026-06-21 13:17:00
1412,user_1412@test.com,$2a$10$7zB3qQzEcbB7mU5eL2n9fO0xH98o2tYpM.2s5lR7wE.2F8u7y6X1.,한주우,010-6099-8326,1984-08-10,ROLE_USER,ACTIVE,2025-07-13 00:00:00,2025-07-13 00:00:00,2026-06-30 10:28:00
1413,user_1413@test.com,$2a$10$7zB3qQzEcbB7mU5eL2n9fO0xH98o2tYpM.2s5lR7wE.2F8u7y6X1.,최태아,010-9846-1423,1999-10-07,ROLE_USER,ACTIVE,2026-05-26 00:00:00,2026-05-26 00:00:00,2026-06-02 15:04:00
1414,user_1414@test.com,$2a$10$7zB3qQzEcbB7mU5eL2n9fO0xH98o2tYpM.2s5lR7wE.2F8u7y6X1.,권하우,010-3375-2760,1985-04-14,ROLE_USER,ACTIVE,2023-11-17 00:00:00,2023-11-17 00:00:00,2026-06-25 13:22:00
1415,user_1415@test.com,$2a$10$7zB3qQzEcbB7mU5eL2n9fO0xH98o2tYpM.2s5lR7wE.2F8u7y6X1.,윤은아,010-8401-8406,1980-04-15,ROLE_USER,ACTIVE,2024-11-15 00:00:00,2024-11-15 00:00:00,2026-06-29 18:44:00
1416,user_1416@test.com,$2a$10$7zB3qQzEcbB7mU5eL2n9fO0xH98o2tYpM.2s5lR7wE.2F8u7y6X1.,장태원,010-9855-9738,1987-11-04,ROLE_USER,ACTIVE,2024-11-12 00:00:00,2024-11-12 00:00:00,2026-06-23 22:26:00
1417,user_1417@test.com,$2a$10$7zB3qQzEcbB7mU5eL2n9fO0xH98o2tYpM.2s5lR7wE.2F8u7y6X1.,조지인,010-7027-1535,1983-07-09,ROLE_USER,ACTIVE,2024-07-14 00:00:00,2024-07-14 00:00:00,2026-06-26 14:15:00
1418,user_1418@test.com,$2a$10$7zB3qQzEcbB7mU5eL2n9fO0xH98o2tYpM.2s5lR7wE.2F8u7y6X1.,한예혁,010-9208-5685,2002-08-15,ROLE_USER,ACTIVE,2025-07-13 00:00:00,2025-07-13 00:00:00,2026-06-29 08:53:00
1419,user_1419@test.com,$2a$10$7zB3qQzEcbB7mU5eL2n9fO0xH98o2tYpM.2s5lR7wE.2F8u7y6X1.,김시현,010-8967-9516,1988-03-03,ROLE_USER,ACTIVE,2024-04-09 00:00:00,2024-04-09 00:00:00,2026-06-30 16:21:00
1420,user_1420@test.com,$2a$10$7zB3qQzEcbB7mU5eL2n9fO0xH98o2tYpM.2s5lR7wE.2F8u7y6X1.,박시현,010-7651-7844,1996-12-01,ROLE_USER,ACTIVE,2025-06-25 00:00:00,2025-06-25 00:00:00,2026-06-08 22:42:00
1421,user_1421@test.com,$2a$10$7zB3qQzEcbB7mU5eL2n9fO0xH98o2tYpM.2s5lR7wE.2F8u7y6X1.,전은율,010-4068-9084,1998-10-07,ROLE_USER,ACTIVE,2024-10-14 00:00:00,2024-10-14 00:00:00,2026-06-25 22:34:00
1422,user_1422@test.com,$2a$10$7zB3qQzEcbB7mU5eL2n9fO0xH98o2tYpM.2s5lR7wE.2F8u7y6X1.,이태수,010-9504-1680,1982-07-21,ROLE_USER,ACTIVE,2025-01-22 00:00:00,2025-01-22 00:00:00,2026-06-30 19:54:00
1423,user_1423@test.com,$2a$10$7zB3qQzEcbB7mU5eL2n9fO0xH98o2tYpM.2s5lR7wE.2F8u7y6X1.,송은아,010-3997-1268,2001-12-22,ROLE_USER,ACTIVE,2024-12-24 00:00:00,2024-12-24 00:00:00,2026-06-30 15:42:00
1424,user_1424@test.com,$2a$10$7zB3qQzEcbB7mU5eL2n9fO0xH98o2tYpM.2s5lR7wE.2F8u7y6X1.,윤하우,010-1215-2771,2002-04-23,ROLE_USER,ACTIVE,2024-01-18 00:00:00,2024-01-18 00:00:00,2026-06-20 22:48:00
1425,user_1425@test.com,$2a$10$7zB3qQzEcbB7mU5eL2n9fO0xH98o2tYpM.2s5lR7wE.2F8u7y6X1.,김하율,010-4128-2339,1995-03-09,ROLE_USER,ACTIVE,2024-10-18 00:00:00,2024-10-18 00:00:00,2026-06-19 17:21:00
1426,user_1426@test.com,$2a$10$7zB3qQzEcbB7mU5eL2n9fO0xH98o2tYpM.2s5lR7wE.2F8u7y6X1.,서도영,010-8893-5684,1979-12-23,ROLE_USER,ACTIVE,2025-10-12 00:00:00,2025-10-12 00:00:00,2026-06-25 21:16:00
1427,user_1427@test.com,$2a$10$7zB3qQzEcbB7mU5eL2n9fO0xH98o2tYpM.2s5lR7wE.2F8u7y6X1.,강지아,010-6389-1368,1996-12-07,ROLE_USER,ACTIVE,2025-06-04 00:00:00,2025-06-04 00:00:00,2026-04-06 13:19:00
1428,user_1428@test.com,$2a$10$7zB3qQzEcbB7mU5eL2n9fO0xH98o2tYpM.2s5lR7wE.2F8u7y6X1.,안하아,010-5717-9205,1994-08-24,ROLE_USER,ACTIVE,2024-04-13 00:00:00,2024-04-13 00:00:00,2026-06-26 21:35:00
1429,user_1429@test.com,$2a$10$7zB3qQzEcbB7mU5eL2n9fO0xH98o2tYpM.2s5lR7wE.2F8u7y6X1.,장주혁,010-3965-1120,1993-10-11,ROLE_USER,ACTIVE,2025-12-07 00:00:00,2025-12-07 00:00:00,2026-06-29 08:08:00
1430,user_1430@test.com,$2a$10$7zB3qQzEcbB7mU5eL2n9fO0xH98o2tYpM.2s5lR7wE.2F8u7y6X1.,윤시수,010-2541-5852,1979-04-10,ROLE_USER,ACTIVE,2025-10-07 00:00:00,2025-10-07 00:00:00,2026-06-27 21:11:00
1431,user_1431@test.com,$2a$10$7zB3qQzEcbB7mU5eL2n9fO0xH98o2tYpM.2s5lR7wE.2F8u7y6X1.,안시빈,010-1985-3011,1988-04-22,ROLE_USER,ACTIVE,2023-11-12 00:00:00,2023-11-12 00:00:00,2026-06-25 11:58:00
1432,user_1432@test.com,$2a$10$7zB3qQzEcbB7mU5eL2n9fO0xH98o2tYpM.2s5lR7wE.2F8u7y6X1.,장은아,010-9772-5854,1999-03-22,ROLE_USER,ACTIVE,2023-11-29 00:00:00,2023-11-29 00:00:00,2026-06-28 21:02:00
1433,user_1433@test.com,$2a$10$7zB3qQzEcbB7mU5eL2n9fO0xH98o2tYpM.2s5lR7wE.2F8u7y6X1.,신예수,010-4651-9665,1995-10-25,ROLE_USER,ACTIVE,2023-12-17 00:00:00,2023-12-17 00:00:00,2026-06-19 18:56:00
1434,user_1434@test.com,$2a$10$7zB3qQzEcbB7mU5eL2n9fO0xH98o2tYpM.2s5lR7wE.2F8u7y6X1.,한서아,010-3474-1195,1984-11-15,ROLE_USER,ACTIVE,2024-06-20 00:00:00,2024-06-20 00:00:00,2026-06-18 15:08:00
1435,user_1435@test.com,$2a$10$7zB3qQzEcbB7mU5eL2n9fO0xH98o2tYpM.2s5lR7wE.2F8u7y6X1.,송시준,010-6406-7295,1990-10-22,ROLE_USER,ACTIVE,2024-09-17 00:00:00,2024-09-17 00:00:00,2026-06-27 08:11:00
1436,user_1436@test.com,$2a$10$7zB3qQzEcbB7mU5eL2n9fO0xH98o2tYpM.2s5lR7wE.2F8u7y6X1.,이현아,010-2377-4879,1979-05-16,ROLE_USER,ACTIVE,2024-04-17 00:00:00,2024-04-17 00:00:00,2026-06-20 20:54:00
1437,user_1437@test.com,$2a$10$7zB3qQzEcbB7mU5eL2n9fO0xH98o2tYpM.2s5lR7wE.2F8u7y6X1.,김민영,010-9805-6059,1982-08-18,ROLE_USER,ACTIVE,2024-12-19 00:00:00,2024-12-19 00:00:00,2026-06-23 08:39:00
1438,user_1438@test.com,$2a$10$7zB3qQzEcbB7mU5eL2n9fO0xH98o2tYpM.2s5lR7wE.2F8u7y6X1.,전현빈,010-6932-6351,1996-05-05,ROLE_USER,ACTIVE,2024-05-24 00:00:00,2024-05-24 00:00:00,2026-06-21 13:02:00
1439,user_1439@test.com,$2a$10$7zB3qQzEcbB7mU5eL2n9fO0xH98o2tYpM.2s5lR7wE.2F8u7y6X1.,김민율,010-9687-3185,1982-03-25,ROLE_USER,ACTIVE,2024-02-06 00:00:00,2024-02-06 00:00:00,2026-06-19 18:08:00
1440,user_1440@test.com,$2a$10$7zB3qQzEcbB7mU5eL2n9fO0xH98o2tYpM.2s5lR7wE.2F8u7y6X1.,전서인,010-1647-7283,1989-05-22,ROLE_USER,ACTIVE,2026-02-09 00:00:00,2026-02-09 00:00:00,2026-06-19 21:06:00
1441,user_1441@test.com,$2a$10$7zB3qQzEcbB7mU5eL2n9fO0xH98o2tYpM.2s5lR7wE.2F8u7y6X1.,황민혁,010-2985-4086,2002-06-11,ROLE_USER,ACTIVE,2023-11-23 00:00:00,2023-11-23 00:00:00,2026-06-21 14:16:00
1442,user_1442@test.com,$2a$10$7zB3qQzEcbB7mU5eL2n9fO0xH98o2tYpM.2s5lR7wE.2F8u7y6X1.,오서우,010-9343-3236,1994-05-04,ROLE_USER,ACTIVE,2024-09-10 00:00:00,2024-09-10 00:00:00,2026-06-04 10:10:00
1443,user_1443@test.com,$2a$10$7zB3qQzEcbB7mU5eL2n9fO0xH98o2tYpM.2s5lR7wE.2F8u7y6X1.,강태율,010-7106-2011,1977-04-22,ROLE_USER,ACTIVE,2025-10-14 00:00:00,2025-10-14 00:00:00,2026-06-18 09:01:00
1444,user_1444@test.com,$2a$10$7zB3qQzEcbB7mU5eL2n9fO0xH98o2tYpM.2s5lR7wE.2F8u7y6X1.,강태우,010-4560-3224,1985-03-07,ROLE_USER,ACTIVE,2026-05-17 00:00:00,2026-05-17 00:00:00,2026-06-10 22:45:00
1445,user_1445@test.com,$2a$10$7zB3qQzEcbB7mU5eL2n9fO0xH98o2tYpM.2s5lR7wE.2F8u7y6X1.,임지수,010-4824-6192,1990-09-04,ROLE_USER,ACTIVE,2026-01-16 00:00:00,2026-01-16 00:00:00,2026-06-30 08:11:00
1446,user_1446@test.com,$2a$10$7zB3qQzEcbB7mU5eL2n9fO0xH98o2tYpM.2s5lR7wE.2F8u7y6X1.,홍서영,010-2525-1858,1976-12-09,ROLE_USER,ACTIVE,2024-04-03 00:00:00,2024-04-03 00:00:00,2026-06-18 19:48:00
1447,user_1447@test.com,$2a$10$7zB3qQzEcbB7mU5eL2n9fO0xH98o2tYpM.2s5lR7wE.2F8u7y6X1.,정서준,010-6384-8854,1991-04-22,ROLE_USER,ACTIVE,2025-07-07 00:00:00,2025-07-07 00:00:00,2026-06-23 16:41:00
1448,user_1448@test.com,$2a$10$7zB3qQzEcbB7mU5eL2n9fO0xH98o2tYpM.2s5lR7wE.2F8u7y6X1.,박도아,010-5043-6303,1981-11-18,ROLE_USER,ACTIVE,2023-11-18 00:00:00,2023-11-18 00:00:00,2026-06-22 21:07:00
1449,user_1449@test.com,$2a$10$7zB3qQzEcbB7mU5eL2n9fO0xH98o2tYpM.2s5lR7wE.2F8u7y6X1.,최은현,010-8673-9803,1989-12-23,ROLE_USER,ACTIVE,2026-01-31 00:00:00,2026-01-31 00:00:00,2026-06-28 21:05:00
1450,user_1450@test.com,$2a$10$7zB3qQzEcbB7mU5eL2n9fO0xH98o2tYpM.2s5lR7wE.2F8u7y6X1.,최은아,010-2680-2769,1996-04-01,ROLE_USER,ACTIVE,2025-06-03 00:00:00,2025-06-03 00:00:00,2026-06-30 13:17:00
1451,user_1451@test.com,$2a$10$7zB3qQzEcbB7mU5eL2n9fO0xH98o2tYpM.2s5lR7wE.2F8u7y6X1.,신태수,010-1849-2283,1983-12-04,ROLE_USER,ACTIVE,2025-05-10 00:00:00,2025-05-10 00:00:00,2026-06-21 18:18:00
1452,user_1452@test.com,$2a$10$7zB3qQzEcbB7mU5eL2n9fO0xH98o2tYpM.2s5lR7wE.2F8u7y6X1.,송하아,010-1448-7658,1970-05-22,ROLE_USER,ACTIVE,2024-06-20 00:00:00,2024-06-20 00:00:00,2026-06-23 12:42:00
1453,user_1453@test.com,$2a$10$7zB3qQzEcbB7mU5eL2n9fO0xH98o2tYpM.2s5lR7wE.2F8u7y6X1.,김시준,010-9963-4087,1994-03-21,ROLE_USER,ACTIVE,2025-01-24 00:00:00,2025-01-24 00:00:00,2026-07-01 18:11:00
1454,user_1454@test.com,$2a$10$7zB3qQzEcbB7mU5eL2n9fO0xH98o2tYpM.2s5lR7wE.2F8u7y6X1.,오지아,010-4351-8464,2001-04-14,ROLE_USER,ACTIVE,2025-06-23 00:00:00,2025-06-23 00:00:00,2026-06-20 10:23:00
1455,user_1455@test.com,$2a$10$7zB3qQzEcbB7mU5eL2n9fO0xH98o2tYpM.2s5lR7wE.2F8u7y6X1.,한승원,010-7750-8607,1978-01-24,ROLE_USER,ACTIVE,2026-04-07 00:00:00,2026-04-07 00:00:00,2026-06-30 17:45:00
1456,user_1456@test.com,$2a$10$7zB3qQzEcbB7mU5eL2n9fO0xH98o2tYpM.2s5lR7wE.2F8u7y6X1.,박지수,010-6090-5440,1997-08-27,ROLE_USER,ACTIVE,2025-07-23 00:00:00,2025-07-23 00:00:00,2026-07-02 19:01:00
1457,user_1457@test.com,$2a$10$7zB3qQzEcbB7mU5eL2n9fO0xH98o2tYpM.2s5lR7wE.2F8u7y6X1.,전주아,010-6262-4311,1984-01-12,ROLE_USER,ACTIVE,2026-04-11 00:00:00,2026-04-11 00:00:00,2026-06-26 11:41:00
1458,user_1458@test.com,$2a$10$7zB3qQzEcbB7mU5eL2n9fO0xH98o2tYpM.2s5lR7wE.2F8u7y6X1.,전주준,010-8506-4238,1980-05-25,ROLE_USER,ACTIVE,2025-06-10 00:00:00,2025-06-10 00:00:00,2026-06-28 08:25:00
1459,user_1459@test.com,$2a$10$7zB3qQzEcbB7mU5eL2n9fO0xH98o2tYpM.2s5lR7wE.2F8u7y6X1.,황하영,010-2897-3997,1997-09-17,ROLE_USER,ACTIVE,2023-11-28 00:00:00,2023-11-28 00:00:00,2026-06-28 22:52:00
1460,user_1460@test.com,$2a$10$7zB3qQzEcbB7mU5eL2n9fO0xH98o2tYpM.2s5lR7wE.2F8u7y6X1.,송태원,010-5733-1738,1978-12-05,ROLE_USER,ACTIVE,2024-10-03 00:00:00,2024-10-03 00:00:00,2026-06-18 12:00:00
1461,user_1461@test.com,$2a$10$7zB3qQzEcbB7mU5eL2n9fO0xH98o2tYpM.2s5lR7wE.2F8u7y6X1.,서하아,010-5189-6237,1995-02-14,ROLE_USER,ACTIVE,2024-09-06 00:00:00,2024-09-06 00:00:00,2026-06-22 18:03:00
1462,user_1462@test.com,$2a$10$7zB3qQzEcbB7mU5eL2n9fO0xH98o2tYpM.2s5lR7wE.2F8u7y6X1.,정지원,010-9858-5290,1990-07-24,ROLE_USER,ACTIVE,2023-12-24 00:00:00,2023-12-24 00:00:00,2026-07-01 16:07:00
1463,user_1463@test.com,$2a$10$7zB3qQzEcbB7mU5eL2n9fO0xH98o2tYpM.2s5lR7wE.2F8u7y6X1.,임예아,010-9903-4044,1971-07-01,ROLE_USER,ACTIVE,2026-05-17 00:00:00,2026-05-17 00:00:00,2026-05-20 19:28:00
1464,user_1464@test.com,$2a$10$7zB3qQzEcbB7mU5eL2n9fO0xH98o2tYpM.2s5lR7wE.2F8u7y6X1.,이예아,010-8119-5933,1974-05-16,ROLE_USER,ACTIVE,2024-03-13 00:00:00,2024-03-13 00:00:00,2026-07-01 17:49:00
1465,user_1465@test.com,$2a$10$7zB3qQzEcbB7mU5eL2n9fO0xH98o2tYpM.2s5lR7wE.2F8u7y6X1.,전서아,010-7557-9408,1976-08-05,ROLE_USER,ACTIVE,2025-01-30 00:00:00,2025-01-30 00:00:00,2026-07-01 09:20:00
1466,user_1466@test.com,$2a$10$7zB3qQzEcbB7mU5eL2n9fO0xH98o2tYpM.2s5lR7wE.2F8u7y6X1.,윤현빈,010-5878-4414,1984-05-12,ROLE_USER,ACTIVE,2026-03-21 00:00:00,2026-03-21 00:00:00,2026-06-26 08:39:00
1467,user_1467@test.com,$2a$10$7zB3qQzEcbB7mU5eL2n9fO0xH98o2tYpM.2s5lR7wE.2F8u7y6X1.,권하빈,010-4231-4430,1978-07-20,ROLE_USER,ACTIVE,2024-01-22 00:00:00,2024-01-22 00:00:00,2026-06-19 09:03:00
1468,user_1468@test.com,$2a$10$7zB3qQzEcbB7mU5eL2n9fO0xH98o2tYpM.2s5lR7wE.2F8u7y6X1.,한태아,010-1709-6951,1981-01-17,ROLE_USER,ACTIVE,2025-11-05 00:00:00,2025-11-05 00:00:00,2026-07-01 14:16:00
1469,user_1469@test.com,$2a$10$7zB3qQzEcbB7mU5eL2n9fO0xH98o2tYpM.2s5lR7wE.2F8u7y6X1.,장도준,010-6581-9800,2003-01-07,ROLE_USER,ACTIVE,2025-02-21 00:00:00,2025-02-21 00:00:00,2026-06-21 20:22:00
1470,user_1470@test.com,$2a$10$7zB3qQzEcbB7mU5eL2n9fO0xH98o2tYpM.2s5lR7wE.2F8u7y6X1.,오서현,010-8713-5211,1992-12-20,ROLE_USER,ACTIVE,2024-02-01 00:00:00,2024-02-01 00:00:00,2026-06-19 19:15:00
1471,user_1471@test.com,$2a$10$7zB3qQzEcbB7mU5eL2n9fO0xH98o2tYpM.2s5lR7wE.2F8u7y6X1.,임태아,010-5928-3295,1992-01-09,ROLE_USER,ACTIVE,2023-12-27 00:00:00,2023-12-27 00:00:00,2026-06-26 20:43:00
1472,user_1472@test.com,$2a$10$7zB3qQzEcbB7mU5eL2n9fO0xH98o2tYpM.2s5lR7wE.2F8u7y6X1.,오도현,010-2423-3991,1993-05-11,ROLE_USER,ACTIVE,2024-01-04 00:00:00,2024-01-04 00:00:00,2026-06-30 20:33:00
1473,user_1473@test.com,$2a$10$7zB3qQzEcbB7mU5eL2n9fO0xH98o2tYpM.2s5lR7wE.2F8u7y6X1.,권태현,010-5667-5815,1974-02-26,ROLE_USER,ACTIVE,2025-06-19 00:00:00,2025-06-19 00:00:00,2026-06-27 22:17:00
1474,user_1474@test.com,$2a$10$7zB3qQzEcbB7mU5eL2n9fO0xH98o2tYpM.2s5lR7wE.2F8u7y6X1.,정은아,010-6489-9207,1981-09-08,ROLE_USER,ACTIVE,2025-01-10 00:00:00,2025-01-10 00:00:00,2026-07-01 22:29:00
1475,user_1475@test.com,$2a$10$7zB3qQzEcbB7mU5eL2n9fO0xH98o2tYpM.2s5lR7wE.2F8u7y6X1.,신태인,010-1057-5558,1979-08-20,ROLE_USER,ACTIVE,2024-01-14 00:00:00,2024-01-14 00:00:00,2026-06-21 17:54:00
1476,user_1476@test.com,$2a$10$7zB3qQzEcbB7mU5eL2n9fO0xH98o2tYpM.2s5lR7wE.2F8u7y6X1.,임주빈,010-7223-5670,1991-01-19,ROLE_USER,ACTIVE,2024-02-20 00:00:00,2024-02-20 00:00:00,2026-06-30 09:56:00
1477,user_1477@test.com,$2a$10$7zB3qQzEcbB7mU5eL2n9fO0xH98o2tYpM.2s5lR7wE.2F8u7y6X1.,강하아,010-2040-1219,1982-09-18,ROLE_USER,ACTIVE,2026-05-08 00:00:00,2026-05-08 00:00:00,2026-05-19 19:21:00
1478,user_1478@test.com,$2a$10$7zB3qQzEcbB7mU5eL2n9fO0xH98o2tYpM.2s5lR7wE.2F8u7y6X1.,강서우,010-9256-5625,1980-06-04,ROLE_USER,ACTIVE,2024-06-01 00:00:00,2024-06-01 00:00:00,2026-06-06 14:10:00
1479,user_1479@test.com,$2a$10$7zB3qQzEcbB7mU5eL2n9fO0xH98o2tYpM.2s5lR7wE.2F8u7y6X1.,서예원,010-7392-4649,1976-02-14,ROLE_USER,ACTIVE,2025-07-14 00:00:00,2025-07-14 00:00:00,2026-05-05 22:40:00
1480,user_1480@test.com,$2a$10$7zB3qQzEcbB7mU5eL2n9fO0xH98o2tYpM.2s5lR7wE.2F8u7y6X1.,임시인,010-4317-6238,1984-01-02,ROLE_USER,ACTIVE,2024-04-09 00:00:00,2024-04-09 00:00:00,2026-06-21 17:54:00
1481,user_1481@test.com,$2a$10$7zB3qQzEcbB7mU5eL2n9fO0xH98o2tYpM.2s5lR7wE.2F8u7y6X1.,임민수,010-6982-6398,1975-06-13,ROLE_USER,ACTIVE,2026-02-24 00:00:00,2026-02-24 00:00:00,2026-06-21 19:25:00
1482,user_1482@test.com,$2a$10$7zB3qQzEcbB7mU5eL2n9fO0xH98o2tYpM.2s5lR7wE.2F8u7y6X1.,서태수,010-4451-6573,1988-02-09,ROLE_USER,ACTIVE,2025-09-26 00:00:00,2025-09-26 00:00:00,2026-05-06 17:09:00
1483,user_1483@test.com,$2a$10$7zB3qQzEcbB7mU5eL2n9fO0xH98o2tYpM.2s5lR7wE.2F8u7y6X1.,홍승아,010-7038-8775,2002-04-24,ROLE_USER,ACTIVE,2025-11-22 00:00:00,2025-11-22 00:00:00,2026-06-22 21:29:00
1484,user_1484@test.com,$2a$10$7zB3qQzEcbB7mU5eL2n9fO0xH98o2tYpM.2s5lR7wE.2F8u7y6X1.,최승원,010-7818-7443,1976-11-13,ROLE_USER,ACTIVE,2024-02-05 00:00:00,2024-02-05 00:00:00,2026-07-01 20:20:00
1485,user_1485@test.com,$2a$10$7zB3qQzEcbB7mU5eL2n9fO0xH98o2tYpM.2s5lR7wE.2F8u7y6X1.,서현인,010-7272-6858,1995-05-01,ROLE_USER,ACTIVE,2024-09-12 00:00:00,2024-09-12 00:00:00,2026-06-25 13:32:00
1486,user_1486@test.com,$2a$10$7zB3qQzEcbB7mU5eL2n9fO0xH98o2tYpM.2s5lR7wE.2F8u7y6X1.,박민영,010-7697-8529,1977-08-04,ROLE_USER,ACTIVE,2024-10-30 00:00:00,2024-10-30 00:00:00,2026-06-24 17:24:00
1487,user_1487@test.com,$2a$10$7zB3qQzEcbB7mU5eL2n9fO0xH98o2tYpM.2s5lR7wE.2F8u7y6X1.,장은아,010-7662-3528,1984-10-06,ROLE_USER,ACTIVE,2025-03-21 00:00:00,2025-03-21 00:00:00,2026-06-18 11:19:00
1488,user_1488@test.com,$2a$10$7zB3qQzEcbB7mU5eL2n9fO0xH98o2tYpM.2s5lR7wE.2F8u7y6X1.,강하원,010-2368-6646,1982-07-20,ROLE_USER,ACTIVE,2024-11-15 00:00:00,2024-11-15 00:00:00,2026-06-24 14:11:00
1489,user_1489@test.com,$2a$10$7zB3qQzEcbB7mU5eL2n9fO0xH98o2tYpM.2s5lR7wE.2F8u7y6X1.,홍도수,010-8329-5746,2003-04-16,ROLE_USER,ACTIVE,2024-10-28 00:00:00,2024-10-28 00:00:00,2026-06-30 09:31:00
1490,user_1490@test.com,$2a$10$7zB3qQzEcbB7mU5eL2n9fO0xH98o2tYpM.2s5lR7wE.2F8u7y6X1.,윤승율,010-1914-2896,1983-04-23,ROLE_USER,ACTIVE,2025-10-22 00:00:00,2025-10-22 00:00:00,2026-06-26 08:30:00
1491,user_1491@test.com,$2a$10$7zB3qQzEcbB7mU5eL2n9fO0xH98o2tYpM.2s5lR7wE.2F8u7y6X1.,이예인,010-5632-6485,1997-08-13,ROLE_USER,ACTIVE,2024-11-26 00:00:00,2024-11-26 00:00:00,2026-06-25 08:13:00
1492,user_1492@test.com,$2a$10$7zB3qQzEcbB7mU5eL2n9fO0xH98o2tYpM.2s5lR7wE.2F8u7y6X1.,오도현,010-9849-1907,1976-07-22,ROLE_USER,ACTIVE,2024-03-24 00:00:00,2024-03-24 00:00:00,2026-06-26 18:43:00
1493,user_1493@test.com,$2a$10$7zB3qQzEcbB7mU5eL2n9fO0xH98o2tYpM.2s5lR7wE.2F8u7y6X1.,임승혁,010-9093-7166,1976-09-28,ROLE_USER,ACTIVE,2026-01-03 00:00:00,2026-01-03 00:00:00,2026-06-28 08:33:00
1494,user_1494@test.com,$2a$10$7zB3qQzEcbB7mU5eL2n9fO0xH98o2tYpM.2s5lR7wE.2F8u7y6X1.,임승준,010-4337-7157,1993-08-13,ROLE_USER,ACTIVE,2024-07-15 00:00:00,2024-07-15 00:00:00,2026-06-29 22:56:00
1495,user_1495@test.com,$2a$10$7zB3qQzEcbB7mU5eL2n9fO0xH98o2tYpM.2s5lR7wE.2F8u7y6X1.,송승영,010-3926-3353,1980-05-05,ROLE_USER,ACTIVE,2024-04-23 00:00:00,2024-04-23 00:00:00,2026-06-30 15:06:00
1496,user_1496@test.com,$2a$10$7zB3qQzEcbB7mU5eL2n9fO0xH98o2tYpM.2s5lR7wE.2F8u7y6X1.,윤승영,010-6515-8131,1979-02-15,ROLE_USER,ACTIVE,2024-07-17 00:00:00,2024-07-17 00:00:00,2026-04-03 14:29:00
1497,user_1497@test.com,$2a$10$7zB3qQzEcbB7mU5eL2n9fO0xH98o2tYpM.2s5lR7wE.2F8u7y6X1.,이주아,010-9156-9107,1973-07-22,ROLE_USER,ACTIVE,2025-08-04 00:00:00,2025-08-04 00:00:00,2026-06-25 20:10:00
1498,user_1498@test.com,$2a$10$7zB3qQzEcbB7mU5eL2n9fO0xH98o2tYpM.2s5lR7wE.2F8u7y6X1.,권승우,010-5240-8529,1982-07-12,ROLE_USER,ACTIVE,2026-05-06 00:00:00,2026-05-06 00:00:00,2026-06-03 19:27:00
1499,user_1499@test.com,$2a$10$7zB3qQzEcbB7mU5eL2n9fO0xH98o2tYpM.2s5lR7wE.2F8u7y6X1.,황시우,010-7826-5180,1992-12-26,ROLE_USER,ACTIVE,2025-03-20 00:00:00,2025-03-20 00:00:00,2026-05-07 08:57:00
1500,user_1500@test.com,$2a$10$7zB3qQzEcbB7mU5eL2n9fO0xH98o2tYpM.2s5lR7wE.2F8u7y6X1.,정현혁,010-5180-6559,1980-07-04,ROLE_USER,ACTIVE,2024-03-24 00:00:00,2024-03-24 00:00:00,2026-06-27 19:28:00
1501,user_1501@test.com,$2a$10$7zB3qQzEcbB7mU5eL2n9fO0xH98o2tYpM.2s5lR7wE.2F8u7y6X1.,홍서수,010-8053-5438,1987-12-09,ROLE_USER,ACTIVE,2024-03-21 00:00:00,2024-03-21 00:00:00,2026-06-23 16:45:00
1502,user_1502@test.com,$2a$10$7zB3qQzEcbB7mU5eL2n9fO0xH98o2tYpM.2s5lR7wE.2F8u7y6X1.,안시우,010-1422-6573,1997-02-10,ROLE_USER,ACTIVE,2025-01-02 00:00:00,2025-01-02 00:00:00,2026-06-21 22:41:00
1503,user_1503@test.com,$2a$10$7zB3qQzEcbB7mU5eL2n9fO0xH98o2tYpM.2s5lR7wE.2F8u7y6X1.,윤현빈,010-1277-9046,2002-02-18,ROLE_USER,ACTIVE,2026-01-27 00:00:00,2026-01-27 00:00:00,2026-06-26 08:14:00
1504,user_1504@test.com,$2a$10$7zB3qQzEcbB7mU5eL2n9fO0xH98o2tYpM.2s5lR7wE.2F8u7y6X1.,오승영,010-8918-1155,1985-12-04,ROLE_USER,ACTIVE,2026-05-20 00:00:00,2026-05-20 00:00:00,2026-05-22 13:12:00
1505,user_1505@test.com,$2a$10$7zB3qQzEcbB7mU5eL2n9fO0xH98o2tYpM.2s5lR7wE.2F8u7y6X1.,한서현,010-9774-4264,1972-09-25,ROLE_USER,ACTIVE,2025-01-07 00:00:00,2025-01-07 00:00:00,2026-04-04 16:43:00
1506,user_1506@test.com,$2a$10$7zB3qQzEcbB7mU5eL2n9fO0xH98o2tYpM.2s5lR7wE.2F8u7y6X1.,서태아,010-6039-9970,1973-07-19,ROLE_USER,ACTIVE,2023-11-28 00:00:00,2023-11-28 00:00:00,2026-06-26 17:23:00
1507,user_1507@test.com,$2a$10$7zB3qQzEcbB7mU5eL2n9fO0xH98o2tYpM.2s5lR7wE.2F8u7y6X1.,조민빈,010-8223-6873,1975-02-02,ROLE_USER,ACTIVE,2024-02-17 00:00:00,2024-02-17 00:00:00,2026-06-29 16:24:00
1508,user_1508@test.com,$2a$10$7zB3qQzEcbB7mU5eL2n9fO0xH98o2tYpM.2s5lR7wE.2F8u7y6X1.,임도우,010-7368-2218,1971-05-02,ROLE_USER,ACTIVE,2025-02-25 00:00:00,2025-02-25 00:00:00,2026-06-23 14:25:00
1509,user_1509@test.com,$2a$10$7zB3qQzEcbB7mU5eL2n9fO0xH98o2tYpM.2s5lR7wE.2F8u7y6X1.,김승인,010-6371-5654,1976-04-26,ROLE_USER,ACTIVE,2025-06-16 00:00:00,2025-06-16 00:00:00,2026-06-20 16:22:00
1510,user_1510@test.com,$2a$10$7zB3qQzEcbB7mU5eL2n9fO0xH98o2tYpM.2s5lR7wE.2F8u7y6X1.,김도빈,010-1325-9437,1996-02-21,ROLE_USER,ACTIVE,2023-12-20 00:00:00,2023-12-20 00:00:00,2026-05-30 16:58:00
1511,user_1511@test.com,$2a$10$7zB3qQzEcbB7mU5eL2n9fO0xH98o2tYpM.2s5lR7wE.2F8u7y6X1.,장시현,010-9565-8942,1990-11-16,ROLE_USER,ACTIVE,2026-02-20 00:00:00,2026-02-20 00:00:00,2026-06-25 13:33:00
1512,user_1512@test.com,$2a$10$7zB3qQzEcbB7mU5eL2n9fO0xH98o2tYpM.2s5lR7wE.2F8u7y6X1.,이지혁,010-4994-9219,1986-12-28,ROLE_USER,ACTIVE,2024-10-12 00:00:00,2024-10-12 00:00:00,2026-06-20 15:04:00
1513,user_1513@test.com,$2a$10$7zB3qQzEcbB7mU5eL2n9fO0xH98o2tYpM.2s5lR7wE.2F8u7y6X1.,정주현,010-4767-6543,2004-10-20,ROLE_USER,ACTIVE,2024-11-22 00:00:00,2024-11-22 00:00:00,2026-06-23 18:18:00
1514,user_1514@test.com,$2a$10$7zB3qQzEcbB7mU5eL2n9fO0xH98o2tYpM.2s5lR7wE.2F8u7y6X1.,한하율,010-1381-6602,1986-11-09,ROLE_USER,ACTIVE,2024-07-06 00:00:00,2024-07-06 00:00:00,2026-06-17 21:47:00
1515,user_1515@test.com,$2a$10$7zB3qQzEcbB7mU5eL2n9fO0xH98o2tYpM.2s5lR7wE.2F8u7y6X1.,최은율,010-6281-3166,1982-11-02,ROLE_USER,ACTIVE,2024-06-04 00:00:00,2024-06-04 00:00:00,2026-06-19 14:04:00
1516,user_1516@test.com,$2a$10$7zB3qQzEcbB7mU5eL2n9fO0xH98o2tYpM.2s5lR7wE.2F8u7y6X1.,권시빈,010-3792-5834,1987-12-12,ROLE_USER,ACTIVE,2026-04-19 00:00:00,2026-04-19 00:00:00,2026-06-04 13:46:00
1517,user_1517@test.com,$2a$10$7zB3qQzEcbB7mU5eL2n9fO0xH98o2tYpM.2s5lR7wE.2F8u7y6X1.,신현준,010-6877-2810,1995-07-08,ROLE_USER,ACTIVE,2025-06-22 00:00:00,2025-06-22 00:00:00,2026-05-17 10:33:00
1518,user_1518@test.com,$2a$10$7zB3qQzEcbB7mU5eL2n9fO0xH98o2tYpM.2s5lR7wE.2F8u7y6X1.,권은현,010-8134-4745,1996-04-27,ROLE_USER,ACTIVE,2025-04-20 00:00:00,2025-04-20 00:00:00,2026-06-28 22:05:00
1519,user_1519@test.com,$2a$10$7zB3qQzEcbB7mU5eL2n9fO0xH98o2tYpM.2s5lR7wE.2F8u7y6X1.,조하원,010-7487-5094,1985-04-25,ROLE_USER,ACTIVE,2025-05-24 00:00:00,2025-05-24 00:00:00,2026-06-21 14:36:00
1520,user_1520@test.com,$2a$10$7zB3qQzEcbB7mU5eL2n9fO0xH98o2tYpM.2s5lR7wE.2F8u7y6X1.,이서원,010-1555-4971,1991-08-02,ROLE_USER,ACTIVE,2024-05-22 00:00:00,2024-05-22 00:00:00,2026-06-18 12:13:00
1521,user_1521@test.com,$2a$10$7zB3qQzEcbB7mU5eL2n9fO0xH98o2tYpM.2s5lR7wE.2F8u7y6X1.,강현율,010-6271-7637,1997-03-20,ROLE_USER,ACTIVE,2023-11-13 00:00:00,2023-11-13 00:00:00,2026-06-25 10:07:00
1522,user_1522@test.com,$2a$10$7zB3qQzEcbB7mU5eL2n9fO0xH98o2tYpM.2s5lR7wE.2F8u7y6X1.,오주우,010-3834-1271,1986-04-08,ROLE_USER,ACTIVE,2025-07-20 00:00:00,2025-07-20 00:00:00,2026-06-21 22:20:00
1523,user_1523@test.com,$2a$10$7zB3qQzEcbB7mU5eL2n9fO0xH98o2tYpM.2s5lR7wE.2F8u7y6X1.,박현아,010-9762-7960,1989-10-05,ROLE_USER,ACTIVE,2024-11-20 00:00:00,2024-11-20 00:00:00,2026-06-22 08:24:00
1524,user_1524@test.com,$2a$10$7zB3qQzEcbB7mU5eL2n9fO0xH98o2tYpM.2s5lR7wE.2F8u7y6X1.,권지아,010-9374-8357,1981-09-20,ROLE_USER,ACTIVE,2024-11-21 00:00:00,2024-11-21 00:00:00,2026-06-26 08:09:00
1525,user_1525@test.com,$2a$10$7zB3qQzEcbB7mU5eL2n9fO0xH98o2tYpM.2s5lR7wE.2F8u7y6X1.,한현우,010-1820-8707,1993-07-10,ROLE_USER,ACTIVE,2023-11-12 00:00:00,2023-11-12 00:00:00,2026-06-21 14:40:00
1526,user_1526@test.com,$2a$10$7zB3qQzEcbB7mU5eL2n9fO0xH98o2tYpM.2s5lR7wE.2F8u7y6X1.,김시현,010-7318-1666,1973-08-01,ROLE_USER,ACTIVE,2024-07-19 00:00:00,2024-07-19 00:00:00,2026-06-20 16:36:00
1527,user_1527@test.com,$2a$10$7zB3qQzEcbB7mU5eL2n9fO0xH98o2tYpM.2s5lR7wE.2F8u7y6X1.,윤시원,010-4700-5550,1999-05-09,ROLE_USER,ACTIVE,2025-09-11 00:00:00,2025-09-11 00:00:00,2026-06-21 13:41:00
1528,user_1528@test.com,$2a$10$7zB3qQzEcbB7mU5eL2n9fO0xH98o2tYpM.2s5lR7wE.2F8u7y6X1.,최예아,010-7974-4386,1974-07-23,ROLE_USER,ACTIVE,2024-11-04 00:00:00,2024-11-04 00:00:00,2026-07-02 11:24:00
1529,user_1529@test.com,$2a$10$7zB3qQzEcbB7mU5eL2n9fO0xH98o2tYpM.2s5lR7wE.2F8u7y6X1.,김태아,010-2290-4974,1996-11-03,ROLE_USER,ACTIVE,2025-11-05 00:00:00,2025-11-05 00:00:00,2026-06-28 18:10:00
1530,user_1530@test.com,$2a$10$7zB3qQzEcbB7mU5eL2n9fO0xH98o2tYpM.2s5lR7wE.2F8u7y6X1.,김현영,010-9142-3613,1974-03-07,ROLE_USER,ACTIVE,2025-04-28 00:00:00,2025-04-28 00:00:00,2026-06-20 14:32:00
1531,user_1531@test.com,$2a$10$7zB3qQzEcbB7mU5eL2n9fO0xH98o2tYpM.2s5lR7wE.2F8u7y6X1.,송서영,010-1692-4239,1998-04-02,ROLE_USER,ACTIVE,2025-07-15 00:00:00,2025-07-15 00:00:00,2026-06-22 13:01:00
1532,user_1532@test.com,$2a$10$7zB3qQzEcbB7mU5eL2n9fO0xH98o2tYpM.2s5lR7wE.2F8u7y6X1.,서지빈,010-6626-9638,1987-03-02,ROLE_USER,ACTIVE,2025-10-17 00:00:00,2025-10-17 00:00:00,2026-06-30 19:00:00
1533,user_1533@test.com,$2a$10$7zB3qQzEcbB7mU5eL2n9fO0xH98o2tYpM.2s5lR7wE.2F8u7y6X1.,한서아,010-2257-8058,1978-05-18,ROLE_USER,ACTIVE,2024-04-12 00:00:00,2024-04-12 00:00:00,2026-06-19 16:46:00
1534,user_1534@test.com,$2a$10$7zB3qQzEcbB7mU5eL2n9fO0xH98o2tYpM.2s5lR7wE.2F8u7y6X1.,박서혁,010-5036-7184,1984-10-06,ROLE_USER,ACTIVE,2024-07-12 00:00:00,2024-07-12 00:00:00,2026-06-22 15:35:00
1535,user_1535@test.com,$2a$10$7zB3qQzEcbB7mU5eL2n9fO0xH98o2tYpM.2s5lR7wE.2F8u7y6X1.,조태아,010-5331-7335,2003-08-08,ROLE_USER,ACTIVE,2024-06-01 00:00:00,2024-06-01 00:00:00,2026-06-30 14:59:00
1536,user_1536@test.com,$2a$10$7zB3qQzEcbB7mU5eL2n9fO0xH98o2tYpM.2s5lR7wE.2F8u7y6X1.,안지현,010-4403-1892,1997-12-13,ROLE_USER,ACTIVE,2023-12-18 00:00:00,2023-12-18 00:00:00,2026-07-01 08:47:00
1537,user_1537@test.com,$2a$10$7zB3qQzEcbB7mU5eL2n9fO0xH98o2tYpM.2s5lR7wE.2F8u7y6X1.,윤하수,010-9095-5761,1983-08-01,ROLE_USER,ACTIVE,2024-02-12 00:00:00,2024-02-12 00:00:00,2026-06-29 21:27:00
1538,user_1538@test.com,$2a$10$7zB3qQzEcbB7mU5eL2n9fO0xH98o2tYpM.2s5lR7wE.2F8u7y6X1.,한민빈,010-9490-3737,1984-09-22,ROLE_USER,ACTIVE,2023-11-13 00:00:00,2023-11-13 00:00:00,2026-06-28 13:43:00
1539,user_1539@test.com,$2a$10$7zB3qQzEcbB7mU5eL2n9fO0xH98o2tYpM.2s5lR7wE.2F8u7y6X1.,한예혁,010-3683-5026,1971-05-09,ROLE_USER,ACTIVE,2026-02-22 00:00:00,2026-02-22 00:00:00,2026-06-21 13:40:00
1540,user_1540@test.com,$2a$10$7zB3qQzEcbB7mU5eL2n9fO0xH98o2tYpM.2s5lR7wE.2F8u7y6X1.,장지우,010-1769-5366,2004-08-21,ROLE_USER,ACTIVE,2025-05-15 00:00:00,2025-05-15 00:00:00,2026-06-30 11:54:00
1541,user_1541@test.com,$2a$10$7zB3qQzEcbB7mU5eL2n9fO0xH98o2tYpM.2s5lR7wE.2F8u7y6X1.,임시수,010-5325-9370,1972-06-25,ROLE_USER,ACTIVE,2024-01-09 00:00:00,2024-01-09 00:00:00,2026-06-24 17:32:00
1542,user_1542@test.com,$2a$10$7zB3qQzEcbB7mU5eL2n9fO0xH98o2tYpM.2s5lR7wE.2F8u7y6X1.,신민빈,010-1469-8679,1970-02-17,ROLE_USER,ACTIVE,2024-10-15 00:00:00,2024-10-15 00:00:00,2026-07-01 13:50:00
1543,user_1543@test.com,$2a$10$7zB3qQzEcbB7mU5eL2n9fO0xH98o2tYpM.2s5lR7wE.2F8u7y6X1.,전하원,010-7157-8396,1984-10-08,ROLE_USER,ACTIVE,2024-11-25 00:00:00,2024-11-25 00:00:00,2026-06-23 20:48:00
1544,user_1544@test.com,$2a$10$7zB3qQzEcbB7mU5eL2n9fO0xH98o2tYpM.2s5lR7wE.2F8u7y6X1.,장지수,010-1652-9434,1970-01-28,ROLE_USER,ACTIVE,2025-06-24 00:00:00,2025-06-24 00:00:00,2026-06-27 11:38:00
1545,user_1545@test.com,$2a$10$7zB3qQzEcbB7mU5eL2n9fO0xH98o2tYpM.2s5lR7wE.2F8u7y6X1.,안시현,010-5912-4228,1991-05-24,ROLE_USER,ACTIVE,2025-04-13 00:00:00,2025-04-13 00:00:00,2026-06-29 18:48:00
1546,user_1546@test.com,$2a$10$7zB3qQzEcbB7mU5eL2n9fO0xH98o2tYpM.2s5lR7wE.2F8u7y6X1.,오현영,010-4789-5125,2002-11-01,ROLE_USER,ACTIVE,2025-08-18 00:00:00,2025-08-18 00:00:00,2026-06-10 15:50:00
1547,user_1547@test.com,$2a$10$7zB3qQzEcbB7mU5eL2n9fO0xH98o2tYpM.2s5lR7wE.2F8u7y6X1.,황하준,010-5221-8275,1975-12-13,ROLE_USER,ACTIVE,2024-02-12 00:00:00,2024-02-12 00:00:00,2026-07-01 18:42:00
1548,user_1548@test.com,$2a$10$7zB3qQzEcbB7mU5eL2n9fO0xH98o2tYpM.2s5lR7wE.2F8u7y6X1.,임도원,010-3148-3810,1973-06-21,ROLE_USER,ACTIVE,2025-11-24 00:00:00,2025-11-24 00:00:00,2026-06-18 13:32:00
1549,user_1549@test.com,$2a$10$7zB3qQzEcbB7mU5eL2n9fO0xH98o2tYpM.2s5lR7wE.2F8u7y6X1.,임하준,010-8342-5241,1986-10-04,ROLE_USER,ACTIVE,2026-05-04 00:00:00,2026-05-04 00:00:00,2026-06-17 13:36:00
1550,user_1550@test.com,$2a$10$7zB3qQzEcbB7mU5eL2n9fO0xH98o2tYpM.2s5lR7wE.2F8u7y6X1.,전현우,010-1650-6678,1976-11-17,ROLE_USER,ACTIVE,2024-05-25 00:00:00,2024-05-25 00:00:00,2026-04-22 16:56:00
1551,user_1551@test.com,$2a$10$7zB3qQzEcbB7mU5eL2n9fO0xH98o2tYpM.2s5lR7wE.2F8u7y6X1.,홍태혁,010-7224-2073,1994-09-13,ROLE_USER,ACTIVE,2023-11-27 00:00:00,2023-11-27 00:00:00,2026-06-24 16:59:00
1552,user_1552@test.com,$2a$10$7zB3qQzEcbB7mU5eL2n9fO0xH98o2tYpM.2s5lR7wE.2F8u7y6X1.,황서혁,010-2699-9175,1975-07-11,ROLE_USER,ACTIVE,2026-04-22 00:00:00,2026-04-22 00:00:00,2026-06-02 22:35:00
1553,user_1553@test.com,$2a$10$7zB3qQzEcbB7mU5eL2n9fO0xH98o2tYpM.2s5lR7wE.2F8u7y6X1.,최민원,010-7572-7739,1998-05-25,ROLE_USER,ACTIVE,2024-09-07 00:00:00,2024-09-07 00:00:00,2026-06-29 11:56:00
1554,user_1554@test.com,$2a$10$7zB3qQzEcbB7mU5eL2n9fO0xH98o2tYpM.2s5lR7wE.2F8u7y6X1.,장승인,010-1522-3952,1996-03-28,ROLE_USER,ACTIVE,2025-06-21 00:00:00,2025-06-21 00:00:00,2026-06-26 20:21:00
1555,user_1555@test.com,$2a$10$7zB3qQzEcbB7mU5eL2n9fO0xH98o2tYpM.2s5lR7wE.2F8u7y6X1.,신예인,010-6492-8873,2001-09-24,ROLE_USER,ACTIVE,2023-12-30 00:00:00,2023-12-30 00:00:00,2026-06-20 16:24:00
1556,user_1556@test.com,$2a$10$7zB3qQzEcbB7mU5eL2n9fO0xH98o2tYpM.2s5lR7wE.2F8u7y6X1.,신민인,010-3379-2580,1995-08-07,ROLE_USER,ACTIVE,2024-09-08 00:00:00,2024-09-08 00:00:00,2026-06-27 09:40:00
1557,user_1557@test.com,$2a$10$7zB3qQzEcbB7mU5eL2n9fO0xH98o2tYpM.2s5lR7wE.2F8u7y6X1.,송승우,010-6864-5501,1980-05-11,ROLE_USER,ACTIVE,2023-11-27 00:00:00,2023-11-27 00:00:00,2026-07-01 15:39:00
1558,user_1558@test.com,$2a$10$7zB3qQzEcbB7mU5eL2n9fO0xH98o2tYpM.2s5lR7wE.2F8u7y6X1.,최하아,010-6702-2086,2002-05-09,ROLE_USER,ACTIVE,2024-01-27 00:00:00,2024-01-27 00:00:00,2026-06-25 17:38:00
1559,user_1559@test.com,$2a$10$7zB3qQzEcbB7mU5eL2n9fO0xH98o2tYpM.2s5lR7wE.2F8u7y6X1.,강주율,010-7864-3312,2002-04-23,ROLE_USER,ACTIVE,2024-08-08 00:00:00,2024-08-08 00:00:00,2026-06-25 20:53:00
1560,user_1560@test.com,$2a$10$7zB3qQzEcbB7mU5eL2n9fO0xH98o2tYpM.2s5lR7wE.2F8u7y6X1.,윤주우,010-1452-7122,1973-09-05,ROLE_USER,ACTIVE,2024-10-19 00:00:00,2024-10-19 00:00:00,2026-06-29 17:26:00
1561,user_1561@test.com,$2a$10$7zB3qQzEcbB7mU5eL2n9fO0xH98o2tYpM.2s5lR7wE.2F8u7y6X1.,홍하준,010-5529-8302,1980-04-08,ROLE_USER,ACTIVE,2024-08-20 00:00:00,2024-08-20 00:00:00,2026-06-25 19:15:00
1562,user_1562@test.com,$2a$10$7zB3qQzEcbB7mU5eL2n9fO0xH98o2tYpM.2s5lR7wE.2F8u7y6X1.,장현율,010-9018-6171,2001-03-05,ROLE_USER,ACTIVE,2024-10-01 00:00:00,2024-10-01 00:00:00,2026-07-01 16:47:00
1563,user_1563@test.com,$2a$10$7zB3qQzEcbB7mU5eL2n9fO0xH98o2tYpM.2s5lR7wE.2F8u7y6X1.,정예현,010-7398-8310,1976-02-14,ROLE_USER,ACTIVE,2026-04-02 00:00:00,2026-04-02 00:00:00,2026-06-27 09:32:00
1564,user_1564@test.com,$2a$10$7zB3qQzEcbB7mU5eL2n9fO0xH98o2tYpM.2s5lR7wE.2F8u7y6X1.,권주수,010-2953-7288,1974-02-09,ROLE_USER,ACTIVE,2026-04-10 00:00:00,2026-04-10 00:00:00,2026-06-21 11:07:00
1565,user_1565@test.com,$2a$10$7zB3qQzEcbB7mU5eL2n9fO0xH98o2tYpM.2s5lR7wE.2F8u7y6X1.,안민현,010-7579-3331,1990-10-07,ROLE_USER,ACTIVE,2025-05-01 00:00:00,2025-05-01 00:00:00,2026-06-25 18:47:00
1566,user_1566@test.com,$2a$10$7zB3qQzEcbB7mU5eL2n9fO0xH98o2tYpM.2s5lR7wE.2F8u7y6X1.,최서빈,010-2073-3699,2002-07-25,ROLE_USER,ACTIVE,2024-10-14 00:00:00,2024-10-14 00:00:00,2026-06-19 16:14:00
1567,user_1567@test.com,$2a$10$7zB3qQzEcbB7mU5eL2n9fO0xH98o2tYpM.2s5lR7wE.2F8u7y6X1.,장민아,010-8105-1744,1987-12-22,ROLE_USER,ACTIVE,2025-06-16 00:00:00,2025-06-16 00:00:00,2026-06-20 18:32:00
1568,user_1568@test.com,$2a$10$7zB3qQzEcbB7mU5eL2n9fO0xH98o2tYpM.2s5lR7wE.2F8u7y6X1.,송태현,010-8611-5621,1991-11-18,ROLE_USER,ACTIVE,2024-08-25 00:00:00,2024-08-25 00:00:00,2026-06-30 18:40:00
1569,user_1569@test.com,$2a$10$7zB3qQzEcbB7mU5eL2n9fO0xH98o2tYpM.2s5lR7wE.2F8u7y6X1.,이하원,010-9988-5754,1993-11-10,ROLE_USER,ACTIVE,2026-01-29 00:00:00,2026-01-29 00:00:00,2026-06-23 10:54:00
1570,user_1570@test.com,$2a$10$7zB3qQzEcbB7mU5eL2n9fO0xH98o2tYpM.2s5lR7wE.2F8u7y6X1.,오시혁,010-3935-9252,1989-10-25,ROLE_USER,ACTIVE,2025-05-26 00:00:00,2025-05-26 00:00:00,2026-06-24 15:24:00
1571,user_1571@test.com,$2a$10$7zB3qQzEcbB7mU5eL2n9fO0xH98o2tYpM.2s5lR7wE.2F8u7y6X1.,한현빈,010-7706-7701,1991-07-15,ROLE_USER,ACTIVE,2024-04-25 00:00:00,2024-04-25 00:00:00,2026-06-07 16:33:00
1572,user_1572@test.com,$2a$10$7zB3qQzEcbB7mU5eL2n9fO0xH98o2tYpM.2s5lR7wE.2F8u7y6X1.,조은아,010-6024-2427,1989-06-21,ROLE_USER,ACTIVE,2025-06-11 00:00:00,2025-06-11 00:00:00,2026-07-01 21:50:00
1573,user_1573@test.com,$2a$10$7zB3qQzEcbB7mU5eL2n9fO0xH98o2tYpM.2s5lR7wE.2F8u7y6X1.,조지영,010-5964-1850,1982-08-07,ROLE_USER,ACTIVE,2024-05-12 00:00:00,2024-05-12 00:00:00,2026-06-18 16:06:00
1574,user_1574@test.com,$2a$10$7zB3qQzEcbB7mU5eL2n9fO0xH98o2tYpM.2s5lR7wE.2F8u7y6X1.,송은준,010-3389-1391,1989-05-10,ROLE_USER,ACTIVE,2023-12-18 00:00:00,2023-12-18 00:00:00,2026-06-19 16:18:00
1575,user_1575@test.com,$2a$10$7zB3qQzEcbB7mU5eL2n9fO0xH98o2tYpM.2s5lR7wE.2F8u7y6X1.,홍은우,010-3093-2524,1999-04-12,ROLE_USER,ACTIVE,2025-07-21 00:00:00,2025-07-21 00:00:00,2026-07-02 13:30:00
1576,user_1576@test.com,$2a$10$7zB3qQzEcbB7mU5eL2n9fO0xH98o2tYpM.2s5lR7wE.2F8u7y6X1.,장태혁,010-9696-3673,2002-07-27,ROLE_USER,ACTIVE,2024-05-28 00:00:00,2024-05-28 00:00:00,2026-06-12 17:27:00
1577,user_1577@test.com,$2a$10$7zB3qQzEcbB7mU5eL2n9fO0xH98o2tYpM.2s5lR7wE.2F8u7y6X1.,한지아,010-9364-8329,1980-01-26,ROLE_USER,ACTIVE,2024-03-04 00:00:00,2024-03-04 00:00:00,2026-06-27 08:02:00
1578,user_1578@test.com,$2a$10$7zB3qQzEcbB7mU5eL2n9fO0xH98o2tYpM.2s5lR7wE.2F8u7y6X1.,임승원,010-3493-2076,1973-07-06,ROLE_USER,ACTIVE,2026-03-04 00:00:00,2026-03-04 00:00:00,2026-07-01 18:42:00
1579,user_1579@test.com,$2a$10$7zB3qQzEcbB7mU5eL2n9fO0xH98o2tYpM.2s5lR7wE.2F8u7y6X1.,서지혁,010-5758-4586,1978-03-12,ROLE_USER,ACTIVE,2024-01-19 00:00:00,2024-01-19 00:00:00,2026-06-22 15:26:00
1580,user_1580@test.com,$2a$10$7zB3qQzEcbB7mU5eL2n9fO0xH98o2tYpM.2s5lR7wE.2F8u7y6X1.,이승영,010-6739-5266,1979-10-05,ROLE_USER,ACTIVE,2024-01-18 00:00:00,2024-01-18 00:00:00,2026-06-11 13:58:00
1581,user_1581@test.com,$2a$10$7zB3qQzEcbB7mU5eL2n9fO0xH98o2tYpM.2s5lR7wE.2F8u7y6X1.,조주준,010-8206-1770,1996-08-02,ROLE_USER,ACTIVE,2026-04-18 00:00:00,2026-04-18 00:00:00,2026-07-02 09:52:00
1582,user_1582@test.com,$2a$10$7zB3qQzEcbB7mU5eL2n9fO0xH98o2tYpM.2s5lR7wE.2F8u7y6X1.,황예인,010-9317-9658,1993-12-12,ROLE_USER,ACTIVE,2024-02-19 00:00:00,2024-02-19 00:00:00,2026-06-26 19:08:00
1583,user_1583@test.com,$2a$10$7zB3qQzEcbB7mU5eL2n9fO0xH98o2tYpM.2s5lR7wE.2F8u7y6X1.,조주우,010-2684-8791,1998-09-09,ROLE_USER,ACTIVE,2024-10-12 00:00:00,2024-10-12 00:00:00,2026-06-23 18:49:00
1584,user_1584@test.com,$2a$10$7zB3qQzEcbB7mU5eL2n9fO0xH98o2tYpM.2s5lR7wE.2F8u7y6X1.,서은우,010-2025-8740,1992-12-21,ROLE_USER,ACTIVE,2026-05-21 00:00:00,2026-05-21 00:00:00,2026-05-30 21:52:00
1585,user_1585@test.com,$2a$10$7zB3qQzEcbB7mU5eL2n9fO0xH98o2tYpM.2s5lR7wE.2F8u7y6X1.,황예빈,010-2448-6888,1975-09-18,ROLE_USER,ACTIVE,2024-03-01 00:00:00,2024-03-01 00:00:00,2026-06-24 16:37:00
1586,user_1586@test.com,$2a$10$7zB3qQzEcbB7mU5eL2n9fO0xH98o2tYpM.2s5lR7wE.2F8u7y6X1.,신지인,010-4365-8643,1977-09-21,ROLE_USER,ACTIVE,2024-02-14 00:00:00,2024-02-14 00:00:00,2026-06-21 16:17:00
1587,user_1587@test.com,$2a$10$7zB3qQzEcbB7mU5eL2n9fO0xH98o2tYpM.2s5lR7wE.2F8u7y6X1.,박은원,010-8812-2294,2002-11-15,ROLE_USER,ACTIVE,2024-11-07 00:00:00,2024-11-07 00:00:00,2026-07-02 13:54:00
1588,user_1588@test.com,$2a$10$7zB3qQzEcbB7mU5eL2n9fO0xH98o2tYpM.2s5lR7wE.2F8u7y6X1.,이민혁,010-8981-2146,1981-02-01,ROLE_USER,ACTIVE,2024-10-19 00:00:00,2024-10-19 00:00:00,2026-05-21 20:36:00
1589,user_1589@test.com,$2a$10$7zB3qQzEcbB7mU5eL2n9fO0xH98o2tYpM.2s5lR7wE.2F8u7y6X1.,한승빈,010-6557-1629,1988-01-14,ROLE_USER,ACTIVE,2025-09-12 00:00:00,2025-09-12 00:00:00,2026-06-26 20:03:00
1590,user_1590@test.com,$2a$10$7zB3qQzEcbB7mU5eL2n9fO0xH98o2tYpM.2s5lR7wE.2F8u7y6X1.,신서혁,010-7930-4362,1998-01-18,ROLE_USER,ACTIVE,2024-01-19 00:00:00,2024-01-19 00:00:00,2026-05-07 17:05:00
1591,user_1591@test.com,$2a$10$7zB3qQzEcbB7mU5eL2n9fO0xH98o2tYpM.2s5lR7wE.2F8u7y6X1.,임지인,010-8714-9295,1979-08-21,ROLE_USER,ACTIVE,2024-10-02 00:00:00,2024-10-02 00:00:00,2026-06-26 11:28:00
1592,user_1592@test.com,$2a$10$7zB3qQzEcbB7mU5eL2n9fO0xH98o2tYpM.2s5lR7wE.2F8u7y6X1.,최태혁,010-8728-1067,1997-03-08,ROLE_USER,ACTIVE,2024-12-14 00:00:00,2024-12-14 00:00:00,2026-06-22 09:09:00
1593,user_1593@test.com,$2a$10$7zB3qQzEcbB7mU5eL2n9fO0xH98o2tYpM.2s5lR7wE.2F8u7y6X1.,신태율,010-3570-3110,1971-12-12,ROLE_USER,ACTIVE,2026-02-07 00:00:00,2026-02-07 00:00:00,2026-07-01 14:24:00
1594,user_1594@test.com,$2a$10$7zB3qQzEcbB7mU5eL2n9fO0xH98o2tYpM.2s5lR7wE.2F8u7y6X1.,정민우,010-4802-5736,1980-04-13,ROLE_USER,ACTIVE,2024-01-30 00:00:00,2024-01-30 00:00:00,2026-06-28 10:55:00
1595,user_1595@test.com,$2a$10$7zB3qQzEcbB7mU5eL2n9fO0xH98o2tYpM.2s5lR7wE.2F8u7y6X1.,황승인,010-1510-3412,1986-12-17,ROLE_USER,ACTIVE,2025-03-14 00:00:00,2025-03-14 00:00:00,2026-06-21 19:37:00
1596,user_1596@test.com,$2a$10$7zB3qQzEcbB7mU5eL2n9fO0xH98o2tYpM.2s5lR7wE.2F8u7y6X1.,최서빈,010-1292-4311,1995-03-17,ROLE_USER,ACTIVE,2024-06-04 00:00:00,2024-06-04 00:00:00,2026-06-30 09:37:00
1597,user_1597@test.com,$2a$10$7zB3qQzEcbB7mU5eL2n9fO0xH98o2tYpM.2s5lR7wE.2F8u7y6X1.,조예현,010-2130-4143,2003-09-11,ROLE_USER,ACTIVE,2025-05-03 00:00:00,2025-05-03 00:00:00,2026-06-19 19:22:00
1598,user_1598@test.com,$2a$10$7zB3qQzEcbB7mU5eL2n9fO0xH98o2tYpM.2s5lR7wE.2F8u7y6X1.,윤주율,010-5618-8317,1981-11-14,ROLE_USER,ACTIVE,2025-06-10 00:00:00,2025-06-10 00:00:00,2026-07-01 16:58:00
1599,user_1599@test.com,$2a$10$7zB3qQzEcbB7mU5eL2n9fO0xH98o2tYpM.2s5lR7wE.2F8u7y6X1.,한시현,010-3040-9531,2003-03-10,ROLE_USER,ACTIVE,2024-07-02 00:00:00,2024-07-02 00:00:00,2026-06-22 15:34:00
1600,user_1600@test.com,$2a$10$7zB3qQzEcbB7mU5eL2n9fO0xH98o2tYpM.2s5lR7wE.2F8u7y6X1.,최주아,010-4238-3131,1983-04-19,ROLE_USER,ACTIVE,2023-12-31 00:00:00,2023-12-31 00:00:00,2026-04-03 16:33:00
1601,user_1601@test.com,$2a$10$7zB3qQzEcbB7mU5eL2n9fO0xH98o2tYpM.2s5lR7wE.2F8u7y6X1.,권예혁,010-2518-4332,1984-10-06,ROLE_USER,ACTIVE,2024-04-03 00:00:00,2024-04-03 00:00:00,2026-06-23 22:33:00
1602,user_1602@test.com,$2a$10$7zB3qQzEcbB7mU5eL2n9fO0xH98o2tYpM.2s5lR7wE.2F8u7y6X1.,임도준,010-6496-5871,1973-06-11,ROLE_USER,ACTIVE,2026-04-24 00:00:00,2026-04-24 00:00:00,2026-06-11 15:20:00
1603,user_1603@test.com,$2a$10$7zB3qQzEcbB7mU5eL2n9fO0xH98o2tYpM.2s5lR7wE.2F8u7y6X1.,최현영,010-1664-8812,1982-03-10,ROLE_USER,ACTIVE,2026-04-30 00:00:00,2026-04-30 00:00:00,2026-06-28 08:50:00
1604,user_1604@test.com,$2a$10$7zB3qQzEcbB7mU5eL2n9fO0xH98o2tYpM.2s5lR7wE.2F8u7y6X1.,최도아,010-2722-1206,1989-10-20,ROLE_USER,ACTIVE,2024-03-16 00:00:00,2024-03-16 00:00:00,2026-06-28 19:30:00
1605,user_1605@test.com,$2a$10$7zB3qQzEcbB7mU5eL2n9fO0xH98o2tYpM.2s5lR7wE.2F8u7y6X1.,안은영,010-9122-6837,2000-09-15,ROLE_USER,ACTIVE,2026-05-07 00:00:00,2026-05-07 00:00:00,2026-05-27 19:13:00
1606,user_1606@test.com,$2a$10$7zB3qQzEcbB7mU5eL2n9fO0xH98o2tYpM.2s5lR7wE.2F8u7y6X1.,장예혁,010-6600-9160,1994-01-01,ROLE_USER,ACTIVE,2025-04-28 00:00:00,2025-04-28 00:00:00,2026-06-26 17:18:00
1607,user_1607@test.com,$2a$10$7zB3qQzEcbB7mU5eL2n9fO0xH98o2tYpM.2s5lR7wE.2F8u7y6X1.,권현수,010-4401-3722,2001-06-08,ROLE_USER,ACTIVE,2026-04-14 00:00:00,2026-04-14 00:00:00,2026-06-26 22:25:00
1608,user_1608@test.com,$2a$10$7zB3qQzEcbB7mU5eL2n9fO0xH98o2tYpM.2s5lR7wE.2F8u7y6X1.,정도혁,010-5488-8803,1992-04-15,ROLE_USER,ACTIVE,2024-04-29 00:00:00,2024-04-29 00:00:00,2026-06-25 19:07:00
1609,user_1609@test.com,$2a$10$7zB3qQzEcbB7mU5eL2n9fO0xH98o2tYpM.2s5lR7wE.2F8u7y6X1.,한서혁,010-4967-7821,1980-07-19,ROLE_USER,ACTIVE,2026-05-05 00:00:00,2026-05-05 00:00:00,2026-06-03 17:10:00
1610,user_1610@test.com,$2a$10$7zB3qQzEcbB7mU5eL2n9fO0xH98o2tYpM.2s5lR7wE.2F8u7y6X1.,정예율,010-9371-7123,1973-10-04,ROLE_USER,ACTIVE,2025-03-27 00:00:00,2025-03-27 00:00:00,2026-06-25 11:55:00
1611,user_1611@test.com,$2a$10$7zB3qQzEcbB7mU5eL2n9fO0xH98o2tYpM.2s5lR7wE.2F8u7y6X1.,황민빈,010-6810-4867,1973-03-20,ROLE_USER,ACTIVE,2024-07-24 00:00:00,2024-07-24 00:00:00,2026-06-27 16:50:00
1612,user_1612@test.com,$2a$10$7zB3qQzEcbB7mU5eL2n9fO0xH98o2tYpM.2s5lR7wE.2F8u7y6X1.,장민우,010-4363-9094,2000-01-14,ROLE_USER,ACTIVE,2025-10-27 00:00:00,2025-10-27 00:00:00,2026-06-28 12:35:00
1613,user_1613@test.com,$2a$10$7zB3qQzEcbB7mU5eL2n9fO0xH98o2tYpM.2s5lR7wE.2F8u7y6X1.,정승인,010-9032-7229,1995-08-18,ROLE_USER,ACTIVE,2024-05-14 00:00:00,2024-05-14 00:00:00,2026-06-20 17:08:00
1614,user_1614@test.com,$2a$10$7zB3qQzEcbB7mU5eL2n9fO0xH98o2tYpM.2s5lR7wE.2F8u7y6X1.,한태현,010-4992-2829,1995-02-01,ROLE_USER,ACTIVE,2024-02-17 00:00:00,2024-02-17 00:00:00,2026-07-02 16:58:00
1615,user_1615@test.com,$2a$10$7zB3qQzEcbB7mU5eL2n9fO0xH98o2tYpM.2s5lR7wE.2F8u7y6X1.,황은혁,010-1420-6367,1988-11-10,ROLE_USER,ACTIVE,2026-04-28 00:00:00,2026-04-28 00:00:00,2026-06-11 08:51:00
1616,user_1616@test.com,$2a$10$7zB3qQzEcbB7mU5eL2n9fO0xH98o2tYpM.2s5lR7wE.2F8u7y6X1.,전도현,010-1209-7703,1990-02-11,ROLE_USER,ACTIVE,2024-02-10 00:00:00,2024-02-10 00:00:00,2026-06-30 20:03:00
1617,user_1617@test.com,$2a$10$7zB3qQzEcbB7mU5eL2n9fO0xH98o2tYpM.2s5lR7wE.2F8u7y6X1.,강주준,010-7311-2235,1991-07-21,ROLE_USER,ACTIVE,2026-04-23 00:00:00,2026-04-23 00:00:00,2026-06-02 08:42:00
1618,user_1618@test.com,$2a$10$7zB3qQzEcbB7mU5eL2n9fO0xH98o2tYpM.2s5lR7wE.2F8u7y6X1.,홍서수,010-2718-6952,1972-01-25,ROLE_USER,ACTIVE,2023-11-12 00:00:00,2023-11-12 00:00:00,2026-06-30 11:28:00
1619,user_1619@test.com,$2a$10$7zB3qQzEcbB7mU5eL2n9fO0xH98o2tYpM.2s5lR7wE.2F8u7y6X1.,장민빈,010-9592-6103,1976-08-16,ROLE_USER,ACTIVE,2025-08-15 00:00:00,2025-08-15 00:00:00,2026-06-25 15:36:00
1620,user_1620@test.com,$2a$10$7zB3qQzEcbB7mU5eL2n9fO0xH98o2tYpM.2s5lR7wE.2F8u7y6X1.,박시율,010-2924-6939,1993-11-07,ROLE_USER,ACTIVE,2025-05-16 00:00:00,2025-05-16 00:00:00,2026-07-01 19:54:00
1621,user_1621@test.com,$2a$10$7zB3qQzEcbB7mU5eL2n9fO0xH98o2tYpM.2s5lR7wE.2F8u7y6X1.,신도인,010-4997-9662,1990-12-03,ROLE_USER,ACTIVE,2024-02-09 00:00:00,2024-02-09 00:00:00,2026-06-23 10:33:00
1622,user_1622@test.com,$2a$10$7zB3qQzEcbB7mU5eL2n9fO0xH98o2tYpM.2s5lR7wE.2F8u7y6X1.,권민준,010-8456-5131,1985-07-28,ROLE_USER,ACTIVE,2023-10-15 00:00:00,2023-10-15 00:00:00,2026-06-25 21:06:00
1623,user_1623@test.com,$2a$10$7zB3qQzEcbB7mU5eL2n9fO0xH98o2tYpM.2s5lR7wE.2F8u7y6X1.,정하아,010-9047-6776,1996-09-26,ROLE_USER,ACTIVE,2025-02-10 00:00:00,2025-02-10 00:00:00,2026-06-29 15:59:00
1624,user_1624@test.com,$2a$10$7zB3qQzEcbB7mU5eL2n9fO0xH98o2tYpM.2s5lR7wE.2F8u7y6X1.,강시아,010-4168-1851,2004-09-15,ROLE_USER,ACTIVE,2024-03-27 00:00:00,2024-03-27 00:00:00,2026-06-25 18:28:00
1625,user_1625@test.com,$2a$10$7zB3qQzEcbB7mU5eL2n9fO0xH98o2tYpM.2s5lR7wE.2F8u7y6X1.,송승아,010-2542-7218,1992-08-27,ROLE_USER,ACTIVE,2024-03-26 00:00:00,2024-03-26 00:00:00,2026-06-20 13:55:00
1626,user_1626@test.com,$2a$10$7zB3qQzEcbB7mU5eL2n9fO0xH98o2tYpM.2s5lR7wE.2F8u7y6X1.,조민준,010-4347-3637,1986-02-24,ROLE_USER,ACTIVE,2024-10-20 00:00:00,2024-10-20 00:00:00,2026-06-26 10:01:00
1627,user_1627@test.com,$2a$10$7zB3qQzEcbB7mU5eL2n9fO0xH98o2tYpM.2s5lR7wE.2F8u7y6X1.,김승아,010-8015-8997,1988-07-06,ROLE_USER,ACTIVE,2026-04-26 00:00:00,2026-04-26 00:00:00,2026-05-24 10:39:00
1628,user_1628@test.com,$2a$10$7zB3qQzEcbB7mU5eL2n9fO0xH98o2tYpM.2s5lR7wE.2F8u7y6X1.,박은아,010-6000-2349,1985-07-25,ROLE_USER,ACTIVE,2025-09-11 00:00:00,2025-09-11 00:00:00,2026-06-30 19:55:00
1629,user_1629@test.com,$2a$10$7zB3qQzEcbB7mU5eL2n9fO0xH98o2tYpM.2s5lR7wE.2F8u7y6X1.,강은영,010-4297-9371,1981-09-23,ROLE_USER,ACTIVE,2024-03-27 00:00:00,2024-03-27 00:00:00,2026-06-19 18:00:00
1630,user_1630@test.com,$2a$10$7zB3qQzEcbB7mU5eL2n9fO0xH98o2tYpM.2s5lR7wE.2F8u7y6X1.,홍시율,010-3517-1893,1997-05-25,ROLE_USER,ACTIVE,2025-10-15 00:00:00,2025-10-15 00:00:00,2026-05-18 11:04:00
1631,user_1631@test.com,$2a$10$7zB3qQzEcbB7mU5eL2n9fO0xH98o2tYpM.2s5lR7wE.2F8u7y6X1.,강태영,010-6167-9621,1976-11-06,ROLE_USER,ACTIVE,2025-12-21 00:00:00,2025-12-21 00:00:00,2026-05-09 09:44:00
1632,user_1632@test.com,$2a$10$7zB3qQzEcbB7mU5eL2n9fO0xH98o2tYpM.2s5lR7wE.2F8u7y6X1.,전시아,010-4023-6651,1998-08-06,ROLE_USER,ACTIVE,2026-04-26 00:00:00,2026-04-26 00:00:00,2026-05-10 15:33:00
1633,user_1633@test.com,$2a$10$7zB3qQzEcbB7mU5eL2n9fO0xH98o2tYpM.2s5lR7wE.2F8u7y6X1.,안서아,010-4645-1284,1997-04-14,ROLE_USER,ACTIVE,2026-01-25 00:00:00,2026-01-25 00:00:00,2026-04-24 13:44:00
1634,user_1634@test.com,$2a$10$7zB3qQzEcbB7mU5eL2n9fO0xH98o2tYpM.2s5lR7wE.2F8u7y6X1.,신민준,010-2121-2452,1979-06-05,ROLE_USER,ACTIVE,2024-06-03 00:00:00,2024-06-03 00:00:00,2026-06-18 16:40:00
1635,user_1635@test.com,$2a$10$7zB3qQzEcbB7mU5eL2n9fO0xH98o2tYpM.2s5lR7wE.2F8u7y6X1.,황현빈,010-9622-2002,1981-04-01,ROLE_USER,ACTIVE,2024-09-14 00:00:00,2024-09-14 00:00:00,2026-06-30 22:52:00
1636,user_1636@test.com,$2a$10$7zB3qQzEcbB7mU5eL2n9fO0xH98o2tYpM.2s5lR7wE.2F8u7y6X1.,정도아,010-4257-7804,1979-03-03,ROLE_USER,ACTIVE,2023-11-26 00:00:00,2023-11-26 00:00:00,2026-06-29 13:08:00
1637,user_1637@test.com,$2a$10$7zB3qQzEcbB7mU5eL2n9fO0xH98o2tYpM.2s5lR7wE.2F8u7y6X1.,권시혁,010-6449-3924,1973-02-02,ROLE_USER,ACTIVE,2025-03-02 00:00:00,2025-03-02 00:00:00,2026-06-06 22:55:00
1638,user_1638@test.com,$2a$10$7zB3qQzEcbB7mU5eL2n9fO0xH98o2tYpM.2s5lR7wE.2F8u7y6X1.,이은현,010-2310-2095,1992-12-02,ROLE_USER,ACTIVE,2024-01-31 00:00:00,2024-01-31 00:00:00,2026-06-26 17:40:00
1639,user_1639@test.com,$2a$10$7zB3qQzEcbB7mU5eL2n9fO0xH98o2tYpM.2s5lR7wE.2F8u7y6X1.,안민빈,010-7086-3021,1999-02-11,ROLE_USER,ACTIVE,2024-07-01 00:00:00,2024-07-01 00:00:00,2026-07-02 09:44:00
1640,user_1640@test.com,$2a$10$7zB3qQzEcbB7mU5eL2n9fO0xH98o2tYpM.2s5lR7wE.2F8u7y6X1.,임서아,010-3647-6629,1990-01-22,ROLE_USER,ACTIVE,2026-05-26 00:00:00,2026-05-26 00:00:00,2026-05-30 08:53:00
1641,user_1641@test.com,$2a$10$7zB3qQzEcbB7mU5eL2n9fO0xH98o2tYpM.2s5lR7wE.2F8u7y6X1.,권예준,010-9540-3977,1977-03-17,ROLE_USER,ACTIVE,2025-09-24 00:00:00,2025-09-24 00:00:00,2026-06-20 14:29:00
1642,user_1642@test.com,$2a$10$7zB3qQzEcbB7mU5eL2n9fO0xH98o2tYpM.2s5lR7wE.2F8u7y6X1.,이은수,010-5035-1135,1972-04-19,ROLE_USER,ACTIVE,2025-08-04 00:00:00,2025-08-04 00:00:00,2026-06-04 15:39:00
1643,user_1643@test.com,$2a$10$7zB3qQzEcbB7mU5eL2n9fO0xH98o2tYpM.2s5lR7wE.2F8u7y6X1.,윤주우,010-2527-1516,1976-05-20,ROLE_USER,ACTIVE,2024-05-30 00:00:00,2024-05-30 00:00:00,2026-06-27 12:23:00
1644,user_1644@test.com,$2a$10$7zB3qQzEcbB7mU5eL2n9fO0xH98o2tYpM.2s5lR7wE.2F8u7y6X1.,서태빈,010-9219-2980,1989-02-09,ROLE_USER,ACTIVE,2024-08-26 00:00:00,2024-08-26 00:00:00,2026-06-23 20:31:00
1645,user_1645@test.com,$2a$10$7zB3qQzEcbB7mU5eL2n9fO0xH98o2tYpM.2s5lR7wE.2F8u7y6X1.,전예빈,010-4725-5847,1996-02-02,ROLE_USER,ACTIVE,2024-04-26 00:00:00,2024-04-26 00:00:00,2026-06-09 16:46:00
1646,user_1646@test.com,$2a$10$7zB3qQzEcbB7mU5eL2n9fO0xH98o2tYpM.2s5lR7wE.2F8u7y6X1.,강주원,010-4732-7832,1991-10-03,ROLE_USER,ACTIVE,2026-03-29 00:00:00,2026-03-29 00:00:00,2026-06-20 19:11:00
1647,user_1647@test.com,$2a$10$7zB3qQzEcbB7mU5eL2n9fO0xH98o2tYpM.2s5lR7wE.2F8u7y6X1.,이예아,010-4761-4160,2000-10-20,ROLE_USER,ACTIVE,2025-03-14 00:00:00,2025-03-14 00:00:00,2026-07-02 19:42:00
1648,user_1648@test.com,$2a$10$7zB3qQzEcbB7mU5eL2n9fO0xH98o2tYpM.2s5lR7wE.2F8u7y6X1.,김은우,010-8930-4166,1989-08-11,ROLE_USER,ACTIVE,2024-06-11 00:00:00,2024-06-11 00:00:00,2026-06-28 13:46:00
1649,user_1649@test.com,$2a$10$7zB3qQzEcbB7mU5eL2n9fO0xH98o2tYpM.2s5lR7wE.2F8u7y6X1.,장민아,010-7047-9641,1982-11-13,ROLE_USER,ACTIVE,2024-04-24 00:00:00,2024-04-24 00:00:00,2026-06-20 13:32:00
1650,user_1650@test.com,$2a$10$7zB3qQzEcbB7mU5eL2n9fO0xH98o2tYpM.2s5lR7wE.2F8u7y6X1.,오예수,010-8784-2390,1974-02-18,ROLE_USER,ACTIVE,2026-05-20 00:00:00,2026-05-20 00:00:00,2026-06-06 15:01:00
1651,user_1651@test.com,$2a$10$7zB3qQzEcbB7mU5eL2n9fO0xH98o2tYpM.2s5lR7wE.2F8u7y6X1.,신승아,010-8567-2168,1998-06-16,ROLE_USER,ACTIVE,2025-04-20 00:00:00,2025-04-20 00:00:00,2026-07-02 08:54:00
1652,user_1652@test.com,$2a$10$7zB3qQzEcbB7mU5eL2n9fO0xH98o2tYpM.2s5lR7wE.2F8u7y6X1.,임지준,010-5094-1343,1994-02-02,ROLE_USER,ACTIVE,2026-02-03 00:00:00,2026-02-03 00:00:00,2026-06-19 15:13:00
1653,user_1653@test.com,$2a$10$7zB3qQzEcbB7mU5eL2n9fO0xH98o2tYpM.2s5lR7wE.2F8u7y6X1.,서하아,010-9201-2073,1992-04-18,ROLE_USER,ACTIVE,2025-04-08 00:00:00,2025-04-08 00:00:00,2026-06-26 13:39:00
1654,user_1654@test.com,$2a$10$7zB3qQzEcbB7mU5eL2n9fO0xH98o2tYpM.2s5lR7wE.2F8u7y6X1.,권시빈,010-7293-2907,2004-01-01,ROLE_USER,ACTIVE,2025-12-15 00:00:00,2025-12-15 00:00:00,2026-06-29 22:56:00
1655,user_1655@test.com,$2a$10$7zB3qQzEcbB7mU5eL2n9fO0xH98o2tYpM.2s5lR7wE.2F8u7y6X1.,안예인,010-5269-8640,1970-01-27,ROLE_USER,ACTIVE,2024-10-23 00:00:00,2024-10-23 00:00:00,2026-06-23 13:20:00
1656,user_1656@test.com,$2a$10$7zB3qQzEcbB7mU5eL2n9fO0xH98o2tYpM.2s5lR7wE.2F8u7y6X1.,최도혁,010-6008-4882,1998-05-17,ROLE_USER,ACTIVE,2024-04-28 00:00:00,2024-04-28 00:00:00,2026-06-20 20:37:00
1657,user_1657@test.com,$2a$10$7zB3qQzEcbB7mU5eL2n9fO0xH98o2tYpM.2s5lR7wE.2F8u7y6X1.,홍지영,010-7534-3859,1987-07-24,ROLE_USER,ACTIVE,2026-04-03 00:00:00,2026-04-03 00:00:00,2026-07-01 14:49:00
1658,user_1658@test.com,$2a$10$7zB3qQzEcbB7mU5eL2n9fO0xH98o2tYpM.2s5lR7wE.2F8u7y6X1.,안서율,010-4739-9753,1992-02-19,ROLE_USER,ACTIVE,2024-04-16 00:00:00,2024-04-16 00:00:00,2026-06-24 22:59:00
1659,user_1659@test.com,$2a$10$7zB3qQzEcbB7mU5eL2n9fO0xH98o2tYpM.2s5lR7wE.2F8u7y6X1.,홍시혁,010-2301-6224,1982-05-23,ROLE_USER,ACTIVE,2024-06-29 00:00:00,2024-06-29 00:00:00,2026-06-28 22:21:00
1660,user_1660@test.com,$2a$10$7zB3qQzEcbB7mU5eL2n9fO0xH98o2tYpM.2s5lR7wE.2F8u7y6X1.,황시수,010-2458-4116,1980-08-15,ROLE_USER,ACTIVE,2024-07-06 00:00:00,2024-07-06 00:00:00,2026-06-18 13:34:00
1661,user_1661@test.com,$2a$10$7zB3qQzEcbB7mU5eL2n9fO0xH98o2tYpM.2s5lR7wE.2F8u7y6X1.,서민준,010-2325-4359,1996-02-26,ROLE_USER,ACTIVE,2024-01-19 00:00:00,2024-01-19 00:00:00,2026-06-22 09:07:00
1662,user_1662@test.com,$2a$10$7zB3qQzEcbB7mU5eL2n9fO0xH98o2tYpM.2s5lR7wE.2F8u7y6X1.,박하수,010-8556-9593,2001-09-15,ROLE_USER,ACTIVE,2025-01-15 00:00:00,2025-01-15 00:00:00,2026-05-25 18:54:00
1663,user_1663@test.com,$2a$10$7zB3qQzEcbB7mU5eL2n9fO0xH98o2tYpM.2s5lR7wE.2F8u7y6X1.,윤민현,010-1942-8384,1980-10-28,ROLE_USER,ACTIVE,2024-07-11 00:00:00,2024-07-11 00:00:00,2026-06-19 15:09:00
1664,user_1664@test.com,$2a$10$7zB3qQzEcbB7mU5eL2n9fO0xH98o2tYpM.2s5lR7wE.2F8u7y6X1.,이은아,010-1087-7793,1989-01-27,ROLE_USER,ACTIVE,2025-06-04 00:00:00,2025-06-04 00:00:00,2026-04-16 10:40:00
1665,user_1665@test.com,$2a$10$7zB3qQzEcbB7mU5eL2n9fO0xH98o2tYpM.2s5lR7wE.2F8u7y6X1.,장승율,010-7294-7468,1971-10-25,ROLE_USER,ACTIVE,2025-06-21 00:00:00,2025-06-21 00:00:00,2026-06-30 08:21:00
1666,user_1666@test.com,$2a$10$7zB3qQzEcbB7mU5eL2n9fO0xH98o2tYpM.2s5lR7wE.2F8u7y6X1.,김지원,010-7056-3562,1996-09-19,ROLE_USER,ACTIVE,2025-09-13 00:00:00,2025-09-13 00:00:00,2026-06-11 21:32:00
1667,user_1667@test.com,$2a$10$7zB3qQzEcbB7mU5eL2n9fO0xH98o2tYpM.2s5lR7wE.2F8u7y6X1.,송도준,010-8240-1181,1999-04-15,ROLE_USER,ACTIVE,2025-10-12 00:00:00,2025-10-12 00:00:00,2026-07-01 12:56:00
1668,user_1668@test.com,$2a$10$7zB3qQzEcbB7mU5eL2n9fO0xH98o2tYpM.2s5lR7wE.2F8u7y6X1.,최승아,010-2706-9123,1971-03-09,ROLE_USER,ACTIVE,2023-10-18 00:00:00,2023-10-18 00:00:00,2026-06-21 15:08:00
1669,user_1669@test.com,$2a$10$7zB3qQzEcbB7mU5eL2n9fO0xH98o2tYpM.2s5lR7wE.2F8u7y6X1.,권현준,010-1243-6384,2001-10-21,ROLE_USER,ACTIVE,2024-04-27 00:00:00,2024-04-27 00:00:00,2026-06-10 22:14:00
1670,user_1670@test.com,$2a$10$7zB3qQzEcbB7mU5eL2n9fO0xH98o2tYpM.2s5lR7wE.2F8u7y6X1.,전지원,010-3036-9632,1982-01-04,ROLE_USER,ACTIVE,2024-03-05 00:00:00,2024-03-05 00:00:00,2026-06-19 14:18:00
1671,user_1671@test.com,$2a$10$7zB3qQzEcbB7mU5eL2n9fO0xH98o2tYpM.2s5lR7wE.2F8u7y6X1.,오태원,010-1749-3794,1971-05-17,ROLE_USER,ACTIVE,2025-07-13 00:00:00,2025-07-13 00:00:00,2026-06-27 11:05:00
1672,user_1672@test.com,$2a$10$7zB3qQzEcbB7mU5eL2n9fO0xH98o2tYpM.2s5lR7wE.2F8u7y6X1.,장주우,010-6644-7198,1998-12-10,ROLE_USER,ACTIVE,2025-09-15 00:00:00,2025-09-15 00:00:00,2026-05-27 13:03:00
1673,user_1673@test.com,$2a$10$7zB3qQzEcbB7mU5eL2n9fO0xH98o2tYpM.2s5lR7wE.2F8u7y6X1.,김민수,010-5204-9436,2000-02-11,ROLE_USER,ACTIVE,2024-10-16 00:00:00,2024-10-16 00:00:00,2026-06-25 11:57:00
1674,user_1674@test.com,$2a$10$7zB3qQzEcbB7mU5eL2n9fO0xH98o2tYpM.2s5lR7wE.2F8u7y6X1.,정민우,010-3344-1564,1979-07-18,ROLE_USER,ACTIVE,2024-01-28 00:00:00,2024-01-28 00:00:00,2026-06-30 10:45:00
1675,user_1675@test.com,$2a$10$7zB3qQzEcbB7mU5eL2n9fO0xH98o2tYpM.2s5lR7wE.2F8u7y6X1.,정승아,010-1786-8925,1976-06-26,ROLE_USER,ACTIVE,2025-05-06 00:00:00,2025-05-06 00:00:00,2026-06-22 18:59:00
1676,user_1676@test.com,$2a$10$7zB3qQzEcbB7mU5eL2n9fO0xH98o2tYpM.2s5lR7wE.2F8u7y6X1.,전예율,010-9067-6128,1997-11-16,ROLE_USER,ACTIVE,2026-02-01 00:00:00,2026-02-01 00:00:00,2026-06-19 18:29:00
1677,user_1677@test.com,$2a$10$7zB3qQzEcbB7mU5eL2n9fO0xH98o2tYpM.2s5lR7wE.2F8u7y6X1.,권지원,010-1257-1444,2002-07-20,ROLE_USER,ACTIVE,2024-12-30 00:00:00,2024-12-30 00:00:00,2026-06-23 14:54:00
1678,user_1678@test.com,$2a$10$7zB3qQzEcbB7mU5eL2n9fO0xH98o2tYpM.2s5lR7wE.2F8u7y6X1.,한하수,010-5275-3424,1999-04-14,ROLE_USER,ACTIVE,2025-11-28 00:00:00,2025-11-28 00:00:00,2026-06-30 21:56:00
1679,user_1679@test.com,$2a$10$7zB3qQzEcbB7mU5eL2n9fO0xH98o2tYpM.2s5lR7wE.2F8u7y6X1.,오서우,010-1130-2284,1983-02-21,ROLE_USER,ACTIVE,2025-05-14 00:00:00,2025-05-14 00:00:00,2026-06-24 20:31:00
1680,user_1680@test.com,$2a$10$7zB3qQzEcbB7mU5eL2n9fO0xH98o2tYpM.2s5lR7wE.2F8u7y6X1.,한주우,010-1963-4229,1982-02-08,ROLE_USER,ACTIVE,2026-05-09 00:00:00,2026-05-09 00:00:00,2026-06-14 19:49:00
1681,user_1681@test.com,$2a$10$7zB3qQzEcbB7mU5eL2n9fO0xH98o2tYpM.2s5lR7wE.2F8u7y6X1.,황승원,010-9308-9310,1997-12-04,ROLE_USER,ACTIVE,2024-01-01 00:00:00,2024-01-01 00:00:00,2026-06-18 09:33:00
1682,user_1682@test.com,$2a$10$7zB3qQzEcbB7mU5eL2n9fO0xH98o2tYpM.2s5lR7wE.2F8u7y6X1.,권승준,010-7896-2109,2002-04-26,ROLE_USER,ACTIVE,2025-07-29 00:00:00,2025-07-29 00:00:00,2026-06-24 18:44:00
1683,user_1683@test.com,$2a$10$7zB3qQzEcbB7mU5eL2n9fO0xH98o2tYpM.2s5lR7wE.2F8u7y6X1.,한태준,010-8385-6639,1974-03-12,ROLE_USER,ACTIVE,2024-03-04 00:00:00,2024-03-04 00:00:00,2026-07-01 16:16:00
1684,user_1684@test.com,$2a$10$7zB3qQzEcbB7mU5eL2n9fO0xH98o2tYpM.2s5lR7wE.2F8u7y6X1.,황하아,010-7865-5358,1982-10-04,ROLE_USER,ACTIVE,2025-03-19 00:00:00,2025-03-19 00:00:00,2026-06-22 08:50:00
1685,user_1685@test.com,$2a$10$7zB3qQzEcbB7mU5eL2n9fO0xH98o2tYpM.2s5lR7wE.2F8u7y6X1.,장도인,010-5498-2006,1982-05-22,ROLE_USER,ACTIVE,2024-06-30 00:00:00,2024-06-30 00:00:00,2026-06-27 10:56:00
1686,user_1686@test.com,$2a$10$7zB3qQzEcbB7mU5eL2n9fO0xH98o2tYpM.2s5lR7wE.2F8u7y6X1.,한은현,010-2391-1925,2003-06-23,ROLE_USER,ACTIVE,2025-11-06 00:00:00,2025-11-06 00:00:00,2026-06-18 16:29:00
1687,user_1687@test.com,$2a$10$7zB3qQzEcbB7mU5eL2n9fO0xH98o2tYpM.2s5lR7wE.2F8u7y6X1.,신승율,010-5046-6135,1976-08-11,ROLE_USER,ACTIVE,2024-03-10 00:00:00,2024-03-10 00:00:00,2026-06-18 15:37:00
1688,user_1688@test.com,$2a$10$7zB3qQzEcbB7mU5eL2n9fO0xH98o2tYpM.2s5lR7wE.2F8u7y6X1.,박하영,010-9516-4307,1982-12-17,ROLE_USER,ACTIVE,2024-04-25 00:00:00,2024-04-25 00:00:00,2026-06-26 10:03:00
1689,user_1689@test.com,$2a$10$7zB3qQzEcbB7mU5eL2n9fO0xH98o2tYpM.2s5lR7wE.2F8u7y6X1.,송태아,010-7435-6389,1999-12-07,ROLE_USER,ACTIVE,2024-12-31 00:00:00,2024-12-31 00:00:00,2026-06-20 22:18:00
1690,user_1690@test.com,$2a$10$7zB3qQzEcbB7mU5eL2n9fO0xH98o2tYpM.2s5lR7wE.2F8u7y6X1.,최지영,010-3928-9602,1998-01-04,ROLE_USER,ACTIVE,2024-08-04 00:00:00,2024-08-04 00:00:00,2026-06-19 17:29:00
1691,user_1691@test.com,$2a$10$7zB3qQzEcbB7mU5eL2n9fO0xH98o2tYpM.2s5lR7wE.2F8u7y6X1.,전주영,010-2476-4589,1978-03-09,ROLE_USER,ACTIVE,2024-09-25 00:00:00,2024-09-25 00:00:00,2026-06-29 12:52:00
1692,user_1692@test.com,$2a$10$7zB3qQzEcbB7mU5eL2n9fO0xH98o2tYpM.2s5lR7wE.2F8u7y6X1.,서민우,010-4634-2668,2001-08-21,ROLE_USER,ACTIVE,2025-03-14 00:00:00,2025-03-14 00:00:00,2026-05-18 08:45:00
1693,user_1693@test.com,$2a$10$7zB3qQzEcbB7mU5eL2n9fO0xH98o2tYpM.2s5lR7wE.2F8u7y6X1.,장예인,010-2299-3020,2004-07-05,ROLE_USER,ACTIVE,2024-08-25 00:00:00,2024-08-25 00:00:00,2026-06-23 22:20:00
1694,user_1694@test.com,$2a$10$7zB3qQzEcbB7mU5eL2n9fO0xH98o2tYpM.2s5lR7wE.2F8u7y6X1.,정승원,010-3202-3954,2001-02-18,ROLE_USER,ACTIVE,2024-11-02 00:00:00,2024-11-02 00:00:00,2026-06-23 21:29:00
1695,user_1695@test.com,$2a$10$7zB3qQzEcbB7mU5eL2n9fO0xH98o2tYpM.2s5lR7wE.2F8u7y6X1.,장승영,010-8147-6854,1970-07-17,ROLE_USER,ACTIVE,2024-05-24 00:00:00,2024-05-24 00:00:00,2026-06-24 21:26:00
1696,user_1696@test.com,$2a$10$7zB3qQzEcbB7mU5eL2n9fO0xH98o2tYpM.2s5lR7wE.2F8u7y6X1.,임지아,010-2374-2018,2004-05-02,ROLE_USER,ACTIVE,2024-04-21 00:00:00,2024-04-21 00:00:00,2026-06-20 11:52:00
1697,user_1697@test.com,$2a$10$7zB3qQzEcbB7mU5eL2n9fO0xH98o2tYpM.2s5lR7wE.2F8u7y6X1.,조승혁,010-6949-7799,1987-10-15,ROLE_USER,ACTIVE,2025-05-08 00:00:00,2025-05-08 00:00:00,2026-06-19 15:04:00
1698,user_1698@test.com,$2a$10$7zB3qQzEcbB7mU5eL2n9fO0xH98o2tYpM.2s5lR7wE.2F8u7y6X1.,임은빈,010-8303-8087,1975-12-06,ROLE_USER,ACTIVE,2024-10-06 00:00:00,2024-10-06 00:00:00,2026-06-25 18:57:00
1699,user_1699@test.com,$2a$10$7zB3qQzEcbB7mU5eL2n9fO0xH98o2tYpM.2s5lR7wE.2F8u7y6X1.,황태아,010-3231-2985,1974-06-12,ROLE_USER,ACTIVE,2025-01-30 00:00:00,2025-01-30 00:00:00,2026-06-23 18:15:00
1700,user_1700@test.com,$2a$10$7zB3qQzEcbB7mU5eL2n9fO0xH98o2tYpM.2s5lR7wE.2F8u7y6X1.,서하인,010-1783-3765,1975-04-19,ROLE_USER,ACTIVE,2025-02-21 00:00:00,2025-02-21 00:00:00,2026-06-21 20:51:00
1701,user_1701@test.com,$2a$10$7zB3qQzEcbB7mU5eL2n9fO0xH98o2tYpM.2s5lR7wE.2F8u7y6X1.,신주율,010-3890-3927,1980-10-15,ROLE_USER,ACTIVE,2025-09-20 00:00:00,2025-09-20 00:00:00,2026-06-25 20:01:00
1702,user_1702@test.com,$2a$10$7zB3qQzEcbB7mU5eL2n9fO0xH98o2tYpM.2s5lR7wE.2F8u7y6X1.,조예준,010-4727-4095,1975-11-03,ROLE_USER,ACTIVE,2026-02-12 00:00:00,2026-02-12 00:00:00,2026-06-07 14:26:00
1703,user_1703@test.com,$2a$10$7zB3qQzEcbB7mU5eL2n9fO0xH98o2tYpM.2s5lR7wE.2F8u7y6X1.,홍지수,010-4368-7985,1988-10-10,ROLE_USER,ACTIVE,2024-09-03 00:00:00,2024-09-03 00:00:00,2026-06-25 15:30:00
1704,user_1704@test.com,$2a$10$7zB3qQzEcbB7mU5eL2n9fO0xH98o2tYpM.2s5lR7wE.2F8u7y6X1.,강도원,010-8398-2873,1988-08-07,ROLE_USER,ACTIVE,2024-06-12 00:00:00,2024-06-12 00:00:00,2026-06-29 22:36:00
1705,user_1705@test.com,$2a$10$7zB3qQzEcbB7mU5eL2n9fO0xH98o2tYpM.2s5lR7wE.2F8u7y6X1.,신하혁,010-8792-3577,1993-05-19,ROLE_USER,ACTIVE,2024-08-06 00:00:00,2024-08-06 00:00:00,2026-06-19 15:43:00
1706,user_1706@test.com,$2a$10$7zB3qQzEcbB7mU5eL2n9fO0xH98o2tYpM.2s5lR7wE.2F8u7y6X1.,강하우,010-8834-9190,1972-05-03,ROLE_USER,ACTIVE,2025-05-30 00:00:00,2025-05-30 00:00:00,2026-06-20 09:31:00
1707,user_1707@test.com,$2a$10$7zB3qQzEcbB7mU5eL2n9fO0xH98o2tYpM.2s5lR7wE.2F8u7y6X1.,임도혁,010-4035-4082,1994-10-19,ROLE_USER,ACTIVE,2024-08-15 00:00:00,2024-08-15 00:00:00,2026-07-01 17:24:00
1708,user_1708@test.com,$2a$10$7zB3qQzEcbB7mU5eL2n9fO0xH98o2tYpM.2s5lR7wE.2F8u7y6X1.,이민혁,010-3745-7086,1981-05-16,ROLE_USER,ACTIVE,2026-04-28 00:00:00,2026-04-28 00:00:00,2026-05-27 13:46:00
1709,user_1709@test.com,$2a$10$7zB3qQzEcbB7mU5eL2n9fO0xH98o2tYpM.2s5lR7wE.2F8u7y6X1.,강민준,010-8225-4800,1987-08-04,ROLE_USER,ACTIVE,2024-12-31 00:00:00,2024-12-31 00:00:00,2026-06-21 09:24:00
1710,user_1710@test.com,$2a$10$7zB3qQzEcbB7mU5eL2n9fO0xH98o2tYpM.2s5lR7wE.2F8u7y6X1.,서하아,010-5423-3310,1972-09-02,ROLE_USER,ACTIVE,2025-08-21 00:00:00,2025-08-21 00:00:00,2026-06-30 11:39:00
1711,user_1711@test.com,$2a$10$7zB3qQzEcbB7mU5eL2n9fO0xH98o2tYpM.2s5lR7wE.2F8u7y6X1.,서태수,010-6241-4244,2000-11-15,ROLE_USER,ACTIVE,2026-01-06 00:00:00,2026-01-06 00:00:00,2026-06-19 10:39:00
1712,user_1712@test.com,$2a$10$7zB3qQzEcbB7mU5eL2n9fO0xH98o2tYpM.2s5lR7wE.2F8u7y6X1.,최하수,010-6579-1839,2004-04-19,ROLE_USER,ACTIVE,2024-07-27 00:00:00,2024-07-27 00:00:00,2026-06-21 13:32:00
1713,user_1713@test.com,$2a$10$7zB3qQzEcbB7mU5eL2n9fO0xH98o2tYpM.2s5lR7wE.2F8u7y6X1.,임하아,010-5516-7839,1989-02-19,ROLE_USER,ACTIVE,2026-03-26 00:00:00,2026-03-26 00:00:00,2026-05-28 21:18:00
1714,user_1714@test.com,$2a$10$7zB3qQzEcbB7mU5eL2n9fO0xH98o2tYpM.2s5lR7wE.2F8u7y6X1.,안하준,010-4806-5417,1977-02-28,ROLE_USER,ACTIVE,2024-08-16 00:00:00,2024-08-16 00:00:00,2026-06-29 14:28:00
1715,user_1715@test.com,$2a$10$7zB3qQzEcbB7mU5eL2n9fO0xH98o2tYpM.2s5lR7wE.2F8u7y6X1.,신은인,010-9845-5346,1971-07-04,ROLE_USER,ACTIVE,2024-02-26 00:00:00,2024-02-26 00:00:00,2026-07-01 15:15:00
1716,user_1716@test.com,$2a$10$7zB3qQzEcbB7mU5eL2n9fO0xH98o2tYpM.2s5lR7wE.2F8u7y6X1.,서현수,010-1073-8196,1974-01-25,ROLE_USER,ACTIVE,2025-10-21 00:00:00,2025-10-21 00:00:00,2026-06-27 10:04:00
1717,user_1717@test.com,$2a$10$7zB3qQzEcbB7mU5eL2n9fO0xH98o2tYpM.2s5lR7wE.2F8u7y6X1.,정지영,010-2062-7547,1993-01-18,ROLE_USER,ACTIVE,2024-01-29 00:00:00,2024-01-29 00:00:00,2026-07-01 11:19:00
1718,user_1718@test.com,$2a$10$7zB3qQzEcbB7mU5eL2n9fO0xH98o2tYpM.2s5lR7wE.2F8u7y6X1.,임은빈,010-6353-1332,1991-05-13,ROLE_USER,ACTIVE,2024-05-21 00:00:00,2024-05-21 00:00:00,2026-06-27 20:07:00
1719,user_1719@test.com,$2a$10$7zB3qQzEcbB7mU5eL2n9fO0xH98o2tYpM.2s5lR7wE.2F8u7y6X1.,임민율,010-1128-2182,1992-03-27,ROLE_USER,ACTIVE,2023-11-09 00:00:00,2023-11-09 00:00:00,2026-06-29 15:23:00
1720,user_1720@test.com,$2a$10$7zB3qQzEcbB7mU5eL2n9fO0xH98o2tYpM.2s5lR7wE.2F8u7y6X1.,윤예수,010-9981-2886,1971-05-19,ROLE_USER,ACTIVE,2023-12-07 00:00:00,2023-12-07 00:00:00,2026-06-29 12:05:00
1721,user_1721@test.com,$2a$10$7zB3qQzEcbB7mU5eL2n9fO0xH98o2tYpM.2s5lR7wE.2F8u7y6X1.,박태원,010-4927-4171,2000-08-01,ROLE_USER,ACTIVE,2025-06-29 00:00:00,2025-06-29 00:00:00,2026-06-06 22:33:00
1722,user_1722@test.com,$2a$10$7zB3qQzEcbB7mU5eL2n9fO0xH98o2tYpM.2s5lR7wE.2F8u7y6X1.,윤은아,010-3037-3524,1978-11-18,ROLE_USER,ACTIVE,2024-10-15 00:00:00,2024-10-15 00:00:00,2026-06-20 21:15:00
1723,user_1723@test.com,$2a$10$7zB3qQzEcbB7mU5eL2n9fO0xH98o2tYpM.2s5lR7wE.2F8u7y6X1.,송주혁,010-1741-1906,1977-12-03,ROLE_USER,ACTIVE,2024-09-14 00:00:00,2024-09-14 00:00:00,2026-07-02 20:31:00
1724,user_1724@test.com,$2a$10$7zB3qQzEcbB7mU5eL2n9fO0xH98o2tYpM.2s5lR7wE.2F8u7y6X1.,강하율,010-5136-4472,1984-03-13,ROLE_USER,ACTIVE,2025-08-07 00:00:00,2025-08-07 00:00:00,2026-06-29 10:14:00
1725,user_1725@test.com,$2a$10$7zB3qQzEcbB7mU5eL2n9fO0xH98o2tYpM.2s5lR7wE.2F8u7y6X1.,조예영,010-8764-3270,2001-07-02,ROLE_USER,ACTIVE,2023-12-31 00:00:00,2023-12-31 00:00:00,2026-06-30 17:17:00
1726,user_1726@test.com,$2a$10$7zB3qQzEcbB7mU5eL2n9fO0xH98o2tYpM.2s5lR7wE.2F8u7y6X1.,황지아,010-3576-7943,1979-05-27,ROLE_USER,ACTIVE,2024-03-25 00:00:00,2024-03-25 00:00:00,2026-06-27 12:59:00
1727,user_1727@test.com,$2a$10$7zB3qQzEcbB7mU5eL2n9fO0xH98o2tYpM.2s5lR7wE.2F8u7y6X1.,윤시인,010-4592-5992,1979-09-28,ROLE_USER,ACTIVE,2026-04-24 00:00:00,2026-04-24 00:00:00,2026-06-30 19:15:00
1728,user_1728@test.com,$2a$10$7zB3qQzEcbB7mU5eL2n9fO0xH98o2tYpM.2s5lR7wE.2F8u7y6X1.,조지아,010-3456-8299,1994-01-25,ROLE_USER,ACTIVE,2025-10-13 00:00:00,2025-10-13 00:00:00,2026-06-28 13:24:00
1729,user_1729@test.com,$2a$10$7zB3qQzEcbB7mU5eL2n9fO0xH98o2tYpM.2s5lR7wE.2F8u7y6X1.,안현혁,010-5458-2173,2001-11-12,ROLE_USER,ACTIVE,2025-01-21 00:00:00,2025-01-21 00:00:00,2026-06-07 21:29:00
1730,user_1730@test.com,$2a$10$7zB3qQzEcbB7mU5eL2n9fO0xH98o2tYpM.2s5lR7wE.2F8u7y6X1.,안태우,010-9446-2366,1971-10-27,ROLE_USER,ACTIVE,2026-03-06 00:00:00,2026-03-06 00:00:00,2026-06-30 19:47:00
1731,user_1731@test.com,$2a$10$7zB3qQzEcbB7mU5eL2n9fO0xH98o2tYpM.2s5lR7wE.2F8u7y6X1.,정도우,010-3794-8165,1979-05-24,ROLE_USER,ACTIVE,2024-03-06 00:00:00,2024-03-06 00:00:00,2026-06-28 11:22:00
1732,user_1732@test.com,$2a$10$7zB3qQzEcbB7mU5eL2n9fO0xH98o2tYpM.2s5lR7wE.2F8u7y6X1.,정하율,010-9327-4733,2001-06-06,ROLE_USER,ACTIVE,2025-12-20 00:00:00,2025-12-20 00:00:00,2026-07-02 10:01:00
1733,user_1733@test.com,$2a$10$7zB3qQzEcbB7mU5eL2n9fO0xH98o2tYpM.2s5lR7wE.2F8u7y6X1.,장은빈,010-1591-1435,1984-10-16,ROLE_USER,ACTIVE,2023-10-07 00:00:00,2023-10-07 00:00:00,2026-06-20 21:50:00
1734,user_1734@test.com,$2a$10$7zB3qQzEcbB7mU5eL2n9fO0xH98o2tYpM.2s5lR7wE.2F8u7y6X1.,신주수,010-9742-7025,1981-10-08,ROLE_USER,ACTIVE,2026-03-11 00:00:00,2026-03-11 00:00:00,2026-06-18 21:05:00
1735,user_1735@test.com,$2a$10$7zB3qQzEcbB7mU5eL2n9fO0xH98o2tYpM.2s5lR7wE.2F8u7y6X1.,홍도혁,010-5478-6012,1992-06-09,ROLE_USER,ACTIVE,2026-04-30 00:00:00,2026-04-30 00:00:00,2026-06-11 10:50:00
1736,user_1736@test.com,$2a$10$7zB3qQzEcbB7mU5eL2n9fO0xH98o2tYpM.2s5lR7wE.2F8u7y6X1.,정승빈,010-4082-3680,1999-04-16,ROLE_USER,ACTIVE,2024-01-02 00:00:00,2024-01-02 00:00:00,2026-06-23 20:14:00
1737,user_1737@test.com,$2a$10$7zB3qQzEcbB7mU5eL2n9fO0xH98o2tYpM.2s5lR7wE.2F8u7y6X1.,조주아,010-6783-7093,1986-09-07,ROLE_USER,ACTIVE,2023-11-22 00:00:00,2023-11-22 00:00:00,2026-06-18 19:28:00
1738,user_1738@test.com,$2a$10$7zB3qQzEcbB7mU5eL2n9fO0xH98o2tYpM.2s5lR7wE.2F8u7y6X1.,한서인,010-4209-2250,1984-08-18,ROLE_USER,ACTIVE,2025-10-31 00:00:00,2025-10-31 00:00:00,2026-06-30 09:55:00
1739,user_1739@test.com,$2a$10$7zB3qQzEcbB7mU5eL2n9fO0xH98o2tYpM.2s5lR7wE.2F8u7y6X1.,정승혁,010-6674-7246,1991-04-04,ROLE_USER,ACTIVE,2025-08-16 00:00:00,2025-08-16 00:00:00,2026-06-27 19:47:00
1740,user_1740@test.com,$2a$10$7zB3qQzEcbB7mU5eL2n9fO0xH98o2tYpM.2s5lR7wE.2F8u7y6X1.,권민원,010-8826-2754,1994-08-12,ROLE_USER,ACTIVE,2025-10-25 00:00:00,2025-10-25 00:00:00,2026-06-28 21:55:00
1741,user_1741@test.com,$2a$10$7zB3qQzEcbB7mU5eL2n9fO0xH98o2tYpM.2s5lR7wE.2F8u7y6X1.,박시빈,010-4655-4768,1975-06-20,ROLE_USER,ACTIVE,2024-05-20 00:00:00,2024-05-20 00:00:00,2026-06-27 20:57:00
1742,user_1742@test.com,$2a$10$7zB3qQzEcbB7mU5eL2n9fO0xH98o2tYpM.2s5lR7wE.2F8u7y6X1.,강시아,010-7093-6517,1984-06-13,ROLE_USER,ACTIVE,2025-01-23 00:00:00,2025-01-23 00:00:00,2026-06-19 08:07:00
1743,user_1743@test.com,$2a$10$7zB3qQzEcbB7mU5eL2n9fO0xH98o2tYpM.2s5lR7wE.2F8u7y6X1.,최민율,010-4977-5266,1991-09-10,ROLE_USER,ACTIVE,2025-05-08 00:00:00,2025-05-08 00:00:00,2026-06-25 09:04:00
1744,user_1744@test.com,$2a$10$7zB3qQzEcbB7mU5eL2n9fO0xH98o2tYpM.2s5lR7wE.2F8u7y6X1.,정민아,010-3098-3167,1998-04-27,ROLE_USER,ACTIVE,2025-11-08 00:00:00,2025-11-08 00:00:00,2026-06-30 08:05:00
1745,user_1745@test.com,$2a$10$7zB3qQzEcbB7mU5eL2n9fO0xH98o2tYpM.2s5lR7wE.2F8u7y6X1.,정시영,010-1644-7501,1984-09-06,ROLE_USER,ACTIVE,2025-11-17 00:00:00,2025-11-17 00:00:00,2026-07-02 16:25:00
1746,user_1746@test.com,$2a$10$7zB3qQzEcbB7mU5eL2n9fO0xH98o2tYpM.2s5lR7wE.2F8u7y6X1.,김주준,010-7769-5650,1996-07-08,ROLE_USER,ACTIVE,2024-01-24 00:00:00,2024-01-24 00:00:00,2026-06-28 16:34:00
1747,user_1747@test.com,$2a$10$7zB3qQzEcbB7mU5eL2n9fO0xH98o2tYpM.2s5lR7wE.2F8u7y6X1.,홍하수,010-6124-8032,1984-10-24,ROLE_USER,ACTIVE,2024-10-28 00:00:00,2024-10-28 00:00:00,2026-06-19 16:06:00
1748,user_1748@test.com,$2a$10$7zB3qQzEcbB7mU5eL2n9fO0xH98o2tYpM.2s5lR7wE.2F8u7y6X1.,한은우,010-2415-1294,1980-10-19,ROLE_USER,ACTIVE,2025-06-25 00:00:00,2025-06-25 00:00:00,2026-06-24 10:39:00
1749,user_1749@test.com,$2a$10$7zB3qQzEcbB7mU5eL2n9fO0xH98o2tYpM.2s5lR7wE.2F8u7y6X1.,조하인,010-6240-1232,1989-10-21,ROLE_USER,ACTIVE,2026-04-12 00:00:00,2026-04-12 00:00:00,2026-06-20 21:36:00
1750,user_1750@test.com,$2a$10$7zB3qQzEcbB7mU5eL2n9fO0xH98o2tYpM.2s5lR7wE.2F8u7y6X1.,조지현,010-7366-5749,1979-08-12,ROLE_USER,ACTIVE,2026-04-30 00:00:00,2026-04-30 00:00:00,2026-05-21 21:32:00
1751,user_1751@test.com,$2a$10$7zB3qQzEcbB7mU5eL2n9fO0xH98o2tYpM.2s5lR7wE.2F8u7y6X1.,정민율,010-2339-4973,1995-04-28,ROLE_USER,ACTIVE,2025-10-01 00:00:00,2025-10-01 00:00:00,2026-06-30 19:48:00
1752,user_1752@test.com,$2a$10$7zB3qQzEcbB7mU5eL2n9fO0xH98o2tYpM.2s5lR7wE.2F8u7y6X1.,조현아,010-4885-7422,1995-06-25,ROLE_USER,ACTIVE,2024-02-10 00:00:00,2024-02-10 00:00:00,2026-06-30 22:53:00
1753,user_1753@test.com,$2a$10$7zB3qQzEcbB7mU5eL2n9fO0xH98o2tYpM.2s5lR7wE.2F8u7y6X1.,송승영,010-6064-2816,1974-02-22,ROLE_USER,ACTIVE,2026-02-07 00:00:00,2026-02-07 00:00:00,2026-06-30 09:21:00
1754,user_1754@test.com,$2a$10$7zB3qQzEcbB7mU5eL2n9fO0xH98o2tYpM.2s5lR7wE.2F8u7y6X1.,장승원,010-3412-4143,1994-05-27,ROLE_USER,ACTIVE,2025-07-15 00:00:00,2025-07-15 00:00:00,2026-06-10 17:26:00
1755,user_1755@test.com,$2a$10$7zB3qQzEcbB7mU5eL2n9fO0xH98o2tYpM.2s5lR7wE.2F8u7y6X1.,송지영,010-1307-1848,1993-10-16,ROLE_USER,ACTIVE,2024-06-22 00:00:00,2024-06-22 00:00:00,2026-06-21 16:00:00
1756,user_1756@test.com,$2a$10$7zB3qQzEcbB7mU5eL2n9fO0xH98o2tYpM.2s5lR7wE.2F8u7y6X1.,조지아,010-7819-1656,1988-08-01,ROLE_USER,ACTIVE,2025-03-11 00:00:00,2025-03-11 00:00:00,2026-06-30 19:00:00
1757,user_1757@test.com,$2a$10$7zB3qQzEcbB7mU5eL2n9fO0xH98o2tYpM.2s5lR7wE.2F8u7y6X1.,조은우,010-4296-5380,2002-09-10,ROLE_USER,ACTIVE,2024-06-23 00:00:00,2024-06-23 00:00:00,2026-06-28 17:29:00
1758,user_1758@test.com,$2a$10$7zB3qQzEcbB7mU5eL2n9fO0xH98o2tYpM.2s5lR7wE.2F8u7y6X1.,조하빈,010-9666-4631,1977-01-12,ROLE_USER,ACTIVE,2026-01-14 00:00:00,2026-01-14 00:00:00,2026-06-29 09:48:00
1759,user_1759@test.com,$2a$10$7zB3qQzEcbB7mU5eL2n9fO0xH98o2tYpM.2s5lR7wE.2F8u7y6X1.,장지빈,010-3372-4902,1970-05-28,ROLE_USER,ACTIVE,2026-02-27 00:00:00,2026-02-27 00:00:00,2026-06-19 19:26:00
1760,user_1760@test.com,$2a$10$7zB3qQzEcbB7mU5eL2n9fO0xH98o2tYpM.2s5lR7wE.2F8u7y6X1.,박민아,010-9061-3429,1997-01-25,ROLE_USER,ACTIVE,2025-04-17 00:00:00,2025-04-17 00:00:00,2026-04-07 19:53:00
1761,user_1761@test.com,$2a$10$7zB3qQzEcbB7mU5eL2n9fO0xH98o2tYpM.2s5lR7wE.2F8u7y6X1.,강서아,010-2548-1642,1983-12-18,ROLE_USER,ACTIVE,2025-03-02 00:00:00,2025-03-02 00:00:00,2026-05-13 09:23:00
1762,user_1762@test.com,$2a$10$7zB3qQzEcbB7mU5eL2n9fO0xH98o2tYpM.2s5lR7wE.2F8u7y6X1.,이태현,010-9030-9433,1976-01-14,ROLE_USER,ACTIVE,2023-12-28 00:00:00,2023-12-28 00:00:00,2026-06-19 12:36:00
1763,user_1763@test.com,$2a$10$7zB3qQzEcbB7mU5eL2n9fO0xH98o2tYpM.2s5lR7wE.2F8u7y6X1.,정태준,010-8169-8501,1971-05-22,ROLE_USER,ACTIVE,2025-02-05 00:00:00,2025-02-05 00:00:00,2026-05-08 21:43:00
1764,user_1764@test.com,$2a$10$7zB3qQzEcbB7mU5eL2n9fO0xH98o2tYpM.2s5lR7wE.2F8u7y6X1.,윤서준,010-1826-6078,1997-11-27,ROLE_USER,ACTIVE,2025-07-19 00:00:00,2025-07-19 00:00:00,2026-06-19 13:12:00
1765,user_1765@test.com,$2a$10$7zB3qQzEcbB7mU5eL2n9fO0xH98o2tYpM.2s5lR7wE.2F8u7y6X1.,조승원,010-4905-3694,1987-03-05,ROLE_USER,ACTIVE,2024-06-28 00:00:00,2024-06-28 00:00:00,2026-06-30 15:05:00
1766,user_1766@test.com,$2a$10$7zB3qQzEcbB7mU5eL2n9fO0xH98o2tYpM.2s5lR7wE.2F8u7y6X1.,오민수,010-7193-3497,2000-12-06,ROLE_USER,ACTIVE,2026-05-07 00:00:00,2026-05-07 00:00:00,2026-05-17 11:14:00
1767,user_1767@test.com,$2a$10$7zB3qQzEcbB7mU5eL2n9fO0xH98o2tYpM.2s5lR7wE.2F8u7y6X1.,전시혁,010-6056-5251,1999-06-02,ROLE_USER,ACTIVE,2024-03-03 00:00:00,2024-03-03 00:00:00,2026-06-19 16:14:00
1768,user_1768@test.com,$2a$10$7zB3qQzEcbB7mU5eL2n9fO0xH98o2tYpM.2s5lR7wE.2F8u7y6X1.,전현영,010-1148-2204,2001-11-10,ROLE_USER,ACTIVE,2024-09-08 00:00:00,2024-09-08 00:00:00,2026-06-23 14:05:00
1769,user_1769@test.com,$2a$10$7zB3qQzEcbB7mU5eL2n9fO0xH98o2tYpM.2s5lR7wE.2F8u7y6X1.,서현율,010-1507-8944,2002-08-24,ROLE_USER,ACTIVE,2026-01-10 00:00:00,2026-01-10 00:00:00,2026-06-21 11:29:00
1770,user_1770@test.com,$2a$10$7zB3qQzEcbB7mU5eL2n9fO0xH98o2tYpM.2s5lR7wE.2F8u7y6X1.,황예빈,010-5281-9694,1979-11-11,ROLE_USER,ACTIVE,2024-03-31 00:00:00,2024-03-31 00:00:00,2026-05-11 11:25:00
1771,user_1771@test.com,$2a$10$7zB3qQzEcbB7mU5eL2n9fO0xH98o2tYpM.2s5lR7wE.2F8u7y6X1.,이서인,010-9410-9933,1977-08-27,ROLE_USER,ACTIVE,2025-03-24 00:00:00,2025-03-24 00:00:00,2026-06-24 09:00:00
1772,user_1772@test.com,$2a$10$7zB3qQzEcbB7mU5eL2n9fO0xH98o2tYpM.2s5lR7wE.2F8u7y6X1.,안지아,010-4418-4802,1990-08-18,ROLE_USER,ACTIVE,2024-10-17 00:00:00,2024-10-17 00:00:00,2026-06-21 18:54:00
1773,user_1773@test.com,$2a$10$7zB3qQzEcbB7mU5eL2n9fO0xH98o2tYpM.2s5lR7wE.2F8u7y6X1.,조도아,010-3150-4730,2003-07-05,ROLE_USER,ACTIVE,2024-06-27 00:00:00,2024-06-27 00:00:00,2026-06-20 21:18:00
1774,user_1774@test.com,$2a$10$7zB3qQzEcbB7mU5eL2n9fO0xH98o2tYpM.2s5lR7wE.2F8u7y6X1.,임서준,010-2992-5235,1978-03-14,ROLE_USER,ACTIVE,2024-03-20 00:00:00,2024-03-20 00:00:00,2026-06-13 18:17:00
1775,user_1775@test.com,$2a$10$7zB3qQzEcbB7mU5eL2n9fO0xH98o2tYpM.2s5lR7wE.2F8u7y6X1.,오승영,010-6529-8175,1979-04-01,ROLE_USER,ACTIVE,2023-11-01 00:00:00,2023-11-01 00:00:00,2026-06-26 15:26:00
1776,user_1776@test.com,$2a$10$7zB3qQzEcbB7mU5eL2n9fO0xH98o2tYpM.2s5lR7wE.2F8u7y6X1.,정예우,010-8962-5228,1995-02-21,ROLE_USER,ACTIVE,2024-07-22 00:00:00,2024-07-22 00:00:00,2026-07-01 11:19:00
1777,user_1777@test.com,$2a$10$7zB3qQzEcbB7mU5eL2n9fO0xH98o2tYpM.2s5lR7wE.2F8u7y6X1.,임현현,010-9790-9387,1977-01-18,ROLE_USER,ACTIVE,2026-01-12 00:00:00,2026-01-12 00:00:00,2026-07-02 22:36:00
1778,user_1778@test.com,$2a$10$7zB3qQzEcbB7mU5eL2n9fO0xH98o2tYpM.2s5lR7wE.2F8u7y6X1.,최승현,010-7748-5280,1971-04-23,ROLE_USER,ACTIVE,2024-08-18 00:00:00,2024-08-18 00:00:00,2026-06-30 14:27:00
1779,user_1779@test.com,$2a$10$7zB3qQzEcbB7mU5eL2n9fO0xH98o2tYpM.2s5lR7wE.2F8u7y6X1.,서시율,010-8790-5783,1970-03-27,ROLE_USER,ACTIVE,2024-04-18 00:00:00,2024-04-18 00:00:00,2026-06-19 19:35:00
1780,user_1780@test.com,$2a$10$7zB3qQzEcbB7mU5eL2n9fO0xH98o2tYpM.2s5lR7wE.2F8u7y6X1.,최주영,010-7996-2876,1977-11-21,ROLE_USER,ACTIVE,2025-03-14 00:00:00,2025-03-14 00:00:00,2026-06-18 10:17:00
1781,user_1781@test.com,$2a$10$7zB3qQzEcbB7mU5eL2n9fO0xH98o2tYpM.2s5lR7wE.2F8u7y6X1.,한태현,010-8473-7193,1994-11-18,ROLE_USER,ACTIVE,2024-09-15 00:00:00,2024-09-15 00:00:00,2026-06-30 14:19:00
1782,user_1782@test.com,$2a$10$7zB3qQzEcbB7mU5eL2n9fO0xH98o2tYpM.2s5lR7wE.2F8u7y6X1.,신예현,010-1657-3997,1997-10-06,ROLE_USER,ACTIVE,2025-01-10 00:00:00,2025-01-10 00:00:00,2026-06-23 16:10:00
1783,user_1783@test.com,$2a$10$7zB3qQzEcbB7mU5eL2n9fO0xH98o2tYpM.2s5lR7wE.2F8u7y6X1.,신은혁,010-9925-4002,1999-12-10,ROLE_USER,ACTIVE,2025-02-28 00:00:00,2025-02-28 00:00:00,2026-06-22 13:45:00
1784,user_1784@test.com,$2a$10$7zB3qQzEcbB7mU5eL2n9fO0xH98o2tYpM.2s5lR7wE.2F8u7y6X1.,윤도혁,010-8408-3807,1990-08-13,ROLE_USER,ACTIVE,2024-04-30 00:00:00,2024-04-30 00:00:00,2026-06-19 08:03:00
1785,user_1785@test.com,$2a$10$7zB3qQzEcbB7mU5eL2n9fO0xH98o2tYpM.2s5lR7wE.2F8u7y6X1.,서하인,010-6931-3608,1982-08-22,ROLE_USER,ACTIVE,2025-04-05 00:00:00,2025-04-05 00:00:00,2026-06-20 19:47:00
1786,user_1786@test.com,$2a$10$7zB3qQzEcbB7mU5eL2n9fO0xH98o2tYpM.2s5lR7wE.2F8u7y6X1.,황지아,010-5324-3832,2003-02-08,ROLE_USER,ACTIVE,2024-10-01 00:00:00,2024-10-01 00:00:00,2026-06-18 22:48:00
1787,user_1787@test.com,$2a$10$7zB3qQzEcbB7mU5eL2n9fO0xH98o2tYpM.2s5lR7wE.2F8u7y6X1.,오현원,010-3594-2089,1988-07-24,ROLE_USER,ACTIVE,2024-03-12 00:00:00,2024-03-12 00:00:00,2026-06-05 18:31:00
1788,user_1788@test.com,$2a$10$7zB3qQzEcbB7mU5eL2n9fO0xH98o2tYpM.2s5lR7wE.2F8u7y6X1.,황지영,010-9109-8447,1973-06-26,ROLE_USER,ACTIVE,2025-02-24 00:00:00,2025-02-24 00:00:00,2026-06-23 17:35:00
1789,user_1789@test.com,$2a$10$7zB3qQzEcbB7mU5eL2n9fO0xH98o2tYpM.2s5lR7wE.2F8u7y6X1.,이현준,010-5398-4127,1972-01-05,ROLE_USER,ACTIVE,2024-10-14 00:00:00,2024-10-14 00:00:00,2026-06-20 11:03:00
1790,user_1790@test.com,$2a$10$7zB3qQzEcbB7mU5eL2n9fO0xH98o2tYpM.2s5lR7wE.2F8u7y6X1.,김태준,010-2508-3132,2001-08-19,ROLE_USER,ACTIVE,2023-12-14 00:00:00,2023-12-14 00:00:00,2026-06-23 22:05:00
1791,user_1791@test.com,$2a$10$7zB3qQzEcbB7mU5eL2n9fO0xH98o2tYpM.2s5lR7wE.2F8u7y6X1.,안하혁,010-2021-6551,1982-03-08,ROLE_USER,ACTIVE,2023-12-18 00:00:00,2023-12-18 00:00:00,2026-06-28 13:21:00
1792,user_1792@test.com,$2a$10$7zB3qQzEcbB7mU5eL2n9fO0xH98o2tYpM.2s5lR7wE.2F8u7y6X1.,최하우,010-1832-7295,1997-03-16,ROLE_USER,ACTIVE,2025-10-04 00:00:00,2025-10-04 00:00:00,2026-06-26 11:04:00
1793,user_1793@test.com,$2a$10$7zB3qQzEcbB7mU5eL2n9fO0xH98o2tYpM.2s5lR7wE.2F8u7y6X1.,장태빈,010-1882-8076,2004-06-10,ROLE_USER,ACTIVE,2026-05-24 00:00:00,2026-05-24 00:00:00,2026-06-15 14:28:00
1794,user_1794@test.com,$2a$10$7zB3qQzEcbB7mU5eL2n9fO0xH98o2tYpM.2s5lR7wE.2F8u7y6X1.,신지아,010-1539-7911,1994-05-23,ROLE_USER,ACTIVE,2025-12-12 00:00:00,2025-12-12 00:00:00,2026-06-25 13:04:00
1795,user_1795@test.com,$2a$10$7zB3qQzEcbB7mU5eL2n9fO0xH98o2tYpM.2s5lR7wE.2F8u7y6X1.,서예혁,010-8806-4226,1992-02-05,ROLE_USER,ACTIVE,2025-11-01 00:00:00,2025-11-01 00:00:00,2026-06-28 15:02:00
1796,user_1796@test.com,$2a$10$7zB3qQzEcbB7mU5eL2n9fO0xH98o2tYpM.2s5lR7wE.2F8u7y6X1.,임서원,010-3366-4859,1980-11-03,ROLE_USER,ACTIVE,2025-10-21 00:00:00,2025-10-21 00:00:00,2026-06-19 16:28:00
1797,user_1797@test.com,$2a$10$7zB3qQzEcbB7mU5eL2n9fO0xH98o2tYpM.2s5lR7wE.2F8u7y6X1.,이민준,010-9678-6588,2003-08-26,ROLE_USER,ACTIVE,2024-04-09 00:00:00,2024-04-09 00:00:00,2026-06-25 12:58:00
1798,user_1798@test.com,$2a$10$7zB3qQzEcbB7mU5eL2n9fO0xH98o2tYpM.2s5lR7wE.2F8u7y6X1.,홍현원,010-8779-7528,1973-07-21,ROLE_USER,ACTIVE,2024-02-16 00:00:00,2024-02-16 00:00:00,2026-06-27 11:42:00
1799,user_1799@test.com,$2a$10$7zB3qQzEcbB7mU5eL2n9fO0xH98o2tYpM.2s5lR7wE.2F8u7y6X1.,강현원,010-5867-4171,2002-11-04,ROLE_USER,ACTIVE,2025-03-17 00:00:00,2025-03-17 00:00:00,2026-07-01 18:13:00
1800,user_1800@test.com,$2a$10$7zB3qQzEcbB7mU5eL2n9fO0xH98o2tYpM.2s5lR7wE.2F8u7y6X1.,김현수,010-7764-1919,1972-07-05,ROLE_USER,ACTIVE,2026-05-01 00:00:00,2026-05-01 00:00:00,2026-05-20 10:40:00
1801,user_1801@test.com,$2a$10$7zB3qQzEcbB7mU5eL2n9fO0xH98o2tYpM.2s5lR7wE.2F8u7y6X1.,이주인,010-8697-4888,1972-11-16,ROLE_USER,ACTIVE,2024-12-05 00:00:00,2024-12-05 00:00:00,2026-06-20 22:25:00
1802,user_1802@test.com,$2a$10$7zB3qQzEcbB7mU5eL2n9fO0xH98o2tYpM.2s5lR7wE.2F8u7y6X1.,박승현,010-8245-8133,2004-01-08,ROLE_USER,ACTIVE,2026-03-29 00:00:00,2026-03-29 00:00:00,2026-06-20 08:28:00
1803,user_1803@test.com,$2a$10$7zB3qQzEcbB7mU5eL2n9fO0xH98o2tYpM.2s5lR7wE.2F8u7y6X1.,신민준,010-6515-6492,1970-05-13,ROLE_USER,ACTIVE,2025-08-18 00:00:00,2025-08-18 00:00:00,2026-06-30 17:48:00
1804,user_1804@test.com,$2a$10$7zB3qQzEcbB7mU5eL2n9fO0xH98o2tYpM.2s5lR7wE.2F8u7y6X1.,장은인,010-5484-5395,1974-10-19,ROLE_USER,ACTIVE,2024-01-16 00:00:00,2024-01-16 00:00:00,2026-06-18 17:45:00
1805,user_1805@test.com,$2a$10$7zB3qQzEcbB7mU5eL2n9fO0xH98o2tYpM.2s5lR7wE.2F8u7y6X1.,서서원,010-1715-4059,1974-11-21,ROLE_USER,ACTIVE,2025-06-06 00:00:00,2025-06-06 00:00:00,2026-06-18 20:35:00
1806,user_1806@test.com,$2a$10$7zB3qQzEcbB7mU5eL2n9fO0xH98o2tYpM.2s5lR7wE.2F8u7y6X1.,강지원,010-6510-6458,1979-07-21,ROLE_USER,ACTIVE,2025-12-27 00:00:00,2025-12-27 00:00:00,2026-06-12 15:56:00
1807,user_1807@test.com,$2a$10$7zB3qQzEcbB7mU5eL2n9fO0xH98o2tYpM.2s5lR7wE.2F8u7y6X1.,오시준,010-9541-1625,1976-10-09,ROLE_USER,ACTIVE,2023-10-24 00:00:00,2023-10-24 00:00:00,2026-06-26 14:24:00
1808,user_1808@test.com,$2a$10$7zB3qQzEcbB7mU5eL2n9fO0xH98o2tYpM.2s5lR7wE.2F8u7y6X1.,장민현,010-2443-7237,1984-07-08,ROLE_USER,ACTIVE,2025-11-10 00:00:00,2025-11-10 00:00:00,2026-07-01 22:05:00
1809,user_1809@test.com,$2a$10$7zB3qQzEcbB7mU5eL2n9fO0xH98o2tYpM.2s5lR7wE.2F8u7y6X1.,조현영,010-4288-5775,1983-02-08,ROLE_USER,ACTIVE,2025-07-13 00:00:00,2025-07-13 00:00:00,2026-06-27 13:50:00
1810,user_1810@test.com,$2a$10$7zB3qQzEcbB7mU5eL2n9fO0xH98o2tYpM.2s5lR7wE.2F8u7y6X1.,장시인,010-4094-3914,1981-09-01,ROLE_USER,ACTIVE,2026-04-30 00:00:00,2026-04-30 00:00:00,2026-06-21 19:48:00
1811,user_1811@test.com,$2a$10$7zB3qQzEcbB7mU5eL2n9fO0xH98o2tYpM.2s5lR7wE.2F8u7y6X1.,오하우,010-7639-5947,1986-05-09,ROLE_USER,ACTIVE,2024-02-26 00:00:00,2024-02-26 00:00:00,2026-06-25 17:17:00
1812,user_1812@test.com,$2a$10$7zB3qQzEcbB7mU5eL2n9fO0xH98o2tYpM.2s5lR7wE.2F8u7y6X1.,안승빈,010-2857-6371,1976-06-06,ROLE_USER,ACTIVE,2024-07-15 00:00:00,2024-07-15 00:00:00,2026-06-24 22:39:00
1813,user_1813@test.com,$2a$10$7zB3qQzEcbB7mU5eL2n9fO0xH98o2tYpM.2s5lR7wE.2F8u7y6X1.,임시준,010-8974-5133,1993-07-15,ROLE_USER,ACTIVE,2025-11-09 00:00:00,2025-11-09 00:00:00,2026-06-30 17:06:00
1814,user_1814@test.com,$2a$10$7zB3qQzEcbB7mU5eL2n9fO0xH98o2tYpM.2s5lR7wE.2F8u7y6X1.,송서아,010-6635-8203,1971-07-01,ROLE_USER,ACTIVE,2025-03-14 00:00:00,2025-03-14 00:00:00,2026-07-01 21:03:00
1815,user_1815@test.com,$2a$10$7zB3qQzEcbB7mU5eL2n9fO0xH98o2tYpM.2s5lR7wE.2F8u7y6X1.,홍하율,010-3714-3423,1971-03-23,ROLE_USER,ACTIVE,2024-11-08 00:00:00,2024-11-08 00:00:00,2026-05-15 12:58:00
1816,user_1816@test.com,$2a$10$7zB3qQzEcbB7mU5eL2n9fO0xH98o2tYpM.2s5lR7wE.2F8u7y6X1.,황민영,010-8998-6724,1998-02-10,ROLE_USER,ACTIVE,2024-03-11 00:00:00,2024-03-11 00:00:00,2026-06-27 17:25:00
1817,user_1817@test.com,$2a$10$7zB3qQzEcbB7mU5eL2n9fO0xH98o2tYpM.2s5lR7wE.2F8u7y6X1.,김지우,010-8386-8303,1972-01-25,ROLE_USER,ACTIVE,2023-12-12 00:00:00,2023-12-12 00:00:00,2026-06-21 22:49:00
1818,user_1818@test.com,$2a$10$7zB3qQzEcbB7mU5eL2n9fO0xH98o2tYpM.2s5lR7wE.2F8u7y6X1.,권민아,010-6083-7711,1996-05-26,ROLE_USER,ACTIVE,2024-01-29 00:00:00,2024-01-29 00:00:00,2026-06-25 18:01:00
1819,user_1819@test.com,$2a$10$7zB3qQzEcbB7mU5eL2n9fO0xH98o2tYpM.2s5lR7wE.2F8u7y6X1.,박지혁,010-8150-7745,1995-06-13,ROLE_USER,ACTIVE,2024-11-02 00:00:00,2024-11-02 00:00:00,2026-07-02 10:21:00
1820,user_1820@test.com,$2a$10$7zB3qQzEcbB7mU5eL2n9fO0xH98o2tYpM.2s5lR7wE.2F8u7y6X1.,오서영,010-3219-9223,1992-02-05,ROLE_USER,ACTIVE,2025-10-10 00:00:00,2025-10-10 00:00:00,2026-06-29 19:40:00
1821,user_1821@test.com,$2a$10$7zB3qQzEcbB7mU5eL2n9fO0xH98o2tYpM.2s5lR7wE.2F8u7y6X1.,장지아,010-9615-5790,1981-07-04,ROLE_USER,ACTIVE,2026-05-17 00:00:00,2026-05-17 00:00:00,2026-06-17 15:18:00
1822,user_1822@test.com,$2a$10$7zB3qQzEcbB7mU5eL2n9fO0xH98o2tYpM.2s5lR7wE.2F8u7y6X1.,최현영,010-9643-2207,2001-09-12,ROLE_USER,ACTIVE,2024-10-12 00:00:00,2024-10-12 00:00:00,2026-06-26 17:17:00
1823,user_1823@test.com,$2a$10$7zB3qQzEcbB7mU5eL2n9fO0xH98o2tYpM.2s5lR7wE.2F8u7y6X1.,장도율,010-7163-4800,2004-01-21,ROLE_USER,ACTIVE,2024-01-03 00:00:00,2024-01-03 00:00:00,2026-06-22 22:21:00
1824,user_1824@test.com,$2a$10$7zB3qQzEcbB7mU5eL2n9fO0xH98o2tYpM.2s5lR7wE.2F8u7y6X1.,정주아,010-2532-8317,1972-01-24,ROLE_USER,ACTIVE,2024-11-25 00:00:00,2024-11-25 00:00:00,2026-06-23 09:17:00
1825,user_1825@test.com,$2a$10$7zB3qQzEcbB7mU5eL2n9fO0xH98o2tYpM.2s5lR7wE.2F8u7y6X1.,강은준,010-6679-9553,1976-03-04,ROLE_USER,ACTIVE,2024-12-11 00:00:00,2024-12-11 00:00:00,2026-07-01 16:59:00
1826,user_1826@test.com,$2a$10$7zB3qQzEcbB7mU5eL2n9fO0xH98o2tYpM.2s5lR7wE.2F8u7y6X1.,전현영,010-3759-7145,2002-05-03,ROLE_USER,ACTIVE,2026-02-26 00:00:00,2026-02-26 00:00:00,2026-05-08 18:54:00
1827,user_1827@test.com,$2a$10$7zB3qQzEcbB7mU5eL2n9fO0xH98o2tYpM.2s5lR7wE.2F8u7y6X1.,윤태혁,010-5181-7947,1983-02-25,ROLE_USER,ACTIVE,2025-02-17 00:00:00,2025-02-17 00:00:00,2026-06-28 08:29:00
1828,user_1828@test.com,$2a$10$7zB3qQzEcbB7mU5eL2n9fO0xH98o2tYpM.2s5lR7wE.2F8u7y6X1.,강은원,010-3097-2777,1974-12-17,ROLE_USER,ACTIVE,2026-01-09 00:00:00,2026-01-09 00:00:00,2026-07-02 17:42:00
1829,user_1829@test.com,$2a$10$7zB3qQzEcbB7mU5eL2n9fO0xH98o2tYpM.2s5lR7wE.2F8u7y6X1.,정지현,010-4575-2992,2004-06-06,ROLE_USER,ACTIVE,2024-05-08 00:00:00,2024-05-08 00:00:00,2026-06-08 09:19:00
1830,user_1830@test.com,$2a$10$7zB3qQzEcbB7mU5eL2n9fO0xH98o2tYpM.2s5lR7wE.2F8u7y6X1.,오도수,010-8407-1139,1984-02-03,ROLE_USER,ACTIVE,2025-07-24 00:00:00,2025-07-24 00:00:00,2026-06-21 12:55:00
1831,user_1831@test.com,$2a$10$7zB3qQzEcbB7mU5eL2n9fO0xH98o2tYpM.2s5lR7wE.2F8u7y6X1.,윤서율,010-3849-1283,2004-11-17,ROLE_USER,ACTIVE,2025-01-20 00:00:00,2025-01-20 00:00:00,2026-06-23 14:42:00
1832,user_1832@test.com,$2a$10$7zB3qQzEcbB7mU5eL2n9fO0xH98o2tYpM.2s5lR7wE.2F8u7y6X1.,한도인,010-3734-9427,1990-04-19,ROLE_USER,ACTIVE,2024-07-22 00:00:00,2024-07-22 00:00:00,2026-06-21 12:22:00
1833,user_1833@test.com,$2a$10$7zB3qQzEcbB7mU5eL2n9fO0xH98o2tYpM.2s5lR7wE.2F8u7y6X1.,홍시현,010-4424-9777,1974-03-27,ROLE_USER,ACTIVE,2025-12-08 00:00:00,2025-12-08 00:00:00,2026-07-01 15:44:00
1834,user_1834@test.com,$2a$10$7zB3qQzEcbB7mU5eL2n9fO0xH98o2tYpM.2s5lR7wE.2F8u7y6X1.,박민수,010-5794-2313,2002-05-07,ROLE_USER,ACTIVE,2026-02-17 00:00:00,2026-02-17 00:00:00,2026-06-19 12:33:00
1835,user_1835@test.com,$2a$10$7zB3qQzEcbB7mU5eL2n9fO0xH98o2tYpM.2s5lR7wE.2F8u7y6X1.,권현준,010-1100-3733,1996-05-06,ROLE_USER,ACTIVE,2025-01-15 00:00:00,2025-01-15 00:00:00,2026-07-02 08:53:00
1836,user_1836@test.com,$2a$10$7zB3qQzEcbB7mU5eL2n9fO0xH98o2tYpM.2s5lR7wE.2F8u7y6X1.,황민영,010-9914-4229,1976-09-18,ROLE_USER,ACTIVE,2025-08-04 00:00:00,2025-08-04 00:00:00,2026-06-20 10:48:00
1837,user_1837@test.com,$2a$10$7zB3qQzEcbB7mU5eL2n9fO0xH98o2tYpM.2s5lR7wE.2F8u7y6X1.,박서영,010-3831-9352,1979-05-02,ROLE_USER,ACTIVE,2026-01-16 00:00:00,2026-01-16 00:00:00,2026-06-24 22:01:00
1838,user_1838@test.com,$2a$10$7zB3qQzEcbB7mU5eL2n9fO0xH98o2tYpM.2s5lR7wE.2F8u7y6X1.,이주인,010-3814-9496,1996-09-26,ROLE_USER,ACTIVE,2025-07-26 00:00:00,2025-07-26 00:00:00,2026-06-18 09:52:00
1839,user_1839@test.com,$2a$10$7zB3qQzEcbB7mU5eL2n9fO0xH98o2tYpM.2s5lR7wE.2F8u7y6X1.,이주수,010-3462-2215,1999-06-21,ROLE_USER,ACTIVE,2024-04-26 00:00:00,2024-04-26 00:00:00,2026-06-23 16:59:00
1840,user_1840@test.com,$2a$10$7zB3qQzEcbB7mU5eL2n9fO0xH98o2tYpM.2s5lR7wE.2F8u7y6X1.,오시준,010-6476-7974,1971-07-14,ROLE_USER,ACTIVE,2024-10-07 00:00:00,2024-10-07 00:00:00,2026-06-19 13:56:00
1841,user_1841@test.com,$2a$10$7zB3qQzEcbB7mU5eL2n9fO0xH98o2tYpM.2s5lR7wE.2F8u7y6X1.,이지영,010-9078-2353,1984-05-01,ROLE_USER,ACTIVE,2024-04-01 00:00:00,2024-04-01 00:00:00,2026-06-07 14:04:00
1842,user_1842@test.com,$2a$10$7zB3qQzEcbB7mU5eL2n9fO0xH98o2tYpM.2s5lR7wE.2F8u7y6X1.,한현아,010-6423-5244,1978-08-15,ROLE_USER,ACTIVE,2026-04-13 00:00:00,2026-04-13 00:00:00,2026-06-21 22:13:00
1843,user_1843@test.com,$2a$10$7zB3qQzEcbB7mU5eL2n9fO0xH98o2tYpM.2s5lR7wE.2F8u7y6X1.,신서우,010-9845-7670,1975-12-21,ROLE_USER,ACTIVE,2023-12-12 00:00:00,2023-12-12 00:00:00,2026-06-23 17:33:00
1844,user_1844@test.com,$2a$10$7zB3qQzEcbB7mU5eL2n9fO0xH98o2tYpM.2s5lR7wE.2F8u7y6X1.,최하원,010-3953-4956,1987-12-06,ROLE_USER,ACTIVE,2026-03-21 00:00:00,2026-03-21 00:00:00,2026-06-23 08:59:00
1845,user_1845@test.com,$2a$10$7zB3qQzEcbB7mU5eL2n9fO0xH98o2tYpM.2s5lR7wE.2F8u7y6X1.,홍지아,010-5366-7761,1988-11-09,ROLE_USER,ACTIVE,2026-03-21 00:00:00,2026-03-21 00:00:00,2026-06-28 20:55:00
1846,user_1846@test.com,$2a$10$7zB3qQzEcbB7mU5eL2n9fO0xH98o2tYpM.2s5lR7wE.2F8u7y6X1.,최승영,010-3042-2908,1999-07-21,ROLE_USER,ACTIVE,2023-10-19 00:00:00,2023-10-19 00:00:00,2026-06-27 16:23:00
1847,user_1847@test.com,$2a$10$7zB3qQzEcbB7mU5eL2n9fO0xH98o2tYpM.2s5lR7wE.2F8u7y6X1.,박민현,010-3570-1981,1972-12-02,ROLE_USER,ACTIVE,2026-04-20 00:00:00,2026-04-20 00:00:00,2026-06-17 22:53:00
1848,user_1848@test.com,$2a$10$7zB3qQzEcbB7mU5eL2n9fO0xH98o2tYpM.2s5lR7wE.2F8u7y6X1.,송태영,010-7580-6269,2000-04-15,ROLE_USER,ACTIVE,2026-04-30 00:00:00,2026-04-30 00:00:00,2026-05-27 13:42:00
1849,user_1849@test.com,$2a$10$7zB3qQzEcbB7mU5eL2n9fO0xH98o2tYpM.2s5lR7wE.2F8u7y6X1.,한예수,010-3705-1701,2000-02-20,ROLE_USER,ACTIVE,2025-04-14 00:00:00,2025-04-14 00:00:00,2026-06-29 11:16:00
1850,user_1850@test.com,$2a$10$7zB3qQzEcbB7mU5eL2n9fO0xH98o2tYpM.2s5lR7wE.2F8u7y6X1.,한서수,010-7303-9134,1984-09-14,ROLE_USER,ACTIVE,2025-08-24 00:00:00,2025-08-24 00:00:00,2026-06-26 18:58:00
1851,user_1851@test.com,$2a$10$7zB3qQzEcbB7mU5eL2n9fO0xH98o2tYpM.2s5lR7wE.2F8u7y6X1.,정주아,010-6644-1465,1984-11-16,ROLE_USER,ACTIVE,2025-01-21 00:00:00,2025-01-21 00:00:00,2026-07-02 14:12:00
1852,user_1852@test.com,$2a$10$7zB3qQzEcbB7mU5eL2n9fO0xH98o2tYpM.2s5lR7wE.2F8u7y6X1.,최태원,010-2217-1762,1984-02-06,ROLE_USER,ACTIVE,2025-05-17 00:00:00,2025-05-17 00:00:00,2026-06-07 08:38:00
1853,user_1853@test.com,$2a$10$7zB3qQzEcbB7mU5eL2n9fO0xH98o2tYpM.2s5lR7wE.2F8u7y6X1.,전하아,010-5478-9565,1976-03-20,ROLE_USER,ACTIVE,2025-03-07 00:00:00,2025-03-07 00:00:00,2026-06-09 22:27:00
1854,user_1854@test.com,$2a$10$7zB3qQzEcbB7mU5eL2n9fO0xH98o2tYpM.2s5lR7wE.2F8u7y6X1.,최민인,010-6346-9517,1983-11-03,ROLE_USER,ACTIVE,2024-07-22 00:00:00,2024-07-22 00:00:00,2026-05-20 08:29:00
1855,user_1855@test.com,$2a$10$7zB3qQzEcbB7mU5eL2n9fO0xH98o2tYpM.2s5lR7wE.2F8u7y6X1.,박지준,010-5157-6594,1975-01-19,ROLE_USER,ACTIVE,2024-10-21 00:00:00,2024-10-21 00:00:00,2026-07-02 21:43:00
1856,user_1856@test.com,$2a$10$7zB3qQzEcbB7mU5eL2n9fO0xH98o2tYpM.2s5lR7wE.2F8u7y6X1.,홍예현,010-7170-4699,1984-09-16,ROLE_USER,ACTIVE,2025-12-17 00:00:00,2025-12-17 00:00:00,2026-06-18 16:42:00
1857,user_1857@test.com,$2a$10$7zB3qQzEcbB7mU5eL2n9fO0xH98o2tYpM.2s5lR7wE.2F8u7y6X1.,장승빈,010-2859-7837,1990-04-11,ROLE_USER,ACTIVE,2024-11-08 00:00:00,2024-11-08 00:00:00,2026-06-20 14:11:00
1858,user_1858@test.com,$2a$10$7zB3qQzEcbB7mU5eL2n9fO0xH98o2tYpM.2s5lR7wE.2F8u7y6X1.,권현영,010-4221-8627,1973-01-07,ROLE_USER,ACTIVE,2024-02-07 00:00:00,2024-02-07 00:00:00,2026-07-02 20:55:00
1859,user_1859@test.com,$2a$10$7zB3qQzEcbB7mU5eL2n9fO0xH98o2tYpM.2s5lR7wE.2F8u7y6X1.,이하우,010-6426-2044,1992-08-25,ROLE_USER,ACTIVE,2024-07-31 00:00:00,2024-07-31 00:00:00,2026-06-21 19:34:00
1860,user_1860@test.com,$2a$10$7zB3qQzEcbB7mU5eL2n9fO0xH98o2tYpM.2s5lR7wE.2F8u7y6X1.,권주빈,010-4708-4509,1970-12-26,ROLE_USER,ACTIVE,2025-07-31 00:00:00,2025-07-31 00:00:00,2026-06-19 20:27:00
1861,user_1861@test.com,$2a$10$7zB3qQzEcbB7mU5eL2n9fO0xH98o2tYpM.2s5lR7wE.2F8u7y6X1.,임태율,010-5961-7496,1981-07-03,ROLE_USER,ACTIVE,2024-03-28 00:00:00,2024-03-28 00:00:00,2026-06-18 12:57:00
1862,user_1862@test.com,$2a$10$7zB3qQzEcbB7mU5eL2n9fO0xH98o2tYpM.2s5lR7wE.2F8u7y6X1.,오현우,010-2009-1719,1992-06-15,ROLE_USER,ACTIVE,2025-02-22 00:00:00,2025-02-22 00:00:00,2026-06-20 22:08:00
1863,user_1863@test.com,$2a$10$7zB3qQzEcbB7mU5eL2n9fO0xH98o2tYpM.2s5lR7wE.2F8u7y6X1.,권도아,010-8772-6228,1997-09-20,ROLE_USER,ACTIVE,2024-04-25 00:00:00,2024-04-25 00:00:00,2026-06-20 15:59:00
1864,user_1864@test.com,$2a$10$7zB3qQzEcbB7mU5eL2n9fO0xH98o2tYpM.2s5lR7wE.2F8u7y6X1.,박지원,010-6729-3153,1987-09-20,ROLE_USER,ACTIVE,2024-11-30 00:00:00,2024-11-30 00:00:00,2026-06-25 17:06:00
1865,user_1865@test.com,$2a$10$7zB3qQzEcbB7mU5eL2n9fO0xH98o2tYpM.2s5lR7wE.2F8u7y6X1.,홍주현,010-5098-5515,1995-06-07,ROLE_USER,ACTIVE,2025-09-26 00:00:00,2025-09-26 00:00:00,2026-06-26 15:16:00
1866,user_1866@test.com,$2a$10$7zB3qQzEcbB7mU5eL2n9fO0xH98o2tYpM.2s5lR7wE.2F8u7y6X1.,한하아,010-7764-7833,1974-11-24,ROLE_USER,ACTIVE,2026-04-21 00:00:00,2026-04-21 00:00:00,2026-06-23 16:55:00
1867,user_1867@test.com,$2a$10$7zB3qQzEcbB7mU5eL2n9fO0xH98o2tYpM.2s5lR7wE.2F8u7y6X1.,강예혁,010-6422-3772,1980-08-26,ROLE_USER,ACTIVE,2024-10-22 00:00:00,2024-10-22 00:00:00,2026-06-11 21:33:00
1868,user_1868@test.com,$2a$10$7zB3qQzEcbB7mU5eL2n9fO0xH98o2tYpM.2s5lR7wE.2F8u7y6X1.,정현준,010-9543-2196,1979-05-01,ROLE_USER,ACTIVE,2023-10-31 00:00:00,2023-10-31 00:00:00,2026-07-01 10:10:00
1869,user_1869@test.com,$2a$10$7zB3qQzEcbB7mU5eL2n9fO0xH98o2tYpM.2s5lR7wE.2F8u7y6X1.,권서율,010-6127-1593,1988-04-20,ROLE_USER,ACTIVE,2025-07-21 00:00:00,2025-07-21 00:00:00,2026-07-01 09:03:00
1870,user_1870@test.com,$2a$10$7zB3qQzEcbB7mU5eL2n9fO0xH98o2tYpM.2s5lR7wE.2F8u7y6X1.,최도아,010-3136-1919,1985-10-10,ROLE_USER,ACTIVE,2024-10-02 00:00:00,2024-10-02 00:00:00,2026-06-29 08:56:00
1871,user_1871@test.com,$2a$10$7zB3qQzEcbB7mU5eL2n9fO0xH98o2tYpM.2s5lR7wE.2F8u7y6X1.,권주율,010-5263-2599,1989-01-04,ROLE_USER,ACTIVE,2024-08-05 00:00:00,2024-08-05 00:00:00,2026-06-25 17:11:00
1872,user_1872@test.com,$2a$10$7zB3qQzEcbB7mU5eL2n9fO0xH98o2tYpM.2s5lR7wE.2F8u7y6X1.,전예우,010-2832-1099,1982-03-10,ROLE_USER,ACTIVE,2026-04-05 00:00:00,2026-04-05 00:00:00,2026-06-23 17:45:00
1873,user_1873@test.com,$2a$10$7zB3qQzEcbB7mU5eL2n9fO0xH98o2tYpM.2s5lR7wE.2F8u7y6X1.,강도현,010-2047-2200,1998-01-22,ROLE_USER,ACTIVE,2025-10-06 00:00:00,2025-10-06 00:00:00,2026-06-30 20:26:00
1874,user_1874@test.com,$2a$10$7zB3qQzEcbB7mU5eL2n9fO0xH98o2tYpM.2s5lR7wE.2F8u7y6X1.,권시빈,010-8421-8590,1984-05-24,ROLE_USER,ACTIVE,2026-04-19 00:00:00,2026-04-19 00:00:00,2026-06-28 14:09:00
1875,user_1875@test.com,$2a$10$7zB3qQzEcbB7mU5eL2n9fO0xH98o2tYpM.2s5lR7wE.2F8u7y6X1.,서주현,010-4423-1032,2000-05-24,ROLE_USER,ACTIVE,2026-05-01 00:00:00,2026-05-01 00:00:00,2026-05-23 19:57:00
1876,user_1876@test.com,$2a$10$7zB3qQzEcbB7mU5eL2n9fO0xH98o2tYpM.2s5lR7wE.2F8u7y6X1.,황하아,010-2200-3233,1979-02-25,ROLE_USER,ACTIVE,2024-07-04 00:00:00,2024-07-04 00:00:00,2026-06-30 15:38:00
1877,user_1877@test.com,$2a$10$7zB3qQzEcbB7mU5eL2n9fO0xH98o2tYpM.2s5lR7wE.2F8u7y6X1.,이승율,010-9404-5144,1971-12-26,ROLE_USER,ACTIVE,2023-11-01 00:00:00,2023-11-01 00:00:00,2026-06-20 21:25:00
1878,user_1878@test.com,$2a$10$7zB3qQzEcbB7mU5eL2n9fO0xH98o2tYpM.2s5lR7wE.2F8u7y6X1.,윤도원,010-8242-7341,1981-09-16,ROLE_USER,ACTIVE,2026-05-26 00:00:00,2026-05-26 00:00:00,2026-05-19 11:43:00
1879,user_1879@test.com,$2a$10$7zB3qQzEcbB7mU5eL2n9fO0xH98o2tYpM.2s5lR7wE.2F8u7y6X1.,조서우,010-2399-4524,2002-12-15,ROLE_USER,ACTIVE,2025-01-16 00:00:00,2025-01-16 00:00:00,2026-07-01 13:18:00
1880,user_1880@test.com,$2a$10$7zB3qQzEcbB7mU5eL2n9fO0xH98o2tYpM.2s5lR7wE.2F8u7y6X1.,서주혁,010-6238-7680,1981-06-18,ROLE_USER,ACTIVE,2025-04-09 00:00:00,2025-04-09 00:00:00,2026-06-23 20:58:00
1881,user_1881@test.com,$2a$10$7zB3qQzEcbB7mU5eL2n9fO0xH98o2tYpM.2s5lR7wE.2F8u7y6X1.,조지빈,010-2809-7120,1989-04-04,ROLE_USER,ACTIVE,2024-01-31 00:00:00,2024-01-31 00:00:00,2026-06-19 22:24:00
1882,user_1882@test.com,$2a$10$7zB3qQzEcbB7mU5eL2n9fO0xH98o2tYpM.2s5lR7wE.2F8u7y6X1.,강현인,010-3380-1561,1982-07-17,ROLE_USER,ACTIVE,2024-12-12 00:00:00,2024-12-12 00:00:00,2026-07-01 19:18:00
1883,user_1883@test.com,$2a$10$7zB3qQzEcbB7mU5eL2n9fO0xH98o2tYpM.2s5lR7wE.2F8u7y6X1.,서시아,010-8242-5872,1970-09-10,ROLE_USER,ACTIVE,2025-08-14 00:00:00,2025-08-14 00:00:00,2026-06-28 08:30:00
1884,user_1884@test.com,$2a$10$7zB3qQzEcbB7mU5eL2n9fO0xH98o2tYpM.2s5lR7wE.2F8u7y6X1.,이태우,010-9417-8826,1988-09-28,ROLE_USER,ACTIVE,2023-12-08 00:00:00,2023-12-08 00:00:00,2026-06-30 17:39:00
1885,user_1885@test.com,$2a$10$7zB3qQzEcbB7mU5eL2n9fO0xH98o2tYpM.2s5lR7wE.2F8u7y6X1.,황은준,010-9859-5162,2000-02-26,ROLE_USER,ACTIVE,2023-10-13 00:00:00,2023-10-13 00:00:00,2026-06-23 16:05:00
1886,user_1886@test.com,$2a$10$7zB3qQzEcbB7mU5eL2n9fO0xH98o2tYpM.2s5lR7wE.2F8u7y6X1.,최서원,010-3656-9083,1980-08-15,ROLE_USER,ACTIVE,2024-01-11 00:00:00,2024-01-11 00:00:00,2026-05-12 13:44:00
1887,user_1887@test.com,$2a$10$7zB3qQzEcbB7mU5eL2n9fO0xH98o2tYpM.2s5lR7wE.2F8u7y6X1.,조승우,010-4913-4069,1999-11-24,ROLE_USER,ACTIVE,2026-02-12 00:00:00,2026-02-12 00:00:00,2026-06-27 08:19:00
1888,user_1888@test.com,$2a$10$7zB3qQzEcbB7mU5eL2n9fO0xH98o2tYpM.2s5lR7wE.2F8u7y6X1.,강지인,010-7345-3816,1995-04-25,ROLE_USER,ACTIVE,2024-10-27 00:00:00,2024-10-27 00:00:00,2026-06-27 18:32:00
1889,user_1889@test.com,$2a$10$7zB3qQzEcbB7mU5eL2n9fO0xH98o2tYpM.2s5lR7wE.2F8u7y6X1.,박서우,010-4475-1431,1999-10-20,ROLE_USER,ACTIVE,2024-09-15 00:00:00,2024-09-15 00:00:00,2026-06-08 15:14:00
1890,user_1890@test.com,$2a$10$7zB3qQzEcbB7mU5eL2n9fO0xH98o2tYpM.2s5lR7wE.2F8u7y6X1.,홍태영,010-8496-2796,1994-02-26,ROLE_USER,ACTIVE,2025-08-15 00:00:00,2025-08-15 00:00:00,2026-06-25 17:28:00
1891,user_1891@test.com,$2a$10$7zB3qQzEcbB7mU5eL2n9fO0xH98o2tYpM.2s5lR7wE.2F8u7y6X1.,안서영,010-3837-7572,1997-10-15,ROLE_USER,ACTIVE,2025-01-14 00:00:00,2025-01-14 00:00:00,2026-06-25 14:31:00
1892,user_1892@test.com,$2a$10$7zB3qQzEcbB7mU5eL2n9fO0xH98o2tYpM.2s5lR7wE.2F8u7y6X1.,송지영,010-6956-9077,1987-02-14,ROLE_USER,ACTIVE,2024-06-29 00:00:00,2024-06-29 00:00:00,2026-06-27 08:03:00
1893,user_1893@test.com,$2a$10$7zB3qQzEcbB7mU5eL2n9fO0xH98o2tYpM.2s5lR7wE.2F8u7y6X1.,정주우,010-3303-2395,1983-03-04,ROLE_USER,ACTIVE,2025-06-30 00:00:00,2025-06-30 00:00:00,2026-07-02 20:22:00
1894,user_1894@test.com,$2a$10$7zB3qQzEcbB7mU5eL2n9fO0xH98o2tYpM.2s5lR7wE.2F8u7y6X1.,홍승아,010-8515-4587,1998-11-01,ROLE_USER,ACTIVE,2025-03-27 00:00:00,2025-03-27 00:00:00,2026-06-23 09:50:00
1895,user_1895@test.com,$2a$10$7zB3qQzEcbB7mU5eL2n9fO0xH98o2tYpM.2s5lR7wE.2F8u7y6X1.,장은현,010-3453-5241,2000-04-27,ROLE_USER,ACTIVE,2024-11-27 00:00:00,2024-11-27 00:00:00,2026-06-26 10:27:00
1896,user_1896@test.com,$2a$10$7zB3qQzEcbB7mU5eL2n9fO0xH98o2tYpM.2s5lR7wE.2F8u7y6X1.,박주빈,010-5583-1153,2003-07-24,ROLE_USER,ACTIVE,2025-03-09 00:00:00,2025-03-09 00:00:00,2026-06-27 13:19:00
1897,user_1897@test.com,$2a$10$7zB3qQzEcbB7mU5eL2n9fO0xH98o2tYpM.2s5lR7wE.2F8u7y6X1.,정민영,010-2734-3075,1992-11-04,ROLE_USER,ACTIVE,2024-04-02 00:00:00,2024-04-02 00:00:00,2026-06-21 19:24:00
1898,user_1898@test.com,$2a$10$7zB3qQzEcbB7mU5eL2n9fO0xH98o2tYpM.2s5lR7wE.2F8u7y6X1.,김서혁,010-5361-9228,2000-04-16,ROLE_USER,ACTIVE,2026-05-16 00:00:00,2026-05-16 00:00:00,2026-05-15 15:30:00
1899,user_1899@test.com,$2a$10$7zB3qQzEcbB7mU5eL2n9fO0xH98o2tYpM.2s5lR7wE.2F8u7y6X1.,홍태아,010-9071-2607,1993-09-21,ROLE_USER,ACTIVE,2025-12-30 00:00:00,2025-12-30 00:00:00,2026-06-28 19:09:00
1900,user_1900@test.com,$2a$10$7zB3qQzEcbB7mU5eL2n9fO0xH98o2tYpM.2s5lR7wE.2F8u7y6X1.,윤현율,010-2256-9052,1992-10-17,ROLE_USER,ACTIVE,2024-09-29 00:00:00,2024-09-29 00:00:00,2026-06-20 22:46:00
1901,user_1901@test.com,$2a$10$7zB3qQzEcbB7mU5eL2n9fO0xH98o2tYpM.2s5lR7wE.2F8u7y6X1.,신도아,010-2926-6178,1983-07-17,ROLE_USER,ACTIVE,2024-01-03 00:00:00,2024-01-03 00:00:00,2026-06-23 09:05:00
1902,user_1902@test.com,$2a$10$7zB3qQzEcbB7mU5eL2n9fO0xH98o2tYpM.2s5lR7wE.2F8u7y6X1.,서서준,010-2085-3212,1978-12-26,ROLE_USER,ACTIVE,2025-04-01 00:00:00,2025-04-01 00:00:00,2026-07-02 16:45:00
1903,user_1903@test.com,$2a$10$7zB3qQzEcbB7mU5eL2n9fO0xH98o2tYpM.2s5lR7wE.2F8u7y6X1.,서시원,010-4131-4487,2000-08-11,ROLE_USER,ACTIVE,2026-04-25 00:00:00,2026-04-25 00:00:00,2026-06-02 15:27:00
1904,user_1904@test.com,$2a$10$7zB3qQzEcbB7mU5eL2n9fO0xH98o2tYpM.2s5lR7wE.2F8u7y6X1.,강승혁,010-3653-8137,1999-04-26,ROLE_USER,ACTIVE,2026-05-24 00:00:00,2026-05-24 00:00:00,2026-05-29 18:26:00
1905,user_1905@test.com,$2a$10$7zB3qQzEcbB7mU5eL2n9fO0xH98o2tYpM.2s5lR7wE.2F8u7y6X1.,김서혁,010-3178-4311,1998-08-07,ROLE_USER,ACTIVE,2025-10-22 00:00:00,2025-10-22 00:00:00,2026-06-23 13:42:00
1906,user_1906@test.com,$2a$10$7zB3qQzEcbB7mU5eL2n9fO0xH98o2tYpM.2s5lR7wE.2F8u7y6X1.,장현혁,010-1612-8499,2001-11-20,ROLE_USER,ACTIVE,2026-04-20 00:00:00,2026-04-20 00:00:00,2026-06-09 09:44:00
1907,user_1907@test.com,$2a$10$7zB3qQzEcbB7mU5eL2n9fO0xH98o2tYpM.2s5lR7wE.2F8u7y6X1.,황승영,010-5250-8877,1995-03-25,ROLE_USER,ACTIVE,2024-05-28 00:00:00,2024-05-28 00:00:00,2026-06-24 16:45:00
1908,user_1908@test.com,$2a$10$7zB3qQzEcbB7mU5eL2n9fO0xH98o2tYpM.2s5lR7wE.2F8u7y6X1.,김시원,010-7289-5111,1989-09-14,ROLE_USER,ACTIVE,2025-12-02 00:00:00,2025-12-02 00:00:00,2026-06-18 09:14:00
1909,user_1909@test.com,$2a$10$7zB3qQzEcbB7mU5eL2n9fO0xH98o2tYpM.2s5lR7wE.2F8u7y6X1.,서민율,010-3514-9126,1971-07-13,ROLE_USER,ACTIVE,2025-06-05 00:00:00,2025-06-05 00:00:00,2026-06-18 10:39:00
1910,user_1910@test.com,$2a$10$7zB3qQzEcbB7mU5eL2n9fO0xH98o2tYpM.2s5lR7wE.2F8u7y6X1.,오승준,010-1853-2247,1991-02-07,ROLE_USER,ACTIVE,2025-11-21 00:00:00,2025-11-21 00:00:00,2026-06-18 18:16:00
1911,user_1911@test.com,$2a$10$7zB3qQzEcbB7mU5eL2n9fO0xH98o2tYpM.2s5lR7wE.2F8u7y6X1.,송서준,010-8030-6549,2003-01-13,ROLE_USER,ACTIVE,2024-03-04 00:00:00,2024-03-04 00:00:00,2026-06-10 21:37:00
1912,user_1912@test.com,$2a$10$7zB3qQzEcbB7mU5eL2n9fO0xH98o2tYpM.2s5lR7wE.2F8u7y6X1.,조시영,010-4562-3410,1993-11-01,ROLE_USER,ACTIVE,2025-07-14 00:00:00,2025-07-14 00:00:00,2026-06-22 14:10:00
1913,user_1913@test.com,$2a$10$7zB3qQzEcbB7mU5eL2n9fO0xH98o2tYpM.2s5lR7wE.2F8u7y6X1.,한태아,010-5815-4433,2000-06-01,ROLE_USER,ACTIVE,2025-08-06 00:00:00,2025-08-06 00:00:00,2026-06-26 10:11:00
1914,user_1914@test.com,$2a$10$7zB3qQzEcbB7mU5eL2n9fO0xH98o2tYpM.2s5lR7wE.2F8u7y6X1.,황하혁,010-7374-3987,1996-01-06,ROLE_USER,ACTIVE,2026-04-03 00:00:00,2026-04-03 00:00:00,2026-07-01 12:54:00
1915,user_1915@test.com,$2a$10$7zB3qQzEcbB7mU5eL2n9fO0xH98o2tYpM.2s5lR7wE.2F8u7y6X1.,조주원,010-5241-6841,1994-12-17,ROLE_USER,ACTIVE,2025-02-20 00:00:00,2025-02-20 00:00:00,2026-07-01 16:30:00
1916,user_1916@test.com,$2a$10$7zB3qQzEcbB7mU5eL2n9fO0xH98o2tYpM.2s5lR7wE.2F8u7y6X1.,김주아,010-2067-1705,1973-03-07,ROLE_USER,ACTIVE,2026-04-22 00:00:00,2026-04-22 00:00:00,2026-06-25 19:21:00
1917,user_1917@test.com,$2a$10$7zB3qQzEcbB7mU5eL2n9fO0xH98o2tYpM.2s5lR7wE.2F8u7y6X1.,김승수,010-6005-2736,1989-01-24,ROLE_USER,ACTIVE,2023-10-11 00:00:00,2023-10-11 00:00:00,2026-06-20 13:33:00
1918,user_1918@test.com,$2a$10$7zB3qQzEcbB7mU5eL2n9fO0xH98o2tYpM.2s5lR7wE.2F8u7y6X1.,정도율,010-1370-9795,2001-10-11,ROLE_USER,ACTIVE,2025-02-07 00:00:00,2025-02-07 00:00:00,2026-06-09 15:44:00
1919,user_1919@test.com,$2a$10$7zB3qQzEcbB7mU5eL2n9fO0xH98o2tYpM.2s5lR7wE.2F8u7y6X1.,오민수,010-6439-9058,1976-06-25,ROLE_USER,ACTIVE,2024-04-02 00:00:00,2024-04-02 00:00:00,2026-06-20 14:16:00
1920,user_1920@test.com,$2a$10$7zB3qQzEcbB7mU5eL2n9fO0xH98o2tYpM.2s5lR7wE.2F8u7y6X1.,전지우,010-5983-2966,1994-11-08,ROLE_USER,ACTIVE,2026-04-25 00:00:00,2026-04-25 00:00:00,2026-06-09 17:25:00
1921,user_1921@test.com,$2a$10$7zB3qQzEcbB7mU5eL2n9fO0xH98o2tYpM.2s5lR7wE.2F8u7y6X1.,이도인,010-7562-6993,1980-05-23,ROLE_USER,ACTIVE,2025-10-28 00:00:00,2025-10-28 00:00:00,2026-06-26 12:47:00
1922,user_1922@test.com,$2a$10$7zB3qQzEcbB7mU5eL2n9fO0xH98o2tYpM.2s5lR7wE.2F8u7y6X1.,신민준,010-3901-3260,1975-10-03,ROLE_USER,ACTIVE,2024-05-18 00:00:00,2024-05-18 00:00:00,2026-06-20 10:27:00
1923,user_1923@test.com,$2a$10$7zB3qQzEcbB7mU5eL2n9fO0xH98o2tYpM.2s5lR7wE.2F8u7y6X1.,황은현,010-3569-7880,1991-12-14,ROLE_USER,ACTIVE,2023-11-10 00:00:00,2023-11-10 00:00:00,2026-06-26 14:08:00
1924,user_1924@test.com,$2a$10$7zB3qQzEcbB7mU5eL2n9fO0xH98o2tYpM.2s5lR7wE.2F8u7y6X1.,최주빈,010-2065-5948,1984-05-23,ROLE_USER,ACTIVE,2024-01-05 00:00:00,2024-01-05 00:00:00,2026-07-01 16:43:00
1925,user_1925@test.com,$2a$10$7zB3qQzEcbB7mU5eL2n9fO0xH98o2tYpM.2s5lR7wE.2F8u7y6X1.,서예율,010-7258-2693,1972-09-20,ROLE_USER,ACTIVE,2024-01-29 00:00:00,2024-01-29 00:00:00,2026-06-24 12:26:00
1926,user_1926@test.com,$2a$10$7zB3qQzEcbB7mU5eL2n9fO0xH98o2tYpM.2s5lR7wE.2F8u7y6X1.,최태우,010-4642-7249,1979-11-27,ROLE_USER,ACTIVE,2025-10-01 00:00:00,2025-10-01 00:00:00,2026-06-28 16:29:00
1927,user_1927@test.com,$2a$10$7zB3qQzEcbB7mU5eL2n9fO0xH98o2tYpM.2s5lR7wE.2F8u7y6X1.,박지아,010-9327-8756,1993-08-09,ROLE_USER,ACTIVE,2025-11-30 00:00:00,2025-11-30 00:00:00,2026-07-01 14:31:00
1928,user_1928@test.com,$2a$10$7zB3qQzEcbB7mU5eL2n9fO0xH98o2tYpM.2s5lR7wE.2F8u7y6X1.,황서빈,010-7341-5859,1986-05-10,ROLE_USER,ACTIVE,2024-09-22 00:00:00,2024-09-22 00:00:00,2026-06-20 18:04:00
1929,user_1929@test.com,$2a$10$7zB3qQzEcbB7mU5eL2n9fO0xH98o2tYpM.2s5lR7wE.2F8u7y6X1.,송민빈,010-7681-3302,1973-05-02,ROLE_USER,ACTIVE,2026-04-28 00:00:00,2026-04-28 00:00:00,2026-05-21 19:46:00
1930,user_1930@test.com,$2a$10$7zB3qQzEcbB7mU5eL2n9fO0xH98o2tYpM.2s5lR7wE.2F8u7y6X1.,한시수,010-2654-5615,1984-06-24,ROLE_USER,ACTIVE,2025-09-15 00:00:00,2025-09-15 00:00:00,2026-06-27 10:29:00
1931,user_1931@test.com,$2a$10$7zB3qQzEcbB7mU5eL2n9fO0xH98o2tYpM.2s5lR7wE.2F8u7y6X1.,박태아,010-2046-3467,1983-02-20,ROLE_USER,ACTIVE,2025-07-24 00:00:00,2025-07-24 00:00:00,2026-06-23 13:50:00
1932,user_1932@test.com,$2a$10$7zB3qQzEcbB7mU5eL2n9fO0xH98o2tYpM.2s5lR7wE.2F8u7y6X1.,조시아,010-5721-2954,1991-04-11,ROLE_USER,ACTIVE,2025-05-13 00:00:00,2025-05-13 00:00:00,2026-06-29 10:55:00
1933,user_1933@test.com,$2a$10$7zB3qQzEcbB7mU5eL2n9fO0xH98o2tYpM.2s5lR7wE.2F8u7y6X1.,강시준,010-7975-6349,1996-07-23,ROLE_USER,ACTIVE,2024-03-27 00:00:00,2024-03-27 00:00:00,2026-06-28 14:26:00
1934,user_1934@test.com,$2a$10$7zB3qQzEcbB7mU5eL2n9fO0xH98o2tYpM.2s5lR7wE.2F8u7y6X1.,정하빈,010-6426-5976,1972-10-01,ROLE_USER,ACTIVE,2024-04-02 00:00:00,2024-04-02 00:00:00,2026-06-24 09:04:00
1935,user_1935@test.com,$2a$10$7zB3qQzEcbB7mU5eL2n9fO0xH98o2tYpM.2s5lR7wE.2F8u7y6X1.,김서원,010-1552-3534,1977-11-05,ROLE_USER,ACTIVE,2023-11-22 00:00:00,2023-11-22 00:00:00,2026-06-24 20:24:00
1936,user_1936@test.com,$2a$10$7zB3qQzEcbB7mU5eL2n9fO0xH98o2tYpM.2s5lR7wE.2F8u7y6X1.,장태아,010-8597-8307,1991-06-28,ROLE_USER,ACTIVE,2024-09-02 00:00:00,2024-09-02 00:00:00,2026-06-25 18:56:00
1937,user_1937@test.com,$2a$10$7zB3qQzEcbB7mU5eL2n9fO0xH98o2tYpM.2s5lR7wE.2F8u7y6X1.,임예아,010-9543-9783,1987-02-02,ROLE_USER,ACTIVE,2025-01-02 00:00:00,2025-01-02 00:00:00,2026-06-19 15:26:00
1938,user_1938@test.com,$2a$10$7zB3qQzEcbB7mU5eL2n9fO0xH98o2tYpM.2s5lR7wE.2F8u7y6X1.,김은준,010-5132-6248,1997-09-17,ROLE_USER,ACTIVE,2024-03-14 00:00:00,2024-03-14 00:00:00,2026-06-22 10:24:00
1939,user_1939@test.com,$2a$10$7zB3qQzEcbB7mU5eL2n9fO0xH98o2tYpM.2s5lR7wE.2F8u7y6X1.,안예혁,010-7299-5530,1991-12-04,ROLE_USER,ACTIVE,2024-03-16 00:00:00,2024-03-16 00:00:00,2026-06-27 09:55:00
1940,user_1940@test.com,$2a$10$7zB3qQzEcbB7mU5eL2n9fO0xH98o2tYpM.2s5lR7wE.2F8u7y6X1.,송서우,010-3090-3743,2001-03-27,ROLE_USER,ACTIVE,2025-01-11 00:00:00,2025-01-11 00:00:00,2026-06-05 11:04:00
1941,user_1941@test.com,$2a$10$7zB3qQzEcbB7mU5eL2n9fO0xH98o2tYpM.2s5lR7wE.2F8u7y6X1.,서현영,010-7934-9260,1986-09-18,ROLE_USER,ACTIVE,2025-11-15 00:00:00,2025-11-15 00:00:00,2026-06-21 08:11:00
1942,user_1942@test.com,$2a$10$7zB3qQzEcbB7mU5eL2n9fO0xH98o2tYpM.2s5lR7wE.2F8u7y6X1.,송예현,010-8327-6394,1990-06-09,ROLE_USER,ACTIVE,2024-04-01 00:00:00,2024-04-01 00:00:00,2026-06-26 21:51:00
1943,user_1943@test.com,$2a$10$7zB3qQzEcbB7mU5eL2n9fO0xH98o2tYpM.2s5lR7wE.2F8u7y6X1.,황민준,010-6674-7725,1996-06-28,ROLE_USER,ACTIVE,2026-05-03 00:00:00,2026-05-03 00:00:00,2026-05-24 10:33:00
1944,user_1944@test.com,$2a$10$7zB3qQzEcbB7mU5eL2n9fO0xH98o2tYpM.2s5lR7wE.2F8u7y6X1.,조지현,010-1532-9866,1988-05-28,ROLE_USER,ACTIVE,2024-12-17 00:00:00,2024-12-17 00:00:00,2026-06-20 09:45:00
1945,user_1945@test.com,$2a$10$7zB3qQzEcbB7mU5eL2n9fO0xH98o2tYpM.2s5lR7wE.2F8u7y6X1.,홍승아,010-5033-6349,1997-01-23,ROLE_USER,ACTIVE,2023-12-01 00:00:00,2023-12-01 00:00:00,2026-07-01 19:50:00
1946,user_1946@test.com,$2a$10$7zB3qQzEcbB7mU5eL2n9fO0xH98o2tYpM.2s5lR7wE.2F8u7y6X1.,서서원,010-2675-1138,1997-02-07,ROLE_USER,ACTIVE,2025-04-23 00:00:00,2025-04-23 00:00:00,2026-06-20 22:49:00
1947,user_1947@test.com,$2a$10$7zB3qQzEcbB7mU5eL2n9fO0xH98o2tYpM.2s5lR7wE.2F8u7y6X1.,전시아,010-3032-3460,1983-08-09,ROLE_USER,ACTIVE,2023-11-27 00:00:00,2023-11-27 00:00:00,2026-06-28 08:39:00
1948,user_1948@test.com,$2a$10$7zB3qQzEcbB7mU5eL2n9fO0xH98o2tYpM.2s5lR7wE.2F8u7y6X1.,이태율,010-9128-8647,2002-07-02,ROLE_USER,ACTIVE,2026-03-26 00:00:00,2026-03-26 00:00:00,2026-06-20 21:43:00
1949,user_1949@test.com,$2a$10$7zB3qQzEcbB7mU5eL2n9fO0xH98o2tYpM.2s5lR7wE.2F8u7y6X1.,오예영,010-3265-4087,1998-02-12,ROLE_USER,ACTIVE,2025-03-31 00:00:00,2025-03-31 00:00:00,2026-06-20 17:43:00
1950,user_1950@test.com,$2a$10$7zB3qQzEcbB7mU5eL2n9fO0xH98o2tYpM.2s5lR7wE.2F8u7y6X1.,신태현,010-2031-5620,2001-07-10,ROLE_USER,ACTIVE,2024-05-20 00:00:00,2024-05-20 00:00:00,2026-06-21 21:21:00
1951,user_1951@test.com,$2a$10$7zB3qQzEcbB7mU5eL2n9fO0xH98o2tYpM.2s5lR7wE.2F8u7y6X1.,김은원,010-2967-1474,2002-06-20,ROLE_USER,ACTIVE,2024-01-11 00:00:00,2024-01-11 00:00:00,2026-06-30 17:20:00
1952,user_1952@test.com,$2a$10$7zB3qQzEcbB7mU5eL2n9fO0xH98o2tYpM.2s5lR7wE.2F8u7y6X1.,김현아,010-7385-7648,1973-06-13,ROLE_USER,ACTIVE,2024-07-08 00:00:00,2024-07-08 00:00:00,2026-06-24 20:52:00
1953,user_1953@test.com,$2a$10$7zB3qQzEcbB7mU5eL2n9fO0xH98o2tYpM.2s5lR7wE.2F8u7y6X1.,이현우,010-6967-5064,1991-12-04,ROLE_USER,ACTIVE,2026-01-08 00:00:00,2026-01-08 00:00:00,2026-06-23 08:32:00
1954,user_1954@test.com,$2a$10$7zB3qQzEcbB7mU5eL2n9fO0xH98o2tYpM.2s5lR7wE.2F8u7y6X1.,김지혁,010-7722-8930,1972-04-08,ROLE_USER,ACTIVE,2026-04-09 00:00:00,2026-04-09 00:00:00,2026-07-02 22:30:00
1955,user_1955@test.com,$2a$10$7zB3qQzEcbB7mU5eL2n9fO0xH98o2tYpM.2s5lR7wE.2F8u7y6X1.,송주율,010-1086-7961,1996-09-21,ROLE_USER,ACTIVE,2023-12-07 00:00:00,2023-12-07 00:00:00,2026-06-29 12:05:00
1956,user_1956@test.com,$2a$10$7zB3qQzEcbB7mU5eL2n9fO0xH98o2tYpM.2s5lR7wE.2F8u7y6X1.,박민수,010-3556-8108,2002-01-20,ROLE_USER,ACTIVE,2024-01-28 00:00:00,2024-01-28 00:00:00,2026-06-21 15:10:00
1957,user_1957@test.com,$2a$10$7zB3qQzEcbB7mU5eL2n9fO0xH98o2tYpM.2s5lR7wE.2F8u7y6X1.,오서원,010-8340-1588,1988-09-11,ROLE_USER,ACTIVE,2023-12-02 00:00:00,2023-12-02 00:00:00,2026-06-27 11:16:00
1958,user_1958@test.com,$2a$10$7zB3qQzEcbB7mU5eL2n9fO0xH98o2tYpM.2s5lR7wE.2F8u7y6X1.,권서아,010-1819-1865,1988-10-03,ROLE_USER,ACTIVE,2025-07-25 00:00:00,2025-07-25 00:00:00,2026-06-18 11:41:00
1959,user_1959@test.com,$2a$10$7zB3qQzEcbB7mU5eL2n9fO0xH98o2tYpM.2s5lR7wE.2F8u7y6X1.,이예빈,010-4718-4592,1991-08-21,ROLE_USER,ACTIVE,2024-02-17 00:00:00,2024-02-17 00:00:00,2026-06-26 22:41:00
1960,user_1960@test.com,$2a$10$7zB3qQzEcbB7mU5eL2n9fO0xH98o2tYpM.2s5lR7wE.2F8u7y6X1.,윤시수,010-5659-9039,1989-10-09,ROLE_USER,ACTIVE,2024-10-21 00:00:00,2024-10-21 00:00:00,2026-06-23 13:03:00
1961,user_1961@test.com,$2a$10$7zB3qQzEcbB7mU5eL2n9fO0xH98o2tYpM.2s5lR7wE.2F8u7y6X1.,한현현,010-4015-9311,1983-07-18,ROLE_USER,ACTIVE,2024-12-01 00:00:00,2024-12-01 00:00:00,2026-07-01 14:46:00
1962,user_1962@test.com,$2a$10$7zB3qQzEcbB7mU5eL2n9fO0xH98o2tYpM.2s5lR7wE.2F8u7y6X1.,윤도아,010-2310-2045,1994-10-21,ROLE_USER,ACTIVE,2024-01-23 00:00:00,2024-01-23 00:00:00,2026-06-23 20:23:00
1963,user_1963@test.com,$2a$10$7zB3qQzEcbB7mU5eL2n9fO0xH98o2tYpM.2s5lR7wE.2F8u7y6X1.,최시영,010-6795-1806,1992-07-09,ROLE_USER,ACTIVE,2024-04-08 00:00:00,2024-04-08 00:00:00,2026-05-04 14:53:00
1964,user_1964@test.com,$2a$10$7zB3qQzEcbB7mU5eL2n9fO0xH98o2tYpM.2s5lR7wE.2F8u7y6X1.,김예혁,010-1999-7620,1983-12-08,ROLE_USER,ACTIVE,2025-01-17 00:00:00,2025-01-17 00:00:00,2026-06-29 17:27:00
1965,user_1965@test.com,$2a$10$7zB3qQzEcbB7mU5eL2n9fO0xH98o2tYpM.2s5lR7wE.2F8u7y6X1.,정승빈,010-3890-8472,1976-05-17,ROLE_USER,ACTIVE,2024-07-16 00:00:00,2024-07-16 00:00:00,2026-07-01 10:21:00
1966,user_1966@test.com,$2a$10$7zB3qQzEcbB7mU5eL2n9fO0xH98o2tYpM.2s5lR7wE.2F8u7y6X1.,이민현,010-3423-3541,1985-10-08,ROLE_USER,ACTIVE,2025-06-29 00:00:00,2025-06-29 00:00:00,2026-06-24 12:55:00
1967,user_1967@test.com,$2a$10$7zB3qQzEcbB7mU5eL2n9fO0xH98o2tYpM.2s5lR7wE.2F8u7y6X1.,황서원,010-6766-4145,1974-02-16,ROLE_USER,ACTIVE,2023-11-01 00:00:00,2023-11-01 00:00:00,2026-06-25 14:31:00
1968,user_1968@test.com,$2a$10$7zB3qQzEcbB7mU5eL2n9fO0xH98o2tYpM.2s5lR7wE.2F8u7y6X1.,임지우,010-2707-6606,1977-12-16,ROLE_USER,ACTIVE,2026-04-23 00:00:00,2026-04-23 00:00:00,2026-06-25 10:06:00
1969,user_1969@test.com,$2a$10$7zB3qQzEcbB7mU5eL2n9fO0xH98o2tYpM.2s5lR7wE.2F8u7y6X1.,홍현영,010-1117-9114,1980-07-24,ROLE_USER,ACTIVE,2025-10-02 00:00:00,2025-10-02 00:00:00,2026-06-21 08:30:00
1970,user_1970@test.com,$2a$10$7zB3qQzEcbB7mU5eL2n9fO0xH98o2tYpM.2s5lR7wE.2F8u7y6X1.,윤서준,010-4941-9823,1993-06-04,ROLE_USER,ACTIVE,2025-02-16 00:00:00,2025-02-16 00:00:00,2026-06-21 14:49:00
1971,user_1971@test.com,$2a$10$7zB3qQzEcbB7mU5eL2n9fO0xH98o2tYpM.2s5lR7wE.2F8u7y6X1.,한은혁,010-2645-3305,2003-07-07,ROLE_USER,ACTIVE,2026-04-21 00:00:00,2026-04-21 00:00:00,2026-06-08 11:00:00
1972,user_1972@test.com,$2a$10$7zB3qQzEcbB7mU5eL2n9fO0xH98o2tYpM.2s5lR7wE.2F8u7y6X1.,권도원,010-5083-8626,2000-06-13,ROLE_USER,ACTIVE,2025-03-01 00:00:00,2025-03-01 00:00:00,2026-06-21 19:31:00
1973,user_1973@test.com,$2a$10$7zB3qQzEcbB7mU5eL2n9fO0xH98o2tYpM.2s5lR7wE.2F8u7y6X1.,정예영,010-4414-9327,1995-05-05,ROLE_USER,ACTIVE,2024-04-08 00:00:00,2024-04-08 00:00:00,2026-06-27 20:23:00
1974,user_1974@test.com,$2a$10$7zB3qQzEcbB7mU5eL2n9fO0xH98o2tYpM.2s5lR7wE.2F8u7y6X1.,최지우,010-2330-5913,1997-01-07,ROLE_USER,ACTIVE,2025-08-16 00:00:00,2025-08-16 00:00:00,2026-06-30 12:08:00
1975,user_1975@test.com,$2a$10$7zB3qQzEcbB7mU5eL2n9fO0xH98o2tYpM.2s5lR7wE.2F8u7y6X1.,임예혁,010-1929-5011,1982-09-03,ROLE_USER,ACTIVE,2025-12-04 00:00:00,2025-12-04 00:00:00,2026-06-19 10:30:00
1976,user_1976@test.com,$2a$10$7zB3qQzEcbB7mU5eL2n9fO0xH98o2tYpM.2s5lR7wE.2F8u7y6X1.,장승혁,010-3999-3543,1987-02-11,ROLE_USER,ACTIVE,2025-10-31 00:00:00,2025-10-31 00:00:00,2026-07-02 13:23:00
1977,user_1977@test.com,$2a$10$7zB3qQzEcbB7mU5eL2n9fO0xH98o2tYpM.2s5lR7wE.2F8u7y6X1.,박은아,010-1154-8705,1978-03-16,ROLE_USER,ACTIVE,2023-12-30 00:00:00,2023-12-30 00:00:00,2026-06-25 12:17:00
1978,user_1978@test.com,$2a$10$7zB3qQzEcbB7mU5eL2n9fO0xH98o2tYpM.2s5lR7wE.2F8u7y6X1.,안승아,010-8977-9327,1976-05-22,ROLE_USER,ACTIVE,2025-02-24 00:00:00,2025-02-24 00:00:00,2026-06-30 21:12:00
1979,user_1979@test.com,$2a$10$7zB3qQzEcbB7mU5eL2n9fO0xH98o2tYpM.2s5lR7wE.2F8u7y6X1.,조하우,010-3711-3044,2002-05-11,ROLE_USER,ACTIVE,2024-10-15 00:00:00,2024-10-15 00:00:00,2026-06-26 22:40:00
1980,user_1980@test.com,$2a$10$7zB3qQzEcbB7mU5eL2n9fO0xH98o2tYpM.2s5lR7wE.2F8u7y6X1.,장태준,010-1448-4688,1997-01-28,ROLE_USER,ACTIVE,2026-04-25 00:00:00,2026-04-25 00:00:00,2026-06-29 19:27:00
1981,user_1981@test.com,$2a$10$7zB3qQzEcbB7mU5eL2n9fO0xH98o2tYpM.2s5lR7wE.2F8u7y6X1.,황지우,010-7022-2422,1998-01-03,ROLE_USER,ACTIVE,2024-02-10 00:00:00,2024-02-10 00:00:00,2026-06-05 16:55:00
1982,user_1982@test.com,$2a$10$7zB3qQzEcbB7mU5eL2n9fO0xH98o2tYpM.2s5lR7wE.2F8u7y6X1.,이민준,010-6205-5154,1999-05-09,ROLE_USER,ACTIVE,2026-04-08 00:00:00,2026-04-08 00:00:00,2026-06-19 18:15:00
1983,user_1983@test.com,$2a$10$7zB3qQzEcbB7mU5eL2n9fO0xH98o2tYpM.2s5lR7wE.2F8u7y6X1.,정지율,010-7839-5901,1975-11-06,ROLE_USER,ACTIVE,2025-10-17 00:00:00,2025-10-17 00:00:00,2026-06-25 17:11:00
1984,user_1984@test.com,$2a$10$7zB3qQzEcbB7mU5eL2n9fO0xH98o2tYpM.2s5lR7wE.2F8u7y6X1.,임시혁,010-6881-1560,1979-08-06,ROLE_USER,ACTIVE,2025-10-02 00:00:00,2025-10-02 00:00:00,2026-06-30 22:14:00
1985,user_1985@test.com,$2a$10$7zB3qQzEcbB7mU5eL2n9fO0xH98o2tYpM.2s5lR7wE.2F8u7y6X1.,신시혁,010-6253-4003,1983-05-16,ROLE_USER,ACTIVE,2023-12-02 00:00:00,2023-12-02 00:00:00,2026-06-20 19:57:00
1986,user_1986@test.com,$2a$10$7zB3qQzEcbB7mU5eL2n9fO0xH98o2tYpM.2s5lR7wE.2F8u7y6X1.,황주아,010-5849-3959,1979-06-07,ROLE_USER,ACTIVE,2026-04-28 00:00:00,2026-04-28 00:00:00,2026-06-07 10:40:00
1987,user_1987@test.com,$2a$10$7zB3qQzEcbB7mU5eL2n9fO0xH98o2tYpM.2s5lR7wE.2F8u7y6X1.,임하혁,010-4953-6635,1998-02-13,ROLE_USER,ACTIVE,2024-10-17 00:00:00,2024-10-17 00:00:00,2026-06-27 09:18:00
1988,user_1988@test.com,$2a$10$7zB3qQzEcbB7mU5eL2n9fO0xH98o2tYpM.2s5lR7wE.2F8u7y6X1.,서지영,010-1654-6289,1988-12-22,ROLE_USER,ACTIVE,2024-10-27 00:00:00,2024-10-27 00:00:00,2026-06-19 13:14:00
1989,user_1989@test.com,$2a$10$7zB3qQzEcbB7mU5eL2n9fO0xH98o2tYpM.2s5lR7wE.2F8u7y6X1.,송하원,010-2608-9673,1993-06-12,ROLE_USER,ACTIVE,2026-04-22 00:00:00,2026-04-22 00:00:00,2026-06-07 17:48:00
1990,user_1990@test.com,$2a$10$7zB3qQzEcbB7mU5eL2n9fO0xH98o2tYpM.2s5lR7wE.2F8u7y6X1.,권시혁,010-5481-6724,1984-05-16,ROLE_USER,ACTIVE,2024-10-14 00:00:00,2024-10-14 00:00:00,2026-04-25 20:55:00
1991,user_1991@test.com,$2a$10$7zB3qQzEcbB7mU5eL2n9fO0xH98o2tYpM.2s5lR7wE.2F8u7y6X1.,홍서우,010-2151-4655,1991-04-23,ROLE_USER,ACTIVE,2025-01-25 00:00:00,2025-01-25 00:00:00,2026-06-21 22:03:00
1992,user_1992@test.com,$2a$10$7zB3qQzEcbB7mU5eL2n9fO0xH98o2tYpM.2s5lR7wE.2F8u7y6X1.,박지우,010-7992-2658,2004-04-05,ROLE_USER,ACTIVE,2025-04-26 00:00:00,2025-04-26 00:00:00,2026-06-20 22:58:00
1993,user_1993@test.com,$2a$10$7zB3qQzEcbB7mU5eL2n9fO0xH98o2tYpM.2s5lR7wE.2F8u7y6X1.,오서현,010-8464-4390,1998-07-05,ROLE_USER,ACTIVE,2023-12-23 00:00:00,2023-12-23 00:00:00,2026-06-19 21:43:00
1994,user_1994@test.com,$2a$10$7zB3qQzEcbB7mU5eL2n9fO0xH98o2tYpM.2s5lR7wE.2F8u7y6X1.,홍하아,010-5071-4579,1971-03-26,ROLE_USER,ACTIVE,2023-11-12 00:00:00,2023-11-12 00:00:00,2026-06-19 09:09:00
1995,user_1995@test.com,$2a$10$7zB3qQzEcbB7mU5eL2n9fO0xH98o2tYpM.2s5lR7wE.2F8u7y6X1.,안서준,010-1905-8283,1990-03-21,ROLE_USER,ACTIVE,2025-10-18 00:00:00,2025-10-18 00:00:00,2026-06-29 12:51:00
1996,user_1996@test.com,$2a$10$7zB3qQzEcbB7mU5eL2n9fO0xH98o2tYpM.2s5lR7wE.2F8u7y6X1.,송주우,010-1156-6836,2004-09-22,ROLE_USER,ACTIVE,2025-04-15 00:00:00,2025-04-15 00:00:00,2026-06-18 12:33:00
1997,user_1997@test.com,$2a$10$7zB3qQzEcbB7mU5eL2n9fO0xH98o2tYpM.2s5lR7wE.2F8u7y6X1.,윤하준,010-1938-9876,1972-05-26,ROLE_USER,ACTIVE,2025-05-23 00:00:00,2025-05-23 00:00:00,2026-04-27 22:24:00
1998,user_1998@test.com,$2a$10$7zB3qQzEcbB7mU5eL2n9fO0xH98o2tYpM.2s5lR7wE.2F8u7y6X1.,박예인,010-5065-7193,1996-06-17,ROLE_USER,ACTIVE,2026-05-11 00:00:00,2026-05-11 00:00:00,2026-06-17 10:09:00
1999,user_1999@test.com,$2a$10$7zB3qQzEcbB7mU5eL2n9fO0xH98o2tYpM.2s5lR7wE.2F8u7y6X1.,서도영,010-6726-5382,1985-10-07,ROLE_USER,ACTIVE,2025-05-13 00:00:00,2025-05-13 00:00:00,2026-06-23 17:43:00
2000,user_2000@test.com,$2a$10$7zB3qQzEcbB7mU5eL2n9fO0xH98o2tYpM.2s5lR7wE.2F8u7y6X1.,전지준,010-6942-5924,1997-06-23,ROLE_USER,ACTIVE,2023-11-15 00:00:00,2023-11-15 00:00:00,2026-06-23 16:35:00
2001,user_2001@test.com,$2a$10$7zB3qQzEcbB7mU5eL2n9fO0xH98o2tYpM.2s5lR7wE.2F8u7y6X1.,조지원,010-8590-2435,1993-01-15,ROLE_USER,ACTIVE,2024-08-26 00:00:00,2024-08-26 00:00:00,2026-06-23 14:11:00
2002,user_2002@test.com,$2a$10$7zB3qQzEcbB7mU5eL2n9fO0xH98o2tYpM.2s5lR7wE.2F8u7y6X1.,강승현,010-3107-6971,1973-08-16,ROLE_USER,ACTIVE,2025-06-21 00:00:00,2025-06-21 00:00:00,2026-06-23 10:13:00
2003,user_2003@test.com,$2a$10$7zB3qQzEcbB7mU5eL2n9fO0xH98o2tYpM.2s5lR7wE.2F8u7y6X1.,서승아,010-8407-3184,1972-10-20,ROLE_USER,ACTIVE,2024-07-16 00:00:00,2024-07-16 00:00:00,2026-06-10 13:50:00
2004,user_2004@test.com,$2a$10$7zB3qQzEcbB7mU5eL2n9fO0xH98o2tYpM.2s5lR7wE.2F8u7y6X1.,정민준,010-5657-1749,2001-01-03,ROLE_USER,ACTIVE,2024-05-14 00:00:00,2024-05-14 00:00:00,2026-06-08 15:23:00
2005,user_2005@test.com,$2a$10$7zB3qQzEcbB7mU5eL2n9fO0xH98o2tYpM.2s5lR7wE.2F8u7y6X1.,정주아,010-6118-9398,2002-03-05,ROLE_USER,ACTIVE,2023-12-12 00:00:00,2023-12-12 00:00:00,2026-06-24 13:37:00
2006,user_2006@test.com,$2a$10$7zB3qQzEcbB7mU5eL2n9fO0xH98o2tYpM.2s5lR7wE.2F8u7y6X1.,안예빈,010-8712-9275,1984-02-16,ROLE_USER,ACTIVE,2025-02-22 00:00:00,2025-02-22 00:00:00,2026-07-01 21:42:00
2007,user_2007@test.com,$2a$10$7zB3qQzEcbB7mU5eL2n9fO0xH98o2tYpM.2s5lR7wE.2F8u7y6X1.,오현빈,010-7487-8854,1983-05-02,ROLE_USER,ACTIVE,2023-10-22 00:00:00,2023-10-22 00:00:00,2026-06-28 19:25:00
2008,user_2008@test.com,$2a$10$7zB3qQzEcbB7mU5eL2n9fO0xH98o2tYpM.2s5lR7wE.2F8u7y6X1.,조주아,010-4109-8246,1999-01-22,ROLE_USER,ACTIVE,2025-09-10 00:00:00,2025-09-10 00:00:00,2026-06-19 17:52:00
2009,user_2009@test.com,$2a$10$7zB3qQzEcbB7mU5eL2n9fO0xH98o2tYpM.2s5lR7wE.2F8u7y6X1.,이현영,010-8263-3007,2000-03-18,ROLE_USER,ACTIVE,2025-07-01 00:00:00,2025-07-01 00:00:00,2026-06-29 19:36:00
2010,user_2010@test.com,$2a$10$7zB3qQzEcbB7mU5eL2n9fO0xH98o2tYpM.2s5lR7wE.2F8u7y6X1.,오민우,010-4052-4164,1986-11-13,ROLE_USER,ACTIVE,2025-08-09 00:00:00,2025-08-09 00:00:00,2026-06-25 13:30:00
2011,user_2011@test.com,$2a$10$7zB3qQzEcbB7mU5eL2n9fO0xH98o2tYpM.2s5lR7wE.2F8u7y6X1.,홍도현,010-8552-1599,1979-03-07,ROLE_USER,ACTIVE,2024-12-06 00:00:00,2024-12-06 00:00:00,2026-06-24 22:34:00
2012,user_2012@test.com,$2a$10$7zB3qQzEcbB7mU5eL2n9fO0xH98o2tYpM.2s5lR7wE.2F8u7y6X1.,정승아,010-7038-4794,1989-01-14,ROLE_USER,ACTIVE,2025-10-31 00:00:00,2025-10-31 00:00:00,2026-06-21 14:19:00
2013,user_2013@test.com,$2a$10$7zB3qQzEcbB7mU5eL2n9fO0xH98o2tYpM.2s5lR7wE.2F8u7y6X1.,황주수,010-5805-6550,1974-05-18,ROLE_USER,ACTIVE,2024-01-05 00:00:00,2024-01-05 00:00:00,2026-06-23 17:46:00
2014,user_2014@test.com,$2a$10$7zB3qQzEcbB7mU5eL2n9fO0xH98o2tYpM.2s5lR7wE.2F8u7y6X1.,송현영,010-9444-1086,1987-02-17,ROLE_USER,ACTIVE,2025-05-06 00:00:00,2025-05-06 00:00:00,2026-07-01 16:37:00
2015,user_2015@test.com,$2a$10$7zB3qQzEcbB7mU5eL2n9fO0xH98o2tYpM.2s5lR7wE.2F8u7y6X1.,이은인,010-3722-1322,2003-12-24,ROLE_USER,ACTIVE,2023-11-11 00:00:00,2023-11-11 00:00:00,2026-06-24 15:38:00
2016,user_2016@test.com,$2a$10$7zB3qQzEcbB7mU5eL2n9fO0xH98o2tYpM.2s5lR7wE.2F8u7y6X1.,안서수,010-6821-6815,1988-05-24,ROLE_USER,ACTIVE,2024-10-26 00:00:00,2024-10-26 00:00:00,2026-05-21 10:52:00
2017,user_2017@test.com,$2a$10$7zB3qQzEcbB7mU5eL2n9fO0xH98o2tYpM.2s5lR7wE.2F8u7y6X1.,강예원,010-3270-6258,1984-10-03,ROLE_USER,ACTIVE,2024-11-29 00:00:00,2024-11-29 00:00:00,2026-06-09 08:57:00
2018,user_2018@test.com,$2a$10$7zB3qQzEcbB7mU5eL2n9fO0xH98o2tYpM.2s5lR7wE.2F8u7y6X1.,전태수,010-4283-8792,1982-01-18,ROLE_USER,ACTIVE,2024-02-19 00:00:00,2024-02-19 00:00:00,2026-05-26 21:26:00
2019,user_2019@test.com,$2a$10$7zB3qQzEcbB7mU5eL2n9fO0xH98o2tYpM.2s5lR7wE.2F8u7y6X1.,황민인,010-5094-3183,1981-08-17,ROLE_USER,ACTIVE,2025-05-07 00:00:00,2025-05-07 00:00:00,2026-06-29 22:50:00
2020,user_2020@test.com,$2a$10$7zB3qQzEcbB7mU5eL2n9fO0xH98o2tYpM.2s5lR7wE.2F8u7y6X1.,조시영,010-4411-1650,1991-09-25,ROLE_USER,ACTIVE,2024-03-16 00:00:00,2024-03-16 00:00:00,2026-06-28 11:45:00
2021,user_2021@test.com,$2a$10$7zB3qQzEcbB7mU5eL2n9fO0xH98o2tYpM.2s5lR7wE.2F8u7y6X1.,오하율,010-8031-8625,1978-09-27,ROLE_USER,ACTIVE,2025-07-27 00:00:00,2025-07-27 00:00:00,2026-07-01 12:14:00
2022,user_2022@test.com,$2a$10$7zB3qQzEcbB7mU5eL2n9fO0xH98o2tYpM.2s5lR7wE.2F8u7y6X1.,안시현,010-9698-9530,1994-01-10,ROLE_USER,ACTIVE,2025-11-10 00:00:00,2025-11-10 00:00:00,2026-06-19 11:15:00
2023,user_2023@test.com,$2a$10$7zB3qQzEcbB7mU5eL2n9fO0xH98o2tYpM.2s5lR7wE.2F8u7y6X1.,최주율,010-6187-1105,1978-12-18,ROLE_USER,ACTIVE,2024-01-07 00:00:00,2024-01-07 00:00:00,2026-06-19 14:59:00
2024,user_2024@test.com,$2a$10$7zB3qQzEcbB7mU5eL2n9fO0xH98o2tYpM.2s5lR7wE.2F8u7y6X1.,박하빈,010-9471-1208,1988-12-15,ROLE_USER,ACTIVE,2026-04-14 00:00:00,2026-04-14 00:00:00,2026-04-14 18:42:00
2025,user_2025@test.com,$2a$10$7zB3qQzEcbB7mU5eL2n9fO0xH98o2tYpM.2s5lR7wE.2F8u7y6X1.,윤서현,010-2995-5513,1992-02-28,ROLE_USER,ACTIVE,2024-08-07 00:00:00,2024-08-07 00:00:00,2026-06-30 10:36:00
2026,user_2026@test.com,$2a$10$7zB3qQzEcbB7mU5eL2n9fO0xH98o2tYpM.2s5lR7wE.2F8u7y6X1.,김주혁,010-7407-9983,1998-04-25,ROLE_USER,ACTIVE,2023-12-13 00:00:00,2023-12-13 00:00:00,2026-07-02 19:24:00
2027,user_2027@test.com,$2a$10$7zB3qQzEcbB7mU5eL2n9fO0xH98o2tYpM.2s5lR7wE.2F8u7y6X1.,임승우,010-1996-8466,1983-09-13,ROLE_USER,ACTIVE,2026-03-26 00:00:00,2026-03-26 00:00:00,2026-06-27 16:44:00
2028,user_2028@test.com,$2a$10$7zB3qQzEcbB7mU5eL2n9fO0xH98o2tYpM.2s5lR7wE.2F8u7y6X1.,권은혁,010-3005-8719,1976-03-15,ROLE_USER,ACTIVE,2025-01-03 00:00:00,2025-01-03 00:00:00,2026-07-02 14:20:00
2029,user_2029@test.com,$2a$10$7zB3qQzEcbB7mU5eL2n9fO0xH98o2tYpM.2s5lR7wE.2F8u7y6X1.,안지인,010-2066-7706,2002-10-18,ROLE_USER,ACTIVE,2025-06-04 00:00:00,2025-06-04 00:00:00,2026-06-29 19:09:00
2030,user_2030@test.com,$2a$10$7zB3qQzEcbB7mU5eL2n9fO0xH98o2tYpM.2s5lR7wE.2F8u7y6X1.,최도아,010-2949-9548,1972-05-20,ROLE_USER,ACTIVE,2026-01-10 00:00:00,2026-01-10 00:00:00,2026-06-29 22:48:00
2031,user_2031@test.com,$2a$10$7zB3qQzEcbB7mU5eL2n9fO0xH98o2tYpM.2s5lR7wE.2F8u7y6X1.,정현인,010-4380-9714,1993-07-28,ROLE_USER,ACTIVE,2025-07-18 00:00:00,2025-07-18 00:00:00,2026-06-28 21:57:00
2032,user_2032@test.com,$2a$10$7zB3qQzEcbB7mU5eL2n9fO0xH98o2tYpM.2s5lR7wE.2F8u7y6X1.,황지현,010-1768-1570,1985-02-13,ROLE_USER,ACTIVE,2026-05-06 00:00:00,2026-05-06 00:00:00,2026-06-15 11:28:00
2033,user_2033@test.com,$2a$10$7zB3qQzEcbB7mU5eL2n9fO0xH98o2tYpM.2s5lR7wE.2F8u7y6X1.,이태아,010-5164-2951,1989-11-16,ROLE_USER,ACTIVE,2025-10-02 00:00:00,2025-10-02 00:00:00,2026-06-20 19:39:00
2034,user_2034@test.com,$2a$10$7zB3qQzEcbB7mU5eL2n9fO0xH98o2tYpM.2s5lR7wE.2F8u7y6X1.,황도원,010-7015-3410,1975-04-02,ROLE_USER,ACTIVE,2026-02-21 00:00:00,2026-02-21 00:00:00,2026-06-25 17:02:00
2035,user_2035@test.com,$2a$10$7zB3qQzEcbB7mU5eL2n9fO0xH98o2tYpM.2s5lR7wE.2F8u7y6X1.,홍지아,010-1330-7006,1970-04-12,ROLE_USER,ACTIVE,2024-08-07 00:00:00,2024-08-07 00:00:00,2026-06-23 22:30:00
2036,user_2036@test.com,$2a$10$7zB3qQzEcbB7mU5eL2n9fO0xH98o2tYpM.2s5lR7wE.2F8u7y6X1.,전시아,010-3543-7809,1972-09-07,ROLE_USER,ACTIVE,2025-09-21 00:00:00,2025-09-21 00:00:00,2026-06-25 11:51:00
2037,user_2037@test.com,$2a$10$7zB3qQzEcbB7mU5eL2n9fO0xH98o2tYpM.2s5lR7wE.2F8u7y6X1.,황하인,010-9142-2085,1970-04-02,ROLE_USER,ACTIVE,2025-02-19 00:00:00,2025-02-19 00:00:00,2026-06-20 21:41:00
2038,user_2038@test.com,$2a$10$7zB3qQzEcbB7mU5eL2n9fO0xH98o2tYpM.2s5lR7wE.2F8u7y6X1.,홍도율,010-7598-2654,1986-03-24,ROLE_USER,ACTIVE,2025-11-15 00:00:00,2025-11-15 00:00:00,2026-06-27 10:40:00
2039,user_2039@test.com,$2a$10$7zB3qQzEcbB7mU5eL2n9fO0xH98o2tYpM.2s5lR7wE.2F8u7y6X1.,최태아,010-4093-4111,2001-10-18,ROLE_USER,ACTIVE,2026-05-30 00:00:00,2026-05-30 00:00:00,2026-06-17 20:52:00
2040,user_2040@test.com,$2a$10$7zB3qQzEcbB7mU5eL2n9fO0xH98o2tYpM.2s5lR7wE.2F8u7y6X1.,조민빈,010-4030-7091,1996-01-27,ROLE_USER,ACTIVE,2025-05-21 00:00:00,2025-05-21 00:00:00,2026-06-29 14:15:00
2041,user_2041@test.com,$2a$10$7zB3qQzEcbB7mU5eL2n9fO0xH98o2tYpM.2s5lR7wE.2F8u7y6X1.,김지율,010-2544-6729,1975-02-10,ROLE_USER,ACTIVE,2025-03-29 00:00:00,2025-03-29 00:00:00,2026-06-21 11:03:00
2042,user_2042@test.com,$2a$10$7zB3qQzEcbB7mU5eL2n9fO0xH98o2tYpM.2s5lR7wE.2F8u7y6X1.,강주영,010-2181-8647,1970-05-02,ROLE_USER,ACTIVE,2024-11-03 00:00:00,2024-11-03 00:00:00,2026-07-01 22:31:00
2043,user_2043@test.com,$2a$10$7zB3qQzEcbB7mU5eL2n9fO0xH98o2tYpM.2s5lR7wE.2F8u7y6X1.,안은인,010-5020-3163,1976-03-27,ROLE_USER,ACTIVE,2025-07-07 00:00:00,2025-07-07 00:00:00,2026-06-29 11:17:00
2044,user_2044@test.com,$2a$10$7zB3qQzEcbB7mU5eL2n9fO0xH98o2tYpM.2s5lR7wE.2F8u7y6X1.,정태인,010-2397-8822,1986-03-22,ROLE_USER,ACTIVE,2024-04-18 00:00:00,2024-04-18 00:00:00,2026-06-26 18:31:00
2045,user_2045@test.com,$2a$10$7zB3qQzEcbB7mU5eL2n9fO0xH98o2tYpM.2s5lR7wE.2F8u7y6X1.,최태혁,010-3623-8784,1977-07-06,ROLE_USER,ACTIVE,2025-12-20 00:00:00,2025-12-20 00:00:00,2026-06-22 14:23:00
2046,user_2046@test.com,$2a$10$7zB3qQzEcbB7mU5eL2n9fO0xH98o2tYpM.2s5lR7wE.2F8u7y6X1.,김주영,010-3471-2106,1997-06-15,ROLE_USER,ACTIVE,2026-02-24 00:00:00,2026-02-24 00:00:00,2026-06-27 19:16:00
2047,user_2047@test.com,$2a$10$7zB3qQzEcbB7mU5eL2n9fO0xH98o2tYpM.2s5lR7wE.2F8u7y6X1.,한민아,010-3279-2051,1996-04-28,ROLE_USER,ACTIVE,2024-09-26 00:00:00,2024-09-26 00:00:00,2026-06-24 12:11:00
2048,user_2048@test.com,$2a$10$7zB3qQzEcbB7mU5eL2n9fO0xH98o2tYpM.2s5lR7wE.2F8u7y6X1.,최서혁,010-2134-1764,1971-07-21,ROLE_USER,ACTIVE,2025-05-26 00:00:00,2025-05-26 00:00:00,2026-07-02 19:24:00
2049,user_2049@test.com,$2a$10$7zB3qQzEcbB7mU5eL2n9fO0xH98o2tYpM.2s5lR7wE.2F8u7y6X1.,강민준,010-5173-2053,1990-06-17,ROLE_USER,ACTIVE,2025-04-26 00:00:00,2025-04-26 00:00:00,2026-05-07 19:08:00
2050,user_2050@test.com,$2a$10$7zB3qQzEcbB7mU5eL2n9fO0xH98o2tYpM.2s5lR7wE.2F8u7y6X1.,최승우,010-6034-7677,1987-05-12,ROLE_USER,ACTIVE,2026-05-14 00:00:00,2026-05-14 00:00:00,2026-06-06 13:15:00
2051,user_2051@test.com,$2a$10$7zB3qQzEcbB7mU5eL2n9fO0xH98o2tYpM.2s5lR7wE.2F8u7y6X1.,정현율,010-9381-8716,1999-01-20,ROLE_USER,ACTIVE,2023-11-06 00:00:00,2023-11-06 00:00:00,2026-06-19 17:51:00
2052,user_2052@test.com,$2a$10$7zB3qQzEcbB7mU5eL2n9fO0xH98o2tYpM.2s5lR7wE.2F8u7y6X1.,윤지율,010-4995-7234,1985-03-21,ROLE_USER,ACTIVE,2024-11-30 00:00:00,2024-11-30 00:00:00,2026-06-26 15:28:00
2053,user_2053@test.com,$2a$10$7zB3qQzEcbB7mU5eL2n9fO0xH98o2tYpM.2s5lR7wE.2F8u7y6X1.,임지원,010-2087-9130,1993-04-28,ROLE_USER,ACTIVE,2025-01-06 00:00:00,2025-01-06 00:00:00,2026-04-23 08:07:00
2054,user_2054@test.com,$2a$10$7zB3qQzEcbB7mU5eL2n9fO0xH98o2tYpM.2s5lR7wE.2F8u7y6X1.,박시아,010-2978-7117,1990-09-18,ROLE_USER,ACTIVE,2024-03-20 00:00:00,2024-03-20 00:00:00,2026-06-25 13:58:00
2055,user_2055@test.com,$2a$10$7zB3qQzEcbB7mU5eL2n9fO0xH98o2tYpM.2s5lR7wE.2F8u7y6X1.,송은현,010-5091-1023,1992-03-09,ROLE_USER,ACTIVE,2023-12-21 00:00:00,2023-12-21 00:00:00,2026-06-22 22:48:00
2056,user_2056@test.com,$2a$10$7zB3qQzEcbB7mU5eL2n9fO0xH98o2tYpM.2s5lR7wE.2F8u7y6X1.,김서영,010-2502-9565,2000-02-07,ROLE_USER,ACTIVE,2024-03-11 00:00:00,2024-03-11 00:00:00,2026-06-21 08:19:00
2057,user_2057@test.com,$2a$10$7zB3qQzEcbB7mU5eL2n9fO0xH98o2tYpM.2s5lR7wE.2F8u7y6X1.,강서아,010-3138-7308,1974-02-23,ROLE_USER,ACTIVE,2025-10-05 00:00:00,2025-10-05 00:00:00,2026-06-30 09:03:00
2058,user_2058@test.com,$2a$10$7zB3qQzEcbB7mU5eL2n9fO0xH98o2tYpM.2s5lR7wE.2F8u7y6X1.,최민율,010-3241-7387,1970-07-23,ROLE_USER,ACTIVE,2023-10-29 00:00:00,2023-10-29 00:00:00,2026-06-18 15:17:00
2059,user_2059@test.com,$2a$10$7zB3qQzEcbB7mU5eL2n9fO0xH98o2tYpM.2s5lR7wE.2F8u7y6X1.,김현혁,010-4184-2716,2000-08-17,ROLE_USER,ACTIVE,2023-12-26 00:00:00,2023-12-26 00:00:00,2026-06-23 14:51:00
2060,user_2060@test.com,$2a$10$7zB3qQzEcbB7mU5eL2n9fO0xH98o2tYpM.2s5lR7wE.2F8u7y6X1.,임하인,010-7003-6951,1983-12-27,ROLE_USER,ACTIVE,2025-10-07 00:00:00,2025-10-07 00:00:00,2026-06-20 15:19:00
2061,user_2061@test.com,$2a$10$7zB3qQzEcbB7mU5eL2n9fO0xH98o2tYpM.2s5lR7wE.2F8u7y6X1.,권도수,010-2366-9045,1971-09-11,ROLE_USER,ACTIVE,2024-01-04 00:00:00,2024-01-04 00:00:00,2026-06-28 15:06:00
2062,user_2062@test.com,$2a$10$7zB3qQzEcbB7mU5eL2n9fO0xH98o2tYpM.2s5lR7wE.2F8u7y6X1.,안은율,010-7165-5140,1991-07-10,ROLE_USER,ACTIVE,2024-09-05 00:00:00,2024-09-05 00:00:00,2026-06-24 11:09:00
2063,user_2063@test.com,$2a$10$7zB3qQzEcbB7mU5eL2n9fO0xH98o2tYpM.2s5lR7wE.2F8u7y6X1.,서현우,010-9751-2649,1986-07-19,ROLE_USER,ACTIVE,2024-07-17 00:00:00,2024-07-17 00:00:00,2026-07-01 13:58:00
2064,user_2064@test.com,$2a$10$7zB3qQzEcbB7mU5eL2n9fO0xH98o2tYpM.2s5lR7wE.2F8u7y6X1.,홍현율,010-3613-7356,1996-01-19,ROLE_USER,ACTIVE,2025-10-21 00:00:00,2025-10-21 00:00:00,2026-07-02 11:16:00
2065,user_2065@test.com,$2a$10$7zB3qQzEcbB7mU5eL2n9fO0xH98o2tYpM.2s5lR7wE.2F8u7y6X1.,신지준,010-5633-9395,1973-10-05,ROLE_USER,ACTIVE,2023-10-12 00:00:00,2023-10-12 00:00:00,2026-06-24 10:16:00
2066,user_2066@test.com,$2a$10$7zB3qQzEcbB7mU5eL2n9fO0xH98o2tYpM.2s5lR7wE.2F8u7y6X1.,박주인,010-9842-2807,1977-06-05,ROLE_USER,ACTIVE,2024-06-08 00:00:00,2024-06-08 00:00:00,2026-06-19 08:04:00
2067,user_2067@test.com,$2a$10$7zB3qQzEcbB7mU5eL2n9fO0xH98o2tYpM.2s5lR7wE.2F8u7y6X1.,윤태인,010-3994-5664,2003-10-15,ROLE_USER,ACTIVE,2025-04-03 00:00:00,2025-04-03 00:00:00,2026-06-22 20:30:00
2068,user_2068@test.com,$2a$10$7zB3qQzEcbB7mU5eL2n9fO0xH98o2tYpM.2s5lR7wE.2F8u7y6X1.,한하현,010-7529-8791,1991-11-06,ROLE_USER,ACTIVE,2025-04-10 00:00:00,2025-04-10 00:00:00,2026-07-02 22:52:00
2069,user_2069@test.com,$2a$10$7zB3qQzEcbB7mU5eL2n9fO0xH98o2tYpM.2s5lR7wE.2F8u7y6X1.,서은수,010-3888-9522,1973-04-04,ROLE_USER,ACTIVE,2025-01-01 00:00:00,2025-01-01 00:00:00,2026-06-12 09:34:00
2070,user_2070@test.com,$2a$10$7zB3qQzEcbB7mU5eL2n9fO0xH98o2tYpM.2s5lR7wE.2F8u7y6X1.,송도준,010-8488-4961,2002-06-21,ROLE_USER,ACTIVE,2024-11-19 00:00:00,2024-11-19 00:00:00,2026-06-16 20:54:00
2071,user_2071@test.com,$2a$10$7zB3qQzEcbB7mU5eL2n9fO0xH98o2tYpM.2s5lR7wE.2F8u7y6X1.,김시빈,010-6810-8339,1984-02-19,ROLE_USER,ACTIVE,2025-11-06 00:00:00,2025-11-06 00:00:00,2026-06-22 19:13:00
2072,user_2072@test.com,$2a$10$7zB3qQzEcbB7mU5eL2n9fO0xH98o2tYpM.2s5lR7wE.2F8u7y6X1.,안태영,010-8557-6565,1995-10-25,ROLE_USER,ACTIVE,2023-12-14 00:00:00,2023-12-14 00:00:00,2026-07-02 18:35:00
2073,user_2073@test.com,$2a$10$7zB3qQzEcbB7mU5eL2n9fO0xH98o2tYpM.2s5lR7wE.2F8u7y6X1.,한태율,010-5699-3488,2000-01-03,ROLE_USER,ACTIVE,2024-07-16 00:00:00,2024-07-16 00:00:00,2026-06-22 22:42:00
2074,user_2074@test.com,$2a$10$7zB3qQzEcbB7mU5eL2n9fO0xH98o2tYpM.2s5lR7wE.2F8u7y6X1.,오예수,010-8458-3566,2001-01-20,ROLE_USER,ACTIVE,2026-01-08 00:00:00,2026-01-08 00:00:00,2026-06-21 08:56:00
2075,user_2075@test.com,$2a$10$7zB3qQzEcbB7mU5eL2n9fO0xH98o2tYpM.2s5lR7wE.2F8u7y6X1.,신하빈,010-1855-8080,1990-12-08,ROLE_USER,ACTIVE,2024-10-10 00:00:00,2024-10-10 00:00:00,2026-07-02 12:14:00
2076,user_2076@test.com,$2a$10$7zB3qQzEcbB7mU5eL2n9fO0xH98o2tYpM.2s5lR7wE.2F8u7y6X1.,이서빈,010-8683-9012,1985-09-06,ROLE_USER,ACTIVE,2025-10-16 00:00:00,2025-10-16 00:00:00,2026-06-10 14:28:00
2077,user_2077@test.com,$2a$10$7zB3qQzEcbB7mU5eL2n9fO0xH98o2tYpM.2s5lR7wE.2F8u7y6X1.,전도아,010-5133-2262,1975-03-28,ROLE_USER,ACTIVE,2024-06-06 00:00:00,2024-06-06 00:00:00,2026-04-11 22:04:00
2078,user_2078@test.com,$2a$10$7zB3qQzEcbB7mU5eL2n9fO0xH98o2tYpM.2s5lR7wE.2F8u7y6X1.,홍서아,010-9088-1923,1984-11-01,ROLE_USER,ACTIVE,2025-12-08 00:00:00,2025-12-08 00:00:00,2026-06-25 20:28:00
2079,user_2079@test.com,$2a$10$7zB3qQzEcbB7mU5eL2n9fO0xH98o2tYpM.2s5lR7wE.2F8u7y6X1.,이승아,010-3479-9137,1994-07-06,ROLE_USER,ACTIVE,2025-01-19 00:00:00,2025-01-19 00:00:00,2026-06-12 10:16:00
2080,user_2080@test.com,$2a$10$7zB3qQzEcbB7mU5eL2n9fO0xH98o2tYpM.2s5lR7wE.2F8u7y6X1.,전은영,010-8709-5259,1999-01-27,ROLE_USER,ACTIVE,2024-03-15 00:00:00,2024-03-15 00:00:00,2026-06-25 13:00:00
2081,user_2081@test.com,$2a$10$7zB3qQzEcbB7mU5eL2n9fO0xH98o2tYpM.2s5lR7wE.2F8u7y6X1.,윤은아,010-6842-3180,1974-07-05,ROLE_USER,ACTIVE,2026-04-26 00:00:00,2026-04-26 00:00:00,2026-05-14 14:43:00
2082,user_2082@test.com,$2a$10$7zB3qQzEcbB7mU5eL2n9fO0xH98o2tYpM.2s5lR7wE.2F8u7y6X1.,권예수,010-7680-9419,1993-06-23,ROLE_USER,ACTIVE,2025-04-22 00:00:00,2025-04-22 00:00:00,2026-06-20 09:07:00
2083,user_2083@test.com,$2a$10$7zB3qQzEcbB7mU5eL2n9fO0xH98o2tYpM.2s5lR7wE.2F8u7y6X1.,오승원,010-6186-6667,1970-01-28,ROLE_USER,ACTIVE,2026-05-07 00:00:00,2026-05-07 00:00:00,2026-05-07 22:15:00
2084,user_2084@test.com,$2a$10$7zB3qQzEcbB7mU5eL2n9fO0xH98o2tYpM.2s5lR7wE.2F8u7y6X1.,장현아,010-4341-9696,1986-01-16,ROLE_USER,ACTIVE,2024-08-23 00:00:00,2024-08-23 00:00:00,2026-06-20 15:10:00
2085,user_2085@test.com,$2a$10$7zB3qQzEcbB7mU5eL2n9fO0xH98o2tYpM.2s5lR7wE.2F8u7y6X1.,오은율,010-4516-4722,1998-01-16,ROLE_USER,ACTIVE,2024-01-18 00:00:00,2024-01-18 00:00:00,2026-06-25 13:39:00
2086,user_2086@test.com,$2a$10$7zB3qQzEcbB7mU5eL2n9fO0xH98o2tYpM.2s5lR7wE.2F8u7y6X1.,조하혁,010-5106-3121,1981-05-06,ROLE_USER,ACTIVE,2025-10-27 00:00:00,2025-10-27 00:00:00,2026-06-30 11:44:00
2087,user_2087@test.com,$2a$10$7zB3qQzEcbB7mU5eL2n9fO0xH98o2tYpM.2s5lR7wE.2F8u7y6X1.,최태수,010-2024-1601,2004-10-01,ROLE_USER,ACTIVE,2024-09-13 00:00:00,2024-09-13 00:00:00,2026-04-24 14:12:00
2088,user_2088@test.com,$2a$10$7zB3qQzEcbB7mU5eL2n9fO0xH98o2tYpM.2s5lR7wE.2F8u7y6X1.,최하영,010-9555-4977,2003-02-23,ROLE_USER,ACTIVE,2025-11-26 00:00:00,2025-11-26 00:00:00,2026-06-23 16:13:00
2089,user_2089@test.com,$2a$10$7zB3qQzEcbB7mU5eL2n9fO0xH98o2tYpM.2s5lR7wE.2F8u7y6X1.,장시원,010-9178-2274,1991-05-07,ROLE_USER,ACTIVE,2024-10-11 00:00:00,2024-10-11 00:00:00,2026-06-24 10:53:00
2090,user_2090@test.com,$2a$10$7zB3qQzEcbB7mU5eL2n9fO0xH98o2tYpM.2s5lR7wE.2F8u7y6X1.,조하혁,010-2017-7031,1988-01-26,ROLE_USER,ACTIVE,2025-08-24 00:00:00,2025-08-24 00:00:00,2026-06-28 16:56:00
2091,user_2091@test.com,$2a$10$7zB3qQzEcbB7mU5eL2n9fO0xH98o2tYpM.2s5lR7wE.2F8u7y6X1.,홍태우,010-4252-2866,1999-01-09,ROLE_USER,ACTIVE,2025-08-24 00:00:00,2025-08-24 00:00:00,2026-07-01 16:41:00
2092,user_2092@test.com,$2a$10$7zB3qQzEcbB7mU5eL2n9fO0xH98o2tYpM.2s5lR7wE.2F8u7y6X1.,조예우,010-6384-1849,1984-03-08,ROLE_USER,ACTIVE,2025-12-25 00:00:00,2025-12-25 00:00:00,2026-06-26 17:26:00
2093,user_2093@test.com,$2a$10$7zB3qQzEcbB7mU5eL2n9fO0xH98o2tYpM.2s5lR7wE.2F8u7y6X1.,장민아,010-6961-5003,1982-04-10,ROLE_USER,ACTIVE,2024-05-18 00:00:00,2024-05-18 00:00:00,2026-06-25 21:35:00
2094,user_2094@test.com,$2a$10$7zB3qQzEcbB7mU5eL2n9fO0xH98o2tYpM.2s5lR7wE.2F8u7y6X1.,조현수,010-9540-8973,2004-04-08,ROLE_USER,ACTIVE,2024-04-05 00:00:00,2024-04-05 00:00:00,2026-06-22 11:42:00
2095,user_2095@test.com,$2a$10$7zB3qQzEcbB7mU5eL2n9fO0xH98o2tYpM.2s5lR7wE.2F8u7y6X1.,안민원,010-3647-9698,1984-06-24,ROLE_USER,ACTIVE,2025-06-30 00:00:00,2025-06-30 00:00:00,2026-07-01 17:44:00
2096,user_2096@test.com,$2a$10$7zB3qQzEcbB7mU5eL2n9fO0xH98o2tYpM.2s5lR7wE.2F8u7y6X1.,안하준,010-6299-6476,2002-02-10,ROLE_USER,ACTIVE,2025-12-19 00:00:00,2025-12-19 00:00:00,2026-07-02 09:22:00
2097,user_2097@test.com,$2a$10$7zB3qQzEcbB7mU5eL2n9fO0xH98o2tYpM.2s5lR7wE.2F8u7y6X1.,서도아,010-3997-8579,1996-08-09,ROLE_USER,ACTIVE,2024-06-19 00:00:00,2024-06-19 00:00:00,2026-06-21 11:03:00
2098,user_2098@test.com,$2a$10$7zB3qQzEcbB7mU5eL2n9fO0xH98o2tYpM.2s5lR7wE.2F8u7y6X1.,임주준,010-5552-9584,1996-04-13,ROLE_USER,ACTIVE,2025-10-28 00:00:00,2025-10-28 00:00:00,2026-06-29 15:03:00
2099,user_2099@test.com,$2a$10$7zB3qQzEcbB7mU5eL2n9fO0xH98o2tYpM.2s5lR7wE.2F8u7y6X1.,이도아,010-9861-2781,1978-09-21,ROLE_USER,ACTIVE,2026-01-19 00:00:00,2026-01-19 00:00:00,2026-04-28 17:09:00
2100,user_2100@test.com,$2a$10$7zB3qQzEcbB7mU5eL2n9fO0xH98o2tYpM.2s5lR7wE.2F8u7y6X1.,권승인,010-4204-8460,1988-11-09,ROLE_USER,ACTIVE,2026-05-11 00:00:00,2026-05-11 00:00:00,2026-06-17 15:49:00
2101,user_2101@test.com,$2a$10$7zB3qQzEcbB7mU5eL2n9fO0xH98o2tYpM.2s5lR7wE.2F8u7y6X1.,장주준,010-2859-4993,1985-09-01,ROLE_USER,ACTIVE,2025-03-11 00:00:00,2025-03-11 00:00:00,2026-06-26 21:00:00
2102,user_2102@test.com,$2a$10$7zB3qQzEcbB7mU5eL2n9fO0xH98o2tYpM.2s5lR7wE.2F8u7y6X1.,김도현,010-2777-2607,1999-07-28,ROLE_USER,ACTIVE,2026-05-05 00:00:00,2026-05-05 00:00:00,2026-05-28 19:31:00
2103,user_2103@test.com,$2a$10$7zB3qQzEcbB7mU5eL2n9fO0xH98o2tYpM.2s5lR7wE.2F8u7y6X1.,한주현,010-8336-4546,1999-01-26,ROLE_USER,ACTIVE,2026-04-20 00:00:00,2026-04-20 00:00:00,2026-07-02 09:01:00
2104,user_2104@test.com,$2a$10$7zB3qQzEcbB7mU5eL2n9fO0xH98o2tYpM.2s5lR7wE.2F8u7y6X1.,황태우,010-4736-7916,1973-12-06,ROLE_USER,ACTIVE,2026-03-01 00:00:00,2026-03-01 00:00:00,2026-06-07 10:52:00
2105,user_2105@test.com,$2a$10$7zB3qQzEcbB7mU5eL2n9fO0xH98o2tYpM.2s5lR7wE.2F8u7y6X1.,안도우,010-1151-5083,1990-06-16,ROLE_USER,ACTIVE,2024-08-30 00:00:00,2024-08-30 00:00:00,2026-06-21 10:08:00
2106,user_2106@test.com,$2a$10$7zB3qQzEcbB7mU5eL2n9fO0xH98o2tYpM.2s5lR7wE.2F8u7y6X1.,안하영,010-2114-7632,1974-02-08,ROLE_USER,ACTIVE,2025-10-27 00:00:00,2025-10-27 00:00:00,2026-06-20 14:55:00
2107,user_2107@test.com,$2a$10$7zB3qQzEcbB7mU5eL2n9fO0xH98o2tYpM.2s5lR7wE.2F8u7y6X1.,임서율,010-6273-9125,2000-01-20,ROLE_USER,ACTIVE,2024-12-14 00:00:00,2024-12-14 00:00:00,2026-06-07 10:49:00
2108,user_2108@test.com,$2a$10$7zB3qQzEcbB7mU5eL2n9fO0xH98o2tYpM.2s5lR7wE.2F8u7y6X1.,한태빈,010-5192-6739,1975-07-18,ROLE_USER,ACTIVE,2024-05-25 00:00:00,2024-05-25 00:00:00,2026-04-08 19:50:00
2109,user_2109@test.com,$2a$10$7zB3qQzEcbB7mU5eL2n9fO0xH98o2tYpM.2s5lR7wE.2F8u7y6X1.,박시준,010-6722-4270,1994-10-17,ROLE_USER,ACTIVE,2024-05-22 00:00:00,2024-05-22 00:00:00,2026-06-29 19:55:00
2110,user_2110@test.com,$2a$10$7zB3qQzEcbB7mU5eL2n9fO0xH98o2tYpM.2s5lR7wE.2F8u7y6X1.,임주혁,010-3993-4475,1970-06-08,ROLE_USER,ACTIVE,2025-08-15 00:00:00,2025-08-15 00:00:00,2026-07-02 08:43:00
2111,user_2111@test.com,$2a$10$7zB3qQzEcbB7mU5eL2n9fO0xH98o2tYpM.2s5lR7wE.2F8u7y6X1.,홍은인,010-5428-6801,1974-01-16,ROLE_USER,ACTIVE,2026-02-12 00:00:00,2026-02-12 00:00:00,2026-06-21 14:22:00
2112,user_2112@test.com,$2a$10$7zB3qQzEcbB7mU5eL2n9fO0xH98o2tYpM.2s5lR7wE.2F8u7y6X1.,김주아,010-3760-7360,1984-10-22,ROLE_USER,ACTIVE,2025-03-28 00:00:00,2025-03-28 00:00:00,2026-06-22 15:53:00
2113,user_2113@test.com,$2a$10$7zB3qQzEcbB7mU5eL2n9fO0xH98o2tYpM.2s5lR7wE.2F8u7y6X1.,윤은영,010-3159-6192,1990-04-24,ROLE_USER,ACTIVE,2025-01-04 00:00:00,2025-01-04 00:00:00,2026-07-02 19:36:00
2114,user_2114@test.com,$2a$10$7zB3qQzEcbB7mU5eL2n9fO0xH98o2tYpM.2s5lR7wE.2F8u7y6X1.,송민아,010-3986-8878,1975-08-28,ROLE_USER,ACTIVE,2026-05-10 00:00:00,2026-05-10 00:00:00,2026-06-12 09:20:00
2115,user_2115@test.com,$2a$10$7zB3qQzEcbB7mU5eL2n9fO0xH98o2tYpM.2s5lR7wE.2F8u7y6X1.,황태아,010-3283-7776,1978-08-08,ROLE_USER,ACTIVE,2024-06-05 00:00:00,2024-06-05 00:00:00,2026-06-29 11:57:00
2116,user_2116@test.com,$2a$10$7zB3qQzEcbB7mU5eL2n9fO0xH98o2tYpM.2s5lR7wE.2F8u7y6X1.,권서영,010-2036-4159,2003-07-04,ROLE_USER,ACTIVE,2024-11-23 00:00:00,2024-11-23 00:00:00,2026-06-27 20:35:00
2117,user_2117@test.com,$2a$10$7zB3qQzEcbB7mU5eL2n9fO0xH98o2tYpM.2s5lR7wE.2F8u7y6X1.,황하우,010-1477-6880,1991-09-04,ROLE_USER,ACTIVE,2024-11-03 00:00:00,2024-11-03 00:00:00,2026-06-24 10:19:00
2118,user_2118@test.com,$2a$10$7zB3qQzEcbB7mU5eL2n9fO0xH98o2tYpM.2s5lR7wE.2F8u7y6X1.,한주아,010-9768-4467,1990-01-07,ROLE_USER,ACTIVE,2025-07-18 00:00:00,2025-07-18 00:00:00,2026-06-21 13:19:00
2119,user_2119@test.com,$2a$10$7zB3qQzEcbB7mU5eL2n9fO0xH98o2tYpM.2s5lR7wE.2F8u7y6X1.,조시아,010-6539-8756,1974-02-23,ROLE_USER,ACTIVE,2025-10-21 00:00:00,2025-10-21 00:00:00,2026-06-23 17:50:00
2120,user_2120@test.com,$2a$10$7zB3qQzEcbB7mU5eL2n9fO0xH98o2tYpM.2s5lR7wE.2F8u7y6X1.,임민준,010-6387-8499,1975-05-09,ROLE_USER,ACTIVE,2024-03-07 00:00:00,2024-03-07 00:00:00,2026-06-19 17:36:00
2121,user_2121@test.com,$2a$10$7zB3qQzEcbB7mU5eL2n9fO0xH98o2tYpM.2s5lR7wE.2F8u7y6X1.,한지아,010-8950-2381,1989-04-03,ROLE_USER,ACTIVE,2024-08-31 00:00:00,2024-08-31 00:00:00,2026-06-30 09:00:00
2122,user_2122@test.com,$2a$10$7zB3qQzEcbB7mU5eL2n9fO0xH98o2tYpM.2s5lR7wE.2F8u7y6X1.,오예준,010-7649-7053,1999-05-14,ROLE_USER,ACTIVE,2024-07-28 00:00:00,2024-07-28 00:00:00,2026-06-18 20:52:00
2123,user_2123@test.com,$2a$10$7zB3qQzEcbB7mU5eL2n9fO0xH98o2tYpM.2s5lR7wE.2F8u7y6X1.,김민영,010-9803-7637,1970-03-21,ROLE_USER,ACTIVE,2025-04-11 00:00:00,2025-04-11 00:00:00,2026-07-01 20:22:00
2124,user_2124@test.com,$2a$10$7zB3qQzEcbB7mU5eL2n9fO0xH98o2tYpM.2s5lR7wE.2F8u7y6X1.,이도아,010-1363-5735,1980-04-06,ROLE_USER,ACTIVE,2024-06-29 00:00:00,2024-06-29 00:00:00,2026-06-24 10:09:00
2125,user_2125@test.com,$2a$10$7zB3qQzEcbB7mU5eL2n9fO0xH98o2tYpM.2s5lR7wE.2F8u7y6X1.,강하혁,010-9209-6180,1999-01-09,ROLE_USER,ACTIVE,2026-04-15 00:00:00,2026-04-15 00:00:00,2026-06-27 08:04:00
2126,user_2126@test.com,$2a$10$7zB3qQzEcbB7mU5eL2n9fO0xH98o2tYpM.2s5lR7wE.2F8u7y6X1.,임예준,010-4883-3306,1995-08-05,ROLE_USER,ACTIVE,2025-07-04 00:00:00,2025-07-04 00:00:00,2026-06-28 19:03:00
2127,user_2127@test.com,$2a$10$7zB3qQzEcbB7mU5eL2n9fO0xH98o2tYpM.2s5lR7wE.2F8u7y6X1.,송시수,010-6292-3372,2003-06-24,ROLE_USER,ACTIVE,2026-02-17 00:00:00,2026-02-17 00:00:00,2026-06-19 09:56:00
2128,user_2128@test.com,$2a$10$7zB3qQzEcbB7mU5eL2n9fO0xH98o2tYpM.2s5lR7wE.2F8u7y6X1.,홍도혁,010-7144-6020,1984-03-13,ROLE_USER,ACTIVE,2025-12-19 00:00:00,2025-12-19 00:00:00,2026-06-19 11:06:00
2129,user_2129@test.com,$2a$10$7zB3qQzEcbB7mU5eL2n9fO0xH98o2tYpM.2s5lR7wE.2F8u7y6X1.,정민현,010-9017-8138,1978-10-04,ROLE_USER,ACTIVE,2025-09-08 00:00:00,2025-09-08 00:00:00,2026-07-02 18:21:00
2130,user_2130@test.com,$2a$10$7zB3qQzEcbB7mU5eL2n9fO0xH98o2tYpM.2s5lR7wE.2F8u7y6X1.,황서아,010-8703-9536,1983-11-12,ROLE_USER,ACTIVE,2024-10-12 00:00:00,2024-10-12 00:00:00,2026-06-18 20:27:00
2131,user_2131@test.com,$2a$10$7zB3qQzEcbB7mU5eL2n9fO0xH98o2tYpM.2s5lR7wE.2F8u7y6X1.,홍지수,010-9107-4144,1970-09-24,ROLE_USER,ACTIVE,2026-03-11 00:00:00,2026-03-11 00:00:00,2026-06-26 12:35:00
2132,user_2132@test.com,$2a$10$7zB3qQzEcbB7mU5eL2n9fO0xH98o2tYpM.2s5lR7wE.2F8u7y6X1.,안민수,010-5344-3304,1981-10-09,ROLE_USER,ACTIVE,2026-02-03 00:00:00,2026-02-03 00:00:00,2026-04-07 14:32:00
2133,user_2133@test.com,$2a$10$7zB3qQzEcbB7mU5eL2n9fO0xH98o2tYpM.2s5lR7wE.2F8u7y6X1.,오민우,010-8636-8828,1970-02-15,ROLE_USER,ACTIVE,2026-03-20 00:00:00,2026-03-20 00:00:00,2026-06-23 13:17:00
2134,user_2134@test.com,$2a$10$7zB3qQzEcbB7mU5eL2n9fO0xH98o2tYpM.2s5lR7wE.2F8u7y6X1.,박승아,010-9439-3007,1992-01-08,ROLE_USER,ACTIVE,2024-08-19 00:00:00,2024-08-19 00:00:00,2026-06-05 13:29:00
2135,user_2135@test.com,$2a$10$7zB3qQzEcbB7mU5eL2n9fO0xH98o2tYpM.2s5lR7wE.2F8u7y6X1.,김시현,010-7837-1109,1997-07-10,ROLE_USER,ACTIVE,2024-09-22 00:00:00,2024-09-22 00:00:00,2026-06-22 09:11:00
2136,user_2136@test.com,$2a$10$7zB3qQzEcbB7mU5eL2n9fO0xH98o2tYpM.2s5lR7wE.2F8u7y6X1.,김하아,010-2999-8546,1971-04-19,ROLE_USER,ACTIVE,2025-12-18 00:00:00,2025-12-18 00:00:00,2026-06-28 19:03:00
2137,user_2137@test.com,$2a$10$7zB3qQzEcbB7mU5eL2n9fO0xH98o2tYpM.2s5lR7wE.2F8u7y6X1.,한은원,010-5862-5732,1989-08-13,ROLE_USER,ACTIVE,2024-09-06 00:00:00,2024-09-06 00:00:00,2026-06-30 22:02:00
2138,user_2138@test.com,$2a$10$7zB3qQzEcbB7mU5eL2n9fO0xH98o2tYpM.2s5lR7wE.2F8u7y6X1.,한민인,010-9037-3663,2004-09-17,ROLE_USER,ACTIVE,2025-09-15 00:00:00,2025-09-15 00:00:00,2026-06-24 09:58:00
2139,user_2139@test.com,$2a$10$7zB3qQzEcbB7mU5eL2n9fO0xH98o2tYpM.2s5lR7wE.2F8u7y6X1.,박하준,010-9519-5889,1983-01-10,ROLE_USER,ACTIVE,2025-05-12 00:00:00,2025-05-12 00:00:00,2026-06-22 16:08:00
2140,user_2140@test.com,$2a$10$7zB3qQzEcbB7mU5eL2n9fO0xH98o2tYpM.2s5lR7wE.2F8u7y6X1.,임승아,010-1913-9181,1996-01-23,ROLE_USER,ACTIVE,2025-03-14 00:00:00,2025-03-14 00:00:00,2026-06-30 11:54:00
2141,user_2141@test.com,$2a$10$7zB3qQzEcbB7mU5eL2n9fO0xH98o2tYpM.2s5lR7wE.2F8u7y6X1.,강서원,010-7410-4778,1989-04-05,ROLE_USER,ACTIVE,2025-03-12 00:00:00,2025-03-12 00:00:00,2026-06-24 20:18:00
2142,user_2142@test.com,$2a$10$7zB3qQzEcbB7mU5eL2n9fO0xH98o2tYpM.2s5lR7wE.2F8u7y6X1.,안지아,010-6742-3103,2001-07-28,ROLE_USER,ACTIVE,2026-04-02 00:00:00,2026-04-02 00:00:00,2026-06-25 21:15:00
2143,user_2143@test.com,$2a$10$7zB3qQzEcbB7mU5eL2n9fO0xH98o2tYpM.2s5lR7wE.2F8u7y6X1.,임주혁,010-4435-3801,1976-06-25,ROLE_USER,ACTIVE,2026-04-17 00:00:00,2026-04-17 00:00:00,2026-06-30 20:41:00
2144,user_2144@test.com,$2a$10$7zB3qQzEcbB7mU5eL2n9fO0xH98o2tYpM.2s5lR7wE.2F8u7y6X1.,권예원,010-4897-9670,1992-06-26,ROLE_USER,ACTIVE,2025-10-12 00:00:00,2025-10-12 00:00:00,2026-06-22 11:23:00
2145,user_2145@test.com,$2a$10$7zB3qQzEcbB7mU5eL2n9fO0xH98o2tYpM.2s5lR7wE.2F8u7y6X1.,장서인,010-1494-8724,1997-06-23,ROLE_USER,ACTIVE,2026-05-13 00:00:00,2026-05-13 00:00:00,2026-06-01 18:53:00
2146,user_2146@test.com,$2a$10$7zB3qQzEcbB7mU5eL2n9fO0xH98o2tYpM.2s5lR7wE.2F8u7y6X1.,전주현,010-3165-1043,1986-04-05,ROLE_USER,ACTIVE,2025-04-14 00:00:00,2025-04-14 00:00:00,2026-06-28 10:57:00
2147,user_2147@test.com,$2a$10$7zB3qQzEcbB7mU5eL2n9fO0xH98o2tYpM.2s5lR7wE.2F8u7y6X1.,정현아,010-8419-1135,1978-03-04,ROLE_USER,ACTIVE,2024-09-13 00:00:00,2024-09-13 00:00:00,2026-07-02 18:14:00
2148,user_2148@test.com,$2a$10$7zB3qQzEcbB7mU5eL2n9fO0xH98o2tYpM.2s5lR7wE.2F8u7y6X1.,송은율,010-8764-1969,1978-09-17,ROLE_USER,ACTIVE,2024-07-20 00:00:00,2024-07-20 00:00:00,2026-06-23 18:11:00
2149,user_2149@test.com,$2a$10$7zB3qQzEcbB7mU5eL2n9fO0xH98o2tYpM.2s5lR7wE.2F8u7y6X1.,오지준,010-7938-2878,1997-01-02,ROLE_USER,ACTIVE,2025-09-26 00:00:00,2025-09-26 00:00:00,2026-06-26 08:48:00
2150,user_2150@test.com,$2a$10$7zB3qQzEcbB7mU5eL2n9fO0xH98o2tYpM.2s5lR7wE.2F8u7y6X1.,서은아,010-9121-8764,1988-02-01,ROLE_USER,ACTIVE,2024-12-13 00:00:00,2024-12-13 00:00:00,2026-06-28 18:41:00
2151,user_2151@test.com,$2a$10$7zB3qQzEcbB7mU5eL2n9fO0xH98o2tYpM.2s5lR7wE.2F8u7y6X1.,윤하영,010-4140-8935,1991-04-05,ROLE_USER,ACTIVE,2025-10-25 00:00:00,2025-10-25 00:00:00,2026-06-12 15:13:00
2152,user_2152@test.com,$2a$10$7zB3qQzEcbB7mU5eL2n9fO0xH98o2tYpM.2s5lR7wE.2F8u7y6X1.,권하원,010-8721-3628,1988-03-04,ROLE_USER,ACTIVE,2026-05-05 00:00:00,2026-05-05 00:00:00,2026-05-16 21:10:00
2153,user_2153@test.com,$2a$10$7zB3qQzEcbB7mU5eL2n9fO0xH98o2tYpM.2s5lR7wE.2F8u7y6X1.,윤승현,010-2470-8192,1971-12-09,ROLE_USER,ACTIVE,2025-06-08 00:00:00,2025-06-08 00:00:00,2026-04-23 19:18:00
2154,user_2154@test.com,$2a$10$7zB3qQzEcbB7mU5eL2n9fO0xH98o2tYpM.2s5lR7wE.2F8u7y6X1.,송승현,010-2455-2353,1983-09-02,ROLE_USER,ACTIVE,2024-07-04 00:00:00,2024-07-04 00:00:00,2026-06-30 16:03:00
2155,user_2155@test.com,$2a$10$7zB3qQzEcbB7mU5eL2n9fO0xH98o2tYpM.2s5lR7wE.2F8u7y6X1.,임예원,010-3145-8364,2004-02-16,ROLE_USER,ACTIVE,2024-04-25 00:00:00,2024-04-25 00:00:00,2026-06-28 20:20:00
2156,user_2156@test.com,$2a$10$7zB3qQzEcbB7mU5eL2n9fO0xH98o2tYpM.2s5lR7wE.2F8u7y6X1.,김민혁,010-2816-1554,1982-08-28,ROLE_USER,ACTIVE,2026-05-03 00:00:00,2026-05-03 00:00:00,2026-07-01 10:47:00
2157,user_2157@test.com,$2a$10$7zB3qQzEcbB7mU5eL2n9fO0xH98o2tYpM.2s5lR7wE.2F8u7y6X1.,강하영,010-5692-2290,1984-07-25,ROLE_USER,ACTIVE,2025-07-03 00:00:00,2025-07-03 00:00:00,2026-06-25 09:25:00
2158,user_2158@test.com,$2a$10$7zB3qQzEcbB7mU5eL2n9fO0xH98o2tYpM.2s5lR7wE.2F8u7y6X1.,이현빈,010-4815-2163,1978-08-16,ROLE_USER,ACTIVE,2024-12-25 00:00:00,2024-12-25 00:00:00,2026-06-27 18:14:00
2159,user_2159@test.com,$2a$10$7zB3qQzEcbB7mU5eL2n9fO0xH98o2tYpM.2s5lR7wE.2F8u7y6X1.,전민인,010-8074-6363,1997-11-09,ROLE_USER,ACTIVE,2026-03-06 00:00:00,2026-03-06 00:00:00,2026-06-09 15:04:00
2160,user_2160@test.com,$2a$10$7zB3qQzEcbB7mU5eL2n9fO0xH98o2tYpM.2s5lR7wE.2F8u7y6X1.,황지현,010-4629-2180,2003-09-20,ROLE_USER,ACTIVE,2026-05-24 00:00:00,2026-05-24 00:00:00,2026-06-04 17:01:00
2161,user_2161@test.com,$2a$10$7zB3qQzEcbB7mU5eL2n9fO0xH98o2tYpM.2s5lR7wE.2F8u7y6X1.,오예혁,010-1184-7141,1972-02-18,ROLE_USER,ACTIVE,2023-11-08 00:00:00,2023-11-08 00:00:00,2026-06-21 20:31:00
2162,user_2162@test.com,$2a$10$7zB3qQzEcbB7mU5eL2n9fO0xH98o2tYpM.2s5lR7wE.2F8u7y6X1.,황민인,010-2406-9143,1986-05-17,ROLE_USER,ACTIVE,2025-02-04 00:00:00,2025-02-04 00:00:00,2026-07-02 09:30:00
2163,user_2163@test.com,$2a$10$7zB3qQzEcbB7mU5eL2n9fO0xH98o2tYpM.2s5lR7wE.2F8u7y6X1.,김주현,010-3991-4993,2000-05-20,ROLE_USER,ACTIVE,2024-08-03 00:00:00,2024-08-03 00:00:00,2026-06-24 10:33:00
2164,user_2164@test.com,$2a$10$7zB3qQzEcbB7mU5eL2n9fO0xH98o2tYpM.2s5lR7wE.2F8u7y6X1.,윤승아,010-4257-1404,1982-04-16,ROLE_USER,ACTIVE,2024-02-13 00:00:00,2024-02-13 00:00:00,2026-06-21 19:21:00
2165,user_2165@test.com,$2a$10$7zB3qQzEcbB7mU5eL2n9fO0xH98o2tYpM.2s5lR7wE.2F8u7y6X1.,이태수,010-3729-7322,1998-07-05,ROLE_USER,ACTIVE,2025-01-04 00:00:00,2025-01-04 00:00:00,2026-06-20 22:26:00
2166,user_2166@test.com,$2a$10$7zB3qQzEcbB7mU5eL2n9fO0xH98o2tYpM.2s5lR7wE.2F8u7y6X1.,오하원,010-3837-2659,1985-02-18,ROLE_USER,ACTIVE,2023-12-23 00:00:00,2023-12-23 00:00:00,2026-06-18 16:27:00
2167,user_2167@test.com,$2a$10$7zB3qQzEcbB7mU5eL2n9fO0xH98o2tYpM.2s5lR7wE.2F8u7y6X1.,오승인,010-5322-9804,1993-04-20,ROLE_USER,ACTIVE,2023-12-18 00:00:00,2023-12-18 00:00:00,2026-06-20 15:18:00
2168,user_2168@test.com,$2a$10$7zB3qQzEcbB7mU5eL2n9fO0xH98o2tYpM.2s5lR7wE.2F8u7y6X1.,임은준,010-4291-5160,1978-05-07,ROLE_USER,ACTIVE,2024-09-23 00:00:00,2024-09-23 00:00:00,2026-06-25 10:24:00
2169,user_2169@test.com,$2a$10$7zB3qQzEcbB7mU5eL2n9fO0xH98o2tYpM.2s5lR7wE.2F8u7y6X1.,임도혁,010-4445-1104,1980-07-08,ROLE_USER,ACTIVE,2024-09-09 00:00:00,2024-09-09 00:00:00,2026-06-21 12:07:00
2170,user_2170@test.com,$2a$10$7zB3qQzEcbB7mU5eL2n9fO0xH98o2tYpM.2s5lR7wE.2F8u7y6X1.,안은영,010-1178-2149,1993-05-11,ROLE_USER,ACTIVE,2024-02-15 00:00:00,2024-02-15 00:00:00,2026-07-01 17:14:00
2171,user_2171@test.com,$2a$10$7zB3qQzEcbB7mU5eL2n9fO0xH98o2tYpM.2s5lR7wE.2F8u7y6X1.,강하영,010-9179-6193,1999-08-26,ROLE_USER,ACTIVE,2026-04-19 00:00:00,2026-04-19 00:00:00,2026-06-19 18:48:00
2172,user_2172@test.com,$2a$10$7zB3qQzEcbB7mU5eL2n9fO0xH98o2tYpM.2s5lR7wE.2F8u7y6X1.,김주인,010-6072-6545,1995-12-18,ROLE_USER,ACTIVE,2025-12-20 00:00:00,2025-12-20 00:00:00,2026-06-21 19:44:00
2173,user_2173@test.com,$2a$10$7zB3qQzEcbB7mU5eL2n9fO0xH98o2tYpM.2s5lR7wE.2F8u7y6X1.,권서수,010-9401-1363,1999-02-01,ROLE_USER,ACTIVE,2026-05-14 00:00:00,2026-05-14 00:00:00,2026-05-20 14:22:00
2174,user_2174@test.com,$2a$10$7zB3qQzEcbB7mU5eL2n9fO0xH98o2tYpM.2s5lR7wE.2F8u7y6X1.,임주아,010-3187-4304,1972-03-14,ROLE_USER,ACTIVE,2024-05-18 00:00:00,2024-05-18 00:00:00,2026-06-08 09:16:00
2175,user_2175@test.com,$2a$10$7zB3qQzEcbB7mU5eL2n9fO0xH98o2tYpM.2s5lR7wE.2F8u7y6X1.,정민수,010-7464-6870,1988-03-02,ROLE_USER,ACTIVE,2023-11-05 00:00:00,2023-11-05 00:00:00,2026-06-18 15:36:00
2176,user_2176@test.com,$2a$10$7zB3qQzEcbB7mU5eL2n9fO0xH98o2tYpM.2s5lR7wE.2F8u7y6X1.,안서율,010-4385-5905,1995-08-12,ROLE_USER,ACTIVE,2023-12-18 00:00:00,2023-12-18 00:00:00,2026-06-24 11:49:00
2177,user_2177@test.com,$2a$10$7zB3qQzEcbB7mU5eL2n9fO0xH98o2tYpM.2s5lR7wE.2F8u7y6X1.,권태영,010-3758-4799,1987-08-28,ROLE_USER,ACTIVE,2024-10-21 00:00:00,2024-10-21 00:00:00,2026-06-04 14:45:00
2178,user_2178@test.com,$2a$10$7zB3qQzEcbB7mU5eL2n9fO0xH98o2tYpM.2s5lR7wE.2F8u7y6X1.,윤주빈,010-8003-2961,1994-07-22,ROLE_USER,ACTIVE,2024-04-15 00:00:00,2024-04-15 00:00:00,2026-06-29 10:00:00
2179,user_2179@test.com,$2a$10$7zB3qQzEcbB7mU5eL2n9fO0xH98o2tYpM.2s5lR7wE.2F8u7y6X1.,황승수,010-5138-1934,1992-10-16,ROLE_USER,ACTIVE,2025-03-29 00:00:00,2025-03-29 00:00:00,2026-07-02 12:39:00
2180,user_2180@test.com,$2a$10$7zB3qQzEcbB7mU5eL2n9fO0xH98o2tYpM.2s5lR7wE.2F8u7y6X1.,홍지원,010-2393-3036,1971-07-26,ROLE_USER,ACTIVE,2025-04-02 00:00:00,2025-04-02 00:00:00,2026-06-26 09:22:00
2181,user_2181@test.com,$2a$10$7zB3qQzEcbB7mU5eL2n9fO0xH98o2tYpM.2s5lR7wE.2F8u7y6X1.,강은아,010-8456-3039,1993-07-11,ROLE_USER,ACTIVE,2026-01-01 00:00:00,2026-01-01 00:00:00,2026-07-02 18:12:00
2182,user_2182@test.com,$2a$10$7zB3qQzEcbB7mU5eL2n9fO0xH98o2tYpM.2s5lR7wE.2F8u7y6X1.,송민율,010-5362-8101,1979-05-22,ROLE_USER,ACTIVE,2025-06-07 00:00:00,2025-06-07 00:00:00,2026-06-27 15:30:00
2183,user_2183@test.com,$2a$10$7zB3qQzEcbB7mU5eL2n9fO0xH98o2tYpM.2s5lR7wE.2F8u7y6X1.,윤은원,010-1881-3473,1984-04-18,ROLE_USER,ACTIVE,2024-11-14 00:00:00,2024-11-14 00:00:00,2026-06-26 18:29:00
2184,user_2184@test.com,$2a$10$7zB3qQzEcbB7mU5eL2n9fO0xH98o2tYpM.2s5lR7wE.2F8u7y6X1.,서현아,010-2772-5329,1994-11-06,ROLE_USER,ACTIVE,2025-08-16 00:00:00,2025-08-16 00:00:00,2026-06-25 22:05:00
2185,user_2185@test.com,$2a$10$7zB3qQzEcbB7mU5eL2n9fO0xH98o2tYpM.2s5lR7wE.2F8u7y6X1.,조태현,010-8384-9583,1990-12-02,ROLE_USER,ACTIVE,2024-01-26 00:00:00,2024-01-26 00:00:00,2026-06-26 21:20:00
2186,user_2186@test.com,$2a$10$7zB3qQzEcbB7mU5eL2n9fO0xH98o2tYpM.2s5lR7wE.2F8u7y6X1.,김서우,010-1399-7305,1989-02-06,ROLE_USER,ACTIVE,2025-05-07 00:00:00,2025-05-07 00:00:00,2026-06-28 15:31:00
2187,user_2187@test.com,$2a$10$7zB3qQzEcbB7mU5eL2n9fO0xH98o2tYpM.2s5lR7wE.2F8u7y6X1.,강시인,010-8451-6080,1996-09-11,ROLE_USER,ACTIVE,2024-11-25 00:00:00,2024-11-25 00:00:00,2026-06-23 22:29:00
2188,user_2188@test.com,$2a$10$7zB3qQzEcbB7mU5eL2n9fO0xH98o2tYpM.2s5lR7wE.2F8u7y6X1.,한하율,010-5637-8826,1977-02-11,ROLE_USER,ACTIVE,2024-11-08 00:00:00,2024-11-08 00:00:00,2026-06-26 20:12:00
2189,user_2189@test.com,$2a$10$7zB3qQzEcbB7mU5eL2n9fO0xH98o2tYpM.2s5lR7wE.2F8u7y6X1.,안서우,010-2017-6840,1989-01-01,ROLE_USER,ACTIVE,2024-04-16 00:00:00,2024-04-16 00:00:00,2026-06-21 21:09:00
2190,user_2190@test.com,$2a$10$7zB3qQzEcbB7mU5eL2n9fO0xH98o2tYpM.2s5lR7wE.2F8u7y6X1.,황승율,010-7756-8894,1980-05-01,ROLE_USER,ACTIVE,2023-10-08 00:00:00,2023-10-08 00:00:00,2026-06-29 16:24:00
2191,user_2191@test.com,$2a$10$7zB3qQzEcbB7mU5eL2n9fO0xH98o2tYpM.2s5lR7wE.2F8u7y6X1.,서승혁,010-6789-4303,1976-10-18,ROLE_USER,ACTIVE,2024-08-15 00:00:00,2024-08-15 00:00:00,2026-06-21 11:33:00
2192,user_2192@test.com,$2a$10$7zB3qQzEcbB7mU5eL2n9fO0xH98o2tYpM.2s5lR7wE.2F8u7y6X1.,최민수,010-5941-8175,1999-04-07,ROLE_USER,ACTIVE,2025-08-01 00:00:00,2025-08-01 00:00:00,2026-06-22 14:01:00
2193,user_2193@test.com,$2a$10$7zB3qQzEcbB7mU5eL2n9fO0xH98o2tYpM.2s5lR7wE.2F8u7y6X1.,권주인,010-7020-5039,1975-01-16,ROLE_USER,ACTIVE,2025-12-16 00:00:00,2025-12-16 00:00:00,2026-06-19 11:36:00
2194,user_2194@test.com,$2a$10$7zB3qQzEcbB7mU5eL2n9fO0xH98o2tYpM.2s5lR7wE.2F8u7y6X1.,임서아,010-8878-7051,1986-02-09,ROLE_USER,ACTIVE,2024-11-10 00:00:00,2024-11-10 00:00:00,2026-07-02 15:52:00
2195,user_2195@test.com,$2a$10$7zB3qQzEcbB7mU5eL2n9fO0xH98o2tYpM.2s5lR7wE.2F8u7y6X1.,강주아,010-1935-4231,2004-09-01,ROLE_USER,ACTIVE,2024-11-28 00:00:00,2024-11-28 00:00:00,2026-07-02 13:10:00
2196,user_2196@test.com,$2a$10$7zB3qQzEcbB7mU5eL2n9fO0xH98o2tYpM.2s5lR7wE.2F8u7y6X1.,홍하수,010-6870-6580,1974-03-01,ROLE_USER,ACTIVE,2023-11-06 00:00:00,2023-11-06 00:00:00,2026-06-27 12:59:00
2197,user_2197@test.com,$2a$10$7zB3qQzEcbB7mU5eL2n9fO0xH98o2tYpM.2s5lR7wE.2F8u7y6X1.,이민혁,010-8776-6796,1995-08-28,ROLE_USER,ACTIVE,2025-12-04 00:00:00,2025-12-04 00:00:00,2026-06-22 18:35:00
2198,user_2198@test.com,$2a$10$7zB3qQzEcbB7mU5eL2n9fO0xH98o2tYpM.2s5lR7wE.2F8u7y6X1.,안민빈,010-8517-1532,1972-02-05,ROLE_USER,ACTIVE,2025-12-11 00:00:00,2025-12-11 00:00:00,2026-06-27 11:17:00
2199,user_2199@test.com,$2a$10$7zB3qQzEcbB7mU5eL2n9fO0xH98o2tYpM.2s5lR7wE.2F8u7y6X1.,송승우,010-1576-2491,1977-07-07,ROLE_USER,ACTIVE,2026-03-23 00:00:00,2026-03-23 00:00:00,2026-06-29 08:33:00
2200,user_2200@test.com,$2a$10$7zB3qQzEcbB7mU5eL2n9fO0xH98o2tYpM.2s5lR7wE.2F8u7y6X1.,조예아,010-3261-8355,1973-02-12,ROLE_USER,ACTIVE,2025-04-24 00:00:00,2025-04-24 00:00:00,2026-07-01 16:01:00
2201,user_2201@test.com,$2a$10$7zB3qQzEcbB7mU5eL2n9fO0xH98o2tYpM.2s5lR7wE.2F8u7y6X1.,안하영,010-4157-5726,1990-07-02,ROLE_USER,ACTIVE,2024-11-14 00:00:00,2024-11-14 00:00:00,2026-06-21 09:38:00
2202,user_2202@test.com,$2a$10$7zB3qQzEcbB7mU5eL2n9fO0xH98o2tYpM.2s5lR7wE.2F8u7y6X1.,최은혁,010-5306-8185,1978-09-10,ROLE_USER,ACTIVE,2024-02-18 00:00:00,2024-02-18 00:00:00,2026-06-22 12:24:00
2203,user_2203@test.com,$2a$10$7zB3qQzEcbB7mU5eL2n9fO0xH98o2tYpM.2s5lR7wE.2F8u7y6X1.,황은아,010-5073-3752,1971-12-12,ROLE_USER,ACTIVE,2025-08-26 00:00:00,2025-08-26 00:00:00,2026-06-22 18:46:00
2204,user_2204@test.com,$2a$10$7zB3qQzEcbB7mU5eL2n9fO0xH98o2tYpM.2s5lR7wE.2F8u7y6X1.,한주영,010-9832-6640,2004-04-19,ROLE_USER,ACTIVE,2024-10-19 00:00:00,2024-10-19 00:00:00,2026-06-26 11:33:00
2205,user_2205@test.com,$2a$10$7zB3qQzEcbB7mU5eL2n9fO0xH98o2tYpM.2s5lR7wE.2F8u7y6X1.,서지율,010-5380-2844,1984-04-11,ROLE_USER,ACTIVE,2026-01-22 00:00:00,2026-01-22 00:00:00,2026-06-19 17:22:00
2206,user_2206@test.com,$2a$10$7zB3qQzEcbB7mU5eL2n9fO0xH98o2tYpM.2s5lR7wE.2F8u7y6X1.,윤서빈,010-3941-8584,1999-09-13,ROLE_USER,ACTIVE,2024-07-15 00:00:00,2024-07-15 00:00:00,2026-06-18 16:24:00
2207,user_2207@test.com,$2a$10$7zB3qQzEcbB7mU5eL2n9fO0xH98o2tYpM.2s5lR7wE.2F8u7y6X1.,황태현,010-7297-8443,1993-07-17,ROLE_USER,ACTIVE,2025-12-04 00:00:00,2025-12-04 00:00:00,2026-06-18 19:12:00
2208,user_2208@test.com,$2a$10$7zB3qQzEcbB7mU5eL2n9fO0xH98o2tYpM.2s5lR7wE.2F8u7y6X1.,안민율,010-9483-6281,1993-07-18,ROLE_USER,ACTIVE,2026-04-10 00:00:00,2026-04-10 00:00:00,2026-06-18 19:44:00
2209,user_2209@test.com,$2a$10$7zB3qQzEcbB7mU5eL2n9fO0xH98o2tYpM.2s5lR7wE.2F8u7y6X1.,정서영,010-4576-5982,1996-07-12,ROLE_USER,ACTIVE,2025-01-27 00:00:00,2025-01-27 00:00:00,2026-04-10 16:30:00
2210,user_2210@test.com,$2a$10$7zB3qQzEcbB7mU5eL2n9fO0xH98o2tYpM.2s5lR7wE.2F8u7y6X1.,안민우,010-1842-6403,1994-12-09,ROLE_USER,ACTIVE,2024-05-02 00:00:00,2024-05-02 00:00:00,2026-06-24 22:07:00
2211,user_2211@test.com,$2a$10$7zB3qQzEcbB7mU5eL2n9fO0xH98o2tYpM.2s5lR7wE.2F8u7y6X1.,정시율,010-7146-5987,1975-09-10,ROLE_USER,ACTIVE,2024-09-16 00:00:00,2024-09-16 00:00:00,2026-06-27 09:47:00
2212,user_2212@test.com,$2a$10$7zB3qQzEcbB7mU5eL2n9fO0xH98o2tYpM.2s5lR7wE.2F8u7y6X1.,이예빈,010-4920-6276,1980-03-26,ROLE_USER,ACTIVE,2024-09-03 00:00:00,2024-09-03 00:00:00,2026-06-27 17:53:00
2213,user_2213@test.com,$2a$10$7zB3qQzEcbB7mU5eL2n9fO0xH98o2tYpM.2s5lR7wE.2F8u7y6X1.,김태빈,010-4659-6675,2000-09-17,ROLE_USER,ACTIVE,2024-08-25 00:00:00,2024-08-25 00:00:00,2026-07-02 10:24:00
2214,user_2214@test.com,$2a$10$7zB3qQzEcbB7mU5eL2n9fO0xH98o2tYpM.2s5lR7wE.2F8u7y6X1.,송지수,010-7495-1265,1998-04-22,ROLE_USER,ACTIVE,2024-01-08 00:00:00,2024-01-08 00:00:00,2026-06-24 14:45:00
2215,user_2215@test.com,$2a$10$7zB3qQzEcbB7mU5eL2n9fO0xH98o2tYpM.2s5lR7wE.2F8u7y6X1.,정예준,010-2319-8723,1999-01-13,ROLE_USER,ACTIVE,2026-04-16 00:00:00,2026-04-16 00:00:00,2026-06-22 19:41:00
2216,user_2216@test.com,$2a$10$7zB3qQzEcbB7mU5eL2n9fO0xH98o2tYpM.2s5lR7wE.2F8u7y6X1.,최은율,010-9826-2001,1980-07-04,ROLE_USER,ACTIVE,2024-07-26 00:00:00,2024-07-26 00:00:00,2026-06-20 17:50:00
2217,user_2217@test.com,$2a$10$7zB3qQzEcbB7mU5eL2n9fO0xH98o2tYpM.2s5lR7wE.2F8u7y6X1.,서시현,010-4891-3960,1997-12-02,ROLE_USER,ACTIVE,2026-01-21 00:00:00,2026-01-21 00:00:00,2026-06-30 11:08:00
2218,user_2218@test.com,$2a$10$7zB3qQzEcbB7mU5eL2n9fO0xH98o2tYpM.2s5lR7wE.2F8u7y6X1.,윤승율,010-6572-5187,1982-07-16,ROLE_USER,ACTIVE,2025-12-17 00:00:00,2025-12-17 00:00:00,2026-06-29 19:03:00
2219,user_2219@test.com,$2a$10$7zB3qQzEcbB7mU5eL2n9fO0xH98o2tYpM.2s5lR7wE.2F8u7y6X1.,박서아,010-1370-3321,2000-04-04,ROLE_USER,ACTIVE,2024-02-25 00:00:00,2024-02-25 00:00:00,2026-06-30 21:29:00
2220,user_2220@test.com,$2a$10$7zB3qQzEcbB7mU5eL2n9fO0xH98o2tYpM.2s5lR7wE.2F8u7y6X1.,윤서수,010-5839-2565,1981-02-13,ROLE_USER,ACTIVE,2024-11-26 00:00:00,2024-11-26 00:00:00,2026-06-22 17:38:00
2221,user_2221@test.com,$2a$10$7zB3qQzEcbB7mU5eL2n9fO0xH98o2tYpM.2s5lR7wE.2F8u7y6X1.,윤현혁,010-1257-6496,1978-11-15,ROLE_USER,ACTIVE,2025-06-14 00:00:00,2025-06-14 00:00:00,2026-07-02 16:25:00
2222,user_2222@test.com,$2a$10$7zB3qQzEcbB7mU5eL2n9fO0xH98o2tYpM.2s5lR7wE.2F8u7y6X1.,전지인,010-3283-7280,1990-05-14,ROLE_USER,ACTIVE,2023-11-30 00:00:00,2023-11-30 00:00:00,2026-06-29 20:51:00
2223,user_2223@test.com,$2a$10$7zB3qQzEcbB7mU5eL2n9fO0xH98o2tYpM.2s5lR7wE.2F8u7y6X1.,전태현,010-7957-7167,1978-05-05,ROLE_USER,ACTIVE,2026-01-20 00:00:00,2026-01-20 00:00:00,2026-06-20 21:14:00
2224,user_2224@test.com,$2a$10$7zB3qQzEcbB7mU5eL2n9fO0xH98o2tYpM.2s5lR7wE.2F8u7y6X1.,정시영,010-7932-4336,1971-08-09,ROLE_USER,ACTIVE,2023-10-20 00:00:00,2023-10-20 00:00:00,2026-07-02 11:32:00
2225,user_2225@test.com,$2a$10$7zB3qQzEcbB7mU5eL2n9fO0xH98o2tYpM.2s5lR7wE.2F8u7y6X1.,안민준,010-4034-4645,1975-03-05,ROLE_USER,ACTIVE,2025-09-18 00:00:00,2025-09-18 00:00:00,2026-06-24 18:30:00
2226,user_2226@test.com,$2a$10$7zB3qQzEcbB7mU5eL2n9fO0xH98o2tYpM.2s5lR7wE.2F8u7y6X1.,조서혁,010-2087-8508,1996-01-20,ROLE_USER,ACTIVE,2026-02-14 00:00:00,2026-02-14 00:00:00,2026-06-29 18:15:00
2227,user_2227@test.com,$2a$10$7zB3qQzEcbB7mU5eL2n9fO0xH98o2tYpM.2s5lR7wE.2F8u7y6X1.,강현현,010-4564-4306,1985-07-04,ROLE_USER,ACTIVE,2024-02-11 00:00:00,2024-02-11 00:00:00,2026-06-27 16:05:00
2228,user_2228@test.com,$2a$10$7zB3qQzEcbB7mU5eL2n9fO0xH98o2tYpM.2s5lR7wE.2F8u7y6X1.,장시아,010-8237-6755,1986-06-21,ROLE_USER,ACTIVE,2024-02-28 00:00:00,2024-02-28 00:00:00,2026-06-24 21:05:00
2229,user_2229@test.com,$2a$10$7zB3qQzEcbB7mU5eL2n9fO0xH98o2tYpM.2s5lR7wE.2F8u7y6X1.,안시원,010-8198-3473,1991-03-08,ROLE_USER,ACTIVE,2026-03-10 00:00:00,2026-03-10 00:00:00,2026-06-19 13:01:00
2230,user_2230@test.com,$2a$10$7zB3qQzEcbB7mU5eL2n9fO0xH98o2tYpM.2s5lR7wE.2F8u7y6X1.,박현아,010-3178-4606,1994-08-23,ROLE_USER,ACTIVE,2025-02-21 00:00:00,2025-02-21 00:00:00,2026-06-22 15:52:00
2231,user_2231@test.com,$2a$10$7zB3qQzEcbB7mU5eL2n9fO0xH98o2tYpM.2s5lR7wE.2F8u7y6X1.,윤서인,010-6063-7414,1971-10-01,ROLE_USER,ACTIVE,2024-03-04 00:00:00,2024-03-04 00:00:00,2026-06-26 12:18:00
2232,user_2232@test.com,$2a$10$7zB3qQzEcbB7mU5eL2n9fO0xH98o2tYpM.2s5lR7wE.2F8u7y6X1.,한시인,010-4630-6495,1970-12-03,ROLE_USER,ACTIVE,2024-08-14 00:00:00,2024-08-14 00:00:00,2026-06-27 16:14:00
2233,user_2233@test.com,$2a$10$7zB3qQzEcbB7mU5eL2n9fO0xH98o2tYpM.2s5lR7wE.2F8u7y6X1.,오민현,010-1213-2935,1978-11-14,ROLE_USER,ACTIVE,2024-12-09 00:00:00,2024-12-09 00:00:00,2026-06-27 10:33:00
2234,user_2234@test.com,$2a$10$7zB3qQzEcbB7mU5eL2n9fO0xH98o2tYpM.2s5lR7wE.2F8u7y6X1.,송은인,010-7348-5909,2002-05-21,ROLE_USER,ACTIVE,2024-11-28 00:00:00,2024-11-28 00:00:00,2026-06-26 13:38:00
2235,user_2235@test.com,$2a$10$7zB3qQzEcbB7mU5eL2n9fO0xH98o2tYpM.2s5lR7wE.2F8u7y6X1.,이민영,010-8630-2113,1973-04-28,ROLE_USER,ACTIVE,2024-05-11 00:00:00,2024-05-11 00:00:00,2026-06-24 18:56:00
2236,user_2236@test.com,$2a$10$7zB3qQzEcbB7mU5eL2n9fO0xH98o2tYpM.2s5lR7wE.2F8u7y6X1.,이승아,010-1451-7290,1988-07-18,ROLE_USER,ACTIVE,2025-03-31 00:00:00,2025-03-31 00:00:00,2026-06-17 13:25:00
2237,user_2237@test.com,$2a$10$7zB3qQzEcbB7mU5eL2n9fO0xH98o2tYpM.2s5lR7wE.2F8u7y6X1.,황도수,010-3272-7760,1979-02-22,ROLE_USER,ACTIVE,2024-04-19 00:00:00,2024-04-19 00:00:00,2026-07-01 15:11:00
2238,user_2238@test.com,$2a$10$7zB3qQzEcbB7mU5eL2n9fO0xH98o2tYpM.2s5lR7wE.2F8u7y6X1.,송하율,010-8205-9128,1989-01-14,ROLE_USER,ACTIVE,2024-08-17 00:00:00,2024-08-17 00:00:00,2026-07-01 10:30:00
2239,user_2239@test.com,$2a$10$7zB3qQzEcbB7mU5eL2n9fO0xH98o2tYpM.2s5lR7wE.2F8u7y6X1.,송승영,010-8966-1906,1991-11-07,ROLE_USER,ACTIVE,2024-11-24 00:00:00,2024-11-24 00:00:00,2026-06-11 15:13:00
2240,user_2240@test.com,$2a$10$7zB3qQzEcbB7mU5eL2n9fO0xH98o2tYpM.2s5lR7wE.2F8u7y6X1.,최하준,010-9362-4346,1989-11-05,ROLE_USER,ACTIVE,2026-04-26 00:00:00,2026-04-26 00:00:00,2026-05-17 09:25:00
2241,user_2241@test.com,$2a$10$7zB3qQzEcbB7mU5eL2n9fO0xH98o2tYpM.2s5lR7wE.2F8u7y6X1.,조태수,010-7090-5004,2002-03-28,ROLE_USER,ACTIVE,2026-04-07 00:00:00,2026-04-07 00:00:00,2026-06-21 19:19:00
2242,user_2242@test.com,$2a$10$7zB3qQzEcbB7mU5eL2n9fO0xH98o2tYpM.2s5lR7wE.2F8u7y6X1.,서하준,010-8478-4673,1971-06-14,ROLE_USER,ACTIVE,2024-03-05 00:00:00,2024-03-05 00:00:00,2026-06-12 22:22:00
2243,user_2243@test.com,$2a$10$7zB3qQzEcbB7mU5eL2n9fO0xH98o2tYpM.2s5lR7wE.2F8u7y6X1.,한승원,010-3891-9832,1980-07-15,ROLE_USER,ACTIVE,2025-04-05 00:00:00,2025-04-05 00:00:00,2026-06-21 22:00:00
2244,user_2244@test.com,$2a$10$7zB3qQzEcbB7mU5eL2n9fO0xH98o2tYpM.2s5lR7wE.2F8u7y6X1.,조승우,010-1147-1270,1985-11-02,ROLE_USER,ACTIVE,2024-08-27 00:00:00,2024-08-27 00:00:00,2026-06-21 22:17:00
2245,user_2245@test.com,$2a$10$7zB3qQzEcbB7mU5eL2n9fO0xH98o2tYpM.2s5lR7wE.2F8u7y6X1.,한서준,010-1376-2592,1997-11-01,ROLE_USER,ACTIVE,2023-10-09 00:00:00,2023-10-09 00:00:00,2026-06-29 22:36:00
2246,user_2246@test.com,$2a$10$7zB3qQzEcbB7mU5eL2n9fO0xH98o2tYpM.2s5lR7wE.2F8u7y6X1.,홍하율,010-8689-3778,1991-01-02,ROLE_USER,ACTIVE,2025-12-18 00:00:00,2025-12-18 00:00:00,2026-06-22 14:17:00
2247,user_2247@test.com,$2a$10$7zB3qQzEcbB7mU5eL2n9fO0xH98o2tYpM.2s5lR7wE.2F8u7y6X1.,신주원,010-3128-1155,1979-08-04,ROLE_USER,ACTIVE,2024-04-21 00:00:00,2024-04-21 00:00:00,2026-06-25 13:36:00
2248,user_2248@test.com,$2a$10$7zB3qQzEcbB7mU5eL2n9fO0xH98o2tYpM.2s5lR7wE.2F8u7y6X1.,오주율,010-3580-4849,1991-05-03,ROLE_USER,ACTIVE,2023-12-01 00:00:00,2023-12-01 00:00:00,2026-06-08 17:31:00
2249,user_2249@test.com,$2a$10$7zB3qQzEcbB7mU5eL2n9fO0xH98o2tYpM.2s5lR7wE.2F8u7y6X1.,권도아,010-6330-9860,1981-05-26,ROLE_USER,ACTIVE,2026-05-27 00:00:00,2026-05-27 00:00:00,2026-05-24 17:06:00
2250,user_2250@test.com,$2a$10$7zB3qQzEcbB7mU5eL2n9fO0xH98o2tYpM.2s5lR7wE.2F8u7y6X1.,임승원,010-2468-9727,1990-10-16,ROLE_USER,ACTIVE,2024-10-18 00:00:00,2024-10-18 00:00:00,2026-04-05 12:27:00
2251,user_2251@test.com,$2a$10$7zB3qQzEcbB7mU5eL2n9fO0xH98o2tYpM.2s5lR7wE.2F8u7y6X1.,최승준,010-4337-4026,1993-07-07,ROLE_USER,ACTIVE,2025-11-23 00:00:00,2025-11-23 00:00:00,2026-06-22 18:35:00
2252,user_2252@test.com,$2a$10$7zB3qQzEcbB7mU5eL2n9fO0xH98o2tYpM.2s5lR7wE.2F8u7y6X1.,송은수,010-5963-2722,2002-10-09,ROLE_USER,ACTIVE,2026-03-18 00:00:00,2026-03-18 00:00:00,2026-07-02 19:55:00
2253,user_2253@test.com,$2a$10$7zB3qQzEcbB7mU5eL2n9fO0xH98o2tYpM.2s5lR7wE.2F8u7y6X1.,윤태율,010-6837-3188,1978-07-25,ROLE_USER,ACTIVE,2024-04-24 00:00:00,2024-04-24 00:00:00,2026-06-29 16:35:00
2254,user_2254@test.com,$2a$10$7zB3qQzEcbB7mU5eL2n9fO0xH98o2tYpM.2s5lR7wE.2F8u7y6X1.,안지인,010-2595-6112,2002-01-22,ROLE_USER,ACTIVE,2025-12-10 00:00:00,2025-12-10 00:00:00,2026-06-30 11:42:00
2255,user_2255@test.com,$2a$10$7zB3qQzEcbB7mU5eL2n9fO0xH98o2tYpM.2s5lR7wE.2F8u7y6X1.,오지준,010-1189-3076,1972-11-05,ROLE_USER,ACTIVE,2025-08-18 00:00:00,2025-08-18 00:00:00,2026-06-18 20:36:00
2256,user_2256@test.com,$2a$10$7zB3qQzEcbB7mU5eL2n9fO0xH98o2tYpM.2s5lR7wE.2F8u7y6X1.,임지아,010-7790-9967,2003-10-01,ROLE_USER,ACTIVE,2024-09-16 00:00:00,2024-09-16 00:00:00,2026-06-19 08:34:00
2257,user_2257@test.com,$2a$10$7zB3qQzEcbB7mU5eL2n9fO0xH98o2tYpM.2s5lR7wE.2F8u7y6X1.,윤도영,010-9112-1007,2004-03-11,ROLE_USER,ACTIVE,2024-11-20 00:00:00,2024-11-20 00:00:00,2026-06-25 17:37:00
2258,user_2258@test.com,$2a$10$7zB3qQzEcbB7mU5eL2n9fO0xH98o2tYpM.2s5lR7wE.2F8u7y6X1.,이승우,010-7277-2103,2002-12-11,ROLE_USER,ACTIVE,2025-06-08 00:00:00,2025-06-08 00:00:00,2026-06-28 11:07:00
2259,user_2259@test.com,$2a$10$7zB3qQzEcbB7mU5eL2n9fO0xH98o2tYpM.2s5lR7wE.2F8u7y6X1.,안하아,010-9762-9524,1979-02-15,ROLE_USER,ACTIVE,2024-11-08 00:00:00,2024-11-08 00:00:00,2026-06-23 18:45:00
2260,user_2260@test.com,$2a$10$7zB3qQzEcbB7mU5eL2n9fO0xH98o2tYpM.2s5lR7wE.2F8u7y6X1.,강승영,010-7595-9323,1975-07-21,ROLE_USER,ACTIVE,2026-01-29 00:00:00,2026-01-29 00:00:00,2026-07-01 15:17:00
2261,user_2261@test.com,$2a$10$7zB3qQzEcbB7mU5eL2n9fO0xH98o2tYpM.2s5lR7wE.2F8u7y6X1.,윤하혁,010-5989-6105,1978-03-08,ROLE_USER,ACTIVE,2026-04-18 00:00:00,2026-04-18 00:00:00,2026-06-25 14:04:00
2262,user_2262@test.com,$2a$10$7zB3qQzEcbB7mU5eL2n9fO0xH98o2tYpM.2s5lR7wE.2F8u7y6X1.,한도현,010-7029-8509,1999-10-24,ROLE_USER,ACTIVE,2025-06-10 00:00:00,2025-06-10 00:00:00,2026-06-26 21:04:00
2263,user_2263@test.com,$2a$10$7zB3qQzEcbB7mU5eL2n9fO0xH98o2tYpM.2s5lR7wE.2F8u7y6X1.,김도현,010-5195-6069,1975-08-25,ROLE_USER,ACTIVE,2023-12-28 00:00:00,2023-12-28 00:00:00,2026-06-27 18:40:00
2264,user_2264@test.com,$2a$10$7zB3qQzEcbB7mU5eL2n9fO0xH98o2tYpM.2s5lR7wE.2F8u7y6X1.,최도원,010-2178-9875,1993-04-13,ROLE_USER,ACTIVE,2025-08-07 00:00:00,2025-08-07 00:00:00,2026-04-30 22:48:00
2265,user_2265@test.com,$2a$10$7zB3qQzEcbB7mU5eL2n9fO0xH98o2tYpM.2s5lR7wE.2F8u7y6X1.,최시빈,010-2798-7176,1974-04-05,ROLE_USER,ACTIVE,2024-07-10 00:00:00,2024-07-10 00:00:00,2026-07-02 20:30:00
2266,user_2266@test.com,$2a$10$7zB3qQzEcbB7mU5eL2n9fO0xH98o2tYpM.2s5lR7wE.2F8u7y6X1.,전서원,010-7441-2776,1972-05-27,ROLE_USER,ACTIVE,2024-12-28 00:00:00,2024-12-28 00:00:00,2026-06-26 08:03:00
2267,user_2267@test.com,$2a$10$7zB3qQzEcbB7mU5eL2n9fO0xH98o2tYpM.2s5lR7wE.2F8u7y6X1.,권승빈,010-6761-2159,1978-07-02,ROLE_USER,ACTIVE,2026-05-20 00:00:00,2026-05-20 00:00:00,2026-06-09 14:56:00
2268,user_2268@test.com,$2a$10$7zB3qQzEcbB7mU5eL2n9fO0xH98o2tYpM.2s5lR7wE.2F8u7y6X1.,신도준,010-1843-6513,1973-11-27,ROLE_USER,ACTIVE,2025-11-04 00:00:00,2025-11-04 00:00:00,2026-07-02 16:48:00
2269,user_2269@test.com,$2a$10$7zB3qQzEcbB7mU5eL2n9fO0xH98o2tYpM.2s5lR7wE.2F8u7y6X1.,최태아,010-9234-3807,1988-05-12,ROLE_USER,ACTIVE,2026-03-17 00:00:00,2026-03-17 00:00:00,2026-06-19 15:50:00
2270,user_2270@test.com,$2a$10$7zB3qQzEcbB7mU5eL2n9fO0xH98o2tYpM.2s5lR7wE.2F8u7y6X1.,홍하우,010-2804-7926,1986-03-18,ROLE_USER,ACTIVE,2025-10-18 00:00:00,2025-10-18 00:00:00,2026-06-29 22:27:00
2271,user_2271@test.com,$2a$10$7zB3qQzEcbB7mU5eL2n9fO0xH98o2tYpM.2s5lR7wE.2F8u7y6X1.,강시혁,010-9598-5036,1988-10-16,ROLE_USER,ACTIVE,2025-11-22 00:00:00,2025-11-22 00:00:00,2026-06-29 20:09:00
2272,user_2272@test.com,$2a$10$7zB3qQzEcbB7mU5eL2n9fO0xH98o2tYpM.2s5lR7wE.2F8u7y6X1.,송예현,010-2778-4586,1990-08-10,ROLE_USER,ACTIVE,2025-06-26 00:00:00,2025-06-26 00:00:00,2026-06-30 11:58:00
2273,user_2273@test.com,$2a$10$7zB3qQzEcbB7mU5eL2n9fO0xH98o2tYpM.2s5lR7wE.2F8u7y6X1.,조현혁,010-7015-4064,1992-10-19,ROLE_USER,ACTIVE,2025-11-07 00:00:00,2025-11-07 00:00:00,2026-06-28 20:13:00
2274,user_2274@test.com,$2a$10$7zB3qQzEcbB7mU5eL2n9fO0xH98o2tYpM.2s5lR7wE.2F8u7y6X1.,황서영,010-5141-7278,2004-02-17,ROLE_USER,ACTIVE,2024-09-13 00:00:00,2024-09-13 00:00:00,2026-06-27 19:28:00
2275,user_2275@test.com,$2a$10$7zB3qQzEcbB7mU5eL2n9fO0xH98o2tYpM.2s5lR7wE.2F8u7y6X1.,홍시아,010-3976-6078,1992-07-18,ROLE_USER,ACTIVE,2025-08-28 00:00:00,2025-08-28 00:00:00,2026-06-28 18:51:00
2276,user_2276@test.com,$2a$10$7zB3qQzEcbB7mU5eL2n9fO0xH98o2tYpM.2s5lR7wE.2F8u7y6X1.,황지원,010-8681-8250,1996-09-02,ROLE_USER,ACTIVE,2026-01-29 00:00:00,2026-01-29 00:00:00,2026-06-27 13:53:00
2277,user_2277@test.com,$2a$10$7zB3qQzEcbB7mU5eL2n9fO0xH98o2tYpM.2s5lR7wE.2F8u7y6X1.,한태혁,010-7853-4074,1974-04-03,ROLE_USER,ACTIVE,2023-12-18 00:00:00,2023-12-18 00:00:00,2026-06-04 14:31:00
2278,user_2278@test.com,$2a$10$7zB3qQzEcbB7mU5eL2n9fO0xH98o2tYpM.2s5lR7wE.2F8u7y6X1.,조시영,010-1201-8099,1997-03-04,ROLE_USER,ACTIVE,2025-03-03 00:00:00,2025-03-03 00:00:00,2026-06-28 10:39:00
2279,user_2279@test.com,$2a$10$7zB3qQzEcbB7mU5eL2n9fO0xH98o2tYpM.2s5lR7wE.2F8u7y6X1.,강주아,010-6101-6809,1987-05-15,ROLE_USER,ACTIVE,2024-05-19 00:00:00,2024-05-19 00:00:00,2026-06-26 13:42:00
2280,user_2280@test.com,$2a$10$7zB3qQzEcbB7mU5eL2n9fO0xH98o2tYpM.2s5lR7wE.2F8u7y6X1.,전하수,010-6120-2103,1994-10-19,ROLE_USER,ACTIVE,2025-06-12 00:00:00,2025-06-12 00:00:00,2026-06-22 09:39:00
2281,user_2281@test.com,$2a$10$7zB3qQzEcbB7mU5eL2n9fO0xH98o2tYpM.2s5lR7wE.2F8u7y6X1.,윤시인,010-4645-7512,2003-10-28,ROLE_USER,ACTIVE,2024-03-14 00:00:00,2024-03-14 00:00:00,2026-06-22 20:56:00
2282,user_2282@test.com,$2a$10$7zB3qQzEcbB7mU5eL2n9fO0xH98o2tYpM.2s5lR7wE.2F8u7y6X1.,임도수,010-2856-6971,1997-01-03,ROLE_USER,ACTIVE,2025-04-01 00:00:00,2025-04-01 00:00:00,2026-06-25 18:47:00
2283,user_2283@test.com,$2a$10$7zB3qQzEcbB7mU5eL2n9fO0xH98o2tYpM.2s5lR7wE.2F8u7y6X1.,박은혁,010-5476-6378,1999-08-22,ROLE_USER,ACTIVE,2024-05-19 00:00:00,2024-05-19 00:00:00,2026-06-18 17:23:00
2284,user_2284@test.com,$2a$10$7zB3qQzEcbB7mU5eL2n9fO0xH98o2tYpM.2s5lR7wE.2F8u7y6X1.,이은수,010-8433-6061,1995-02-09,ROLE_USER,ACTIVE,2025-07-14 00:00:00,2025-07-14 00:00:00,2026-06-26 09:58:00
2285,user_2285@test.com,$2a$10$7zB3qQzEcbB7mU5eL2n9fO0xH98o2tYpM.2s5lR7wE.2F8u7y6X1.,정승혁,010-1472-6334,1988-02-27,ROLE_USER,ACTIVE,2026-01-20 00:00:00,2026-01-20 00:00:00,2026-06-26 21:57:00
2286,user_2286@test.com,$2a$10$7zB3qQzEcbB7mU5eL2n9fO0xH98o2tYpM.2s5lR7wE.2F8u7y6X1.,윤지아,010-8578-7646,1993-03-20,ROLE_USER,ACTIVE,2023-11-05 00:00:00,2023-11-05 00:00:00,2026-06-20 17:44:00
2287,user_2287@test.com,$2a$10$7zB3qQzEcbB7mU5eL2n9fO0xH98o2tYpM.2s5lR7wE.2F8u7y6X1.,이예수,010-3958-2953,1982-12-22,ROLE_USER,ACTIVE,2026-01-20 00:00:00,2026-01-20 00:00:00,2026-06-26 16:27:00
2288,user_2288@test.com,$2a$10$7zB3qQzEcbB7mU5eL2n9fO0xH98o2tYpM.2s5lR7wE.2F8u7y6X1.,정시영,010-2511-7587,1991-11-08,ROLE_USER,ACTIVE,2024-01-29 00:00:00,2024-01-29 00:00:00,2026-06-29 17:04:00
2289,user_2289@test.com,$2a$10$7zB3qQzEcbB7mU5eL2n9fO0xH98o2tYpM.2s5lR7wE.2F8u7y6X1.,윤시율,010-5553-6655,1986-10-19,ROLE_USER,ACTIVE,2025-07-27 00:00:00,2025-07-27 00:00:00,2026-06-24 18:10:00
2290,user_2290@test.com,$2a$10$7zB3qQzEcbB7mU5eL2n9fO0xH98o2tYpM.2s5lR7wE.2F8u7y6X1.,최하준,010-6804-6145,1998-12-19,ROLE_USER,ACTIVE,2025-04-03 00:00:00,2025-04-03 00:00:00,2026-06-21 20:16:00
2291,user_2291@test.com,$2a$10$7zB3qQzEcbB7mU5eL2n9fO0xH98o2tYpM.2s5lR7wE.2F8u7y6X1.,신하빈,010-8940-4876,1973-01-23,ROLE_USER,ACTIVE,2024-09-04 00:00:00,2024-09-04 00:00:00,2026-06-20 20:45:00
2292,user_2292@test.com,$2a$10$7zB3qQzEcbB7mU5eL2n9fO0xH98o2tYpM.2s5lR7wE.2F8u7y6X1.,정민원,010-7692-5035,1978-10-14,ROLE_USER,ACTIVE,2024-01-03 00:00:00,2024-01-03 00:00:00,2026-06-22 11:58:00
2293,user_2293@test.com,$2a$10$7zB3qQzEcbB7mU5eL2n9fO0xH98o2tYpM.2s5lR7wE.2F8u7y6X1.,전주영,010-3402-9907,1986-01-25,ROLE_USER,ACTIVE,2025-10-20 00:00:00,2025-10-20 00:00:00,2026-06-23 21:10:00
2294,user_2294@test.com,$2a$10$7zB3qQzEcbB7mU5eL2n9fO0xH98o2tYpM.2s5lR7wE.2F8u7y6X1.,송하아,010-7720-5009,1975-11-06,ROLE_USER,ACTIVE,2026-04-22 00:00:00,2026-04-22 00:00:00,2026-06-29 09:01:00
2295,user_2295@test.com,$2a$10$7zB3qQzEcbB7mU5eL2n9fO0xH98o2tYpM.2s5lR7wE.2F8u7y6X1.,강예혁,010-1762-8208,1995-09-15,ROLE_USER,ACTIVE,2025-03-06 00:00:00,2025-03-06 00:00:00,2026-06-12 15:49:00
2296,user_2296@test.com,$2a$10$7zB3qQzEcbB7mU5eL2n9fO0xH98o2tYpM.2s5lR7wE.2F8u7y6X1.,안태우,010-7806-9318,1986-09-28,ROLE_USER,ACTIVE,2025-09-16 00:00:00,2025-09-16 00:00:00,2026-06-29 10:59:00
2297,user_2297@test.com,$2a$10$7zB3qQzEcbB7mU5eL2n9fO0xH98o2tYpM.2s5lR7wE.2F8u7y6X1.,안서아,010-8564-8951,1987-04-06,ROLE_USER,ACTIVE,2024-02-19 00:00:00,2024-02-19 00:00:00,2026-06-28 11:07:00
2298,user_2298@test.com,$2a$10$7zB3qQzEcbB7mU5eL2n9fO0xH98o2tYpM.2s5lR7wE.2F8u7y6X1.,강시수,010-9783-5339,1999-08-10,ROLE_USER,ACTIVE,2025-01-01 00:00:00,2025-01-01 00:00:00,2026-06-18 11:30:00
2299,user_2299@test.com,$2a$10$7zB3qQzEcbB7mU5eL2n9fO0xH98o2tYpM.2s5lR7wE.2F8u7y6X1.,정주원,010-9210-2324,2000-03-09,ROLE_USER,ACTIVE,2024-02-10 00:00:00,2024-02-10 00:00:00,2026-07-01 12:01:00
2300,user_2300@test.com,$2a$10$7zB3qQzEcbB7mU5eL2n9fO0xH98o2tYpM.2s5lR7wE.2F8u7y6X1.,이태원,010-9946-1131,1994-06-27,ROLE_USER,ACTIVE,2026-05-29 00:00:00,2026-05-29 00:00:00,2026-05-23 21:46:00
2301,user_2301@test.com,$2a$10$7zB3qQzEcbB7mU5eL2n9fO0xH98o2tYpM.2s5lR7wE.2F8u7y6X1.,신도수,010-1777-7124,1993-04-04,ROLE_USER,ACTIVE,2026-05-19 00:00:00,2026-05-19 00:00:00,2026-05-14 17:57:00
2302,user_2302@test.com,$2a$10$7zB3qQzEcbB7mU5eL2n9fO0xH98o2tYpM.2s5lR7wE.2F8u7y6X1.,송주원,010-4128-5430,1986-09-26,ROLE_USER,ACTIVE,2026-02-18 00:00:00,2026-02-18 00:00:00,2026-05-16 08:30:00
2303,user_2303@test.com,$2a$10$7zB3qQzEcbB7mU5eL2n9fO0xH98o2tYpM.2s5lR7wE.2F8u7y6X1.,임예영,010-9896-9380,1983-03-18,ROLE_USER,ACTIVE,2025-10-01 00:00:00,2025-10-01 00:00:00,2026-06-27 18:36:00
2304,user_2304@test.com,$2a$10$7zB3qQzEcbB7mU5eL2n9fO0xH98o2tYpM.2s5lR7wE.2F8u7y6X1.,안서아,010-8860-2427,1979-03-27,ROLE_USER,ACTIVE,2023-12-28 00:00:00,2023-12-28 00:00:00,2026-06-18 21:02:00
2305,user_2305@test.com,$2a$10$7zB3qQzEcbB7mU5eL2n9fO0xH98o2tYpM.2s5lR7wE.2F8u7y6X1.,송서현,010-5389-1919,1981-03-27,ROLE_USER,ACTIVE,2026-01-22 00:00:00,2026-01-22 00:00:00,2026-06-19 11:12:00
2306,user_2306@test.com,$2a$10$7zB3qQzEcbB7mU5eL2n9fO0xH98o2tYpM.2s5lR7wE.2F8u7y6X1.,홍현인,010-7291-8253,2000-08-12,ROLE_USER,ACTIVE,2024-09-14 00:00:00,2024-09-14 00:00:00,2026-06-22 20:34:00
2307,user_2307@test.com,$2a$10$7zB3qQzEcbB7mU5eL2n9fO0xH98o2tYpM.2s5lR7wE.2F8u7y6X1.,임예혁,010-1529-9913,1992-09-18,ROLE_USER,ACTIVE,2024-11-16 00:00:00,2024-11-16 00:00:00,2026-06-24 14:31:00
2308,user_2308@test.com,$2a$10$7zB3qQzEcbB7mU5eL2n9fO0xH98o2tYpM.2s5lR7wE.2F8u7y6X1.,안시아,010-4807-2713,2003-02-07,ROLE_USER,ACTIVE,2025-07-01 00:00:00,2025-07-01 00:00:00,2026-06-27 21:45:00
2309,user_2309@test.com,$2a$10$7zB3qQzEcbB7mU5eL2n9fO0xH98o2tYpM.2s5lR7wE.2F8u7y6X1.,황태영,010-5606-8405,1976-10-14,ROLE_USER,ACTIVE,2023-12-16 00:00:00,2023-12-16 00:00:00,2026-06-24 13:42:00
2310,user_2310@test.com,$2a$10$7zB3qQzEcbB7mU5eL2n9fO0xH98o2tYpM.2s5lR7wE.2F8u7y6X1.,서승인,010-9494-9448,1985-04-12,ROLE_USER,ACTIVE,2024-02-16 00:00:00,2024-02-16 00:00:00,2026-07-01 18:57:00
2311,user_2311@test.com,$2a$10$7zB3qQzEcbB7mU5eL2n9fO0xH98o2tYpM.2s5lR7wE.2F8u7y6X1.,강주준,010-7538-8735,1980-09-06,ROLE_USER,ACTIVE,2024-09-19 00:00:00,2024-09-19 00:00:00,2026-06-28 15:29:00
2312,user_2312@test.com,$2a$10$7zB3qQzEcbB7mU5eL2n9fO0xH98o2tYpM.2s5lR7wE.2F8u7y6X1.,임지현,010-9285-6131,1985-01-18,ROLE_USER,ACTIVE,2025-09-02 00:00:00,2025-09-02 00:00:00,2026-07-01 22:03:00
2313,user_2313@test.com,$2a$10$7zB3qQzEcbB7mU5eL2n9fO0xH98o2tYpM.2s5lR7wE.2F8u7y6X1.,정현영,010-9833-2462,1998-01-21,ROLE_USER,ACTIVE,2025-04-01 00:00:00,2025-04-01 00:00:00,2026-07-01 18:03:00
2314,user_2314@test.com,$2a$10$7zB3qQzEcbB7mU5eL2n9fO0xH98o2tYpM.2s5lR7wE.2F8u7y6X1.,윤승아,010-5004-3317,1986-07-26,ROLE_USER,ACTIVE,2024-12-11 00:00:00,2024-12-11 00:00:00,2026-06-21 19:01:00
2315,user_2315@test.com,$2a$10$7zB3qQzEcbB7mU5eL2n9fO0xH98o2tYpM.2s5lR7wE.2F8u7y6X1.,박지우,010-5193-2490,1992-05-13,ROLE_USER,ACTIVE,2024-05-09 00:00:00,2024-05-09 00:00:00,2026-06-25 19:11:00
2316,user_2316@test.com,$2a$10$7zB3qQzEcbB7mU5eL2n9fO0xH98o2tYpM.2s5lR7wE.2F8u7y6X1.,신시수,010-4101-2702,1981-09-21,ROLE_USER,ACTIVE,2024-12-01 00:00:00,2024-12-01 00:00:00,2026-04-18 18:37:00
2317,user_2317@test.com,$2a$10$7zB3qQzEcbB7mU5eL2n9fO0xH98o2tYpM.2s5lR7wE.2F8u7y6X1.,전도현,010-3442-7804,1977-11-21,ROLE_USER,ACTIVE,2025-02-14 00:00:00,2025-02-14 00:00:00,2026-06-25 22:46:00
2318,user_2318@test.com,$2a$10$7zB3qQzEcbB7mU5eL2n9fO0xH98o2tYpM.2s5lR7wE.2F8u7y6X1.,최하원,010-9256-1910,1990-11-04,ROLE_USER,ACTIVE,2025-01-29 00:00:00,2025-01-29 00:00:00,2026-06-22 21:11:00
2319,user_2319@test.com,$2a$10$7zB3qQzEcbB7mU5eL2n9fO0xH98o2tYpM.2s5lR7wE.2F8u7y6X1.,박예아,010-3726-2663,1981-11-07,ROLE_USER,ACTIVE,2025-04-23 00:00:00,2025-04-23 00:00:00,2026-07-02 18:44:00
2320,user_2320@test.com,$2a$10$7zB3qQzEcbB7mU5eL2n9fO0xH98o2tYpM.2s5lR7wE.2F8u7y6X1.,신서아,010-6086-3528,2004-01-19,ROLE_USER,ACTIVE,2023-12-27 00:00:00,2023-12-27 00:00:00,2026-06-24 08:07:00
2321,user_2321@test.com,$2a$10$7zB3qQzEcbB7mU5eL2n9fO0xH98o2tYpM.2s5lR7wE.2F8u7y6X1.,한태율,010-8775-4679,1989-12-08,ROLE_USER,ACTIVE,2024-02-27 00:00:00,2024-02-27 00:00:00,2026-06-20 08:49:00
2322,user_2322@test.com,$2a$10$7zB3qQzEcbB7mU5eL2n9fO0xH98o2tYpM.2s5lR7wE.2F8u7y6X1.,한주아,010-8908-4088,2003-01-14,ROLE_USER,ACTIVE,2026-03-04 00:00:00,2026-03-04 00:00:00,2026-06-22 16:03:00
2323,user_2323@test.com,$2a$10$7zB3qQzEcbB7mU5eL2n9fO0xH98o2tYpM.2s5lR7wE.2F8u7y6X1.,송도원,010-7856-4182,1996-12-11,ROLE_USER,ACTIVE,2026-05-10 00:00:00,2026-05-10 00:00:00,2026-06-06 10:43:00
2324,user_2324@test.com,$2a$10$7zB3qQzEcbB7mU5eL2n9fO0xH98o2tYpM.2s5lR7wE.2F8u7y6X1.,김태원,010-4707-8079,1992-05-24,ROLE_USER,ACTIVE,2025-07-17 00:00:00,2025-07-17 00:00:00,2026-07-02 08:25:00
2325,user_2325@test.com,$2a$10$7zB3qQzEcbB7mU5eL2n9fO0xH98o2tYpM.2s5lR7wE.2F8u7y6X1.,한도아,010-1136-9529,1997-09-04,ROLE_USER,ACTIVE,2024-09-01 00:00:00,2024-09-01 00:00:00,2026-06-28 20:23:00
2326,user_2326@test.com,$2a$10$7zB3qQzEcbB7mU5eL2n9fO0xH98o2tYpM.2s5lR7wE.2F8u7y6X1.,황지아,010-8154-3131,1980-02-15,ROLE_USER,ACTIVE,2026-01-05 00:00:00,2026-01-05 00:00:00,2026-06-29 22:09:00
2327,user_2327@test.com,$2a$10$7zB3qQzEcbB7mU5eL2n9fO0xH98o2tYpM.2s5lR7wE.2F8u7y6X1.,임태영,010-8874-2755,1981-04-24,ROLE_USER,ACTIVE,2025-06-16 00:00:00,2025-06-16 00:00:00,2026-06-29 16:19:00
2328,user_2328@test.com,$2a$10$7zB3qQzEcbB7mU5eL2n9fO0xH98o2tYpM.2s5lR7wE.2F8u7y6X1.,권현아,010-8414-5876,1996-02-22,ROLE_USER,ACTIVE,2026-04-26 00:00:00,2026-04-26 00:00:00,2026-06-20 11:01:00
2329,user_2329@test.com,$2a$10$7zB3qQzEcbB7mU5eL2n9fO0xH98o2tYpM.2s5lR7wE.2F8u7y6X1.,서주아,010-5130-1086,1998-07-24,ROLE_USER,ACTIVE,2026-03-23 00:00:00,2026-03-23 00:00:00,2026-06-23 08:06:00
2330,user_2330@test.com,$2a$10$7zB3qQzEcbB7mU5eL2n9fO0xH98o2tYpM.2s5lR7wE.2F8u7y6X1.,임주아,010-7988-7318,2003-12-23,ROLE_USER,ACTIVE,2026-04-09 00:00:00,2026-04-09 00:00:00,2026-06-18 17:38:00
2331,user_2331@test.com,$2a$10$7zB3qQzEcbB7mU5eL2n9fO0xH98o2tYpM.2s5lR7wE.2F8u7y6X1.,전승준,010-8270-2433,1993-04-12,ROLE_USER,ACTIVE,2026-02-13 00:00:00,2026-02-13 00:00:00,2026-06-23 10:17:00
2332,user_2332@test.com,$2a$10$7zB3qQzEcbB7mU5eL2n9fO0xH98o2tYpM.2s5lR7wE.2F8u7y6X1.,서예율,010-3532-1474,1986-11-16,ROLE_USER,ACTIVE,2025-01-08 00:00:00,2025-01-08 00:00:00,2026-06-24 20:43:00
2333,user_2333@test.com,$2a$10$7zB3qQzEcbB7mU5eL2n9fO0xH98o2tYpM.2s5lR7wE.2F8u7y6X1.,임주우,010-9725-1970,1994-03-06,ROLE_USER,ACTIVE,2026-04-27 00:00:00,2026-04-27 00:00:00,2026-06-03 11:40:00
2334,user_2334@test.com,$2a$10$7zB3qQzEcbB7mU5eL2n9fO0xH98o2tYpM.2s5lR7wE.2F8u7y6X1.,박시혁,010-4920-8475,2003-09-27,ROLE_USER,ACTIVE,2024-09-11 00:00:00,2024-09-11 00:00:00,2026-06-20 09:03:00
2335,user_2335@test.com,$2a$10$7zB3qQzEcbB7mU5eL2n9fO0xH98o2tYpM.2s5lR7wE.2F8u7y6X1.,강승준,010-7588-1586,1990-11-17,ROLE_USER,ACTIVE,2025-08-20 00:00:00,2025-08-20 00:00:00,2026-06-18 22:01:00
2336,user_2336@test.com,$2a$10$7zB3qQzEcbB7mU5eL2n9fO0xH98o2tYpM.2s5lR7wE.2F8u7y6X1.,권태현,010-8438-6506,1999-06-02,ROLE_USER,ACTIVE,2026-05-14 00:00:00,2026-05-14 00:00:00,2026-06-17 20:55:00
2337,user_2337@test.com,$2a$10$7zB3qQzEcbB7mU5eL2n9fO0xH98o2tYpM.2s5lR7wE.2F8u7y6X1.,안민영,010-7708-9090,1980-02-15,ROLE_USER,ACTIVE,2025-02-17 00:00:00,2025-02-17 00:00:00,2026-06-23 15:52:00
2338,user_2338@test.com,$2a$10$7zB3qQzEcbB7mU5eL2n9fO0xH98o2tYpM.2s5lR7wE.2F8u7y6X1.,전현준,010-2099-7534,2002-02-17,ROLE_USER,ACTIVE,2025-02-18 00:00:00,2025-02-18 00:00:00,2026-07-02 11:44:00
2339,user_2339@test.com,$2a$10$7zB3qQzEcbB7mU5eL2n9fO0xH98o2tYpM.2s5lR7wE.2F8u7y6X1.,정승인,010-4470-8160,1997-09-09,ROLE_USER,ACTIVE,2025-07-28 00:00:00,2025-07-28 00:00:00,2026-06-27 09:35:00
2340,user_2340@test.com,$2a$10$7zB3qQzEcbB7mU5eL2n9fO0xH98o2tYpM.2s5lR7wE.2F8u7y6X1.,한은율,010-8135-6960,1976-04-11,ROLE_USER,ACTIVE,2025-03-01 00:00:00,2025-03-01 00:00:00,2026-06-22 15:10:00
2341,user_2341@test.com,$2a$10$7zB3qQzEcbB7mU5eL2n9fO0xH98o2tYpM.2s5lR7wE.2F8u7y6X1.,송서아,010-9260-5188,1979-09-16,ROLE_USER,ACTIVE,2025-07-20 00:00:00,2025-07-20 00:00:00,2026-06-29 18:07:00
2342,user_2342@test.com,$2a$10$7zB3qQzEcbB7mU5eL2n9fO0xH98o2tYpM.2s5lR7wE.2F8u7y6X1.,강시인,010-9344-1603,1989-08-13,ROLE_USER,ACTIVE,2025-06-29 00:00:00,2025-06-29 00:00:00,2026-06-25 10:25:00
2343,user_2343@test.com,$2a$10$7zB3qQzEcbB7mU5eL2n9fO0xH98o2tYpM.2s5lR7wE.2F8u7y6X1.,홍도영,010-2141-7976,2001-01-26,ROLE_USER,ACTIVE,2025-07-19 00:00:00,2025-07-19 00:00:00,2026-06-22 15:43:00
2344,user_2344@test.com,$2a$10$7zB3qQzEcbB7mU5eL2n9fO0xH98o2tYpM.2s5lR7wE.2F8u7y6X1.,장서빈,010-3026-5305,1975-12-14,ROLE_USER,ACTIVE,2024-03-09 00:00:00,2024-03-09 00:00:00,2026-07-02 22:26:00
2345,user_2345@test.com,$2a$10$7zB3qQzEcbB7mU5eL2n9fO0xH98o2tYpM.2s5lR7wE.2F8u7y6X1.,전은우,010-3479-4640,1986-11-22,ROLE_USER,ACTIVE,2023-11-21 00:00:00,2023-11-21 00:00:00,2026-06-26 14:57:00
2346,user_2346@test.com,$2a$10$7zB3qQzEcbB7mU5eL2n9fO0xH98o2tYpM.2s5lR7wE.2F8u7y6X1.,김태아,010-3741-8338,1979-03-17,ROLE_USER,ACTIVE,2026-04-04 00:00:00,2026-04-04 00:00:00,2026-06-26 17:51:00
2347,user_2347@test.com,$2a$10$7zB3qQzEcbB7mU5eL2n9fO0xH98o2tYpM.2s5lR7wE.2F8u7y6X1.,임주아,010-1693-8110,1970-02-07,ROLE_USER,ACTIVE,2025-09-27 00:00:00,2025-09-27 00:00:00,2026-06-29 15:58:00
2348,user_2348@test.com,$2a$10$7zB3qQzEcbB7mU5eL2n9fO0xH98o2tYpM.2s5lR7wE.2F8u7y6X1.,서주원,010-2106-8063,2004-12-14,ROLE_USER,ACTIVE,2023-12-17 00:00:00,2023-12-17 00:00:00,2026-07-01 13:13:00
2349,user_2349@test.com,$2a$10$7zB3qQzEcbB7mU5eL2n9fO0xH98o2tYpM.2s5lR7wE.2F8u7y6X1.,윤은율,010-3835-8880,1994-08-01,ROLE_USER,ACTIVE,2024-08-22 00:00:00,2024-08-22 00:00:00,2026-06-26 12:39:00
2350,user_2350@test.com,$2a$10$7zB3qQzEcbB7mU5eL2n9fO0xH98o2tYpM.2s5lR7wE.2F8u7y6X1.,송현현,010-8248-6230,1975-05-08,ROLE_USER,ACTIVE,2024-12-22 00:00:00,2024-12-22 00:00:00,2026-04-03 21:00:00
2351,user_2351@test.com,$2a$10$7zB3qQzEcbB7mU5eL2n9fO0xH98o2tYpM.2s5lR7wE.2F8u7y6X1.,조현영,010-1605-2685,1984-01-18,ROLE_USER,ACTIVE,2023-10-20 00:00:00,2023-10-20 00:00:00,2026-06-26 12:27:00
2352,user_2352@test.com,$2a$10$7zB3qQzEcbB7mU5eL2n9fO0xH98o2tYpM.2s5lR7wE.2F8u7y6X1.,박시빈,010-9457-4014,1977-06-03,ROLE_USER,ACTIVE,2025-12-25 00:00:00,2025-12-25 00:00:00,2026-06-19 22:31:00
2353,user_2353@test.com,$2a$10$7zB3qQzEcbB7mU5eL2n9fO0xH98o2tYpM.2s5lR7wE.2F8u7y6X1.,강도율,010-9285-2054,1985-03-24,ROLE_USER,ACTIVE,2026-05-09 00:00:00,2026-05-09 00:00:00,2026-06-02 11:24:00
2354,user_2354@test.com,$2a$10$7zB3qQzEcbB7mU5eL2n9fO0xH98o2tYpM.2s5lR7wE.2F8u7y6X1.,장예원,010-8357-7472,1989-04-15,ROLE_USER,ACTIVE,2025-09-29 00:00:00,2025-09-29 00:00:00,2026-06-27 14:49:00
2355,user_2355@test.com,$2a$10$7zB3qQzEcbB7mU5eL2n9fO0xH98o2tYpM.2s5lR7wE.2F8u7y6X1.,임민빈,010-2394-3134,1985-10-28,ROLE_USER,ACTIVE,2026-04-11 00:00:00,2026-04-11 00:00:00,2026-06-30 15:21:00
2356,user_2356@test.com,$2a$10$7zB3qQzEcbB7mU5eL2n9fO0xH98o2tYpM.2s5lR7wE.2F8u7y6X1.,강주수,010-7043-5969,1987-12-17,ROLE_USER,ACTIVE,2024-04-28 00:00:00,2024-04-28 00:00:00,2026-06-12 22:53:00
2357,user_2357@test.com,$2a$10$7zB3qQzEcbB7mU5eL2n9fO0xH98o2tYpM.2s5lR7wE.2F8u7y6X1.,이서현,010-3471-5176,1981-03-15,ROLE_USER,ACTIVE,2024-01-23 00:00:00,2024-01-23 00:00:00,2026-06-18 18:24:00
2358,user_2358@test.com,$2a$10$7zB3qQzEcbB7mU5eL2n9fO0xH98o2tYpM.2s5lR7wE.2F8u7y6X1.,황은아,010-7273-4367,1992-10-11,ROLE_USER,ACTIVE,2025-12-15 00:00:00,2025-12-15 00:00:00,2026-06-12 11:30:00
2359,user_2359@test.com,$2a$10$7zB3qQzEcbB7mU5eL2n9fO0xH98o2tYpM.2s5lR7wE.2F8u7y6X1.,한서수,010-1502-8467,1974-10-07,ROLE_USER,ACTIVE,2026-02-15 00:00:00,2026-02-15 00:00:00,2026-06-28 22:07:00
2360,user_2360@test.com,$2a$10$7zB3qQzEcbB7mU5eL2n9fO0xH98o2tYpM.2s5lR7wE.2F8u7y6X1.,최주준,010-4339-8199,1990-01-17,ROLE_USER,ACTIVE,2025-07-05 00:00:00,2025-07-05 00:00:00,2026-06-20 14:04:00
2361,user_2361@test.com,$2a$10$7zB3qQzEcbB7mU5eL2n9fO0xH98o2tYpM.2s5lR7wE.2F8u7y6X1.,정하우,010-8012-5508,1990-03-10,ROLE_USER,ACTIVE,2026-05-30 00:00:00,2026-05-30 00:00:00,2026-06-09 13:15:00
2362,user_2362@test.com,$2a$10$7zB3qQzEcbB7mU5eL2n9fO0xH98o2tYpM.2s5lR7wE.2F8u7y6X1.,한도아,010-8609-3187,2004-05-11,ROLE_USER,ACTIVE,2024-09-21 00:00:00,2024-09-21 00:00:00,2026-05-24 12:17:00
2363,user_2363@test.com,$2a$10$7zB3qQzEcbB7mU5eL2n9fO0xH98o2tYpM.2s5lR7wE.2F8u7y6X1.,조은아,010-8335-3177,1998-06-25,ROLE_USER,ACTIVE,2024-06-11 00:00:00,2024-06-11 00:00:00,2026-07-01 18:02:00
2364,user_2364@test.com,$2a$10$7zB3qQzEcbB7mU5eL2n9fO0xH98o2tYpM.2s5lR7wE.2F8u7y6X1.,홍지인,010-8916-3949,1988-09-05,ROLE_USER,ACTIVE,2024-12-30 00:00:00,2024-12-30 00:00:00,2026-06-22 13:43:00
2365,user_2365@test.com,$2a$10$7zB3qQzEcbB7mU5eL2n9fO0xH98o2tYpM.2s5lR7wE.2F8u7y6X1.,한민영,010-7839-1418,1994-09-14,ROLE_USER,ACTIVE,2026-05-04 00:00:00,2026-05-04 00:00:00,2026-06-08 09:54:00
2366,user_2366@test.com,$2a$10$7zB3qQzEcbB7mU5eL2n9fO0xH98o2tYpM.2s5lR7wE.2F8u7y6X1.,안승원,010-2550-2336,1995-06-11,ROLE_USER,ACTIVE,2026-04-04 00:00:00,2026-04-04 00:00:00,2026-06-21 13:58:00
2367,user_2367@test.com,$2a$10$7zB3qQzEcbB7mU5eL2n9fO0xH98o2tYpM.2s5lR7wE.2F8u7y6X1.,오하우,010-9910-1915,1985-06-12,ROLE_USER,ACTIVE,2025-12-02 00:00:00,2025-12-02 00:00:00,2026-06-19 18:43:00
2368,user_2368@test.com,$2a$10$7zB3qQzEcbB7mU5eL2n9fO0xH98o2tYpM.2s5lR7wE.2F8u7y6X1.,김예영,010-8922-8865,1973-07-13,ROLE_USER,ACTIVE,2023-12-14 00:00:00,2023-12-14 00:00:00,2026-06-26 18:51:00
2369,user_2369@test.com,$2a$10$7zB3qQzEcbB7mU5eL2n9fO0xH98o2tYpM.2s5lR7wE.2F8u7y6X1.,김민빈,010-5479-4503,1976-04-14,ROLE_USER,ACTIVE,2024-12-17 00:00:00,2024-12-17 00:00:00,2026-06-22 16:02:00
2370,user_2370@test.com,$2a$10$7zB3qQzEcbB7mU5eL2n9fO0xH98o2tYpM.2s5lR7wE.2F8u7y6X1.,홍은인,010-9094-9677,1997-04-24,ROLE_USER,ACTIVE,2023-10-29 00:00:00,2023-10-29 00:00:00,2026-06-29 10:49:00
2371,user_2371@test.com,$2a$10$7zB3qQzEcbB7mU5eL2n9fO0xH98o2tYpM.2s5lR7wE.2F8u7y6X1.,최민현,010-9183-9639,1997-10-23,ROLE_USER,ACTIVE,2025-04-01 00:00:00,2025-04-01 00:00:00,2026-06-27 15:10:00
2372,user_2372@test.com,$2a$10$7zB3qQzEcbB7mU5eL2n9fO0xH98o2tYpM.2s5lR7wE.2F8u7y6X1.,김태아,010-2804-8078,1976-07-07,ROLE_USER,ACTIVE,2024-01-30 00:00:00,2024-01-30 00:00:00,2026-06-30 13:05:00
2373,user_2373@test.com,$2a$10$7zB3qQzEcbB7mU5eL2n9fO0xH98o2tYpM.2s5lR7wE.2F8u7y6X1.,장주아,010-2667-6351,2004-01-01,ROLE_USER,ACTIVE,2024-12-19 00:00:00,2024-12-19 00:00:00,2026-06-19 11:21:00
2374,user_2374@test.com,$2a$10$7zB3qQzEcbB7mU5eL2n9fO0xH98o2tYpM.2s5lR7wE.2F8u7y6X1.,조예빈,010-8372-2317,1972-01-20,ROLE_USER,ACTIVE,2024-11-08 00:00:00,2024-11-08 00:00:00,2026-06-25 15:57:00
2375,user_2375@test.com,$2a$10$7zB3qQzEcbB7mU5eL2n9fO0xH98o2tYpM.2s5lR7wE.2F8u7y6X1.,오예아,010-6977-1232,1981-01-02,ROLE_USER,ACTIVE,2024-05-08 00:00:00,2024-05-08 00:00:00,2026-06-27 18:56:00
2376,user_2376@test.com,$2a$10$7zB3qQzEcbB7mU5eL2n9fO0xH98o2tYpM.2s5lR7wE.2F8u7y6X1.,전민준,010-6322-4067,2004-08-17,ROLE_USER,ACTIVE,2024-09-18 00:00:00,2024-09-18 00:00:00,2026-06-30 17:38:00
2377,user_2377@test.com,$2a$10$7zB3qQzEcbB7mU5eL2n9fO0xH98o2tYpM.2s5lR7wE.2F8u7y6X1.,정예원,010-5338-4309,1986-03-08,ROLE_USER,ACTIVE,2024-06-14 00:00:00,2024-06-14 00:00:00,2026-07-02 18:12:00
2378,user_2378@test.com,$2a$10$7zB3qQzEcbB7mU5eL2n9fO0xH98o2tYpM.2s5lR7wE.2F8u7y6X1.,조지아,010-2372-3835,1980-11-25,ROLE_USER,ACTIVE,2024-08-30 00:00:00,2024-08-30 00:00:00,2026-06-29 18:19:00
2379,user_2379@test.com,$2a$10$7zB3qQzEcbB7mU5eL2n9fO0xH98o2tYpM.2s5lR7wE.2F8u7y6X1.,안시아,010-4323-5032,1970-03-11,ROLE_USER,ACTIVE,2026-02-18 00:00:00,2026-02-18 00:00:00,2026-06-24 19:01:00
2380,user_2380@test.com,$2a$10$7zB3qQzEcbB7mU5eL2n9fO0xH98o2tYpM.2s5lR7wE.2F8u7y6X1.,윤지아,010-9049-7923,1995-11-03,ROLE_USER,ACTIVE,2024-02-17 00:00:00,2024-02-17 00:00:00,2026-06-29 19:37:00
2381,user_2381@test.com,$2a$10$7zB3qQzEcbB7mU5eL2n9fO0xH98o2tYpM.2s5lR7wE.2F8u7y6X1.,황시혁,010-5884-9134,1986-11-22,ROLE_USER,ACTIVE,2024-04-16 00:00:00,2024-04-16 00:00:00,2026-06-21 22:41:00
2382,user_2382@test.com,$2a$10$7zB3qQzEcbB7mU5eL2n9fO0xH98o2tYpM.2s5lR7wE.2F8u7y6X1.,안서우,010-1502-8289,1970-10-21,ROLE_USER,ACTIVE,2025-04-16 00:00:00,2025-04-16 00:00:00,2026-07-01 22:40:00
2383,user_2383@test.com,$2a$10$7zB3qQzEcbB7mU5eL2n9fO0xH98o2tYpM.2s5lR7wE.2F8u7y6X1.,송주영,010-7239-8872,1970-12-27,ROLE_USER,ACTIVE,2024-08-16 00:00:00,2024-08-16 00:00:00,2026-06-24 16:19:00
2384,user_2384@test.com,$2a$10$7zB3qQzEcbB7mU5eL2n9fO0xH98o2tYpM.2s5lR7wE.2F8u7y6X1.,조태인,010-6744-8536,1983-04-10,ROLE_USER,ACTIVE,2024-03-02 00:00:00,2024-03-02 00:00:00,2026-06-29 16:19:00
2385,user_2385@test.com,$2a$10$7zB3qQzEcbB7mU5eL2n9fO0xH98o2tYpM.2s5lR7wE.2F8u7y6X1.,박시우,010-9313-1751,1999-01-25,ROLE_USER,ACTIVE,2025-07-31 00:00:00,2025-07-31 00:00:00,2026-06-27 11:12:00
2386,user_2386@test.com,$2a$10$7zB3qQzEcbB7mU5eL2n9fO0xH98o2tYpM.2s5lR7wE.2F8u7y6X1.,서현수,010-6344-1393,1995-02-07,ROLE_USER,ACTIVE,2024-07-27 00:00:00,2024-07-27 00:00:00,2026-06-29 14:01:00
2387,user_2387@test.com,$2a$10$7zB3qQzEcbB7mU5eL2n9fO0xH98o2tYpM.2s5lR7wE.2F8u7y6X1.,오서우,010-7473-4871,1973-04-08,ROLE_USER,ACTIVE,2026-01-08 00:00:00,2026-01-08 00:00:00,2026-06-04 20:46:00
2388,user_2388@test.com,$2a$10$7zB3qQzEcbB7mU5eL2n9fO0xH98o2tYpM.2s5lR7wE.2F8u7y6X1.,임예아,010-8389-4849,2000-09-25,ROLE_USER,ACTIVE,2025-12-25 00:00:00,2025-12-25 00:00:00,2026-06-26 14:51:00
2389,user_2389@test.com,$2a$10$7zB3qQzEcbB7mU5eL2n9fO0xH98o2tYpM.2s5lR7wE.2F8u7y6X1.,윤도아,010-3058-8093,1992-04-01,ROLE_USER,ACTIVE,2024-11-28 00:00:00,2024-11-28 00:00:00,2026-06-12 20:55:00
2390,user_2390@test.com,$2a$10$7zB3qQzEcbB7mU5eL2n9fO0xH98o2tYpM.2s5lR7wE.2F8u7y6X1.,윤지아,010-7577-3139,1980-08-27,ROLE_USER,ACTIVE,2024-08-20 00:00:00,2024-08-20 00:00:00,2026-06-18 22:28:00
2391,user_2391@test.com,$2a$10$7zB3qQzEcbB7mU5eL2n9fO0xH98o2tYpM.2s5lR7wE.2F8u7y6X1.,정지현,010-5954-1230,2003-08-01,ROLE_USER,ACTIVE,2025-07-21 00:00:00,2025-07-21 00:00:00,2026-06-23 08:37:00
2392,user_2392@test.com,$2a$10$7zB3qQzEcbB7mU5eL2n9fO0xH98o2tYpM.2s5lR7wE.2F8u7y6X1.,박민아,010-4884-5333,2001-06-03,ROLE_USER,ACTIVE,2023-10-17 00:00:00,2023-10-17 00:00:00,2026-06-23 08:36:00
2393,user_2393@test.com,$2a$10$7zB3qQzEcbB7mU5eL2n9fO0xH98o2tYpM.2s5lR7wE.2F8u7y6X1.,권하현,010-6870-7223,1996-06-14,ROLE_USER,ACTIVE,2023-10-26 00:00:00,2023-10-26 00:00:00,2026-06-27 12:57:00
2394,user_2394@test.com,$2a$10$7zB3qQzEcbB7mU5eL2n9fO0xH98o2tYpM.2s5lR7wE.2F8u7y6X1.,안시우,010-8236-2049,1992-10-22,ROLE_USER,ACTIVE,2024-07-15 00:00:00,2024-07-15 00:00:00,2026-07-02 11:56:00
2395,user_2395@test.com,$2a$10$7zB3qQzEcbB7mU5eL2n9fO0xH98o2tYpM.2s5lR7wE.2F8u7y6X1.,정하혁,010-5885-3846,1984-03-19,ROLE_USER,ACTIVE,2024-04-11 00:00:00,2024-04-11 00:00:00,2026-07-02 19:10:00
2396,user_2396@test.com,$2a$10$7zB3qQzEcbB7mU5eL2n9fO0xH98o2tYpM.2s5lR7wE.2F8u7y6X1.,조현아,010-2529-4979,1983-09-10,ROLE_USER,ACTIVE,2025-03-14 00:00:00,2025-03-14 00:00:00,2026-06-26 22:53:00
2397,user_2397@test.com,$2a$10$7zB3qQzEcbB7mU5eL2n9fO0xH98o2tYpM.2s5lR7wE.2F8u7y6X1.,이도율,010-3713-6420,1972-01-21,ROLE_USER,ACTIVE,2024-07-02 00:00:00,2024-07-02 00:00:00,2026-07-01 14:00:00
2398,user_2398@test.com,$2a$10$7zB3qQzEcbB7mU5eL2n9fO0xH98o2tYpM.2s5lR7wE.2F8u7y6X1.,조시준,010-6540-9252,1971-03-20,ROLE_USER,ACTIVE,2025-10-14 00:00:00,2025-10-14 00:00:00,2026-07-02 15:41:00
2399,user_2399@test.com,$2a$10$7zB3qQzEcbB7mU5eL2n9fO0xH98o2tYpM.2s5lR7wE.2F8u7y6X1.,권예아,010-1822-1325,1971-03-01,ROLE_USER,ACTIVE,2026-01-11 00:00:00,2026-01-11 00:00:00,2026-06-25 21:44:00
2400,user_2400@test.com,$2a$10$7zB3qQzEcbB7mU5eL2n9fO0xH98o2tYpM.2s5lR7wE.2F8u7y6X1.,홍현우,010-9379-8082,1990-06-13,ROLE_USER,ACTIVE,2023-11-06 00:00:00,2023-11-06 00:00:00,2026-06-25 08:27:00
2401,user_2401@test.com,$2a$10$7zB3qQzEcbB7mU5eL2n9fO0xH98o2tYpM.2s5lR7wE.2F8u7y6X1.,최도인,010-9630-8862,1980-04-27,ROLE_USER,ACTIVE,2024-12-24 00:00:00,2024-12-24 00:00:00,2026-07-01 12:19:00
2402,user_2402@test.com,$2a$10$7zB3qQzEcbB7mU5eL2n9fO0xH98o2tYpM.2s5lR7wE.2F8u7y6X1.,오현원,010-7877-3164,2001-04-01,ROLE_USER,ACTIVE,2024-09-28 00:00:00,2024-09-28 00:00:00,2026-06-23 15:26:00
2403,user_2403@test.com,$2a$10$7zB3qQzEcbB7mU5eL2n9fO0xH98o2tYpM.2s5lR7wE.2F8u7y6X1.,전주영,010-4757-4055,1970-01-24,ROLE_USER,ACTIVE,2025-11-21 00:00:00,2025-11-21 00:00:00,2026-06-04 13:08:00
2404,user_2404@test.com,$2a$10$7zB3qQzEcbB7mU5eL2n9fO0xH98o2tYpM.2s5lR7wE.2F8u7y6X1.,서주혁,010-9983-2452,1985-10-15,ROLE_USER,ACTIVE,2025-05-03 00:00:00,2025-05-03 00:00:00,2026-06-22 11:37:00
2405,user_2405@test.com,$2a$10$7zB3qQzEcbB7mU5eL2n9fO0xH98o2tYpM.2s5lR7wE.2F8u7y6X1.,김현수,010-6938-7438,1987-03-28,ROLE_USER,ACTIVE,2025-08-24 00:00:00,2025-08-24 00:00:00,2026-06-27 17:19:00
2406,user_2406@test.com,$2a$10$7zB3qQzEcbB7mU5eL2n9fO0xH98o2tYpM.2s5lR7wE.2F8u7y6X1.,임민우,010-4843-9652,1989-04-03,ROLE_USER,ACTIVE,2025-04-01 00:00:00,2025-04-01 00:00:00,2026-06-26 16:30:00
2407,user_2407@test.com,$2a$10$7zB3qQzEcbB7mU5eL2n9fO0xH98o2tYpM.2s5lR7wE.2F8u7y6X1.,오현율,010-4311-8568,1989-03-20,ROLE_USER,ACTIVE,2026-05-12 00:00:00,2026-05-12 00:00:00,2026-06-07 09:32:00
2408,user_2408@test.com,$2a$10$7zB3qQzEcbB7mU5eL2n9fO0xH98o2tYpM.2s5lR7wE.2F8u7y6X1.,임민빈,010-9733-9297,1986-03-18,ROLE_USER,ACTIVE,2024-12-29 00:00:00,2024-12-29 00:00:00,2026-06-20 13:26:00
2409,user_2409@test.com,$2a$10$7zB3qQzEcbB7mU5eL2n9fO0xH98o2tYpM.2s5lR7wE.2F8u7y6X1.,강시빈,010-6499-3434,1984-09-01,ROLE_USER,ACTIVE,2025-04-19 00:00:00,2025-04-19 00:00:00,2026-06-20 09:09:00
2410,user_2410@test.com,$2a$10$7zB3qQzEcbB7mU5eL2n9fO0xH98o2tYpM.2s5lR7wE.2F8u7y6X1.,임시우,010-7621-5373,1973-01-27,ROLE_USER,ACTIVE,2026-01-14 00:00:00,2026-01-14 00:00:00,2026-06-29 22:35:00
2411,user_2411@test.com,$2a$10$7zB3qQzEcbB7mU5eL2n9fO0xH98o2tYpM.2s5lR7wE.2F8u7y6X1.,오예현,010-7640-5287,1993-12-03,ROLE_USER,ACTIVE,2026-05-02 00:00:00,2026-05-02 00:00:00,2026-05-18 16:58:00
2412,user_2412@test.com,$2a$10$7zB3qQzEcbB7mU5eL2n9fO0xH98o2tYpM.2s5lR7wE.2F8u7y6X1.,정서빈,010-8589-1244,1972-04-28,ROLE_USER,ACTIVE,2024-03-30 00:00:00,2024-03-30 00:00:00,2026-06-20 11:39:00
2413,user_2413@test.com,$2a$10$7zB3qQzEcbB7mU5eL2n9fO0xH98o2tYpM.2s5lR7wE.2F8u7y6X1.,송하빈,010-9466-5578,1972-12-22,ROLE_USER,ACTIVE,2024-12-27 00:00:00,2024-12-27 00:00:00,2026-06-22 10:50:00
2414,user_2414@test.com,$2a$10$7zB3qQzEcbB7mU5eL2n9fO0xH98o2tYpM.2s5lR7wE.2F8u7y6X1.,김지율,010-2132-7747,1993-10-09,ROLE_USER,ACTIVE,2025-12-05 00:00:00,2025-12-05 00:00:00,2026-07-01 17:34:00
2415,user_2415@test.com,$2a$10$7zB3qQzEcbB7mU5eL2n9fO0xH98o2tYpM.2s5lR7wE.2F8u7y6X1.,박현원,010-7382-4342,1972-07-18,ROLE_USER,ACTIVE,2025-09-24 00:00:00,2025-09-24 00:00:00,2026-07-01 18:45:00
2416,user_2416@test.com,$2a$10$7zB3qQzEcbB7mU5eL2n9fO0xH98o2tYpM.2s5lR7wE.2F8u7y6X1.,임승아,010-8025-6465,1979-03-09,ROLE_USER,ACTIVE,2024-07-26 00:00:00,2024-07-26 00:00:00,2026-06-25 13:26:00
2417,user_2417@test.com,$2a$10$7zB3qQzEcbB7mU5eL2n9fO0xH98o2tYpM.2s5lR7wE.2F8u7y6X1.,권지인,010-6537-6641,1993-11-16,ROLE_USER,ACTIVE,2025-01-22 00:00:00,2025-01-22 00:00:00,2026-06-26 21:05:00
2418,user_2418@test.com,$2a$10$7zB3qQzEcbB7mU5eL2n9fO0xH98o2tYpM.2s5lR7wE.2F8u7y6X1.,송도수,010-4042-8654,1978-08-09,ROLE_USER,ACTIVE,2024-02-26 00:00:00,2024-02-26 00:00:00,2026-06-28 08:56:00
2419,user_2419@test.com,$2a$10$7zB3qQzEcbB7mU5eL2n9fO0xH98o2tYpM.2s5lR7wE.2F8u7y6X1.,최주인,010-6166-4711,1986-05-13,ROLE_USER,ACTIVE,2025-12-13 00:00:00,2025-12-13 00:00:00,2026-06-22 14:03:00
2420,user_2420@test.com,$2a$10$7zB3qQzEcbB7mU5eL2n9fO0xH98o2tYpM.2s5lR7wE.2F8u7y6X1.,황태아,010-1044-7917,2002-05-10,ROLE_USER,ACTIVE,2023-12-28 00:00:00,2023-12-28 00:00:00,2026-07-01 19:44:00
2421,user_2421@test.com,$2a$10$7zB3qQzEcbB7mU5eL2n9fO0xH98o2tYpM.2s5lR7wE.2F8u7y6X1.,박시아,010-7317-1489,1989-01-20,ROLE_USER,ACTIVE,2025-04-28 00:00:00,2025-04-28 00:00:00,2026-06-03 10:40:00
2422,user_2422@test.com,$2a$10$7zB3qQzEcbB7mU5eL2n9fO0xH98o2tYpM.2s5lR7wE.2F8u7y6X1.,김태수,010-2064-2763,1999-11-02,ROLE_USER,ACTIVE,2026-03-26 00:00:00,2026-03-26 00:00:00,2026-06-21 08:27:00
2423,user_2423@test.com,$2a$10$7zB3qQzEcbB7mU5eL2n9fO0xH98o2tYpM.2s5lR7wE.2F8u7y6X1.,정현아,010-6847-9328,2002-01-25,ROLE_USER,ACTIVE,2026-04-02 00:00:00,2026-04-02 00:00:00,2026-06-24 14:36:00
2424,user_2424@test.com,$2a$10$7zB3qQzEcbB7mU5eL2n9fO0xH98o2tYpM.2s5lR7wE.2F8u7y6X1.,송하우,010-5663-9603,2002-01-02,ROLE_USER,ACTIVE,2023-10-15 00:00:00,2023-10-15 00:00:00,2026-06-27 12:34:00
2425,user_2425@test.com,$2a$10$7zB3qQzEcbB7mU5eL2n9fO0xH98o2tYpM.2s5lR7wE.2F8u7y6X1.,한도우,010-2115-3953,1989-07-22,ROLE_USER,ACTIVE,2024-05-03 00:00:00,2024-05-03 00:00:00,2026-06-29 12:45:00
2426,user_2426@test.com,$2a$10$7zB3qQzEcbB7mU5eL2n9fO0xH98o2tYpM.2s5lR7wE.2F8u7y6X1.,이승현,010-2349-5090,1979-10-14,ROLE_USER,ACTIVE,2026-05-04 00:00:00,2026-05-04 00:00:00,2026-06-09 20:35:00
2427,user_2427@test.com,$2a$10$7zB3qQzEcbB7mU5eL2n9fO0xH98o2tYpM.2s5lR7wE.2F8u7y6X1.,강태현,010-6125-3363,1977-08-23,ROLE_USER,ACTIVE,2025-04-25 00:00:00,2025-04-25 00:00:00,2026-06-30 19:04:00
2428,user_2428@test.com,$2a$10$7zB3qQzEcbB7mU5eL2n9fO0xH98o2tYpM.2s5lR7wE.2F8u7y6X1.,안지인,010-7661-8913,1996-07-15,ROLE_USER,ACTIVE,2023-10-23 00:00:00,2023-10-23 00:00:00,2026-06-30 13:27:00
2429,user_2429@test.com,$2a$10$7zB3qQzEcbB7mU5eL2n9fO0xH98o2tYpM.2s5lR7wE.2F8u7y6X1.,오은혁,010-7508-4672,1999-07-23,ROLE_USER,ACTIVE,2024-06-11 00:00:00,2024-06-11 00:00:00,2026-06-22 15:35:00
2430,user_2430@test.com,$2a$10$7zB3qQzEcbB7mU5eL2n9fO0xH98o2tYpM.2s5lR7wE.2F8u7y6X1.,전태수,010-2800-2319,2003-06-11,ROLE_USER,ACTIVE,2024-02-15 00:00:00,2024-02-15 00:00:00,2026-07-02 20:33:00
2431,user_2431@test.com,$2a$10$7zB3qQzEcbB7mU5eL2n9fO0xH98o2tYpM.2s5lR7wE.2F8u7y6X1.,임태빈,010-2863-9686,2000-12-05,ROLE_USER,ACTIVE,2024-12-12 00:00:00,2024-12-12 00:00:00,2026-06-18 19:28:00
2432,user_2432@test.com,$2a$10$7zB3qQzEcbB7mU5eL2n9fO0xH98o2tYpM.2s5lR7wE.2F8u7y6X1.,황시빈,010-8467-5287,1997-04-07,ROLE_USER,ACTIVE,2025-10-13 00:00:00,2025-10-13 00:00:00,2026-06-29 15:09:00
2433,user_2433@test.com,$2a$10$7zB3qQzEcbB7mU5eL2n9fO0xH98o2tYpM.2s5lR7wE.2F8u7y6X1.,조지영,010-9501-2793,1996-08-24,ROLE_USER,ACTIVE,2023-10-28 00:00:00,2023-10-28 00:00:00,2026-06-29 11:26:00
2434,user_2434@test.com,$2a$10$7zB3qQzEcbB7mU5eL2n9fO0xH98o2tYpM.2s5lR7wE.2F8u7y6X1.,홍현영,010-6054-1776,1991-11-24,ROLE_USER,ACTIVE,2024-01-14 00:00:00,2024-01-14 00:00:00,2026-06-23 15:44:00
2435,user_2435@test.com,$2a$10$7zB3qQzEcbB7mU5eL2n9fO0xH98o2tYpM.2s5lR7wE.2F8u7y6X1.,강시빈,010-3533-1473,1978-01-23,ROLE_USER,ACTIVE,2023-12-11 00:00:00,2023-12-11 00:00:00,2026-06-23 15:19:00
2436,user_2436@test.com,$2a$10$7zB3qQzEcbB7mU5eL2n9fO0xH98o2tYpM.2s5lR7wE.2F8u7y6X1.,신지율,010-5565-2459,1990-12-20,ROLE_USER,ACTIVE,2026-03-14 00:00:00,2026-03-14 00:00:00,2026-06-18 18:15:00
2437,user_2437@test.com,$2a$10$7zB3qQzEcbB7mU5eL2n9fO0xH98o2tYpM.2s5lR7wE.2F8u7y6X1.,홍태우,010-3113-4934,1979-05-11,ROLE_USER,ACTIVE,2025-11-10 00:00:00,2025-11-10 00:00:00,2026-06-24 18:52:00
2438,user_2438@test.com,$2a$10$7zB3qQzEcbB7mU5eL2n9fO0xH98o2tYpM.2s5lR7wE.2F8u7y6X1.,박도아,010-2340-6758,1988-11-22,ROLE_USER,ACTIVE,2025-02-18 00:00:00,2025-02-18 00:00:00,2026-06-24 16:09:00
2439,user_2439@test.com,$2a$10$7zB3qQzEcbB7mU5eL2n9fO0xH98o2tYpM.2s5lR7wE.2F8u7y6X1.,최도인,010-6012-4568,1986-06-24,ROLE_USER,ACTIVE,2025-08-14 00:00:00,2025-08-14 00:00:00,2026-06-22 16:59:00
2440,user_2440@test.com,$2a$10$7zB3qQzEcbB7mU5eL2n9fO0xH98o2tYpM.2s5lR7wE.2F8u7y6X1.,안태영,010-3079-1584,1992-01-02,ROLE_USER,ACTIVE,2023-12-03 00:00:00,2023-12-03 00:00:00,2026-06-23 13:04:00
2441,user_2441@test.com,$2a$10$7zB3qQzEcbB7mU5eL2n9fO0xH98o2tYpM.2s5lR7wE.2F8u7y6X1.,박예현,010-5970-3243,1982-05-23,ROLE_USER,ACTIVE,2026-01-27 00:00:00,2026-01-27 00:00:00,2026-06-24 19:34:00
2442,user_2442@test.com,$2a$10$7zB3qQzEcbB7mU5eL2n9fO0xH98o2tYpM.2s5lR7wE.2F8u7y6X1.,정하인,010-6776-3219,1988-10-10,ROLE_USER,ACTIVE,2024-04-12 00:00:00,2024-04-12 00:00:00,2026-06-19 15:03:00
2443,user_2443@test.com,$2a$10$7zB3qQzEcbB7mU5eL2n9fO0xH98o2tYpM.2s5lR7wE.2F8u7y6X1.,박도현,010-8841-7489,1970-08-16,ROLE_USER,ACTIVE,2023-11-28 00:00:00,2023-11-28 00:00:00,2026-06-23 12:09:00
2444,user_2444@test.com,$2a$10$7zB3qQzEcbB7mU5eL2n9fO0xH98o2tYpM.2s5lR7wE.2F8u7y6X1.,황시준,010-4842-3157,1995-10-04,ROLE_USER,ACTIVE,2025-09-04 00:00:00,2025-09-04 00:00:00,2026-06-26 12:11:00
2445,user_2445@test.com,$2a$10$7zB3qQzEcbB7mU5eL2n9fO0xH98o2tYpM.2s5lR7wE.2F8u7y6X1.,권시수,010-3489-2307,1984-05-03,ROLE_USER,ACTIVE,2023-11-15 00:00:00,2023-11-15 00:00:00,2026-05-05 18:06:00
2446,user_2446@test.com,$2a$10$7zB3qQzEcbB7mU5eL2n9fO0xH98o2tYpM.2s5lR7wE.2F8u7y6X1.,강도원,010-7445-1218,1973-01-12,ROLE_USER,ACTIVE,2024-11-22 00:00:00,2024-11-22 00:00:00,2026-06-19 17:01:00
2447,user_2447@test.com,$2a$10$7zB3qQzEcbB7mU5eL2n9fO0xH98o2tYpM.2s5lR7wE.2F8u7y6X1.,최주아,010-1622-9815,1980-08-28,ROLE_USER,ACTIVE,2025-03-25 00:00:00,2025-03-25 00:00:00,2026-06-19 12:58:00
2448,user_2448@test.com,$2a$10$7zB3qQzEcbB7mU5eL2n9fO0xH98o2tYpM.2s5lR7wE.2F8u7y6X1.,이시현,010-5441-4216,1980-08-25,ROLE_USER,ACTIVE,2025-01-14 00:00:00,2025-01-14 00:00:00,2026-06-28 09:22:00
2449,user_2449@test.com,$2a$10$7zB3qQzEcbB7mU5eL2n9fO0xH98o2tYpM.2s5lR7wE.2F8u7y6X1.,홍은수,010-3010-8736,1977-02-25,ROLE_USER,ACTIVE,2024-12-31 00:00:00,2024-12-31 00:00:00,2026-06-25 16:52:00
2450,user_2450@test.com,$2a$10$7zB3qQzEcbB7mU5eL2n9fO0xH98o2tYpM.2s5lR7wE.2F8u7y6X1.,서태우,010-7031-7677,1981-06-21,ROLE_USER,ACTIVE,2024-10-18 00:00:00,2024-10-18 00:00:00,2026-06-19 11:27:00
2451,user_2451@test.com,$2a$10$7zB3qQzEcbB7mU5eL2n9fO0xH98o2tYpM.2s5lR7wE.2F8u7y6X1.,서시아,010-6539-1291,2004-07-09,ROLE_USER,ACTIVE,2025-07-10 00:00:00,2025-07-10 00:00:00,2026-04-25 12:48:00
2452,user_2452@test.com,$2a$10$7zB3qQzEcbB7mU5eL2n9fO0xH98o2tYpM.2s5lR7wE.2F8u7y6X1.,김태영,010-3621-9483,1994-10-13,ROLE_USER,ACTIVE,2026-02-21 00:00:00,2026-02-21 00:00:00,2026-06-19 13:14:00
2453,user_2453@test.com,$2a$10$7zB3qQzEcbB7mU5eL2n9fO0xH98o2tYpM.2s5lR7wE.2F8u7y6X1.,강하아,010-2100-9660,2001-05-20,ROLE_USER,ACTIVE,2024-07-09 00:00:00,2024-07-09 00:00:00,2026-07-01 15:04:00
2454,user_2454@test.com,$2a$10$7zB3qQzEcbB7mU5eL2n9fO0xH98o2tYpM.2s5lR7wE.2F8u7y6X1.,신현원,010-5733-4131,1974-12-07,ROLE_USER,ACTIVE,2026-04-29 00:00:00,2026-04-29 00:00:00,2026-06-21 09:14:00
2455,user_2455@test.com,$2a$10$7zB3qQzEcbB7mU5eL2n9fO0xH98o2tYpM.2s5lR7wE.2F8u7y6X1.,정시수,010-1852-8156,1977-02-23,ROLE_USER,ACTIVE,2026-04-20 00:00:00,2026-04-20 00:00:00,2026-06-08 19:50:00
2456,user_2456@test.com,$2a$10$7zB3qQzEcbB7mU5eL2n9fO0xH98o2tYpM.2s5lR7wE.2F8u7y6X1.,안현현,010-1320-5572,1990-05-16,ROLE_USER,ACTIVE,2026-04-15 00:00:00,2026-04-15 00:00:00,2026-07-01 21:37:00
2457,user_2457@test.com,$2a$10$7zB3qQzEcbB7mU5eL2n9fO0xH98o2tYpM.2s5lR7wE.2F8u7y6X1.,이태인,010-4697-8777,1975-01-08,ROLE_USER,ACTIVE,2026-04-22 00:00:00,2026-04-22 00:00:00,2026-04-22 17:38:00
2458,user_2458@test.com,$2a$10$7zB3qQzEcbB7mU5eL2n9fO0xH98o2tYpM.2s5lR7wE.2F8u7y6X1.,한태준,010-3634-8582,1995-02-17,ROLE_USER,ACTIVE,2025-04-05 00:00:00,2025-04-05 00:00:00,2026-06-30 14:28:00
2459,user_2459@test.com,$2a$10$7zB3qQzEcbB7mU5eL2n9fO0xH98o2tYpM.2s5lR7wE.2F8u7y6X1.,김은인,010-1487-6247,1997-05-10,ROLE_USER,ACTIVE,2024-01-23 00:00:00,2024-01-23 00:00:00,2026-06-28 15:28:00
2460,user_2460@test.com,$2a$10$7zB3qQzEcbB7mU5eL2n9fO0xH98o2tYpM.2s5lR7wE.2F8u7y6X1.,서은율,010-3515-7419,1975-05-01,ROLE_USER,ACTIVE,2024-09-23 00:00:00,2024-09-23 00:00:00,2026-06-25 08:02:00
2461,user_2461@test.com,$2a$10$7zB3qQzEcbB7mU5eL2n9fO0xH98o2tYpM.2s5lR7wE.2F8u7y6X1.,신현원,010-9003-5600,1988-03-18,ROLE_USER,ACTIVE,2024-01-26 00:00:00,2024-01-26 00:00:00,2026-06-27 08:52:00
2462,user_2462@test.com,$2a$10$7zB3qQzEcbB7mU5eL2n9fO0xH98o2tYpM.2s5lR7wE.2F8u7y6X1.,최주혁,010-5350-5864,2002-11-11,ROLE_USER,ACTIVE,2025-04-22 00:00:00,2025-04-22 00:00:00,2026-06-18 12:04:00
2463,user_2463@test.com,$2a$10$7zB3qQzEcbB7mU5eL2n9fO0xH98o2tYpM.2s5lR7wE.2F8u7y6X1.,정예빈,010-3965-5020,2003-09-27,ROLE_USER,ACTIVE,2024-07-11 00:00:00,2024-07-11 00:00:00,2026-06-28 20:42:00
2464,user_2464@test.com,$2a$10$7zB3qQzEcbB7mU5eL2n9fO0xH98o2tYpM.2s5lR7wE.2F8u7y6X1.,윤주인,010-5019-9771,1991-03-13,ROLE_USER,ACTIVE,2023-10-29 00:00:00,2023-10-29 00:00:00,2026-06-24 20:03:00
2465,user_2465@test.com,$2a$10$7zB3qQzEcbB7mU5eL2n9fO0xH98o2tYpM.2s5lR7wE.2F8u7y6X1.,홍은빈,010-1734-5627,1976-08-16,ROLE_USER,ACTIVE,2024-12-01 00:00:00,2024-12-01 00:00:00,2026-06-29 21:48:00
2466,user_2466@test.com,$2a$10$7zB3qQzEcbB7mU5eL2n9fO0xH98o2tYpM.2s5lR7wE.2F8u7y6X1.,이민영,010-4534-2763,2004-12-03,ROLE_USER,ACTIVE,2024-10-20 00:00:00,2024-10-20 00:00:00,2026-06-26 08:20:00
2467,user_2467@test.com,$2a$10$7zB3qQzEcbB7mU5eL2n9fO0xH98o2tYpM.2s5lR7wE.2F8u7y6X1.,서서혁,010-1077-5306,1992-01-15,ROLE_USER,ACTIVE,2025-07-01 00:00:00,2025-07-01 00:00:00,2026-06-13 16:27:00
2468,user_2468@test.com,$2a$10$7zB3qQzEcbB7mU5eL2n9fO0xH98o2tYpM.2s5lR7wE.2F8u7y6X1.,신은준,010-8884-4955,1999-02-28,ROLE_USER,ACTIVE,2026-04-29 00:00:00,2026-04-29 00:00:00,2026-06-18 21:14:00
2469,user_2469@test.com,$2a$10$7zB3qQzEcbB7mU5eL2n9fO0xH98o2tYpM.2s5lR7wE.2F8u7y6X1.,홍지준,010-1755-2762,1979-02-02,ROLE_USER,ACTIVE,2024-10-06 00:00:00,2024-10-06 00:00:00,2026-06-29 09:17:00
2470,user_2470@test.com,$2a$10$7zB3qQzEcbB7mU5eL2n9fO0xH98o2tYpM.2s5lR7wE.2F8u7y6X1.,최시영,010-6718-1371,2003-10-05,ROLE_USER,ACTIVE,2025-05-23 00:00:00,2025-05-23 00:00:00,2026-06-19 17:57:00
2471,user_2471@test.com,$2a$10$7zB3qQzEcbB7mU5eL2n9fO0xH98o2tYpM.2s5lR7wE.2F8u7y6X1.,조은빈,010-4600-7307,1987-08-20,ROLE_USER,ACTIVE,2025-04-29 00:00:00,2025-04-29 00:00:00,2026-06-21 22:16:00
2472,user_2472@test.com,$2a$10$7zB3qQzEcbB7mU5eL2n9fO0xH98o2tYpM.2s5lR7wE.2F8u7y6X1.,최민현,010-8001-1581,1970-11-14,ROLE_USER,ACTIVE,2025-01-20 00:00:00,2025-01-20 00:00:00,2026-06-29 11:57:00
2473,user_2473@test.com,$2a$10$7zB3qQzEcbB7mU5eL2n9fO0xH98o2tYpM.2s5lR7wE.2F8u7y6X1.,정시인,010-3716-3993,2003-12-05,ROLE_USER,ACTIVE,2025-01-10 00:00:00,2025-01-10 00:00:00,2026-06-25 11:23:00
2474,user_2474@test.com,$2a$10$7zB3qQzEcbB7mU5eL2n9fO0xH98o2tYpM.2s5lR7wE.2F8u7y6X1.,황지수,010-1608-6459,1999-06-11,ROLE_USER,ACTIVE,2025-05-15 00:00:00,2025-05-15 00:00:00,2026-06-22 17:08:00
2475,user_2475@test.com,$2a$10$7zB3qQzEcbB7mU5eL2n9fO0xH98o2tYpM.2s5lR7wE.2F8u7y6X1.,박하아,010-9769-8279,1990-01-21,ROLE_USER,ACTIVE,2026-01-11 00:00:00,2026-01-11 00:00:00,2026-06-27 10:02:00
2476,user_2476@test.com,$2a$10$7zB3qQzEcbB7mU5eL2n9fO0xH98o2tYpM.2s5lR7wE.2F8u7y6X1.,권주영,010-8977-8621,1995-06-28,ROLE_USER,ACTIVE,2025-10-26 00:00:00,2025-10-26 00:00:00,2026-06-24 16:58:00
2477,user_2477@test.com,$2a$10$7zB3qQzEcbB7mU5eL2n9fO0xH98o2tYpM.2s5lR7wE.2F8u7y6X1.,조민빈,010-5164-9235,2002-08-04,ROLE_USER,ACTIVE,2025-08-05 00:00:00,2025-08-05 00:00:00,2026-06-20 11:38:00
2478,user_2478@test.com,$2a$10$7zB3qQzEcbB7mU5eL2n9fO0xH98o2tYpM.2s5lR7wE.2F8u7y6X1.,서태영,010-4485-3130,1978-01-02,ROLE_USER,ACTIVE,2025-10-23 00:00:00,2025-10-23 00:00:00,2026-07-01 17:21:00
2479,user_2479@test.com,$2a$10$7zB3qQzEcbB7mU5eL2n9fO0xH98o2tYpM.2s5lR7wE.2F8u7y6X1.,서예수,010-6080-9214,2002-10-18,ROLE_USER,ACTIVE,2025-03-19 00:00:00,2025-03-19 00:00:00,2026-06-27 20:37:00
2480,user_2480@test.com,$2a$10$7zB3qQzEcbB7mU5eL2n9fO0xH98o2tYpM.2s5lR7wE.2F8u7y6X1.,김승율,010-2075-9098,1985-07-15,ROLE_USER,ACTIVE,2024-01-29 00:00:00,2024-01-29 00:00:00,2026-06-22 22:22:00
2481,user_2481@test.com,$2a$10$7zB3qQzEcbB7mU5eL2n9fO0xH98o2tYpM.2s5lR7wE.2F8u7y6X1.,박태혁,010-1917-5216,1970-04-17,ROLE_USER,ACTIVE,2025-05-10 00:00:00,2025-05-10 00:00:00,2026-06-27 11:56:00
2482,user_2482@test.com,$2a$10$7zB3qQzEcbB7mU5eL2n9fO0xH98o2tYpM.2s5lR7wE.2F8u7y6X1.,오현우,010-6786-1103,2004-01-03,ROLE_USER,ACTIVE,2024-08-23 00:00:00,2024-08-23 00:00:00,2026-06-19 08:48:00
2483,user_2483@test.com,$2a$10$7zB3qQzEcbB7mU5eL2n9fO0xH98o2tYpM.2s5lR7wE.2F8u7y6X1.,조도율,010-9877-6256,2004-04-12,ROLE_USER,ACTIVE,2025-05-16 00:00:00,2025-05-16 00:00:00,2026-06-19 18:57:00
2484,user_2484@test.com,$2a$10$7zB3qQzEcbB7mU5eL2n9fO0xH98o2tYpM.2s5lR7wE.2F8u7y6X1.,한승우,010-5512-2036,1988-03-11,ROLE_USER,ACTIVE,2025-10-25 00:00:00,2025-10-25 00:00:00,2026-06-24 19:28:00
2485,user_2485@test.com,$2a$10$7zB3qQzEcbB7mU5eL2n9fO0xH98o2tYpM.2s5lR7wE.2F8u7y6X1.,권승준,010-2606-9547,1989-04-28,ROLE_USER,ACTIVE,2025-12-11 00:00:00,2025-12-11 00:00:00,2026-06-26 19:12:00
2486,user_2486@test.com,$2a$10$7zB3qQzEcbB7mU5eL2n9fO0xH98o2tYpM.2s5lR7wE.2F8u7y6X1.,전하우,010-7298-6817,1992-08-22,ROLE_USER,ACTIVE,2026-05-17 00:00:00,2026-05-17 00:00:00,2026-06-29 19:42:00
2487,user_2487@test.com,$2a$10$7zB3qQzEcbB7mU5eL2n9fO0xH98o2tYpM.2s5lR7wE.2F8u7y6X1.,오지혁,010-7668-4115,1984-11-27,ROLE_USER,ACTIVE,2024-02-14 00:00:00,2024-02-14 00:00:00,2026-06-19 20:43:00
2488,user_2488@test.com,$2a$10$7zB3qQzEcbB7mU5eL2n9fO0xH98o2tYpM.2s5lR7wE.2F8u7y6X1.,강예현,010-1349-5229,1973-05-25,ROLE_USER,ACTIVE,2024-04-25 00:00:00,2024-04-25 00:00:00,2026-06-29 19:51:00
2489,user_2489@test.com,$2a$10$7zB3qQzEcbB7mU5eL2n9fO0xH98o2tYpM.2s5lR7wE.2F8u7y6X1.,윤은원,010-9349-2305,1970-02-20,ROLE_USER,ACTIVE,2024-01-31 00:00:00,2024-01-31 00:00:00,2026-07-01 19:47:00
2490,user_2490@test.com,$2a$10$7zB3qQzEcbB7mU5eL2n9fO0xH98o2tYpM.2s5lR7wE.2F8u7y6X1.,강도혁,010-6931-9131,1988-04-23,ROLE_USER,ACTIVE,2026-03-25 00:00:00,2026-03-25 00:00:00,2026-06-28 19:19:00
2491,user_2491@test.com,$2a$10$7zB3qQzEcbB7mU5eL2n9fO0xH98o2tYpM.2s5lR7wE.2F8u7y6X1.,한은원,010-2236-3583,1989-11-06,ROLE_USER,ACTIVE,2025-04-20 00:00:00,2025-04-20 00:00:00,2026-06-23 10:35:00
2492,user_2492@test.com,$2a$10$7zB3qQzEcbB7mU5eL2n9fO0xH98o2tYpM.2s5lR7wE.2F8u7y6X1.,윤태율,010-9212-3628,1991-03-19,ROLE_USER,ACTIVE,2026-01-14 00:00:00,2026-01-14 00:00:00,2026-06-29 09:03:00
2493,user_2493@test.com,$2a$10$7zB3qQzEcbB7mU5eL2n9fO0xH98o2tYpM.2s5lR7wE.2F8u7y6X1.,송예아,010-2615-1703,1979-09-13,ROLE_USER,ACTIVE,2024-08-17 00:00:00,2024-08-17 00:00:00,2026-07-01 08:45:00
2494,user_2494@test.com,$2a$10$7zB3qQzEcbB7mU5eL2n9fO0xH98o2tYpM.2s5lR7wE.2F8u7y6X1.,이서인,010-4004-6770,1984-06-20,ROLE_USER,ACTIVE,2024-11-16 00:00:00,2024-11-16 00:00:00,2026-06-19 21:57:00
2495,user_2495@test.com,$2a$10$7zB3qQzEcbB7mU5eL2n9fO0xH98o2tYpM.2s5lR7wE.2F8u7y6X1.,임도우,010-5251-9351,1971-11-25,ROLE_USER,ACTIVE,2026-02-06 00:00:00,2026-02-06 00:00:00,2026-06-18 10:09:00
2496,user_2496@test.com,$2a$10$7zB3qQzEcbB7mU5eL2n9fO0xH98o2tYpM.2s5lR7wE.2F8u7y6X1.,한은원,010-9262-9555,1983-01-06,ROLE_USER,ACTIVE,2025-06-09 00:00:00,2025-06-09 00:00:00,2026-07-02 16:23:00
2497,user_2497@test.com,$2a$10$7zB3qQzEcbB7mU5eL2n9fO0xH98o2tYpM.2s5lR7wE.2F8u7y6X1.,윤은수,010-5383-3756,1998-04-20,ROLE_USER,ACTIVE,2025-03-30 00:00:00,2025-03-30 00:00:00,2026-06-18 18:25:00
2498,user_2498@test.com,$2a$10$7zB3qQzEcbB7mU5eL2n9fO0xH98o2tYpM.2s5lR7wE.2F8u7y6X1.,이지아,010-7443-3579,2004-06-12,ROLE_USER,ACTIVE,2023-12-23 00:00:00,2023-12-23 00:00:00,2026-06-26 20:53:00
2499,user_2499@test.com,$2a$10$7zB3qQzEcbB7mU5eL2n9fO0xH98o2tYpM.2s5lR7wE.2F8u7y6X1.,윤예인,010-6910-6219,1977-05-25,ROLE_USER,ACTIVE,2025-11-24 00:00:00,2025-11-24 00:00:00,2026-07-01 14:38:00
2500,user_2500@test.com,$2a$10$7zB3qQzEcbB7mU5eL2n9fO0xH98o2tYpM.2s5lR7wE.2F8u7y6X1.,황민인,010-8133-8961,1999-03-01,ROLE_USER,ACTIVE,2025-01-17 00:00:00,2025-01-17 00:00:00,2026-06-26 17:35:00
2501,user_2501@test.com,$2a$10$7zB3qQzEcbB7mU5eL2n9fO0xH98o2tYpM.2s5lR7wE.2F8u7y6X1.,조주인,010-7371-4606,2002-10-26,ROLE_USER,ACTIVE,2024-12-20 00:00:00,2024-12-20 00:00:00,2026-05-09 22:52:00
2502,user_2502@test.com,$2a$10$7zB3qQzEcbB7mU5eL2n9fO0xH98o2tYpM.2s5lR7wE.2F8u7y6X1.,강주수,010-4291-8669,1976-06-21,ROLE_USER,ACTIVE,2026-03-07 00:00:00,2026-03-07 00:00:00,2026-06-28 12:45:00
2503,user_2503@test.com,$2a$10$7zB3qQzEcbB7mU5eL2n9fO0xH98o2tYpM.2s5lR7wE.2F8u7y6X1.,임도빈,010-9101-9747,1975-02-18,ROLE_USER,ACTIVE,2024-04-03 00:00:00,2024-04-03 00:00:00,2026-06-20 17:54:00
2504,user_2504@test.com,$2a$10$7zB3qQzEcbB7mU5eL2n9fO0xH98o2tYpM.2s5lR7wE.2F8u7y6X1.,최하혁,010-5741-1822,1992-03-19,ROLE_USER,ACTIVE,2024-07-19 00:00:00,2024-07-19 00:00:00,2026-06-29 17:01:00
2505,user_2505@test.com,$2a$10$7zB3qQzEcbB7mU5eL2n9fO0xH98o2tYpM.2s5lR7wE.2F8u7y6X1.,한하수,010-9364-3499,1980-06-26,ROLE_USER,ACTIVE,2024-02-26 00:00:00,2024-02-26 00:00:00,2026-07-02 13:55:00
2506,user_2506@test.com,$2a$10$7zB3qQzEcbB7mU5eL2n9fO0xH98o2tYpM.2s5lR7wE.2F8u7y6X1.,김지아,010-1510-4793,1982-02-07,ROLE_USER,ACTIVE,2025-01-18 00:00:00,2025-01-18 00:00:00,2026-06-22 15:48:00
2507,user_2507@test.com,$2a$10$7zB3qQzEcbB7mU5eL2n9fO0xH98o2tYpM.2s5lR7wE.2F8u7y6X1.,오시인,010-4293-5141,1992-05-02,ROLE_USER,ACTIVE,2024-10-26 00:00:00,2024-10-26 00:00:00,2026-06-24 20:50:00
2508,user_2508@test.com,$2a$10$7zB3qQzEcbB7mU5eL2n9fO0xH98o2tYpM.2s5lR7wE.2F8u7y6X1.,권하율,010-6916-1996,1976-07-09,ROLE_USER,ACTIVE,2026-02-19 00:00:00,2026-02-19 00:00:00,2026-07-02 21:45:00
2509,user_2509@test.com,$2a$10$7zB3qQzEcbB7mU5eL2n9fO0xH98o2tYpM.2s5lR7wE.2F8u7y6X1.,윤현수,010-2131-9784,1972-10-24,ROLE_USER,ACTIVE,2025-11-21 00:00:00,2025-11-21 00:00:00,2026-05-21 14:22:00
2510,user_2510@test.com,$2a$10$7zB3qQzEcbB7mU5eL2n9fO0xH98o2tYpM.2s5lR7wE.2F8u7y6X1.,정태율,010-2140-5733,1990-02-01,ROLE_USER,ACTIVE,2024-10-17 00:00:00,2024-10-17 00:00:00,2026-06-21 14:20:00
2511,user_2511@test.com,$2a$10$7zB3qQzEcbB7mU5eL2n9fO0xH98o2tYpM.2s5lR7wE.2F8u7y6X1.,조지아,010-1362-7412,2004-02-19,ROLE_USER,ACTIVE,2025-09-18 00:00:00,2025-09-18 00:00:00,2026-06-26 22:04:00
2512,user_2512@test.com,$2a$10$7zB3qQzEcbB7mU5eL2n9fO0xH98o2tYpM.2s5lR7wE.2F8u7y6X1.,김서현,010-2294-8170,1980-11-11,ROLE_USER,ACTIVE,2024-12-29 00:00:00,2024-12-29 00:00:00,2026-06-29 15:38:00
2513,user_2513@test.com,$2a$10$7zB3qQzEcbB7mU5eL2n9fO0xH98o2tYpM.2s5lR7wE.2F8u7y6X1.,김도수,010-1519-1187,1998-10-11,ROLE_USER,ACTIVE,2024-12-22 00:00:00,2024-12-22 00:00:00,2026-06-26 21:25:00
2514,user_2514@test.com,$2a$10$7zB3qQzEcbB7mU5eL2n9fO0xH98o2tYpM.2s5lR7wE.2F8u7y6X1.,이서수,010-9084-6456,1978-06-27,ROLE_USER,ACTIVE,2026-03-13 00:00:00,2026-03-13 00:00:00,2026-06-25 17:04:00
2515,user_2515@test.com,$2a$10$7zB3qQzEcbB7mU5eL2n9fO0xH98o2tYpM.2s5lR7wE.2F8u7y6X1.,전민현,010-3914-4263,1988-09-21,ROLE_USER,ACTIVE,2024-02-10 00:00:00,2024-02-10 00:00:00,2026-06-22 21:36:00
2516,user_2516@test.com,$2a$10$7zB3qQzEcbB7mU5eL2n9fO0xH98o2tYpM.2s5lR7wE.2F8u7y6X1.,임시혁,010-8943-1293,1984-07-01,ROLE_USER,ACTIVE,2025-04-18 00:00:00,2025-04-18 00:00:00,2026-07-01 15:46:00
2517,user_2517@test.com,$2a$10$7zB3qQzEcbB7mU5eL2n9fO0xH98o2tYpM.2s5lR7wE.2F8u7y6X1.,이태원,010-9077-7228,1971-07-14,ROLE_USER,ACTIVE,2025-06-26 00:00:00,2025-06-26 00:00:00,2026-06-27 22:20:00
2518,user_2518@test.com,$2a$10$7zB3qQzEcbB7mU5eL2n9fO0xH98o2tYpM.2s5lR7wE.2F8u7y6X1.,송현우,010-2564-3615,2000-04-19,ROLE_USER,ACTIVE,2024-01-12 00:00:00,2024-01-12 00:00:00,2026-07-01 19:54:00
2519,user_2519@test.com,$2a$10$7zB3qQzEcbB7mU5eL2n9fO0xH98o2tYpM.2s5lR7wE.2F8u7y6X1.,박하율,010-9780-8355,2002-03-05,ROLE_USER,ACTIVE,2024-01-24 00:00:00,2024-01-24 00:00:00,2026-07-01 20:00:00
2520,user_2520@test.com,$2a$10$7zB3qQzEcbB7mU5eL2n9fO0xH98o2tYpM.2s5lR7wE.2F8u7y6X1.,임시혁,010-5401-6633,1997-03-22,ROLE_USER,ACTIVE,2025-03-19 00:00:00,2025-03-19 00:00:00,2026-07-01 09:25:00
2521,user_2521@test.com,$2a$10$7zB3qQzEcbB7mU5eL2n9fO0xH98o2tYpM.2s5lR7wE.2F8u7y6X1.,황민인,010-5286-1484,1996-02-07,ROLE_USER,ACTIVE,2025-04-17 00:00:00,2025-04-17 00:00:00,2026-06-27 21:34:00
2522,user_2522@test.com,$2a$10$7zB3qQzEcbB7mU5eL2n9fO0xH98o2tYpM.2s5lR7wE.2F8u7y6X1.,안예인,010-2996-6205,1988-10-16,ROLE_USER,ACTIVE,2025-07-14 00:00:00,2025-07-14 00:00:00,2026-06-19 19:02:00
2523,user_2523@test.com,$2a$10$7zB3qQzEcbB7mU5eL2n9fO0xH98o2tYpM.2s5lR7wE.2F8u7y6X1.,임현현,010-4994-2897,1978-11-15,ROLE_USER,ACTIVE,2025-04-09 00:00:00,2025-04-09 00:00:00,2026-07-01 21:36:00
2524,user_2524@test.com,$2a$10$7zB3qQzEcbB7mU5eL2n9fO0xH98o2tYpM.2s5lR7wE.2F8u7y6X1.,한은혁,010-9847-1389,1994-06-09,ROLE_USER,ACTIVE,2025-09-22 00:00:00,2025-09-22 00:00:00,2026-07-02 14:08:00
2525,user_2525@test.com,$2a$10$7zB3qQzEcbB7mU5eL2n9fO0xH98o2tYpM.2s5lR7wE.2F8u7y6X1.,황은원,010-9199-7470,1990-03-24,ROLE_USER,ACTIVE,2024-07-31 00:00:00,2024-07-31 00:00:00,2026-06-22 08:28:00
2526,user_2526@test.com,$2a$10$7zB3qQzEcbB7mU5eL2n9fO0xH98o2tYpM.2s5lR7wE.2F8u7y6X1.,홍현인,010-4597-1352,1992-01-27,ROLE_USER,ACTIVE,2024-04-09 00:00:00,2024-04-09 00:00:00,2026-06-26 10:03:00
2527,user_2527@test.com,$2a$10$7zB3qQzEcbB7mU5eL2n9fO0xH98o2tYpM.2s5lR7wE.2F8u7y6X1.,정민원,010-4517-9359,1996-09-06,ROLE_USER,ACTIVE,2024-10-02 00:00:00,2024-10-02 00:00:00,2026-06-26 12:21:00
2528,user_2528@test.com,$2a$10$7zB3qQzEcbB7mU5eL2n9fO0xH98o2tYpM.2s5lR7wE.2F8u7y6X1.,조도현,010-8674-9429,1980-09-04,ROLE_USER,ACTIVE,2026-04-05 00:00:00,2026-04-05 00:00:00,2026-06-28 13:52:00
2529,user_2529@test.com,$2a$10$7zB3qQzEcbB7mU5eL2n9fO0xH98o2tYpM.2s5lR7wE.2F8u7y6X1.,윤지영,010-7169-2406,1990-03-27,ROLE_USER,ACTIVE,2024-05-27 00:00:00,2024-05-27 00:00:00,2026-06-19 08:13:00
2530,user_2530@test.com,$2a$10$7zB3qQzEcbB7mU5eL2n9fO0xH98o2tYpM.2s5lR7wE.2F8u7y6X1.,안승아,010-1122-6235,1979-02-04,ROLE_USER,ACTIVE,2024-06-25 00:00:00,2024-06-25 00:00:00,2026-06-22 20:48:00
2531,user_2531@test.com,$2a$10$7zB3qQzEcbB7mU5eL2n9fO0xH98o2tYpM.2s5lR7wE.2F8u7y6X1.,한서인,010-1768-7425,1978-06-26,ROLE_USER,ACTIVE,2026-03-13 00:00:00,2026-03-13 00:00:00,2026-06-10 21:11:00
2532,user_2532@test.com,$2a$10$7zB3qQzEcbB7mU5eL2n9fO0xH98o2tYpM.2s5lR7wE.2F8u7y6X1.,신도아,010-9162-9051,1989-03-26,ROLE_USER,ACTIVE,2025-10-18 00:00:00,2025-10-18 00:00:00,2026-07-02 08:30:00
2533,user_2533@test.com,$2a$10$7zB3qQzEcbB7mU5eL2n9fO0xH98o2tYpM.2s5lR7wE.2F8u7y6X1.,서지우,010-6832-6887,1983-05-11,ROLE_USER,ACTIVE,2024-06-09 00:00:00,2024-06-09 00:00:00,2026-06-25 13:08:00
2534,user_2534@test.com,$2a$10$7zB3qQzEcbB7mU5eL2n9fO0xH98o2tYpM.2s5lR7wE.2F8u7y6X1.,최승현,010-2687-6844,1986-03-28,ROLE_USER,ACTIVE,2025-01-29 00:00:00,2025-01-29 00:00:00,2026-06-11 20:31:00
2535,user_2535@test.com,$2a$10$7zB3qQzEcbB7mU5eL2n9fO0xH98o2tYpM.2s5lR7wE.2F8u7y6X1.,전태준,010-5110-6287,1989-02-22,ROLE_USER,ACTIVE,2024-02-14 00:00:00,2024-02-14 00:00:00,2026-06-27 12:54:00
2536,user_2536@test.com,$2a$10$7zB3qQzEcbB7mU5eL2n9fO0xH98o2tYpM.2s5lR7wE.2F8u7y6X1.,임태수,010-9619-3400,1973-07-11,ROLE_USER,ACTIVE,2026-05-02 00:00:00,2026-05-02 00:00:00,2026-06-02 17:09:00
2537,user_2537@test.com,$2a$10$7zB3qQzEcbB7mU5eL2n9fO0xH98o2tYpM.2s5lR7wE.2F8u7y6X1.,안하영,010-8004-7605,1973-11-20,ROLE_USER,ACTIVE,2025-10-11 00:00:00,2025-10-11 00:00:00,2026-06-19 09:59:00
2538,user_2538@test.com,$2a$10$7zB3qQzEcbB7mU5eL2n9fO0xH98o2tYpM.2s5lR7wE.2F8u7y6X1.,권민준,010-8181-5414,1976-09-28,ROLE_USER,ACTIVE,2025-11-02 00:00:00,2025-11-02 00:00:00,2026-06-21 17:49:00
2539,user_2539@test.com,$2a$10$7zB3qQzEcbB7mU5eL2n9fO0xH98o2tYpM.2s5lR7wE.2F8u7y6X1.,박하준,010-3504-1529,1970-01-14,ROLE_USER,ACTIVE,2024-11-30 00:00:00,2024-11-30 00:00:00,2026-07-01 22:12:00
2540,user_2540@test.com,$2a$10$7zB3qQzEcbB7mU5eL2n9fO0xH98o2tYpM.2s5lR7wE.2F8u7y6X1.,권주원,010-4041-2887,1993-06-14,ROLE_USER,ACTIVE,2026-03-10 00:00:00,2026-03-10 00:00:00,2026-06-26 22:26:00
2541,user_2541@test.com,$2a$10$7zB3qQzEcbB7mU5eL2n9fO0xH98o2tYpM.2s5lR7wE.2F8u7y6X1.,강시혁,010-5591-5934,1993-10-26,ROLE_USER,ACTIVE,2024-12-14 00:00:00,2024-12-14 00:00:00,2026-06-27 20:22:00
2542,user_2542@test.com,$2a$10$7zB3qQzEcbB7mU5eL2n9fO0xH98o2tYpM.2s5lR7wE.2F8u7y6X1.,임주빈,010-9390-2596,1998-07-11,ROLE_USER,ACTIVE,2024-02-02 00:00:00,2024-02-02 00:00:00,2026-06-19 20:20:00
2543,user_2543@test.com,$2a$10$7zB3qQzEcbB7mU5eL2n9fO0xH98o2tYpM.2s5lR7wE.2F8u7y6X1.,홍하현,010-8639-9046,1993-10-08,ROLE_USER,ACTIVE,2023-12-17 00:00:00,2023-12-17 00:00:00,2026-07-02 13:43:00
2544,user_2544@test.com,$2a$10$7zB3qQzEcbB7mU5eL2n9fO0xH98o2tYpM.2s5lR7wE.2F8u7y6X1.,한태빈,010-1344-9146,1977-05-05,ROLE_USER,ACTIVE,2024-11-21 00:00:00,2024-11-21 00:00:00,2026-06-20 19:18:00
2545,user_2545@test.com,$2a$10$7zB3qQzEcbB7mU5eL2n9fO0xH98o2tYpM.2s5lR7wE.2F8u7y6X1.,김현수,010-4497-7775,1980-02-06,ROLE_USER,ACTIVE,2024-06-06 00:00:00,2024-06-06 00:00:00,2026-06-23 08:00:00
2546,user_2546@test.com,$2a$10$7zB3qQzEcbB7mU5eL2n9fO0xH98o2tYpM.2s5lR7wE.2F8u7y6X1.,윤지인,010-3147-2788,1989-06-06,ROLE_USER,ACTIVE,2023-10-14 00:00:00,2023-10-14 00:00:00,2026-06-27 20:18:00
2547,user_2547@test.com,$2a$10$7zB3qQzEcbB7mU5eL2n9fO0xH98o2tYpM.2s5lR7wE.2F8u7y6X1.,최주현,010-4476-6374,1972-05-25,ROLE_USER,ACTIVE,2025-10-27 00:00:00,2025-10-27 00:00:00,2026-06-27 11:32:00
2548,user_2548@test.com,$2a$10$7zB3qQzEcbB7mU5eL2n9fO0xH98o2tYpM.2s5lR7wE.2F8u7y6X1.,박태빈,010-5977-7725,1982-01-16,ROLE_USER,ACTIVE,2024-12-14 00:00:00,2024-12-14 00:00:00,2026-06-19 14:00:00
2549,user_2549@test.com,$2a$10$7zB3qQzEcbB7mU5eL2n9fO0xH98o2tYpM.2s5lR7wE.2F8u7y6X1.,한서아,010-5412-1832,1971-04-23,ROLE_USER,ACTIVE,2025-03-14 00:00:00,2025-03-14 00:00:00,2026-06-20 18:13:00
2550,user_2550@test.com,$2a$10$7zB3qQzEcbB7mU5eL2n9fO0xH98o2tYpM.2s5lR7wE.2F8u7y6X1.,전현영,010-1583-6828,1984-02-08,ROLE_USER,ACTIVE,2026-01-23 00:00:00,2026-01-23 00:00:00,2026-06-19 19:30:00
2551,user_2551@test.com,$2a$10$7zB3qQzEcbB7mU5eL2n9fO0xH98o2tYpM.2s5lR7wE.2F8u7y6X1.,조서우,010-6918-7763,1973-11-15,ROLE_USER,ACTIVE,2025-08-28 00:00:00,2025-08-28 00:00:00,2026-06-03 15:55:00
2552,user_2552@test.com,$2a$10$7zB3qQzEcbB7mU5eL2n9fO0xH98o2tYpM.2s5lR7wE.2F8u7y6X1.,신예빈,010-3172-7636,1981-04-17,ROLE_USER,ACTIVE,2024-05-21 00:00:00,2024-05-21 00:00:00,2026-06-22 11:01:00
2553,user_2553@test.com,$2a$10$7zB3qQzEcbB7mU5eL2n9fO0xH98o2tYpM.2s5lR7wE.2F8u7y6X1.,박하준,010-4095-1563,1976-12-13,ROLE_USER,ACTIVE,2026-04-01 00:00:00,2026-04-01 00:00:00,2026-06-24 20:42:00
2554,user_2554@test.com,$2a$10$7zB3qQzEcbB7mU5eL2n9fO0xH98o2tYpM.2s5lR7wE.2F8u7y6X1.,전도아,010-7518-4459,2003-08-26,ROLE_USER,ACTIVE,2026-05-14 00:00:00,2026-05-14 00:00:00,2026-04-20 18:59:00
2555,user_2555@test.com,$2a$10$7zB3qQzEcbB7mU5eL2n9fO0xH98o2tYpM.2s5lR7wE.2F8u7y6X1.,임주원,010-7102-2191,1970-12-12,ROLE_USER,ACTIVE,2025-07-07 00:00:00,2025-07-07 00:00:00,2026-07-02 13:53:00
2556,user_2556@test.com,$2a$10$7zB3qQzEcbB7mU5eL2n9fO0xH98o2tYpM.2s5lR7wE.2F8u7y6X1.,윤지아,010-2183-9969,1995-10-17,ROLE_USER,ACTIVE,2026-01-27 00:00:00,2026-01-27 00:00:00,2026-06-21 22:04:00
2557,user_2557@test.com,$2a$10$7zB3qQzEcbB7mU5eL2n9fO0xH98o2tYpM.2s5lR7wE.2F8u7y6X1.,홍서현,010-2384-8673,2002-11-01,ROLE_USER,ACTIVE,2024-06-13 00:00:00,2024-06-13 00:00:00,2026-04-05 15:44:00
2558,user_2558@test.com,$2a$10$7zB3qQzEcbB7mU5eL2n9fO0xH98o2tYpM.2s5lR7wE.2F8u7y6X1.,안지수,010-8586-2894,1975-10-27,ROLE_USER,ACTIVE,2024-07-08 00:00:00,2024-07-08 00:00:00,2026-06-08 15:37:00
2559,user_2559@test.com,$2a$10$7zB3qQzEcbB7mU5eL2n9fO0xH98o2tYpM.2s5lR7wE.2F8u7y6X1.,한시빈,010-8170-7500,1995-08-17,ROLE_USER,ACTIVE,2026-04-02 00:00:00,2026-04-02 00:00:00,2026-06-30 14:07:00
2560,user_2560@test.com,$2a$10$7zB3qQzEcbB7mU5eL2n9fO0xH98o2tYpM.2s5lR7wE.2F8u7y6X1.,황태율,010-5634-5230,1975-12-15,ROLE_USER,ACTIVE,2025-02-08 00:00:00,2025-02-08 00:00:00,2026-05-11 12:06:00
2561,user_2561@test.com,$2a$10$7zB3qQzEcbB7mU5eL2n9fO0xH98o2tYpM.2s5lR7wE.2F8u7y6X1.,임현수,010-6503-9649,1994-06-15,ROLE_USER,ACTIVE,2026-04-25 00:00:00,2026-04-25 00:00:00,2026-06-23 10:18:00
2562,user_2562@test.com,$2a$10$7zB3qQzEcbB7mU5eL2n9fO0xH98o2tYpM.2s5lR7wE.2F8u7y6X1.,송서빈,010-1231-2553,1974-04-05,ROLE_USER,ACTIVE,2026-02-26 00:00:00,2026-02-26 00:00:00,2026-06-18 10:39:00
2563,user_2563@test.com,$2a$10$7zB3qQzEcbB7mU5eL2n9fO0xH98o2tYpM.2s5lR7wE.2F8u7y6X1.,장시혁,010-6191-8330,1993-06-17,ROLE_USER,ACTIVE,2024-06-02 00:00:00,2024-06-02 00:00:00,2026-06-22 22:12:00
2564,user_2564@test.com,$2a$10$7zB3qQzEcbB7mU5eL2n9fO0xH98o2tYpM.2s5lR7wE.2F8u7y6X1.,이주우,010-5990-2373,1980-07-09,ROLE_USER,ACTIVE,2026-05-24 00:00:00,2026-05-24 00:00:00,2026-06-06 11:06:00
2565,user_2565@test.com,$2a$10$7zB3qQzEcbB7mU5eL2n9fO0xH98o2tYpM.2s5lR7wE.2F8u7y6X1.,오지수,010-6096-1907,1986-07-24,ROLE_USER,ACTIVE,2025-04-07 00:00:00,2025-04-07 00:00:00,2026-06-21 19:16:00
2566,user_2566@test.com,$2a$10$7zB3qQzEcbB7mU5eL2n9fO0xH98o2tYpM.2s5lR7wE.2F8u7y6X1.,장현우,010-3913-1920,1997-05-11,ROLE_USER,ACTIVE,2026-01-28 00:00:00,2026-01-28 00:00:00,2026-04-24 11:33:00
2567,user_2567@test.com,$2a$10$7zB3qQzEcbB7mU5eL2n9fO0xH98o2tYpM.2s5lR7wE.2F8u7y6X1.,정은혁,010-8387-4039,1997-06-04,ROLE_USER,ACTIVE,2023-12-30 00:00:00,2023-12-30 00:00:00,2026-05-23 17:37:00
2568,user_2568@test.com,$2a$10$7zB3qQzEcbB7mU5eL2n9fO0xH98o2tYpM.2s5lR7wE.2F8u7y6X1.,권민아,010-1548-6714,1995-04-07,ROLE_USER,ACTIVE,2025-04-11 00:00:00,2025-04-11 00:00:00,2026-06-22 09:04:00
2569,user_2569@test.com,$2a$10$7zB3qQzEcbB7mU5eL2n9fO0xH98o2tYpM.2s5lR7wE.2F8u7y6X1.,강지아,010-8210-8096,1975-11-26,ROLE_USER,ACTIVE,2024-10-29 00:00:00,2024-10-29 00:00:00,2026-06-23 09:22:00
2570,user_2570@test.com,$2a$10$7zB3qQzEcbB7mU5eL2n9fO0xH98o2tYpM.2s5lR7wE.2F8u7y6X1.,박서빈,010-8765-5849,1986-03-12,ROLE_USER,ACTIVE,2025-04-08 00:00:00,2025-04-08 00:00:00,2026-06-26 22:11:00
2571,user_2571@test.com,$2a$10$7zB3qQzEcbB7mU5eL2n9fO0xH98o2tYpM.2s5lR7wE.2F8u7y6X1.,한하인,010-2434-4555,1985-02-18,ROLE_USER,ACTIVE,2025-11-05 00:00:00,2025-11-05 00:00:00,2026-06-28 10:39:00
2572,user_2572@test.com,$2a$10$7zB3qQzEcbB7mU5eL2n9fO0xH98o2tYpM.2s5lR7wE.2F8u7y6X1.,조도준,010-8249-2921,1992-08-01,ROLE_USER,ACTIVE,2025-01-28 00:00:00,2025-01-28 00:00:00,2026-06-28 19:55:00
2573,user_2573@test.com,$2a$10$7zB3qQzEcbB7mU5eL2n9fO0xH98o2tYpM.2s5lR7wE.2F8u7y6X1.,송예혁,010-4749-7584,1975-05-27,ROLE_USER,ACTIVE,2023-12-12 00:00:00,2023-12-12 00:00:00,2026-04-04 10:40:00
2574,user_2574@test.com,$2a$10$7zB3qQzEcbB7mU5eL2n9fO0xH98o2tYpM.2s5lR7wE.2F8u7y6X1.,안태우,010-8611-4105,1998-11-09,ROLE_USER,ACTIVE,2024-07-26 00:00:00,2024-07-26 00:00:00,2026-06-19 09:30:00
2575,user_2575@test.com,$2a$10$7zB3qQzEcbB7mU5eL2n9fO0xH98o2tYpM.2s5lR7wE.2F8u7y6X1.,황승혁,010-3658-9329,1990-03-19,ROLE_USER,ACTIVE,2025-06-03 00:00:00,2025-06-03 00:00:00,2026-06-24 12:41:00
2576,user_2576@test.com,$2a$10$7zB3qQzEcbB7mU5eL2n9fO0xH98o2tYpM.2s5lR7wE.2F8u7y6X1.,최은아,010-7599-2077,1994-09-11,ROLE_USER,ACTIVE,2025-10-09 00:00:00,2025-10-09 00:00:00,2026-07-02 15:44:00
2577,user_2577@test.com,$2a$10$7zB3qQzEcbB7mU5eL2n9fO0xH98o2tYpM.2s5lR7wE.2F8u7y6X1.,서은아,010-8381-5642,1992-11-18,ROLE_USER,ACTIVE,2025-07-16 00:00:00,2025-07-16 00:00:00,2026-06-21 10:42:00
2578,user_2578@test.com,$2a$10$7zB3qQzEcbB7mU5eL2n9fO0xH98o2tYpM.2s5lR7wE.2F8u7y6X1.,윤은우,010-7427-2990,1973-11-02,ROLE_USER,ACTIVE,2024-08-16 00:00:00,2024-08-16 00:00:00,2026-06-23 08:08:00
2579,user_2579@test.com,$2a$10$7zB3qQzEcbB7mU5eL2n9fO0xH98o2tYpM.2s5lR7wE.2F8u7y6X1.,최주준,010-5915-1334,1975-02-04,ROLE_USER,ACTIVE,2026-04-11 00:00:00,2026-04-11 00:00:00,2026-05-27 12:45:00
2580,user_2580@test.com,$2a$10$7zB3qQzEcbB7mU5eL2n9fO0xH98o2tYpM.2s5lR7wE.2F8u7y6X1.,황현수,010-5902-9362,2004-11-22,ROLE_USER,ACTIVE,2024-03-18 00:00:00,2024-03-18 00:00:00,2026-06-29 08:23:00
2581,user_2581@test.com,$2a$10$7zB3qQzEcbB7mU5eL2n9fO0xH98o2tYpM.2s5lR7wE.2F8u7y6X1.,권태준,010-3103-1761,1977-12-22,ROLE_USER,ACTIVE,2025-05-24 00:00:00,2025-05-24 00:00:00,2026-06-26 15:58:00
2582,user_2582@test.com,$2a$10$7zB3qQzEcbB7mU5eL2n9fO0xH98o2tYpM.2s5lR7wE.2F8u7y6X1.,박승아,010-4727-3041,2000-01-21,ROLE_USER,ACTIVE,2026-04-13 00:00:00,2026-04-13 00:00:00,2026-06-22 14:08:00
2583,user_2583@test.com,$2a$10$7zB3qQzEcbB7mU5eL2n9fO0xH98o2tYpM.2s5lR7wE.2F8u7y6X1.,이주수,010-2832-7481,1990-09-03,ROLE_USER,ACTIVE,2025-10-06 00:00:00,2025-10-06 00:00:00,2026-06-28 18:58:00
2584,user_2584@test.com,$2a$10$7zB3qQzEcbB7mU5eL2n9fO0xH98o2tYpM.2s5lR7wE.2F8u7y6X1.,장서아,010-7593-7303,1997-08-28,ROLE_USER,ACTIVE,2024-11-20 00:00:00,2024-11-20 00:00:00,2026-06-27 21:03:00
2585,user_2585@test.com,$2a$10$7zB3qQzEcbB7mU5eL2n9fO0xH98o2tYpM.2s5lR7wE.2F8u7y6X1.,송시율,010-9578-9863,1987-09-11,ROLE_USER,ACTIVE,2023-12-08 00:00:00,2023-12-08 00:00:00,2026-06-08 18:18:00
2586,user_2586@test.com,$2a$10$7zB3qQzEcbB7mU5eL2n9fO0xH98o2tYpM.2s5lR7wE.2F8u7y6X1.,정도원,010-1954-5465,1989-05-22,ROLE_USER,ACTIVE,2026-02-19 00:00:00,2026-02-19 00:00:00,2026-06-25 19:39:00
2587,user_2587@test.com,$2a$10$7zB3qQzEcbB7mU5eL2n9fO0xH98o2tYpM.2s5lR7wE.2F8u7y6X1.,임예인,010-9225-7928,2002-09-13,ROLE_USER,ACTIVE,2025-05-30 00:00:00,2025-05-30 00:00:00,2026-07-02 16:47:00
2588,user_2588@test.com,$2a$10$7zB3qQzEcbB7mU5eL2n9fO0xH98o2tYpM.2s5lR7wE.2F8u7y6X1.,신예아,010-9084-7808,1990-02-06,ROLE_USER,ACTIVE,2024-03-21 00:00:00,2024-03-21 00:00:00,2026-06-26 14:28:00
2589,user_2589@test.com,$2a$10$7zB3qQzEcbB7mU5eL2n9fO0xH98o2tYpM.2s5lR7wE.2F8u7y6X1.,강예혁,010-2504-8637,1976-06-12,ROLE_USER,ACTIVE,2025-07-13 00:00:00,2025-07-13 00:00:00,2026-06-23 21:34:00
2590,user_2590@test.com,$2a$10$7zB3qQzEcbB7mU5eL2n9fO0xH98o2tYpM.2s5lR7wE.2F8u7y6X1.,정승빈,010-2790-7756,1981-02-03,ROLE_USER,ACTIVE,2025-05-09 00:00:00,2025-05-09 00:00:00,2026-06-29 16:23:00
2591,user_2591@test.com,$2a$10$7zB3qQzEcbB7mU5eL2n9fO0xH98o2tYpM.2s5lR7wE.2F8u7y6X1.,한하아,010-6585-7827,1995-04-10,ROLE_USER,ACTIVE,2026-02-06 00:00:00,2026-02-06 00:00:00,2026-06-20 19:44:00
2592,user_2592@test.com,$2a$10$7zB3qQzEcbB7mU5eL2n9fO0xH98o2tYpM.2s5lR7wE.2F8u7y6X1.,김도원,010-7169-9271,2001-08-03,ROLE_USER,ACTIVE,2023-10-18 00:00:00,2023-10-18 00:00:00,2026-06-19 21:47:00
2593,user_2593@test.com,$2a$10$7zB3qQzEcbB7mU5eL2n9fO0xH98o2tYpM.2s5lR7wE.2F8u7y6X1.,윤도아,010-5979-3994,1981-07-23,ROLE_USER,ACTIVE,2025-04-02 00:00:00,2025-04-02 00:00:00,2026-06-27 11:23:00
2594,user_2594@test.com,$2a$10$7zB3qQzEcbB7mU5eL2n9fO0xH98o2tYpM.2s5lR7wE.2F8u7y6X1.,안시수,010-1189-1269,1981-09-28,ROLE_USER,ACTIVE,2025-07-19 00:00:00,2025-07-19 00:00:00,2026-06-29 13:08:00
2595,user_2595@test.com,$2a$10$7zB3qQzEcbB7mU5eL2n9fO0xH98o2tYpM.2s5lR7wE.2F8u7y6X1.,강주아,010-6365-9751,1975-04-13,ROLE_USER,ACTIVE,2024-10-30 00:00:00,2024-10-30 00:00:00,2026-07-01 21:25:00
2596,user_2596@test.com,$2a$10$7zB3qQzEcbB7mU5eL2n9fO0xH98o2tYpM.2s5lR7wE.2F8u7y6X1.,박시혁,010-1170-9988,2002-03-04,ROLE_USER,ACTIVE,2023-11-12 00:00:00,2023-11-12 00:00:00,2026-06-16 12:46:00
2597,user_2597@test.com,$2a$10$7zB3qQzEcbB7mU5eL2n9fO0xH98o2tYpM.2s5lR7wE.2F8u7y6X1.,신서원,010-6105-8662,1999-05-05,ROLE_USER,ACTIVE,2024-06-11 00:00:00,2024-06-11 00:00:00,2026-06-12 09:51:00
2598,user_2598@test.com,$2a$10$7zB3qQzEcbB7mU5eL2n9fO0xH98o2tYpM.2s5lR7wE.2F8u7y6X1.,정주원,010-8450-4138,1974-12-13,ROLE_USER,ACTIVE,2023-10-10 00:00:00,2023-10-10 00:00:00,2026-06-18 11:57:00
2599,user_2599@test.com,$2a$10$7zB3qQzEcbB7mU5eL2n9fO0xH98o2tYpM.2s5lR7wE.2F8u7y6X1.,신서우,010-4656-8122,1981-01-01,ROLE_USER,ACTIVE,2024-08-14 00:00:00,2024-08-14 00:00:00,2026-06-28 16:39:00
2600,user_2600@test.com,$2a$10$7zB3qQzEcbB7mU5eL2n9fO0xH98o2tYpM.2s5lR7wE.2F8u7y6X1.,황도빈,010-1160-3765,1979-10-23,ROLE_USER,ACTIVE,2024-09-09 00:00:00,2024-09-09 00:00:00,2026-06-27 21:45:00
2601,user_2601@test.com,$2a$10$7zB3qQzEcbB7mU5eL2n9fO0xH98o2tYpM.2s5lR7wE.2F8u7y6X1.,오지인,010-6227-9463,1984-11-27,ROLE_USER,ACTIVE,2024-03-23 00:00:00,2024-03-23 00:00:00,2026-06-20 18:16:00
2602,user_2602@test.com,$2a$10$7zB3qQzEcbB7mU5eL2n9fO0xH98o2tYpM.2s5lR7wE.2F8u7y6X1.,윤하인,010-9455-6046,1993-10-14,ROLE_USER,ACTIVE,2026-04-10 00:00:00,2026-04-10 00:00:00,2026-06-19 14:03:00
2603,user_2603@test.com,$2a$10$7zB3qQzEcbB7mU5eL2n9fO0xH98o2tYpM.2s5lR7wE.2F8u7y6X1.,서태현,010-9556-3029,1988-10-03,ROLE_USER,ACTIVE,2026-02-15 00:00:00,2026-02-15 00:00:00,2026-06-27 13:20:00
2604,user_2604@test.com,$2a$10$7zB3qQzEcbB7mU5eL2n9fO0xH98o2tYpM.2s5lR7wE.2F8u7y6X1.,홍승율,010-1841-6092,1997-02-07,ROLE_USER,ACTIVE,2024-02-16 00:00:00,2024-02-16 00:00:00,2026-07-02 15:41:00
2605,user_2605@test.com,$2a$10$7zB3qQzEcbB7mU5eL2n9fO0xH98o2tYpM.2s5lR7wE.2F8u7y6X1.,임지혁,010-3246-6249,1977-11-01,ROLE_USER,ACTIVE,2025-05-03 00:00:00,2025-05-03 00:00:00,2026-06-21 16:16:00
2606,user_2606@test.com,$2a$10$7zB3qQzEcbB7mU5eL2n9fO0xH98o2tYpM.2s5lR7wE.2F8u7y6X1.,전현인,010-5001-6551,1993-09-19,ROLE_USER,ACTIVE,2025-05-27 00:00:00,2025-05-27 00:00:00,2026-06-22 15:05:00
2607,user_2607@test.com,$2a$10$7zB3qQzEcbB7mU5eL2n9fO0xH98o2tYpM.2s5lR7wE.2F8u7y6X1.,오현빈,010-5441-5428,1997-09-26,ROLE_USER,ACTIVE,2025-12-21 00:00:00,2025-12-21 00:00:00,2026-05-30 08:33:00
2608,user_2608@test.com,$2a$10$7zB3qQzEcbB7mU5eL2n9fO0xH98o2tYpM.2s5lR7wE.2F8u7y6X1.,권지수,010-8419-3525,1987-12-15,ROLE_USER,ACTIVE,2026-04-04 00:00:00,2026-04-04 00:00:00,2026-06-19 16:01:00
2609,user_2609@test.com,$2a$10$7zB3qQzEcbB7mU5eL2n9fO0xH98o2tYpM.2s5lR7wE.2F8u7y6X1.,박도준,010-1399-5668,1978-08-15,ROLE_USER,ACTIVE,2024-06-21 00:00:00,2024-06-21 00:00:00,2026-06-27 20:24:00
2610,user_2610@test.com,$2a$10$7zB3qQzEcbB7mU5eL2n9fO0xH98o2tYpM.2s5lR7wE.2F8u7y6X1.,홍하우,010-8772-4865,1973-09-16,ROLE_USER,ACTIVE,2024-04-10 00:00:00,2024-04-10 00:00:00,2026-06-04 14:07:00
2611,user_2611@test.com,$2a$10$7zB3qQzEcbB7mU5eL2n9fO0xH98o2tYpM.2s5lR7wE.2F8u7y6X1.,한지혁,010-6955-3643,2003-06-15,ROLE_USER,ACTIVE,2024-02-17 00:00:00,2024-02-17 00:00:00,2026-06-18 22:07:00
2612,user_2612@test.com,$2a$10$7zB3qQzEcbB7mU5eL2n9fO0xH98o2tYpM.2s5lR7wE.2F8u7y6X1.,이태우,010-2816-9475,1988-03-21,ROLE_USER,ACTIVE,2024-11-27 00:00:00,2024-11-27 00:00:00,2026-06-22 08:33:00
2613,user_2613@test.com,$2a$10$7zB3qQzEcbB7mU5eL2n9fO0xH98o2tYpM.2s5lR7wE.2F8u7y6X1.,송시원,010-3189-2373,1990-05-21,ROLE_USER,ACTIVE,2025-03-20 00:00:00,2025-03-20 00:00:00,2026-06-22 19:58:00
2614,user_2614@test.com,$2a$10$7zB3qQzEcbB7mU5eL2n9fO0xH98o2tYpM.2s5lR7wE.2F8u7y6X1.,오은혁,010-7924-5031,1978-02-26,ROLE_USER,ACTIVE,2025-03-16 00:00:00,2025-03-16 00:00:00,2026-06-27 11:15:00
2615,user_2615@test.com,$2a$10$7zB3qQzEcbB7mU5eL2n9fO0xH98o2tYpM.2s5lR7wE.2F8u7y6X1.,전시빈,010-5135-3416,1976-12-16,ROLE_USER,ACTIVE,2025-09-07 00:00:00,2025-09-07 00:00:00,2026-06-21 15:26:00
2616,user_2616@test.com,$2a$10$7zB3qQzEcbB7mU5eL2n9fO0xH98o2tYpM.2s5lR7wE.2F8u7y6X1.,권민영,010-1849-6401,1972-02-15,ROLE_USER,ACTIVE,2023-12-10 00:00:00,2023-12-10 00:00:00,2026-07-02 22:14:00
2617,user_2617@test.com,$2a$10$7zB3qQzEcbB7mU5eL2n9fO0xH98o2tYpM.2s5lR7wE.2F8u7y6X1.,최은아,010-4870-7212,1999-01-22,ROLE_USER,ACTIVE,2026-02-24 00:00:00,2026-02-24 00:00:00,2026-06-28 11:38:00
2618,user_2618@test.com,$2a$10$7zB3qQzEcbB7mU5eL2n9fO0xH98o2tYpM.2s5lR7wE.2F8u7y6X1.,한서혁,010-4548-7684,2003-12-14,ROLE_USER,ACTIVE,2025-06-23 00:00:00,2025-06-23 00:00:00,2026-06-25 12:27:00
2619,user_2619@test.com,$2a$10$7zB3qQzEcbB7mU5eL2n9fO0xH98o2tYpM.2s5lR7wE.2F8u7y6X1.,전민원,010-6112-6580,1994-12-23,ROLE_USER,ACTIVE,2024-12-07 00:00:00,2024-12-07 00:00:00,2026-06-23 10:04:00
2620,user_2620@test.com,$2a$10$7zB3qQzEcbB7mU5eL2n9fO0xH98o2tYpM.2s5lR7wE.2F8u7y6X1.,서주우,010-4059-6227,1972-10-06,ROLE_USER,ACTIVE,2025-07-19 00:00:00,2025-07-19 00:00:00,2026-07-01 16:50:00
2621,user_2621@test.com,$2a$10$7zB3qQzEcbB7mU5eL2n9fO0xH98o2tYpM.2s5lR7wE.2F8u7y6X1.,황승준,010-9311-5054,1970-05-26,ROLE_USER,ACTIVE,2025-05-03 00:00:00,2025-05-03 00:00:00,2026-07-01 20:47:00
2622,user_2622@test.com,$2a$10$7zB3qQzEcbB7mU5eL2n9fO0xH98o2tYpM.2s5lR7wE.2F8u7y6X1.,장승준,010-1252-8992,1998-04-11,ROLE_USER,ACTIVE,2026-01-31 00:00:00,2026-01-31 00:00:00,2026-06-29 17:29:00
2623,user_2623@test.com,$2a$10$7zB3qQzEcbB7mU5eL2n9fO0xH98o2tYpM.2s5lR7wE.2F8u7y6X1.,황승빈,010-6742-7258,1986-01-21,ROLE_USER,ACTIVE,2025-08-03 00:00:00,2025-08-03 00:00:00,2026-06-18 12:16:00
2624,user_2624@test.com,$2a$10$7zB3qQzEcbB7mU5eL2n9fO0xH98o2tYpM.2s5lR7wE.2F8u7y6X1.,한은인,010-5044-5151,1979-06-26,ROLE_USER,ACTIVE,2024-02-29 00:00:00,2024-02-29 00:00:00,2026-06-24 16:56:00
2625,user_2625@test.com,$2a$10$7zB3qQzEcbB7mU5eL2n9fO0xH98o2tYpM.2s5lR7wE.2F8u7y6X1.,임승빈,010-1988-1082,1994-10-11,ROLE_USER,ACTIVE,2024-01-28 00:00:00,2024-01-28 00:00:00,2026-06-23 10:11:00
2626,user_2626@test.com,$2a$10$7zB3qQzEcbB7mU5eL2n9fO0xH98o2tYpM.2s5lR7wE.2F8u7y6X1.,서예인,010-2128-9154,1998-07-09,ROLE_USER,ACTIVE,2024-10-13 00:00:00,2024-10-13 00:00:00,2026-06-26 22:42:00
2627,user_2627@test.com,$2a$10$7zB3qQzEcbB7mU5eL2n9fO0xH98o2tYpM.2s5lR7wE.2F8u7y6X1.,정시아,010-8759-5328,1991-10-14,ROLE_USER,ACTIVE,2025-05-15 00:00:00,2025-05-15 00:00:00,2026-06-20 10:52:00
2628,user_2628@test.com,$2a$10$7zB3qQzEcbB7mU5eL2n9fO0xH98o2tYpM.2s5lR7wE.2F8u7y6X1.,최지빈,010-4941-5711,1984-05-22,ROLE_USER,ACTIVE,2024-11-04 00:00:00,2024-11-04 00:00:00,2026-06-20 21:58:00
2629,user_2629@test.com,$2a$10$7zB3qQzEcbB7mU5eL2n9fO0xH98o2tYpM.2s5lR7wE.2F8u7y6X1.,권예아,010-7429-7829,2000-01-08,ROLE_USER,ACTIVE,2024-11-04 00:00:00,2024-11-04 00:00:00,2026-07-01 16:23:00
2630,user_2630@test.com,$2a$10$7zB3qQzEcbB7mU5eL2n9fO0xH98o2tYpM.2s5lR7wE.2F8u7y6X1.,박승아,010-2699-4093,1992-04-20,ROLE_USER,ACTIVE,2025-11-07 00:00:00,2025-11-07 00:00:00,2026-06-28 17:16:00
2631,user_2631@test.com,$2a$10$7zB3qQzEcbB7mU5eL2n9fO0xH98o2tYpM.2s5lR7wE.2F8u7y6X1.,황승영,010-2444-7165,1984-04-05,ROLE_USER,ACTIVE,2024-03-13 00:00:00,2024-03-13 00:00:00,2026-06-19 11:39:00
2632,user_2632@test.com,$2a$10$7zB3qQzEcbB7mU5eL2n9fO0xH98o2tYpM.2s5lR7wE.2F8u7y6X1.,최주아,010-3437-6540,1987-09-04,ROLE_USER,ACTIVE,2026-01-31 00:00:00,2026-01-31 00:00:00,2026-07-01 09:11:00
2633,user_2633@test.com,$2a$10$7zB3qQzEcbB7mU5eL2n9fO0xH98o2tYpM.2s5lR7wE.2F8u7y6X1.,안서원,010-4421-3942,1990-08-10,ROLE_USER,ACTIVE,2025-10-15 00:00:00,2025-10-15 00:00:00,2026-06-19 12:27:00
2634,user_2634@test.com,$2a$10$7zB3qQzEcbB7mU5eL2n9fO0xH98o2tYpM.2s5lR7wE.2F8u7y6X1.,윤은빈,010-2765-9591,1973-11-13,ROLE_USER,ACTIVE,2025-01-28 00:00:00,2025-01-28 00:00:00,2026-06-25 08:33:00
2635,user_2635@test.com,$2a$10$7zB3qQzEcbB7mU5eL2n9fO0xH98o2tYpM.2s5lR7wE.2F8u7y6X1.,이승준,010-5093-7468,1992-05-06,ROLE_USER,ACTIVE,2024-10-18 00:00:00,2024-10-18 00:00:00,2026-06-30 08:03:00
2636,user_2636@test.com,$2a$10$7zB3qQzEcbB7mU5eL2n9fO0xH98o2tYpM.2s5lR7wE.2F8u7y6X1.,장은인,010-6548-1107,2001-09-19,ROLE_USER,ACTIVE,2024-08-13 00:00:00,2024-08-13 00:00:00,2026-06-19 14:06:00
2637,user_2637@test.com,$2a$10$7zB3qQzEcbB7mU5eL2n9fO0xH98o2tYpM.2s5lR7wE.2F8u7y6X1.,안지준,010-8470-6757,1999-03-07,ROLE_USER,ACTIVE,2023-10-07 00:00:00,2023-10-07 00:00:00,2026-06-23 09:07:00
2638,user_2638@test.com,$2a$10$7zB3qQzEcbB7mU5eL2n9fO0xH98o2tYpM.2s5lR7wE.2F8u7y6X1.,신예수,010-7861-2842,1989-09-25,ROLE_USER,ACTIVE,2026-04-16 00:00:00,2026-04-16 00:00:00,2026-07-02 08:15:00
2639,user_2639@test.com,$2a$10$7zB3qQzEcbB7mU5eL2n9fO0xH98o2tYpM.2s5lR7wE.2F8u7y6X1.,장민우,010-8975-4643,1973-03-06,ROLE_USER,ACTIVE,2024-11-01 00:00:00,2024-11-01 00:00:00,2026-06-30 18:10:00
2640,user_2640@test.com,$2a$10$7zB3qQzEcbB7mU5eL2n9fO0xH98o2tYpM.2s5lR7wE.2F8u7y6X1.,한태혁,010-4424-2056,1975-06-20,ROLE_USER,ACTIVE,2024-07-19 00:00:00,2024-07-19 00:00:00,2026-06-26 10:16:00
2641,user_2641@test.com,$2a$10$7zB3qQzEcbB7mU5eL2n9fO0xH98o2tYpM.2s5lR7wE.2F8u7y6X1.,김태준,010-5728-1105,1996-08-09,ROLE_USER,ACTIVE,2025-10-17 00:00:00,2025-10-17 00:00:00,2026-06-22 12:15:00
2642,user_2642@test.com,$2a$10$7zB3qQzEcbB7mU5eL2n9fO0xH98o2tYpM.2s5lR7wE.2F8u7y6X1.,최은원,010-9663-8652,1976-05-03,ROLE_USER,ACTIVE,2024-09-28 00:00:00,2024-09-28 00:00:00,2026-06-29 19:59:00
2643,user_2643@test.com,$2a$10$7zB3qQzEcbB7mU5eL2n9fO0xH98o2tYpM.2s5lR7wE.2F8u7y6X1.,윤도준,010-7080-2303,1996-01-14,ROLE_USER,ACTIVE,2025-10-09 00:00:00,2025-10-09 00:00:00,2026-06-30 22:12:00
2644,user_2644@test.com,$2a$10$7zB3qQzEcbB7mU5eL2n9fO0xH98o2tYpM.2s5lR7wE.2F8u7y6X1.,강현현,010-7121-4375,1972-06-15,ROLE_USER,ACTIVE,2025-05-21 00:00:00,2025-05-21 00:00:00,2026-06-23 10:28:00
2645,user_2645@test.com,$2a$10$7zB3qQzEcbB7mU5eL2n9fO0xH98o2tYpM.2s5lR7wE.2F8u7y6X1.,윤현우,010-7700-8966,1977-09-06,ROLE_USER,ACTIVE,2025-05-10 00:00:00,2025-05-10 00:00:00,2026-07-01 09:26:00
2646,user_2646@test.com,$2a$10$7zB3qQzEcbB7mU5eL2n9fO0xH98o2tYpM.2s5lR7wE.2F8u7y6X1.,송서아,010-8664-6460,1996-12-23,ROLE_USER,ACTIVE,2024-05-10 00:00:00,2024-05-10 00:00:00,2026-06-18 12:35:00
2647,user_2647@test.com,$2a$10$7zB3qQzEcbB7mU5eL2n9fO0xH98o2tYpM.2s5lR7wE.2F8u7y6X1.,정시율,010-5033-4597,1988-05-27,ROLE_USER,ACTIVE,2024-02-13 00:00:00,2024-02-13 00:00:00,2026-06-18 13:52:00
2648,user_2648@test.com,$2a$10$7zB3qQzEcbB7mU5eL2n9fO0xH98o2tYpM.2s5lR7wE.2F8u7y6X1.,이지인,010-3752-5930,1976-06-13,ROLE_USER,ACTIVE,2025-08-07 00:00:00,2025-08-07 00:00:00,2026-06-25 22:51:00
2649,user_2649@test.com,$2a$10$7zB3qQzEcbB7mU5eL2n9fO0xH98o2tYpM.2s5lR7wE.2F8u7y6X1.,안주현,010-3172-9090,2001-05-13,ROLE_USER,ACTIVE,2026-05-23 00:00:00,2026-05-23 00:00:00,2026-06-15 09:35:00
2650,user_2650@test.com,$2a$10$7zB3qQzEcbB7mU5eL2n9fO0xH98o2tYpM.2s5lR7wE.2F8u7y6X1.,윤주준,010-4418-6758,1992-12-03,ROLE_USER,ACTIVE,2025-05-31 00:00:00,2025-05-31 00:00:00,2026-06-22 19:51:00
2651,user_2651@test.com,$2a$10$7zB3qQzEcbB7mU5eL2n9fO0xH98o2tYpM.2s5lR7wE.2F8u7y6X1.,송태준,010-9097-9293,1998-10-15,ROLE_USER,ACTIVE,2024-11-27 00:00:00,2024-11-27 00:00:00,2026-06-25 18:56:00
2652,user_2652@test.com,$2a$10$7zB3qQzEcbB7mU5eL2n9fO0xH98o2tYpM.2s5lR7wE.2F8u7y6X1.,신주현,010-4667-4532,1976-08-17,ROLE_USER,ACTIVE,2025-09-02 00:00:00,2025-09-02 00:00:00,2026-07-01 14:38:00
2653,user_2653@test.com,$2a$10$7zB3qQzEcbB7mU5eL2n9fO0xH98o2tYpM.2s5lR7wE.2F8u7y6X1.,홍은아,010-6395-9056,1989-12-24,ROLE_USER,ACTIVE,2023-12-22 00:00:00,2023-12-22 00:00:00,2026-06-23 10:01:00
2654,user_2654@test.com,$2a$10$7zB3qQzEcbB7mU5eL2n9fO0xH98o2tYpM.2s5lR7wE.2F8u7y6X1.,강서준,010-5953-9853,1973-04-11,ROLE_USER,ACTIVE,2025-07-21 00:00:00,2025-07-21 00:00:00,2026-06-10 22:06:00
2655,user_2655@test.com,$2a$10$7zB3qQzEcbB7mU5eL2n9fO0xH98o2tYpM.2s5lR7wE.2F8u7y6X1.,박현빈,010-4721-4994,1986-07-17,ROLE_USER,ACTIVE,2025-09-26 00:00:00,2025-09-26 00:00:00,2026-06-24 09:13:00
2656,user_2656@test.com,$2a$10$7zB3qQzEcbB7mU5eL2n9fO0xH98o2tYpM.2s5lR7wE.2F8u7y6X1.,임은아,010-4525-6300,1997-04-22,ROLE_USER,ACTIVE,2024-09-10 00:00:00,2024-09-10 00:00:00,2026-06-20 19:43:00
2657,user_2657@test.com,$2a$10$7zB3qQzEcbB7mU5eL2n9fO0xH98o2tYpM.2s5lR7wE.2F8u7y6X1.,홍현수,010-2830-1727,1978-12-09,ROLE_USER,ACTIVE,2026-02-17 00:00:00,2026-02-17 00:00:00,2026-06-23 22:17:00
2658,user_2658@test.com,$2a$10$7zB3qQzEcbB7mU5eL2n9fO0xH98o2tYpM.2s5lR7wE.2F8u7y6X1.,송예율,010-2723-1105,1999-07-06,ROLE_USER,ACTIVE,2025-06-22 00:00:00,2025-06-22 00:00:00,2026-06-25 11:41:00
2659,user_2659@test.com,$2a$10$7zB3qQzEcbB7mU5eL2n9fO0xH98o2tYpM.2s5lR7wE.2F8u7y6X1.,이태혁,010-1416-4732,1974-07-09,ROLE_USER,ACTIVE,2024-07-18 00:00:00,2024-07-18 00:00:00,2026-07-02 17:44:00
2660,user_2660@test.com,$2a$10$7zB3qQzEcbB7mU5eL2n9fO0xH98o2tYpM.2s5lR7wE.2F8u7y6X1.,최하빈,010-1332-8155,1995-03-04,ROLE_USER,ACTIVE,2024-10-11 00:00:00,2024-10-11 00:00:00,2026-06-28 17:02:00
2661,user_2661@test.com,$2a$10$7zB3qQzEcbB7mU5eL2n9fO0xH98o2tYpM.2s5lR7wE.2F8u7y6X1.,박서혁,010-9397-3409,1985-09-19,ROLE_USER,ACTIVE,2023-12-31 00:00:00,2023-12-31 00:00:00,2026-06-20 09:38:00
2662,user_2662@test.com,$2a$10$7zB3qQzEcbB7mU5eL2n9fO0xH98o2tYpM.2s5lR7wE.2F8u7y6X1.,서지혁,010-5707-2044,1977-03-01,ROLE_USER,ACTIVE,2024-06-24 00:00:00,2024-06-24 00:00:00,2026-06-24 16:20:00
2663,user_2663@test.com,$2a$10$7zB3qQzEcbB7mU5eL2n9fO0xH98o2tYpM.2s5lR7wE.2F8u7y6X1.,신승율,010-5778-2295,1971-02-22,ROLE_USER,ACTIVE,2024-03-16 00:00:00,2024-03-16 00:00:00,2026-06-20 13:52:00
2664,user_2664@test.com,$2a$10$7zB3qQzEcbB7mU5eL2n9fO0xH98o2tYpM.2s5lR7wE.2F8u7y6X1.,한승빈,010-2420-2212,1993-08-24,ROLE_USER,ACTIVE,2024-11-23 00:00:00,2024-11-23 00:00:00,2026-06-27 18:14:00
2665,user_2665@test.com,$2a$10$7zB3qQzEcbB7mU5eL2n9fO0xH98o2tYpM.2s5lR7wE.2F8u7y6X1.,윤지현,010-4640-2536,1984-02-11,ROLE_USER,ACTIVE,2024-12-05 00:00:00,2024-12-05 00:00:00,2026-07-02 12:37:00
2666,user_2666@test.com,$2a$10$7zB3qQzEcbB7mU5eL2n9fO0xH98o2tYpM.2s5lR7wE.2F8u7y6X1.,정지인,010-7013-7577,1978-12-17,ROLE_USER,ACTIVE,2025-07-20 00:00:00,2025-07-20 00:00:00,2026-06-23 11:17:00
2667,user_2667@test.com,$2a$10$7zB3qQzEcbB7mU5eL2n9fO0xH98o2tYpM.2s5lR7wE.2F8u7y6X1.,신지율,010-5425-8285,2000-03-25,ROLE_USER,ACTIVE,2025-06-07 00:00:00,2025-06-07 00:00:00,2026-06-18 09:57:00
2668,user_2668@test.com,$2a$10$7zB3qQzEcbB7mU5eL2n9fO0xH98o2tYpM.2s5lR7wE.2F8u7y6X1.,신예아,010-8271-8244,1984-10-04,ROLE_USER,ACTIVE,2026-04-17 00:00:00,2026-04-17 00:00:00,2026-06-10 21:47:00
2669,user_2669@test.com,$2a$10$7zB3qQzEcbB7mU5eL2n9fO0xH98o2tYpM.2s5lR7wE.2F8u7y6X1.,정시혁,010-1166-4829,1970-09-16,ROLE_USER,ACTIVE,2025-02-23 00:00:00,2025-02-23 00:00:00,2026-06-28 14:18:00
2670,user_2670@test.com,$2a$10$7zB3qQzEcbB7mU5eL2n9fO0xH98o2tYpM.2s5lR7wE.2F8u7y6X1.,강시원,010-5706-1150,1972-01-23,ROLE_USER,ACTIVE,2025-06-19 00:00:00,2025-06-19 00:00:00,2026-06-18 14:45:00
2671,user_2671@test.com,$2a$10$7zB3qQzEcbB7mU5eL2n9fO0xH98o2tYpM.2s5lR7wE.2F8u7y6X1.,신예우,010-9060-3391,1994-11-15,ROLE_USER,ACTIVE,2026-03-13 00:00:00,2026-03-13 00:00:00,2026-06-23 15:47:00
2672,user_2672@test.com,$2a$10$7zB3qQzEcbB7mU5eL2n9fO0xH98o2tYpM.2s5lR7wE.2F8u7y6X1.,전서아,010-4328-7282,1990-04-06,ROLE_USER,ACTIVE,2025-10-19 00:00:00,2025-10-19 00:00:00,2026-06-19 13:47:00
2673,user_2673@test.com,$2a$10$7zB3qQzEcbB7mU5eL2n9fO0xH98o2tYpM.2s5lR7wE.2F8u7y6X1.,최도현,010-4213-1072,1997-05-09,ROLE_USER,ACTIVE,2025-12-06 00:00:00,2025-12-06 00:00:00,2026-06-30 08:04:00
2674,user_2674@test.com,$2a$10$7zB3qQzEcbB7mU5eL2n9fO0xH98o2tYpM.2s5lR7wE.2F8u7y6X1.,조하아,010-5161-1204,1993-10-01,ROLE_USER,ACTIVE,2025-11-13 00:00:00,2025-11-13 00:00:00,2026-06-25 11:03:00
2675,user_2675@test.com,$2a$10$7zB3qQzEcbB7mU5eL2n9fO0xH98o2tYpM.2s5lR7wE.2F8u7y6X1.,안현혁,010-4299-7327,1980-03-22,ROLE_USER,ACTIVE,2026-05-13 00:00:00,2026-05-13 00:00:00,2026-06-17 12:19:00
2676,user_2676@test.com,$2a$10$7zB3qQzEcbB7mU5eL2n9fO0xH98o2tYpM.2s5lR7wE.2F8u7y6X1.,김은아,010-1728-7207,1994-07-07,ROLE_USER,ACTIVE,2023-12-11 00:00:00,2023-12-11 00:00:00,2026-06-27 14:36:00
2677,user_2677@test.com,$2a$10$7zB3qQzEcbB7mU5eL2n9fO0xH98o2tYpM.2s5lR7wE.2F8u7y6X1.,홍도준,010-7411-7661,1973-12-10,ROLE_USER,ACTIVE,2024-03-30 00:00:00,2024-03-30 00:00:00,2026-06-25 21:19:00
2678,user_2678@test.com,$2a$10$7zB3qQzEcbB7mU5eL2n9fO0xH98o2tYpM.2s5lR7wE.2F8u7y6X1.,한주우,010-8952-3493,1996-06-03,ROLE_USER,ACTIVE,2025-11-27 00:00:00,2025-11-27 00:00:00,2026-04-10 19:14:00
2679,user_2679@test.com,$2a$10$7zB3qQzEcbB7mU5eL2n9fO0xH98o2tYpM.2s5lR7wE.2F8u7y6X1.,안현혁,010-3074-9787,1970-03-17,ROLE_USER,ACTIVE,2024-05-16 00:00:00,2024-05-16 00:00:00,2026-06-30 12:51:00
2680,user_2680@test.com,$2a$10$7zB3qQzEcbB7mU5eL2n9fO0xH98o2tYpM.2s5lR7wE.2F8u7y6X1.,이주혁,010-3808-9438,1991-06-25,ROLE_USER,ACTIVE,2025-07-01 00:00:00,2025-07-01 00:00:00,2026-06-26 10:55:00
2681,user_2681@test.com,$2a$10$7zB3qQzEcbB7mU5eL2n9fO0xH98o2tYpM.2s5lR7wE.2F8u7y6X1.,황은아,010-5486-5390,1971-04-23,ROLE_USER,ACTIVE,2024-04-07 00:00:00,2024-04-07 00:00:00,2026-06-22 08:03:00
2682,user_2682@test.com,$2a$10$7zB3qQzEcbB7mU5eL2n9fO0xH98o2tYpM.2s5lR7wE.2F8u7y6X1.,신하현,010-8924-8767,1974-01-11,ROLE_USER,ACTIVE,2025-06-09 00:00:00,2025-06-09 00:00:00,2026-06-21 17:03:00
2683,user_2683@test.com,$2a$10$7zB3qQzEcbB7mU5eL2n9fO0xH98o2tYpM.2s5lR7wE.2F8u7y6X1.,서도혁,010-3201-3504,1997-05-20,ROLE_USER,ACTIVE,2026-02-01 00:00:00,2026-02-01 00:00:00,2026-06-18 21:07:00
2684,user_2684@test.com,$2a$10$7zB3qQzEcbB7mU5eL2n9fO0xH98o2tYpM.2s5lR7wE.2F8u7y6X1.,홍지율,010-9192-8085,1996-11-17,ROLE_USER,ACTIVE,2024-07-16 00:00:00,2024-07-16 00:00:00,2026-06-24 17:31:00
2685,user_2685@test.com,$2a$10$7zB3qQzEcbB7mU5eL2n9fO0xH98o2tYpM.2s5lR7wE.2F8u7y6X1.,임하원,010-8085-4075,1999-10-08,ROLE_USER,ACTIVE,2024-01-03 00:00:00,2024-01-03 00:00:00,2026-05-26 21:23:00
2686,user_2686@test.com,$2a$10$7zB3qQzEcbB7mU5eL2n9fO0xH98o2tYpM.2s5lR7wE.2F8u7y6X1.,조태우,010-6175-3075,1978-03-26,ROLE_USER,ACTIVE,2026-02-26 00:00:00,2026-02-26 00:00:00,2026-06-25 20:43:00
2687,user_2687@test.com,$2a$10$7zB3qQzEcbB7mU5eL2n9fO0xH98o2tYpM.2s5lR7wE.2F8u7y6X1.,권은혁,010-9961-2126,1972-06-23,ROLE_USER,ACTIVE,2024-02-11 00:00:00,2024-02-11 00:00:00,2026-06-28 13:29:00
2688,user_2688@test.com,$2a$10$7zB3qQzEcbB7mU5eL2n9fO0xH98o2tYpM.2s5lR7wE.2F8u7y6X1.,이서율,010-7044-6025,2003-02-01,ROLE_USER,ACTIVE,2024-11-17 00:00:00,2024-11-17 00:00:00,2026-06-20 12:29:00
2689,user_2689@test.com,$2a$10$7zB3qQzEcbB7mU5eL2n9fO0xH98o2tYpM.2s5lR7wE.2F8u7y6X1.,오주인,010-8811-9863,1974-03-09,ROLE_USER,ACTIVE,2025-02-02 00:00:00,2025-02-02 00:00:00,2026-06-26 12:32:00
2690,user_2690@test.com,$2a$10$7zB3qQzEcbB7mU5eL2n9fO0xH98o2tYpM.2s5lR7wE.2F8u7y6X1.,김시인,010-3753-9495,1973-03-26,ROLE_USER,ACTIVE,2025-06-27 00:00:00,2025-06-27 00:00:00,2026-06-21 15:54:00
2691,user_2691@test.com,$2a$10$7zB3qQzEcbB7mU5eL2n9fO0xH98o2tYpM.2s5lR7wE.2F8u7y6X1.,전승율,010-2111-8842,1973-08-17,ROLE_USER,ACTIVE,2025-02-15 00:00:00,2025-02-15 00:00:00,2026-06-24 16:46:00
2692,user_2692@test.com,$2a$10$7zB3qQzEcbB7mU5eL2n9fO0xH98o2tYpM.2s5lR7wE.2F8u7y6X1.,정예아,010-1950-2707,1985-03-22,ROLE_USER,ACTIVE,2024-04-20 00:00:00,2024-04-20 00:00:00,2026-06-09 20:23:00
2693,user_2693@test.com,$2a$10$7zB3qQzEcbB7mU5eL2n9fO0xH98o2tYpM.2s5lR7wE.2F8u7y6X1.,강지아,010-4018-4972,1993-08-08,ROLE_USER,ACTIVE,2025-09-30 00:00:00,2025-09-30 00:00:00,2026-06-27 19:08:00
2694,user_2694@test.com,$2a$10$7zB3qQzEcbB7mU5eL2n9fO0xH98o2tYpM.2s5lR7wE.2F8u7y6X1.,오도아,010-7444-9697,1972-02-15,ROLE_USER,ACTIVE,2024-07-14 00:00:00,2024-07-14 00:00:00,2026-06-28 16:49:00
2695,user_2695@test.com,$2a$10$7zB3qQzEcbB7mU5eL2n9fO0xH98o2tYpM.2s5lR7wE.2F8u7y6X1.,전시우,010-3228-5465,1980-01-20,ROLE_USER,ACTIVE,2026-02-19 00:00:00,2026-02-19 00:00:00,2026-06-19 10:13:00
2696,user_2696@test.com,$2a$10$7zB3qQzEcbB7mU5eL2n9fO0xH98o2tYpM.2s5lR7wE.2F8u7y6X1.,이태영,010-2288-9468,1982-11-20,ROLE_USER,ACTIVE,2024-12-07 00:00:00,2024-12-07 00:00:00,2026-06-27 12:49:00
2697,user_2697@test.com,$2a$10$7zB3qQzEcbB7mU5eL2n9fO0xH98o2tYpM.2s5lR7wE.2F8u7y6X1.,황지수,010-9372-6737,1995-12-23,ROLE_USER,ACTIVE,2026-05-04 00:00:00,2026-05-04 00:00:00,2026-04-19 15:12:00
2698,user_2698@test.com,$2a$10$7zB3qQzEcbB7mU5eL2n9fO0xH98o2tYpM.2s5lR7wE.2F8u7y6X1.,조시율,010-5766-5772,1978-12-23,ROLE_USER,ACTIVE,2024-02-19 00:00:00,2024-02-19 00:00:00,2026-06-19 15:44:00
2699,user_2699@test.com,$2a$10$7zB3qQzEcbB7mU5eL2n9fO0xH98o2tYpM.2s5lR7wE.2F8u7y6X1.,황현인,010-1795-3521,1975-05-13,ROLE_USER,ACTIVE,2024-07-03 00:00:00,2024-07-03 00:00:00,2026-06-26 09:15:00
2700,user_2700@test.com,$2a$10$7zB3qQzEcbB7mU5eL2n9fO0xH98o2tYpM.2s5lR7wE.2F8u7y6X1.,안현아,010-8959-5296,1998-01-04,ROLE_USER,ACTIVE,2024-07-17 00:00:00,2024-07-17 00:00:00,2026-07-01 08:58:00
2701,user_2701@test.com,$2a$10$7zB3qQzEcbB7mU5eL2n9fO0xH98o2tYpM.2s5lR7wE.2F8u7y6X1.,전도아,010-8828-5392,1982-02-14,ROLE_USER,ACTIVE,2026-05-02 00:00:00,2026-05-02 00:00:00,2026-06-11 11:16:00
2702,user_2702@test.com,$2a$10$7zB3qQzEcbB7mU5eL2n9fO0xH98o2tYpM.2s5lR7wE.2F8u7y6X1.,오시수,010-8025-7081,2004-09-04,ROLE_USER,ACTIVE,2024-06-17 00:00:00,2024-06-17 00:00:00,2026-06-23 09:23:00
2703,user_2703@test.com,$2a$10$7zB3qQzEcbB7mU5eL2n9fO0xH98o2tYpM.2s5lR7wE.2F8u7y6X1.,서도원,010-3274-2408,1979-02-17,ROLE_USER,ACTIVE,2026-03-22 00:00:00,2026-03-22 00:00:00,2026-05-25 17:19:00
2704,user_2704@test.com,$2a$10$7zB3qQzEcbB7mU5eL2n9fO0xH98o2tYpM.2s5lR7wE.2F8u7y6X1.,신현빈,010-7693-2448,1993-02-16,ROLE_USER,ACTIVE,2025-10-20 00:00:00,2025-10-20 00:00:00,2026-06-23 16:41:00
2705,user_2705@test.com,$2a$10$7zB3qQzEcbB7mU5eL2n9fO0xH98o2tYpM.2s5lR7wE.2F8u7y6X1.,임민아,010-4653-2009,1971-09-12,ROLE_USER,ACTIVE,2023-12-19 00:00:00,2023-12-19 00:00:00,2026-07-02 11:09:00
2706,user_2706@test.com,$2a$10$7zB3qQzEcbB7mU5eL2n9fO0xH98o2tYpM.2s5lR7wE.2F8u7y6X1.,한은현,010-6908-4209,1984-06-11,ROLE_USER,ACTIVE,2025-07-31 00:00:00,2025-07-31 00:00:00,2026-06-23 17:28:00
2707,user_2707@test.com,$2a$10$7zB3qQzEcbB7mU5eL2n9fO0xH98o2tYpM.2s5lR7wE.2F8u7y6X1.,한승준,010-1050-7842,1970-12-25,ROLE_USER,ACTIVE,2024-06-06 00:00:00,2024-06-06 00:00:00,2026-07-01 19:48:00
2708,user_2708@test.com,$2a$10$7zB3qQzEcbB7mU5eL2n9fO0xH98o2tYpM.2s5lR7wE.2F8u7y6X1.,강지원,010-9057-5043,1978-01-20,ROLE_USER,ACTIVE,2024-03-05 00:00:00,2024-03-05 00:00:00,2026-06-20 17:52:00
2709,user_2709@test.com,$2a$10$7zB3qQzEcbB7mU5eL2n9fO0xH98o2tYpM.2s5lR7wE.2F8u7y6X1.,박민영,010-1361-2633,1999-01-15,ROLE_USER,ACTIVE,2024-12-21 00:00:00,2024-12-21 00:00:00,2026-06-29 19:48:00
2710,user_2710@test.com,$2a$10$7zB3qQzEcbB7mU5eL2n9fO0xH98o2tYpM.2s5lR7wE.2F8u7y6X1.,김현아,010-3657-4458,1984-11-26,ROLE_USER,ACTIVE,2025-12-18 00:00:00,2025-12-18 00:00:00,2026-06-24 18:10:00
2711,user_2711@test.com,$2a$10$7zB3qQzEcbB7mU5eL2n9fO0xH98o2tYpM.2s5lR7wE.2F8u7y6X1.,윤현율,010-9093-5250,1992-12-10,ROLE_USER,ACTIVE,2026-01-14 00:00:00,2026-01-14 00:00:00,2026-06-08 13:13:00
2712,user_2712@test.com,$2a$10$7zB3qQzEcbB7mU5eL2n9fO0xH98o2tYpM.2s5lR7wE.2F8u7y6X1.,정승수,010-6109-2635,1991-07-02,ROLE_USER,ACTIVE,2024-08-12 00:00:00,2024-08-12 00:00:00,2026-06-29 21:11:00
2713,user_2713@test.com,$2a$10$7zB3qQzEcbB7mU5eL2n9fO0xH98o2tYpM.2s5lR7wE.2F8u7y6X1.,강도원,010-7270-4057,1995-04-17,ROLE_USER,ACTIVE,2024-09-29 00:00:00,2024-09-29 00:00:00,2026-06-12 10:14:00
2714,user_2714@test.com,$2a$10$7zB3qQzEcbB7mU5eL2n9fO0xH98o2tYpM.2s5lR7wE.2F8u7y6X1.,송도인,010-8006-1809,2001-03-09,ROLE_USER,ACTIVE,2024-04-25 00:00:00,2024-04-25 00:00:00,2026-06-29 17:57:00
2715,user_2715@test.com,$2a$10$7zB3qQzEcbB7mU5eL2n9fO0xH98o2tYpM.2s5lR7wE.2F8u7y6X1.,권은인,010-2299-1066,1994-12-02,ROLE_USER,ACTIVE,2024-01-10 00:00:00,2024-01-10 00:00:00,2026-07-02 13:06:00
2716,user_2716@test.com,$2a$10$7zB3qQzEcbB7mU5eL2n9fO0xH98o2tYpM.2s5lR7wE.2F8u7y6X1.,박시준,010-9696-2268,1971-12-15,ROLE_USER,ACTIVE,2023-10-28 00:00:00,2023-10-28 00:00:00,2026-06-04 14:48:00
2717,user_2717@test.com,$2a$10$7zB3qQzEcbB7mU5eL2n9fO0xH98o2tYpM.2s5lR7wE.2F8u7y6X1.,한은율,010-9728-6932,1982-12-28,ROLE_USER,ACTIVE,2026-01-17 00:00:00,2026-01-17 00:00:00,2026-07-01 19:42:00
2718,user_2718@test.com,$2a$10$7zB3qQzEcbB7mU5eL2n9fO0xH98o2tYpM.2s5lR7wE.2F8u7y6X1.,정민율,010-3795-4742,1993-11-07,ROLE_USER,ACTIVE,2024-07-31 00:00:00,2024-07-31 00:00:00,2026-06-22 18:23:00
2719,user_2719@test.com,$2a$10$7zB3qQzEcbB7mU5eL2n9fO0xH98o2tYpM.2s5lR7wE.2F8u7y6X1.,장시현,010-6431-1147,1987-03-21,ROLE_USER,ACTIVE,2024-02-15 00:00:00,2024-02-15 00:00:00,2026-06-07 19:05:00
2720,user_2720@test.com,$2a$10$7zB3qQzEcbB7mU5eL2n9fO0xH98o2tYpM.2s5lR7wE.2F8u7y6X1.,송민준,010-7829-5309,1980-12-24,ROLE_USER,ACTIVE,2024-07-28 00:00:00,2024-07-28 00:00:00,2026-06-28 21:33:00
2721,user_2721@test.com,$2a$10$7zB3qQzEcbB7mU5eL2n9fO0xH98o2tYpM.2s5lR7wE.2F8u7y6X1.,권시수,010-4468-4030,1977-11-11,ROLE_USER,ACTIVE,2026-02-14 00:00:00,2026-02-14 00:00:00,2026-07-01 12:25:00
2722,user_2722@test.com,$2a$10$7zB3qQzEcbB7mU5eL2n9fO0xH98o2tYpM.2s5lR7wE.2F8u7y6X1.,홍지빈,010-8101-4295,1995-12-09,ROLE_USER,ACTIVE,2025-05-18 00:00:00,2025-05-18 00:00:00,2026-07-01 20:33:00
2723,user_2723@test.com,$2a$10$7zB3qQzEcbB7mU5eL2n9fO0xH98o2tYpM.2s5lR7wE.2F8u7y6X1.,최지율,010-7903-7179,1996-09-01,ROLE_USER,ACTIVE,2026-03-05 00:00:00,2026-03-05 00:00:00,2026-04-30 17:46:00
2724,user_2724@test.com,$2a$10$7zB3qQzEcbB7mU5eL2n9fO0xH98o2tYpM.2s5lR7wE.2F8u7y6X1.,한도수,010-7599-5581,1982-01-02,ROLE_USER,ACTIVE,2026-01-21 00:00:00,2026-01-21 00:00:00,2026-06-24 22:50:00
2725,user_2725@test.com,$2a$10$7zB3qQzEcbB7mU5eL2n9fO0xH98o2tYpM.2s5lR7wE.2F8u7y6X1.,임지율,010-3921-9849,1988-10-09,ROLE_USER,ACTIVE,2026-04-05 00:00:00,2026-04-05 00:00:00,2026-07-01 09:57:00
2726,user_2726@test.com,$2a$10$7zB3qQzEcbB7mU5eL2n9fO0xH98o2tYpM.2s5lR7wE.2F8u7y6X1.,오서아,010-7151-7476,1982-03-11,ROLE_USER,ACTIVE,2026-01-10 00:00:00,2026-01-10 00:00:00,2026-06-30 20:46:00
2727,user_2727@test.com,$2a$10$7zB3qQzEcbB7mU5eL2n9fO0xH98o2tYpM.2s5lR7wE.2F8u7y6X1.,송지수,010-3575-8513,1974-08-21,ROLE_USER,ACTIVE,2023-11-16 00:00:00,2023-11-16 00:00:00,2026-06-20 21:11:00
2728,user_2728@test.com,$2a$10$7zB3qQzEcbB7mU5eL2n9fO0xH98o2tYpM.2s5lR7wE.2F8u7y6X1.,김하영,010-8013-1316,1985-07-20,ROLE_USER,ACTIVE,2024-06-25 00:00:00,2024-06-25 00:00:00,2026-05-06 10:08:00
2729,user_2729@test.com,$2a$10$7zB3qQzEcbB7mU5eL2n9fO0xH98o2tYpM.2s5lR7wE.2F8u7y6X1.,신예준,010-2919-3959,1995-04-03,ROLE_USER,ACTIVE,2024-12-09 00:00:00,2024-12-09 00:00:00,2026-07-02 12:53:00
2730,user_2730@test.com,$2a$10$7zB3qQzEcbB7mU5eL2n9fO0xH98o2tYpM.2s5lR7wE.2F8u7y6X1.,조도우,010-8864-7843,1988-11-01,ROLE_USER,ACTIVE,2023-12-20 00:00:00,2023-12-20 00:00:00,2026-06-28 08:42:00
2731,user_2731@test.com,$2a$10$7zB3qQzEcbB7mU5eL2n9fO0xH98o2tYpM.2s5lR7wE.2F8u7y6X1.,황주수,010-4548-9515,2001-02-07,ROLE_USER,ACTIVE,2024-08-14 00:00:00,2024-08-14 00:00:00,2026-07-01 14:19:00
2732,user_2732@test.com,$2a$10$7zB3qQzEcbB7mU5eL2n9fO0xH98o2tYpM.2s5lR7wE.2F8u7y6X1.,김도아,010-1709-9906,1986-08-27,ROLE_USER,ACTIVE,2025-04-02 00:00:00,2025-04-02 00:00:00,2026-06-20 21:27:00
2733,user_2733@test.com,$2a$10$7zB3qQzEcbB7mU5eL2n9fO0xH98o2tYpM.2s5lR7wE.2F8u7y6X1.,황태빈,010-7858-4089,1995-12-10,ROLE_USER,ACTIVE,2025-07-02 00:00:00,2025-07-02 00:00:00,2026-06-30 13:44:00
2734,user_2734@test.com,$2a$10$7zB3qQzEcbB7mU5eL2n9fO0xH98o2tYpM.2s5lR7wE.2F8u7y6X1.,박지아,010-7351-5930,1987-04-01,ROLE_USER,ACTIVE,2024-04-08 00:00:00,2024-04-08 00:00:00,2026-06-19 09:20:00
2735,user_2735@test.com,$2a$10$7zB3qQzEcbB7mU5eL2n9fO0xH98o2tYpM.2s5lR7wE.2F8u7y6X1.,조서빈,010-8717-1209,1990-05-27,ROLE_USER,ACTIVE,2026-05-25 00:00:00,2026-05-25 00:00:00,2026-06-06 18:41:00
2736,user_2736@test.com,$2a$10$7zB3qQzEcbB7mU5eL2n9fO0xH98o2tYpM.2s5lR7wE.2F8u7y6X1.,강지우,010-7662-3273,1972-10-18,ROLE_USER,ACTIVE,2024-04-11 00:00:00,2024-04-11 00:00:00,2026-06-18 19:23:00
2737,user_2737@test.com,$2a$10$7zB3qQzEcbB7mU5eL2n9fO0xH98o2tYpM.2s5lR7wE.2F8u7y6X1.,강도준,010-9528-5828,1984-03-28,ROLE_USER,ACTIVE,2025-12-10 00:00:00,2025-12-10 00:00:00,2026-06-19 18:01:00
2738,user_2738@test.com,$2a$10$7zB3qQzEcbB7mU5eL2n9fO0xH98o2tYpM.2s5lR7wE.2F8u7y6X1.,조하인,010-5341-2310,2001-05-19,ROLE_USER,ACTIVE,2026-05-07 00:00:00,2026-05-07 00:00:00,2026-05-29 14:08:00
2739,user_2739@test.com,$2a$10$7zB3qQzEcbB7mU5eL2n9fO0xH98o2tYpM.2s5lR7wE.2F8u7y6X1.,정하수,010-5526-6050,1979-06-21,ROLE_USER,ACTIVE,2025-04-12 00:00:00,2025-04-12 00:00:00,2026-06-23 22:01:00
2740,user_2740@test.com,$2a$10$7zB3qQzEcbB7mU5eL2n9fO0xH98o2tYpM.2s5lR7wE.2F8u7y6X1.,정지수,010-7930-1335,1977-04-07,ROLE_USER,ACTIVE,2024-03-11 00:00:00,2024-03-11 00:00:00,2026-07-01 21:13:00
2741,user_2741@test.com,$2a$10$7zB3qQzEcbB7mU5eL2n9fO0xH98o2tYpM.2s5lR7wE.2F8u7y6X1.,최승원,010-9200-1619,1981-02-19,ROLE_USER,ACTIVE,2024-05-10 00:00:00,2024-05-10 00:00:00,2026-06-25 14:16:00
2742,user_2742@test.com,$2a$10$7zB3qQzEcbB7mU5eL2n9fO0xH98o2tYpM.2s5lR7wE.2F8u7y6X1.,한태우,010-3274-9307,2002-06-26,ROLE_USER,ACTIVE,2024-12-15 00:00:00,2024-12-15 00:00:00,2026-06-04 14:25:00
2743,user_2743@test.com,$2a$10$7zB3qQzEcbB7mU5eL2n9fO0xH98o2tYpM.2s5lR7wE.2F8u7y6X1.,김예빈,010-5009-1137,1985-02-17,ROLE_USER,ACTIVE,2026-05-13 00:00:00,2026-05-13 00:00:00,2026-05-20 17:28:00
2744,user_2744@test.com,$2a$10$7zB3qQzEcbB7mU5eL2n9fO0xH98o2tYpM.2s5lR7wE.2F8u7y6X1.,서현원,010-1378-9158,1971-11-10,ROLE_USER,ACTIVE,2025-08-11 00:00:00,2025-08-11 00:00:00,2026-07-01 15:14:00
2745,user_2745@test.com,$2a$10$7zB3qQzEcbB7mU5eL2n9fO0xH98o2tYpM.2s5lR7wE.2F8u7y6X1.,송예현,010-4865-8665,1976-09-27,ROLE_USER,ACTIVE,2026-04-24 00:00:00,2026-04-24 00:00:00,2026-06-26 15:23:00
2746,user_2746@test.com,$2a$10$7zB3qQzEcbB7mU5eL2n9fO0xH98o2tYpM.2s5lR7wE.2F8u7y6X1.,장시준,010-6162-4997,1983-06-20,ROLE_USER,ACTIVE,2024-02-05 00:00:00,2024-02-05 00:00:00,2026-06-21 22:52:00
2747,user_2747@test.com,$2a$10$7zB3qQzEcbB7mU5eL2n9fO0xH98o2tYpM.2s5lR7wE.2F8u7y6X1.,윤현율,010-6364-1313,1980-11-09,ROLE_USER,ACTIVE,2025-09-14 00:00:00,2025-09-14 00:00:00,2026-06-30 14:36:00
2748,user_2748@test.com,$2a$10$7zB3qQzEcbB7mU5eL2n9fO0xH98o2tYpM.2s5lR7wE.2F8u7y6X1.,임현인,010-9479-1328,2003-05-28,ROLE_USER,ACTIVE,2026-01-04 00:00:00,2026-01-04 00:00:00,2026-06-20 10:20:00
2749,user_2749@test.com,$2a$10$7zB3qQzEcbB7mU5eL2n9fO0xH98o2tYpM.2s5lR7wE.2F8u7y6X1.,강주빈,010-1078-7449,2001-12-03,ROLE_USER,ACTIVE,2023-11-21 00:00:00,2023-11-21 00:00:00,2026-06-25 14:16:00
2750,user_2750@test.com,$2a$10$7zB3qQzEcbB7mU5eL2n9fO0xH98o2tYpM.2s5lR7wE.2F8u7y6X1.,신주빈,010-7174-9440,1989-09-12,ROLE_USER,ACTIVE,2023-12-20 00:00:00,2023-12-20 00:00:00,2026-06-28 17:10:00
2751,user_2751@test.com,$2a$10$7zB3qQzEcbB7mU5eL2n9fO0xH98o2tYpM.2s5lR7wE.2F8u7y6X1.,한서아,010-8868-1864,2002-06-23,ROLE_USER,ACTIVE,2024-01-17 00:00:00,2024-01-17 00:00:00,2026-06-23 19:06:00
2752,user_2752@test.com,$2a$10$7zB3qQzEcbB7mU5eL2n9fO0xH98o2tYpM.2s5lR7wE.2F8u7y6X1.,신민영,010-4708-9139,2003-12-07,ROLE_USER,ACTIVE,2026-05-02 00:00:00,2026-05-02 00:00:00,2026-06-08 08:50:00
2753,user_2753@test.com,$2a$10$7zB3qQzEcbB7mU5eL2n9fO0xH98o2tYpM.2s5lR7wE.2F8u7y6X1.,오승율,010-6518-2702,1990-06-10,ROLE_USER,ACTIVE,2024-02-14 00:00:00,2024-02-14 00:00:00,2026-06-25 13:17:00
2754,user_2754@test.com,$2a$10$7zB3qQzEcbB7mU5eL2n9fO0xH98o2tYpM.2s5lR7wE.2F8u7y6X1.,윤태빈,010-7849-2244,1975-05-06,ROLE_USER,ACTIVE,2026-04-08 00:00:00,2026-04-08 00:00:00,2026-06-20 12:20:00
2755,user_2755@test.com,$2a$10$7zB3qQzEcbB7mU5eL2n9fO0xH98o2tYpM.2s5lR7wE.2F8u7y6X1.,송지아,010-6815-9432,1989-02-08,ROLE_USER,ACTIVE,2026-05-17 00:00:00,2026-05-17 00:00:00,2026-05-20 09:17:00
2756,user_2756@test.com,$2a$10$7zB3qQzEcbB7mU5eL2n9fO0xH98o2tYpM.2s5lR7wE.2F8u7y6X1.,김서아,010-2988-1407,1972-02-21,ROLE_USER,ACTIVE,2025-04-15 00:00:00,2025-04-15 00:00:00,2026-06-25 13:02:00
2757,user_2757@test.com,$2a$10$7zB3qQzEcbB7mU5eL2n9fO0xH98o2tYpM.2s5lR7wE.2F8u7y6X1.,강시빈,010-2667-7875,1989-12-10,ROLE_USER,ACTIVE,2025-10-27 00:00:00,2025-10-27 00:00:00,2026-06-18 12:20:00
2758,user_2758@test.com,$2a$10$7zB3qQzEcbB7mU5eL2n9fO0xH98o2tYpM.2s5lR7wE.2F8u7y6X1.,안서준,010-7503-4710,1972-11-24,ROLE_USER,ACTIVE,2025-05-02 00:00:00,2025-05-02 00:00:00,2026-06-10 22:21:00
2759,user_2759@test.com,$2a$10$7zB3qQzEcbB7mU5eL2n9fO0xH98o2tYpM.2s5lR7wE.2F8u7y6X1.,정승인,010-5779-5468,1976-10-16,ROLE_USER,ACTIVE,2025-10-18 00:00:00,2025-10-18 00:00:00,2026-06-22 13:20:00
2760,user_2760@test.com,$2a$10$7zB3qQzEcbB7mU5eL2n9fO0xH98o2tYpM.2s5lR7wE.2F8u7y6X1.,임주영,010-3229-6181,1993-09-06,ROLE_USER,ACTIVE,2025-07-21 00:00:00,2025-07-21 00:00:00,2026-06-26 22:34:00
2761,user_2761@test.com,$2a$10$7zB3qQzEcbB7mU5eL2n9fO0xH98o2tYpM.2s5lR7wE.2F8u7y6X1.,정지준,010-7070-1711,1992-10-16,ROLE_USER,ACTIVE,2024-10-01 00:00:00,2024-10-01 00:00:00,2026-06-28 09:43:00
2762,user_2762@test.com,$2a$10$7zB3qQzEcbB7mU5eL2n9fO0xH98o2tYpM.2s5lR7wE.2F8u7y6X1.,정승빈,010-5943-8149,1994-01-01,ROLE_USER,ACTIVE,2025-02-09 00:00:00,2025-02-09 00:00:00,2026-06-24 15:29:00
2763,user_2763@test.com,$2a$10$7zB3qQzEcbB7mU5eL2n9fO0xH98o2tYpM.2s5lR7wE.2F8u7y6X1.,전지준,010-3173-8634,1997-12-04,ROLE_USER,ACTIVE,2025-08-28 00:00:00,2025-08-28 00:00:00,2026-06-25 14:15:00
2764,user_2764@test.com,$2a$10$7zB3qQzEcbB7mU5eL2n9fO0xH98o2tYpM.2s5lR7wE.2F8u7y6X1.,오시수,010-5868-4804,1998-06-12,ROLE_USER,ACTIVE,2026-04-29 00:00:00,2026-04-29 00:00:00,2026-06-17 09:43:00
2765,user_2765@test.com,$2a$10$7zB3qQzEcbB7mU5eL2n9fO0xH98o2tYpM.2s5lR7wE.2F8u7y6X1.,권서우,010-7558-3691,1982-07-13,ROLE_USER,ACTIVE,2025-04-28 00:00:00,2025-04-28 00:00:00,2026-06-27 20:22:00
2766,user_2766@test.com,$2a$10$7zB3qQzEcbB7mU5eL2n9fO0xH98o2tYpM.2s5lR7wE.2F8u7y6X1.,홍현빈,010-7517-3734,1991-03-05,ROLE_USER,ACTIVE,2025-06-28 00:00:00,2025-06-28 00:00:00,2026-06-30 21:56:00
2767,user_2767@test.com,$2a$10$7zB3qQzEcbB7mU5eL2n9fO0xH98o2tYpM.2s5lR7wE.2F8u7y6X1.,전현아,010-8650-6570,1975-09-16,ROLE_USER,ACTIVE,2024-07-20 00:00:00,2024-07-20 00:00:00,2026-06-25 17:49:00
2768,user_2768@test.com,$2a$10$7zB3qQzEcbB7mU5eL2n9fO0xH98o2tYpM.2s5lR7wE.2F8u7y6X1.,황예우,010-4549-2274,1999-11-05,ROLE_USER,ACTIVE,2025-11-12 00:00:00,2025-11-12 00:00:00,2026-07-01 20:55:00
2769,user_2769@test.com,$2a$10$7zB3qQzEcbB7mU5eL2n9fO0xH98o2tYpM.2s5lR7wE.2F8u7y6X1.,서지준,010-8729-2186,1990-09-24,ROLE_USER,ACTIVE,2023-10-21 00:00:00,2023-10-21 00:00:00,2026-06-27 11:54:00
2770,user_2770@test.com,$2a$10$7zB3qQzEcbB7mU5eL2n9fO0xH98o2tYpM.2s5lR7wE.2F8u7y6X1.,권시빈,010-6505-5906,1986-08-22,ROLE_USER,ACTIVE,2025-12-20 00:00:00,2025-12-20 00:00:00,2026-06-24 18:40:00
2771,user_2771@test.com,$2a$10$7zB3qQzEcbB7mU5eL2n9fO0xH98o2tYpM.2s5lR7wE.2F8u7y6X1.,오현현,010-4476-5482,1998-10-09,ROLE_USER,ACTIVE,2025-10-08 00:00:00,2025-10-08 00:00:00,2026-06-19 09:06:00
2772,user_2772@test.com,$2a$10$7zB3qQzEcbB7mU5eL2n9fO0xH98o2tYpM.2s5lR7wE.2F8u7y6X1.,신태아,010-9899-6311,1983-07-10,ROLE_USER,ACTIVE,2025-11-07 00:00:00,2025-11-07 00:00:00,2026-06-23 08:24:00
2773,user_2773@test.com,$2a$10$7zB3qQzEcbB7mU5eL2n9fO0xH98o2tYpM.2s5lR7wE.2F8u7y6X1.,정태준,010-7508-5353,1995-08-23,ROLE_USER,ACTIVE,2026-04-25 00:00:00,2026-04-25 00:00:00,2026-05-27 15:19:00
2774,user_2774@test.com,$2a$10$7zB3qQzEcbB7mU5eL2n9fO0xH98o2tYpM.2s5lR7wE.2F8u7y6X1.,김현수,010-6171-1203,1991-06-23,ROLE_USER,ACTIVE,2026-05-07 00:00:00,2026-05-07 00:00:00,2026-06-17 09:57:00
2775,user_2775@test.com,$2a$10$7zB3qQzEcbB7mU5eL2n9fO0xH98o2tYpM.2s5lR7wE.2F8u7y6X1.,오주율,010-1710-5548,1996-01-11,ROLE_USER,ACTIVE,2023-11-07 00:00:00,2023-11-07 00:00:00,2026-06-25 21:30:00
2776,user_2776@test.com,$2a$10$7zB3qQzEcbB7mU5eL2n9fO0xH98o2tYpM.2s5lR7wE.2F8u7y6X1.,정현수,010-3889-8682,1998-11-03,ROLE_USER,ACTIVE,2024-06-28 00:00:00,2024-06-28 00:00:00,2026-06-19 19:15:00
2777,user_2777@test.com,$2a$10$7zB3qQzEcbB7mU5eL2n9fO0xH98o2tYpM.2s5lR7wE.2F8u7y6X1.,안예영,010-5148-3482,2001-07-27,ROLE_USER,ACTIVE,2026-05-14 00:00:00,2026-05-14 00:00:00,2026-06-28 17:26:00
2778,user_2778@test.com,$2a$10$7zB3qQzEcbB7mU5eL2n9fO0xH98o2tYpM.2s5lR7wE.2F8u7y6X1.,전시현,010-2006-6123,1983-10-28,ROLE_USER,ACTIVE,2026-04-20 00:00:00,2026-04-20 00:00:00,2026-06-23 12:30:00
2779,user_2779@test.com,$2a$10$7zB3qQzEcbB7mU5eL2n9fO0xH98o2tYpM.2s5lR7wE.2F8u7y6X1.,장태우,010-7925-9620,2001-12-15,ROLE_USER,ACTIVE,2024-11-02 00:00:00,2024-11-02 00:00:00,2026-06-21 14:31:00
2780,user_2780@test.com,$2a$10$7zB3qQzEcbB7mU5eL2n9fO0xH98o2tYpM.2s5lR7wE.2F8u7y6X1.,홍승우,010-6508-2689,1987-09-19,ROLE_USER,ACTIVE,2025-11-27 00:00:00,2025-11-27 00:00:00,2026-06-29 18:41:00
2781,user_2781@test.com,$2a$10$7zB3qQzEcbB7mU5eL2n9fO0xH98o2tYpM.2s5lR7wE.2F8u7y6X1.,김도혁,010-4336-6959,1970-01-18,ROLE_USER,ACTIVE,2026-01-21 00:00:00,2026-01-21 00:00:00,2026-06-23 19:34:00
2782,user_2782@test.com,$2a$10$7zB3qQzEcbB7mU5eL2n9fO0xH98o2tYpM.2s5lR7wE.2F8u7y6X1.,최민준,010-7829-8719,1991-12-25,ROLE_USER,ACTIVE,2026-05-01 00:00:00,2026-05-01 00:00:00,2026-05-13 08:50:00
2783,user_2783@test.com,$2a$10$7zB3qQzEcbB7mU5eL2n9fO0xH98o2tYpM.2s5lR7wE.2F8u7y6X1.,김현율,010-5347-7001,1998-11-14,ROLE_USER,ACTIVE,2024-04-22 00:00:00,2024-04-22 00:00:00,2026-06-21 11:01:00
2784,user_2784@test.com,$2a$10$7zB3qQzEcbB7mU5eL2n9fO0xH98o2tYpM.2s5lR7wE.2F8u7y6X1.,장서원,010-3539-8862,1999-11-07,ROLE_USER,ACTIVE,2025-08-01 00:00:00,2025-08-01 00:00:00,2026-06-23 12:48:00
2785,user_2785@test.com,$2a$10$7zB3qQzEcbB7mU5eL2n9fO0xH98o2tYpM.2s5lR7wE.2F8u7y6X1.,정하우,010-5026-4290,1979-12-03,ROLE_USER,ACTIVE,2025-05-17 00:00:00,2025-05-17 00:00:00,2026-06-03 08:38:00
2786,user_2786@test.com,$2a$10$7zB3qQzEcbB7mU5eL2n9fO0xH98o2tYpM.2s5lR7wE.2F8u7y6X1.,최하준,010-9850-9052,1985-09-02,ROLE_USER,ACTIVE,2025-11-16 00:00:00,2025-11-16 00:00:00,2026-07-02 21:45:00
2787,user_2787@test.com,$2a$10$7zB3qQzEcbB7mU5eL2n9fO0xH98o2tYpM.2s5lR7wE.2F8u7y6X1.,최지율,010-7844-1291,1982-08-10,ROLE_USER,ACTIVE,2025-06-20 00:00:00,2025-06-20 00:00:00,2026-06-18 08:59:00
2788,user_2788@test.com,$2a$10$7zB3qQzEcbB7mU5eL2n9fO0xH98o2tYpM.2s5lR7wE.2F8u7y6X1.,권도원,010-9404-7323,1997-11-28,ROLE_USER,ACTIVE,2025-12-21 00:00:00,2025-12-21 00:00:00,2026-06-27 09:52:00
2789,user_2789@test.com,$2a$10$7zB3qQzEcbB7mU5eL2n9fO0xH98o2tYpM.2s5lR7wE.2F8u7y6X1.,김승아,010-5823-9782,1986-03-25,ROLE_USER,ACTIVE,2024-09-22 00:00:00,2024-09-22 00:00:00,2026-06-20 16:29:00
2790,user_2790@test.com,$2a$10$7zB3qQzEcbB7mU5eL2n9fO0xH98o2tYpM.2s5lR7wE.2F8u7y6X1.,강하아,010-6713-4194,1978-11-01,ROLE_USER,ACTIVE,2025-11-09 00:00:00,2025-11-09 00:00:00,2026-06-18 20:48:00
2791,user_2791@test.com,$2a$10$7zB3qQzEcbB7mU5eL2n9fO0xH98o2tYpM.2s5lR7wE.2F8u7y6X1.,정민원,010-4103-9819,1992-06-05,ROLE_USER,ACTIVE,2024-08-04 00:00:00,2024-08-04 00:00:00,2026-06-18 12:54:00
2792,user_2792@test.com,$2a$10$7zB3qQzEcbB7mU5eL2n9fO0xH98o2tYpM.2s5lR7wE.2F8u7y6X1.,강예우,010-6637-8635,1973-04-01,ROLE_USER,ACTIVE,2026-05-04 00:00:00,2026-05-04 00:00:00,2026-05-14 20:07:00
2793,user_2793@test.com,$2a$10$7zB3qQzEcbB7mU5eL2n9fO0xH98o2tYpM.2s5lR7wE.2F8u7y6X1.,임승수,010-3480-4106,1974-10-11,ROLE_USER,ACTIVE,2024-07-16 00:00:00,2024-07-16 00:00:00,2026-06-28 17:00:00
2794,user_2794@test.com,$2a$10$7zB3qQzEcbB7mU5eL2n9fO0xH98o2tYpM.2s5lR7wE.2F8u7y6X1.,송예아,010-1610-8278,1988-05-04,ROLE_USER,ACTIVE,2026-03-13 00:00:00,2026-03-13 00:00:00,2026-06-23 09:53:00
2795,user_2795@test.com,$2a$10$7zB3qQzEcbB7mU5eL2n9fO0xH98o2tYpM.2s5lR7wE.2F8u7y6X1.,조시아,010-6649-2093,1974-04-17,ROLE_USER,ACTIVE,2025-12-24 00:00:00,2025-12-24 00:00:00,2026-06-28 12:27:00
2796,user_2796@test.com,$2a$10$7zB3qQzEcbB7mU5eL2n9fO0xH98o2tYpM.2s5lR7wE.2F8u7y6X1.,서예빈,010-5540-9794,1993-05-15,ROLE_USER,ACTIVE,2025-04-24 00:00:00,2025-04-24 00:00:00,2026-06-28 19:46:00
2797,user_2797@test.com,$2a$10$7zB3qQzEcbB7mU5eL2n9fO0xH98o2tYpM.2s5lR7wE.2F8u7y6X1.,권승아,010-1030-7973,1990-05-25,ROLE_USER,ACTIVE,2026-05-21 00:00:00,2026-05-21 00:00:00,2026-05-19 17:52:00
2798,user_2798@test.com,$2a$10$7zB3qQzEcbB7mU5eL2n9fO0xH98o2tYpM.2s5lR7wE.2F8u7y6X1.,황현수,010-1278-4031,1988-09-13,ROLE_USER,ACTIVE,2024-05-06 00:00:00,2024-05-06 00:00:00,2026-07-01 09:45:00
2799,user_2799@test.com,$2a$10$7zB3qQzEcbB7mU5eL2n9fO0xH98o2tYpM.2s5lR7wE.2F8u7y6X1.,최주혁,010-4283-3268,2000-07-26,ROLE_USER,ACTIVE,2023-11-28 00:00:00,2023-11-28 00:00:00,2026-06-27 20:26:00
2800,user_2800@test.com,$2a$10$7zB3qQzEcbB7mU5eL2n9fO0xH98o2tYpM.2s5lR7wE.2F8u7y6X1.,강예원,010-2965-5796,1975-08-06,ROLE_USER,ACTIVE,2024-02-07 00:00:00,2024-02-07 00:00:00,2026-06-29 13:35:00
2801,user_2801@test.com,$2a$10$7zB3qQzEcbB7mU5eL2n9fO0xH98o2tYpM.2s5lR7wE.2F8u7y6X1.,최하아,010-1252-2520,2002-06-01,ROLE_USER,ACTIVE,2025-11-23 00:00:00,2025-11-23 00:00:00,2026-06-23 08:59:00
2802,user_2802@test.com,$2a$10$7zB3qQzEcbB7mU5eL2n9fO0xH98o2tYpM.2s5lR7wE.2F8u7y6X1.,윤은아,010-1646-1213,1973-03-13,ROLE_USER,ACTIVE,2024-06-02 00:00:00,2024-06-02 00:00:00,2026-04-07 18:59:00
2803,user_2803@test.com,$2a$10$7zB3qQzEcbB7mU5eL2n9fO0xH98o2tYpM.2s5lR7wE.2F8u7y6X1.,윤은혁,010-5049-6001,1971-08-24,ROLE_USER,ACTIVE,2024-02-15 00:00:00,2024-02-15 00:00:00,2026-06-30 08:55:00
2804,user_2804@test.com,$2a$10$7zB3qQzEcbB7mU5eL2n9fO0xH98o2tYpM.2s5lR7wE.2F8u7y6X1.,김주아,010-8781-2075,1972-07-22,ROLE_USER,ACTIVE,2025-03-17 00:00:00,2025-03-17 00:00:00,2026-06-27 22:34:00
2805,user_2805@test.com,$2a$10$7zB3qQzEcbB7mU5eL2n9fO0xH98o2tYpM.2s5lR7wE.2F8u7y6X1.,이현혁,010-6151-1900,1981-10-16,ROLE_USER,ACTIVE,2024-07-21 00:00:00,2024-07-21 00:00:00,2026-07-02 18:23:00
2806,user_2806@test.com,$2a$10$7zB3qQzEcbB7mU5eL2n9fO0xH98o2tYpM.2s5lR7wE.2F8u7y6X1.,이지혁,010-5131-7550,2002-12-06,ROLE_USER,ACTIVE,2025-12-05 00:00:00,2025-12-05 00:00:00,2026-06-25 18:49:00
2807,user_2807@test.com,$2a$10$7zB3qQzEcbB7mU5eL2n9fO0xH98o2tYpM.2s5lR7wE.2F8u7y6X1.,조은아,010-8719-5759,1988-11-27,ROLE_USER,ACTIVE,2024-05-02 00:00:00,2024-05-02 00:00:00,2026-06-18 10:09:00
2808,user_2808@test.com,$2a$10$7zB3qQzEcbB7mU5eL2n9fO0xH98o2tYpM.2s5lR7wE.2F8u7y6X1.,안현준,010-6067-3147,2001-08-19,ROLE_USER,ACTIVE,2024-04-11 00:00:00,2024-04-11 00:00:00,2026-06-26 09:17:00
2809,user_2809@test.com,$2a$10$7zB3qQzEcbB7mU5eL2n9fO0xH98o2tYpM.2s5lR7wE.2F8u7y6X1.,조현아,010-2484-4540,1983-09-06,ROLE_USER,ACTIVE,2025-09-09 00:00:00,2025-09-09 00:00:00,2026-06-22 19:56:00
2810,user_2810@test.com,$2a$10$7zB3qQzEcbB7mU5eL2n9fO0xH98o2tYpM.2s5lR7wE.2F8u7y6X1.,송승아,010-9419-3663,1974-10-07,ROLE_USER,ACTIVE,2026-04-27 00:00:00,2026-04-27 00:00:00,2026-06-03 10:25:00
2811,user_2811@test.com,$2a$10$7zB3qQzEcbB7mU5eL2n9fO0xH98o2tYpM.2s5lR7wE.2F8u7y6X1.,신서우,010-5714-4145,1981-04-11,ROLE_USER,ACTIVE,2025-07-24 00:00:00,2025-07-24 00:00:00,2026-06-27 14:06:00
2812,user_2812@test.com,$2a$10$7zB3qQzEcbB7mU5eL2n9fO0xH98o2tYpM.2s5lR7wE.2F8u7y6X1.,정은수,010-9898-3453,2001-06-13,ROLE_USER,ACTIVE,2025-11-28 00:00:00,2025-11-28 00:00:00,2026-06-30 11:22:00
2813,user_2813@test.com,$2a$10$7zB3qQzEcbB7mU5eL2n9fO0xH98o2tYpM.2s5lR7wE.2F8u7y6X1.,장도혁,010-7394-1693,1983-02-18,ROLE_USER,ACTIVE,2025-08-29 00:00:00,2025-08-29 00:00:00,2026-06-10 12:32:00
2814,user_2814@test.com,$2a$10$7zB3qQzEcbB7mU5eL2n9fO0xH98o2tYpM.2s5lR7wE.2F8u7y6X1.,조도수,010-2617-8055,1982-06-13,ROLE_USER,ACTIVE,2024-12-20 00:00:00,2024-12-20 00:00:00,2026-06-21 16:41:00
2815,user_2815@test.com,$2a$10$7zB3qQzEcbB7mU5eL2n9fO0xH98o2tYpM.2s5lR7wE.2F8u7y6X1.,황주우,010-1949-9930,1973-02-28,ROLE_USER,ACTIVE,2025-08-03 00:00:00,2025-08-03 00:00:00,2026-06-22 19:27:00
2816,user_2816@test.com,$2a$10$7zB3qQzEcbB7mU5eL2n9fO0xH98o2tYpM.2s5lR7wE.2F8u7y6X1.,이승원,010-1439-1847,1995-06-09,ROLE_USER,ACTIVE,2025-05-19 00:00:00,2025-05-19 00:00:00,2026-06-26 10:12:00
2817,user_2817@test.com,$2a$10$7zB3qQzEcbB7mU5eL2n9fO0xH98o2tYpM.2s5lR7wE.2F8u7y6X1.,박도준,010-8723-8430,1995-12-10,ROLE_USER,ACTIVE,2025-12-20 00:00:00,2025-12-20 00:00:00,2026-06-27 09:53:00
2818,user_2818@test.com,$2a$10$7zB3qQzEcbB7mU5eL2n9fO0xH98o2tYpM.2s5lR7wE.2F8u7y6X1.,김예혁,010-5013-6421,1979-02-23,ROLE_USER,ACTIVE,2026-01-30 00:00:00,2026-01-30 00:00:00,2026-06-08 19:50:00
2819,user_2819@test.com,$2a$10$7zB3qQzEcbB7mU5eL2n9fO0xH98o2tYpM.2s5lR7wE.2F8u7y6X1.,안현율,010-5275-9044,1982-08-04,ROLE_USER,ACTIVE,2026-05-16 00:00:00,2026-05-16 00:00:00,2026-05-23 19:37:00
2820,user_2820@test.com,$2a$10$7zB3qQzEcbB7mU5eL2n9fO0xH98o2tYpM.2s5lR7wE.2F8u7y6X1.,최민율,010-9958-1695,1979-03-20,ROLE_USER,ACTIVE,2025-09-09 00:00:00,2025-09-09 00:00:00,2026-06-30 15:28:00
2821,user_2821@test.com,$2a$10$7zB3qQzEcbB7mU5eL2n9fO0xH98o2tYpM.2s5lR7wE.2F8u7y6X1.,한은아,010-2403-3855,1993-11-17,ROLE_USER,ACTIVE,2023-12-20 00:00:00,2023-12-20 00:00:00,2026-06-19 16:37:00
2822,user_2822@test.com,$2a$10$7zB3qQzEcbB7mU5eL2n9fO0xH98o2tYpM.2s5lR7wE.2F8u7y6X1.,권승현,010-8028-1951,1979-02-25,ROLE_USER,ACTIVE,2026-05-03 00:00:00,2026-05-03 00:00:00,2026-06-25 22:14:00
2823,user_2823@test.com,$2a$10$7zB3qQzEcbB7mU5eL2n9fO0xH98o2tYpM.2s5lR7wE.2F8u7y6X1.,안승아,010-7709-5496,1985-05-16,ROLE_USER,ACTIVE,2024-01-26 00:00:00,2024-01-26 00:00:00,2026-06-23 14:50:00
2824,user_2824@test.com,$2a$10$7zB3qQzEcbB7mU5eL2n9fO0xH98o2tYpM.2s5lR7wE.2F8u7y6X1.,이서빈,010-7742-1352,1995-02-11,ROLE_USER,ACTIVE,2025-02-25 00:00:00,2025-02-25 00:00:00,2026-07-02 13:00:00
2825,user_2825@test.com,$2a$10$7zB3qQzEcbB7mU5eL2n9fO0xH98o2tYpM.2s5lR7wE.2F8u7y6X1.,홍민아,010-9172-9752,1990-01-27,ROLE_USER,ACTIVE,2024-03-11 00:00:00,2024-03-11 00:00:00,2026-06-20 20:25:00
2826,user_2826@test.com,$2a$10$7zB3qQzEcbB7mU5eL2n9fO0xH98o2tYpM.2s5lR7wE.2F8u7y6X1.,장민아,010-8600-8058,1976-12-28,ROLE_USER,ACTIVE,2026-04-29 00:00:00,2026-04-29 00:00:00,2026-06-10 15:01:00
2827,user_2827@test.com,$2a$10$7zB3qQzEcbB7mU5eL2n9fO0xH98o2tYpM.2s5lR7wE.2F8u7y6X1.,김민빈,010-3149-7479,1989-11-15,ROLE_USER,ACTIVE,2024-10-12 00:00:00,2024-10-12 00:00:00,2026-06-24 11:30:00
2828,user_2828@test.com,$2a$10$7zB3qQzEcbB7mU5eL2n9fO0xH98o2tYpM.2s5lR7wE.2F8u7y6X1.,정지아,010-6692-1708,1996-05-13,ROLE_USER,ACTIVE,2024-01-18 00:00:00,2024-01-18 00:00:00,2026-06-22 18:28:00
2829,user_2829@test.com,$2a$10$7zB3qQzEcbB7mU5eL2n9fO0xH98o2tYpM.2s5lR7wE.2F8u7y6X1.,박은빈,010-4981-9901,1999-07-06,ROLE_USER,ACTIVE,2025-04-08 00:00:00,2025-04-08 00:00:00,2026-06-27 19:13:00
2830,user_2830@test.com,$2a$10$7zB3qQzEcbB7mU5eL2n9fO0xH98o2tYpM.2s5lR7wE.2F8u7y6X1.,김서영,010-9307-5173,1990-10-08,ROLE_USER,ACTIVE,2024-05-02 00:00:00,2024-05-02 00:00:00,2026-06-08 17:28:00
2831,user_2831@test.com,$2a$10$7zB3qQzEcbB7mU5eL2n9fO0xH98o2tYpM.2s5lR7wE.2F8u7y6X1.,전지원,010-8919-6358,1998-02-19,ROLE_USER,ACTIVE,2025-01-19 00:00:00,2025-01-19 00:00:00,2026-06-29 09:06:00
2832,user_2832@test.com,$2a$10$7zB3qQzEcbB7mU5eL2n9fO0xH98o2tYpM.2s5lR7wE.2F8u7y6X1.,김현혁,010-3915-9792,1974-05-10,ROLE_USER,ACTIVE,2026-04-04 00:00:00,2026-04-04 00:00:00,2026-06-24 21:29:00
2833,user_2833@test.com,$2a$10$7zB3qQzEcbB7mU5eL2n9fO0xH98o2tYpM.2s5lR7wE.2F8u7y6X1.,최태우,010-1774-3046,1995-08-07,ROLE_USER,ACTIVE,2024-09-12 00:00:00,2024-09-12 00:00:00,2026-06-22 15:24:00
2834,user_2834@test.com,$2a$10$7zB3qQzEcbB7mU5eL2n9fO0xH98o2tYpM.2s5lR7wE.2F8u7y6X1.,홍서아,010-3175-7791,1970-03-15,ROLE_USER,ACTIVE,2025-03-08 00:00:00,2025-03-08 00:00:00,2026-06-25 09:22:00
2835,user_2835@test.com,$2a$10$7zB3qQzEcbB7mU5eL2n9fO0xH98o2tYpM.2s5lR7wE.2F8u7y6X1.,오승현,010-2359-1082,1972-10-17,ROLE_USER,ACTIVE,2024-11-10 00:00:00,2024-11-10 00:00:00,2026-06-24 11:37:00
2836,user_2836@test.com,$2a$10$7zB3qQzEcbB7mU5eL2n9fO0xH98o2tYpM.2s5lR7wE.2F8u7y6X1.,이민인,010-4135-6113,1989-09-04,ROLE_USER,ACTIVE,2025-06-26 00:00:00,2025-06-26 00:00:00,2026-06-27 18:21:00
2837,user_2837@test.com,$2a$10$7zB3qQzEcbB7mU5eL2n9fO0xH98o2tYpM.2s5lR7wE.2F8u7y6X1.,황도율,010-3125-3366,1982-02-21,ROLE_USER,ACTIVE,2025-08-22 00:00:00,2025-08-22 00:00:00,2026-06-18 09:27:00
2838,user_2838@test.com,$2a$10$7zB3qQzEcbB7mU5eL2n9fO0xH98o2tYpM.2s5lR7wE.2F8u7y6X1.,오태율,010-8813-2472,2002-02-03,ROLE_USER,ACTIVE,2026-04-17 00:00:00,2026-04-17 00:00:00,2026-06-21 11:24:00
2839,user_2839@test.com,$2a$10$7zB3qQzEcbB7mU5eL2n9fO0xH98o2tYpM.2s5lR7wE.2F8u7y6X1.,홍예인,010-8250-3382,1998-11-17,ROLE_USER,ACTIVE,2026-05-03 00:00:00,2026-05-03 00:00:00,2026-05-17 16:03:00
2840,user_2840@test.com,$2a$10$7zB3qQzEcbB7mU5eL2n9fO0xH98o2tYpM.2s5lR7wE.2F8u7y6X1.,송지혁,010-9552-2219,1985-10-13,ROLE_USER,ACTIVE,2026-01-13 00:00:00,2026-01-13 00:00:00,2026-06-23 15:51:00
2841,user_2841@test.com,$2a$10$7zB3qQzEcbB7mU5eL2n9fO0xH98o2tYpM.2s5lR7wE.2F8u7y6X1.,최현우,010-2513-6365,1981-10-16,ROLE_USER,ACTIVE,2026-04-21 00:00:00,2026-04-21 00:00:00,2026-06-19 19:32:00
2842,user_2842@test.com,$2a$10$7zB3qQzEcbB7mU5eL2n9fO0xH98o2tYpM.2s5lR7wE.2F8u7y6X1.,임현혁,010-4014-2533,1990-01-18,ROLE_USER,ACTIVE,2025-05-23 00:00:00,2025-05-23 00:00:00,2026-06-27 21:46:00
2843,user_2843@test.com,$2a$10$7zB3qQzEcbB7mU5eL2n9fO0xH98o2tYpM.2s5lR7wE.2F8u7y6X1.,송태아,010-9811-9602,1980-02-23,ROLE_USER,ACTIVE,2024-04-26 00:00:00,2024-04-26 00:00:00,2026-04-30 19:50:00
2844,user_2844@test.com,$2a$10$7zB3qQzEcbB7mU5eL2n9fO0xH98o2tYpM.2s5lR7wE.2F8u7y6X1.,임주준,010-6244-5626,1976-05-12,ROLE_USER,ACTIVE,2025-06-20 00:00:00,2025-06-20 00:00:00,2026-06-26 22:15:00
2845,user_2845@test.com,$2a$10$7zB3qQzEcbB7mU5eL2n9fO0xH98o2tYpM.2s5lR7wE.2F8u7y6X1.,한은율,010-6873-5807,1981-02-05,ROLE_USER,ACTIVE,2025-09-20 00:00:00,2025-09-20 00:00:00,2026-06-03 11:09:00
2846,user_2846@test.com,$2a$10$7zB3qQzEcbB7mU5eL2n9fO0xH98o2tYpM.2s5lR7wE.2F8u7y6X1.,조태현,010-4006-3848,1987-05-23,ROLE_USER,ACTIVE,2026-04-15 00:00:00,2026-04-15 00:00:00,2026-06-25 08:29:00
2847,user_2847@test.com,$2a$10$7zB3qQzEcbB7mU5eL2n9fO0xH98o2tYpM.2s5lR7wE.2F8u7y6X1.,김하현,010-5422-1862,1977-01-11,ROLE_USER,ACTIVE,2025-07-30 00:00:00,2025-07-30 00:00:00,2026-06-30 19:34:00
2848,user_2848@test.com,$2a$10$7zB3qQzEcbB7mU5eL2n9fO0xH98o2tYpM.2s5lR7wE.2F8u7y6X1.,권지인,010-4504-7584,1975-07-21,ROLE_USER,ACTIVE,2025-05-24 00:00:00,2025-05-24 00:00:00,2026-06-30 17:15:00
2849,user_2849@test.com,$2a$10$7zB3qQzEcbB7mU5eL2n9fO0xH98o2tYpM.2s5lR7wE.2F8u7y6X1.,권현빈,010-7127-2031,1976-12-02,ROLE_USER,ACTIVE,2025-09-16 00:00:00,2025-09-16 00:00:00,2026-06-18 13:51:00
2850,user_2850@test.com,$2a$10$7zB3qQzEcbB7mU5eL2n9fO0xH98o2tYpM.2s5lR7wE.2F8u7y6X1.,오승수,010-5677-2169,1988-11-07,ROLE_USER,ACTIVE,2025-10-27 00:00:00,2025-10-27 00:00:00,2026-06-27 13:18:00
2851,user_2851@test.com,$2a$10$7zB3qQzEcbB7mU5eL2n9fO0xH98o2tYpM.2s5lR7wE.2F8u7y6X1.,신서수,010-5536-7017,1970-10-10,ROLE_USER,ACTIVE,2023-12-14 00:00:00,2023-12-14 00:00:00,2026-04-11 13:26:00
2852,user_2852@test.com,$2a$10$7zB3qQzEcbB7mU5eL2n9fO0xH98o2tYpM.2s5lR7wE.2F8u7y6X1.,이서빈,010-8936-2593,2001-09-25,ROLE_USER,ACTIVE,2025-12-24 00:00:00,2025-12-24 00:00:00,2026-06-25 19:20:00
2853,user_2853@test.com,$2a$10$7zB3qQzEcbB7mU5eL2n9fO0xH98o2tYpM.2s5lR7wE.2F8u7y6X1.,서현혁,010-1580-7851,1984-01-01,ROLE_USER,ACTIVE,2024-02-05 00:00:00,2024-02-05 00:00:00,2026-06-29 20:06:00
2854,user_2854@test.com,$2a$10$7zB3qQzEcbB7mU5eL2n9fO0xH98o2tYpM.2s5lR7wE.2F8u7y6X1.,정시인,010-7345-2804,1980-07-26,ROLE_USER,ACTIVE,2024-01-23 00:00:00,2024-01-23 00:00:00,2026-06-21 16:49:00
2855,user_2855@test.com,$2a$10$7zB3qQzEcbB7mU5eL2n9fO0xH98o2tYpM.2s5lR7wE.2F8u7y6X1.,권주영,010-5706-3158,1993-08-19,ROLE_USER,ACTIVE,2024-10-12 00:00:00,2024-10-12 00:00:00,2026-06-30 11:29:00
2856,user_2856@test.com,$2a$10$7zB3qQzEcbB7mU5eL2n9fO0xH98o2tYpM.2s5lR7wE.2F8u7y6X1.,권은율,010-1481-6039,2002-06-02,ROLE_USER,ACTIVE,2025-06-30 00:00:00,2025-06-30 00:00:00,2026-06-27 15:23:00
2857,user_2857@test.com,$2a$10$7zB3qQzEcbB7mU5eL2n9fO0xH98o2tYpM.2s5lR7wE.2F8u7y6X1.,김현인,010-6125-1327,1980-04-25,ROLE_USER,ACTIVE,2024-05-21 00:00:00,2024-05-21 00:00:00,2026-06-30 09:11:00
2858,user_2858@test.com,$2a$10$7zB3qQzEcbB7mU5eL2n9fO0xH98o2tYpM.2s5lR7wE.2F8u7y6X1.,이서우,010-3661-5365,1980-10-01,ROLE_USER,ACTIVE,2024-03-14 00:00:00,2024-03-14 00:00:00,2026-06-29 17:15:00
2859,user_2859@test.com,$2a$10$7zB3qQzEcbB7mU5eL2n9fO0xH98o2tYpM.2s5lR7wE.2F8u7y6X1.,안지아,010-2371-3733,1976-11-12,ROLE_USER,ACTIVE,2026-01-29 00:00:00,2026-01-29 00:00:00,2026-04-16 21:05:00
2860,user_2860@test.com,$2a$10$7zB3qQzEcbB7mU5eL2n9fO0xH98o2tYpM.2s5lR7wE.2F8u7y6X1.,이하빈,010-1004-9883,1993-02-04,ROLE_USER,ACTIVE,2024-06-29 00:00:00,2024-06-29 00:00:00,2026-06-22 17:21:00
2861,user_2861@test.com,$2a$10$7zB3qQzEcbB7mU5eL2n9fO0xH98o2tYpM.2s5lR7wE.2F8u7y6X1.,오은율,010-4711-6602,1994-07-26,ROLE_USER,ACTIVE,2026-03-18 00:00:00,2026-03-18 00:00:00,2026-06-12 14:53:00
2862,user_2862@test.com,$2a$10$7zB3qQzEcbB7mU5eL2n9fO0xH98o2tYpM.2s5lR7wE.2F8u7y6X1.,송태우,010-5936-6738,1987-01-01,ROLE_USER,ACTIVE,2026-01-17 00:00:00,2026-01-17 00:00:00,2026-06-28 10:57:00
2863,user_2863@test.com,$2a$10$7zB3qQzEcbB7mU5eL2n9fO0xH98o2tYpM.2s5lR7wE.2F8u7y6X1.,송은아,010-2436-8921,1995-01-13,ROLE_USER,ACTIVE,2025-02-02 00:00:00,2025-02-02 00:00:00,2026-06-19 19:19:00
2864,user_2864@test.com,$2a$10$7zB3qQzEcbB7mU5eL2n9fO0xH98o2tYpM.2s5lR7wE.2F8u7y6X1.,황도현,010-6441-3834,2001-12-01,ROLE_USER,ACTIVE,2024-04-01 00:00:00,2024-04-01 00:00:00,2026-06-28 10:18:00
2865,user_2865@test.com,$2a$10$7zB3qQzEcbB7mU5eL2n9fO0xH98o2tYpM.2s5lR7wE.2F8u7y6X1.,송은수,010-7537-4754,1986-11-20,ROLE_USER,ACTIVE,2024-12-04 00:00:00,2024-12-04 00:00:00,2026-06-25 17:07:00
2866,user_2866@test.com,$2a$10$7zB3qQzEcbB7mU5eL2n9fO0xH98o2tYpM.2s5lR7wE.2F8u7y6X1.,서은혁,010-2350-7849,1971-01-15,ROLE_USER,ACTIVE,2023-10-14 00:00:00,2023-10-14 00:00:00,2026-06-26 13:43:00
2867,user_2867@test.com,$2a$10$7zB3qQzEcbB7mU5eL2n9fO0xH98o2tYpM.2s5lR7wE.2F8u7y6X1.,박예아,010-6702-1856,1999-01-24,ROLE_USER,ACTIVE,2024-08-27 00:00:00,2024-08-27 00:00:00,2026-06-28 20:51:00
2868,user_2868@test.com,$2a$10$7zB3qQzEcbB7mU5eL2n9fO0xH98o2tYpM.2s5lR7wE.2F8u7y6X1.,최시율,010-8101-8267,1985-06-10,ROLE_USER,ACTIVE,2025-08-05 00:00:00,2025-08-05 00:00:00,2026-06-28 16:40:00
2869,user_2869@test.com,$2a$10$7zB3qQzEcbB7mU5eL2n9fO0xH98o2tYpM.2s5lR7wE.2F8u7y6X1.,임예영,010-8623-6649,1984-01-09,ROLE_USER,ACTIVE,2025-09-11 00:00:00,2025-09-11 00:00:00,2026-06-26 18:37:00
2870,user_2870@test.com,$2a$10$7zB3qQzEcbB7mU5eL2n9fO0xH98o2tYpM.2s5lR7wE.2F8u7y6X1.,서현아,010-5922-4426,1974-09-21,ROLE_USER,ACTIVE,2024-01-01 00:00:00,2024-01-01 00:00:00,2026-06-26 11:20:00
2871,user_2871@test.com,$2a$10$7zB3qQzEcbB7mU5eL2n9fO0xH98o2tYpM.2s5lR7wE.2F8u7y6X1.,박서아,010-8613-5257,2004-11-12,ROLE_USER,ACTIVE,2024-05-14 00:00:00,2024-05-14 00:00:00,2026-07-01 22:32:00
2872,user_2872@test.com,$2a$10$7zB3qQzEcbB7mU5eL2n9fO0xH98o2tYpM.2s5lR7wE.2F8u7y6X1.,신태현,010-9685-7030,1976-07-05,ROLE_USER,ACTIVE,2024-11-03 00:00:00,2024-11-03 00:00:00,2026-06-23 10:58:00
2873,user_2873@test.com,$2a$10$7zB3qQzEcbB7mU5eL2n9fO0xH98o2tYpM.2s5lR7wE.2F8u7y6X1.,신민원,010-4171-3396,1991-07-22,ROLE_USER,ACTIVE,2025-04-01 00:00:00,2025-04-01 00:00:00,2026-06-10 22:41:00
2874,user_2874@test.com,$2a$10$7zB3qQzEcbB7mU5eL2n9fO0xH98o2tYpM.2s5lR7wE.2F8u7y6X1.,오승인,010-9697-3424,1999-05-13,ROLE_USER,ACTIVE,2023-11-18 00:00:00,2023-11-18 00:00:00,2026-06-24 13:26:00
2875,user_2875@test.com,$2a$10$7zB3qQzEcbB7mU5eL2n9fO0xH98o2tYpM.2s5lR7wE.2F8u7y6X1.,안주아,010-7447-2503,1972-03-25,ROLE_USER,ACTIVE,2025-08-24 00:00:00,2025-08-24 00:00:00,2026-06-26 20:44:00
2876,user_2876@test.com,$2a$10$7zB3qQzEcbB7mU5eL2n9fO0xH98o2tYpM.2s5lR7wE.2F8u7y6X1.,송서인,010-9297-2908,1998-12-14,ROLE_USER,ACTIVE,2024-03-23 00:00:00,2024-03-23 00:00:00,2026-07-01 08:08:00
2877,user_2877@test.com,$2a$10$7zB3qQzEcbB7mU5eL2n9fO0xH98o2tYpM.2s5lR7wE.2F8u7y6X1.,임민아,010-9726-4808,1972-09-16,ROLE_USER,ACTIVE,2023-10-17 00:00:00,2023-10-17 00:00:00,2026-06-28 21:26:00
2878,user_2878@test.com,$2a$10$7zB3qQzEcbB7mU5eL2n9fO0xH98o2tYpM.2s5lR7wE.2F8u7y6X1.,윤서현,010-1344-9716,1971-01-24,ROLE_USER,ACTIVE,2026-01-10 00:00:00,2026-01-10 00:00:00,2026-06-18 13:29:00
2879,user_2879@test.com,$2a$10$7zB3qQzEcbB7mU5eL2n9fO0xH98o2tYpM.2s5lR7wE.2F8u7y6X1.,장지아,010-1308-9394,1980-06-17,ROLE_USER,ACTIVE,2025-07-23 00:00:00,2025-07-23 00:00:00,2026-06-23 22:40:00
2880,user_2880@test.com,$2a$10$7zB3qQzEcbB7mU5eL2n9fO0xH98o2tYpM.2s5lR7wE.2F8u7y6X1.,이주수,010-5799-9568,1992-03-26,ROLE_USER,ACTIVE,2025-05-03 00:00:00,2025-05-03 00:00:00,2026-06-27 14:03:00
2881,user_2881@test.com,$2a$10$7zB3qQzEcbB7mU5eL2n9fO0xH98o2tYpM.2s5lR7wE.2F8u7y6X1.,황하우,010-2471-7357,1992-07-08,ROLE_USER,ACTIVE,2024-06-23 00:00:00,2024-06-23 00:00:00,2026-06-23 17:03:00
2882,user_2882@test.com,$2a$10$7zB3qQzEcbB7mU5eL2n9fO0xH98o2tYpM.2s5lR7wE.2F8u7y6X1.,권현아,010-9199-7075,1998-03-28,ROLE_USER,ACTIVE,2026-01-12 00:00:00,2026-01-12 00:00:00,2026-06-25 13:53:00
2883,user_2883@test.com,$2a$10$7zB3qQzEcbB7mU5eL2n9fO0xH98o2tYpM.2s5lR7wE.2F8u7y6X1.,황도빈,010-5168-1011,2001-08-19,ROLE_USER,ACTIVE,2026-04-19 00:00:00,2026-04-19 00:00:00,2026-05-18 16:23:00
2884,user_2884@test.com,$2a$10$7zB3qQzEcbB7mU5eL2n9fO0xH98o2tYpM.2s5lR7wE.2F8u7y6X1.,박은빈,010-3054-8195,1981-09-14,ROLE_USER,ACTIVE,2025-01-21 00:00:00,2025-01-21 00:00:00,2026-06-29 10:26:00
2885,user_2885@test.com,$2a$10$7zB3qQzEcbB7mU5eL2n9fO0xH98o2tYpM.2s5lR7wE.2F8u7y6X1.,황승빈,010-3608-8148,1970-07-11,ROLE_USER,ACTIVE,2025-07-28 00:00:00,2025-07-28 00:00:00,2026-06-24 15:09:00
2886,user_2886@test.com,$2a$10$7zB3qQzEcbB7mU5eL2n9fO0xH98o2tYpM.2s5lR7wE.2F8u7y6X1.,홍주빈,010-7595-9298,1981-05-04,ROLE_USER,ACTIVE,2023-12-19 00:00:00,2023-12-19 00:00:00,2026-06-24 22:02:00
2887,user_2887@test.com,$2a$10$7zB3qQzEcbB7mU5eL2n9fO0xH98o2tYpM.2s5lR7wE.2F8u7y6X1.,황하아,010-3651-6360,1980-09-18,ROLE_USER,ACTIVE,2025-01-24 00:00:00,2025-01-24 00:00:00,2026-06-22 20:36:00
2888,user_2888@test.com,$2a$10$7zB3qQzEcbB7mU5eL2n9fO0xH98o2tYpM.2s5lR7wE.2F8u7y6X1.,정태혁,010-2994-6857,1995-08-23,ROLE_USER,ACTIVE,2024-02-13 00:00:00,2024-02-13 00:00:00,2026-07-01 12:59:00
2889,user_2889@test.com,$2a$10$7zB3qQzEcbB7mU5eL2n9fO0xH98o2tYpM.2s5lR7wE.2F8u7y6X1.,황승아,010-7623-7232,1993-08-03,ROLE_USER,ACTIVE,2026-01-20 00:00:00,2026-01-20 00:00:00,2026-06-25 15:53:00
2890,user_2890@test.com,$2a$10$7zB3qQzEcbB7mU5eL2n9fO0xH98o2tYpM.2s5lR7wE.2F8u7y6X1.,오주영,010-6702-6443,2004-10-05,ROLE_USER,ACTIVE,2025-04-01 00:00:00,2025-04-01 00:00:00,2026-06-30 21:21:00
2891,user_2891@test.com,$2a$10$7zB3qQzEcbB7mU5eL2n9fO0xH98o2tYpM.2s5lR7wE.2F8u7y6X1.,홍은빈,010-4758-2067,1986-07-12,ROLE_USER,ACTIVE,2024-03-26 00:00:00,2024-03-26 00:00:00,2026-06-28 12:12:00
2892,user_2892@test.com,$2a$10$7zB3qQzEcbB7mU5eL2n9fO0xH98o2tYpM.2s5lR7wE.2F8u7y6X1.,최하현,010-4883-2735,1992-04-06,ROLE_USER,ACTIVE,2026-01-19 00:00:00,2026-01-19 00:00:00,2026-06-28 21:41:00
2893,user_2893@test.com,$2a$10$7zB3qQzEcbB7mU5eL2n9fO0xH98o2tYpM.2s5lR7wE.2F8u7y6X1.,안태영,010-7038-5308,1985-01-11,ROLE_USER,ACTIVE,2025-08-20 00:00:00,2025-08-20 00:00:00,2026-06-22 16:13:00
2894,user_2894@test.com,$2a$10$7zB3qQzEcbB7mU5eL2n9fO0xH98o2tYpM.2s5lR7wE.2F8u7y6X1.,신주우,010-2699-9074,2002-09-02,ROLE_USER,ACTIVE,2024-03-29 00:00:00,2024-03-29 00:00:00,2026-06-23 12:11:00
2895,user_2895@test.com,$2a$10$7zB3qQzEcbB7mU5eL2n9fO0xH98o2tYpM.2s5lR7wE.2F8u7y6X1.,신은수,010-6376-7739,1975-09-28,ROLE_USER,ACTIVE,2024-08-05 00:00:00,2024-08-05 00:00:00,2026-05-29 14:42:00
2896,user_2896@test.com,$2a$10$7zB3qQzEcbB7mU5eL2n9fO0xH98o2tYpM.2s5lR7wE.2F8u7y6X1.,오태아,010-5918-1747,1976-08-21,ROLE_USER,ACTIVE,2025-03-04 00:00:00,2025-03-04 00:00:00,2026-07-01 17:29:00
2897,user_2897@test.com,$2a$10$7zB3qQzEcbB7mU5eL2n9fO0xH98o2tYpM.2s5lR7wE.2F8u7y6X1.,최현아,010-4769-5482,1992-09-13,ROLE_USER,ACTIVE,2026-04-23 00:00:00,2026-04-23 00:00:00,2026-05-24 22:30:00
2898,user_2898@test.com,$2a$10$7zB3qQzEcbB7mU5eL2n9fO0xH98o2tYpM.2s5lR7wE.2F8u7y6X1.,임도우,010-9839-6865,1993-01-02,ROLE_USER,ACTIVE,2026-03-12 00:00:00,2026-03-12 00:00:00,2026-06-20 18:03:00
2899,user_2899@test.com,$2a$10$7zB3qQzEcbB7mU5eL2n9fO0xH98o2tYpM.2s5lR7wE.2F8u7y6X1.,김주아,010-9508-6032,1997-01-07,ROLE_USER,ACTIVE,2024-06-21 00:00:00,2024-06-21 00:00:00,2026-06-28 11:48:00
2900,user_2900@test.com,$2a$10$7zB3qQzEcbB7mU5eL2n9fO0xH98o2tYpM.2s5lR7wE.2F8u7y6X1.,서서원,010-8019-6241,1984-05-17,ROLE_USER,ACTIVE,2024-07-29 00:00:00,2024-07-29 00:00:00,2026-05-28 16:32:00
2901,user_2901@test.com,$2a$10$7zB3qQzEcbB7mU5eL2n9fO0xH98o2tYpM.2s5lR7wE.2F8u7y6X1.,김시혁,010-7447-5064,1982-05-27,ROLE_USER,ACTIVE,2024-10-20 00:00:00,2024-10-20 00:00:00,2026-06-30 16:45:00
2902,user_2902@test.com,$2a$10$7zB3qQzEcbB7mU5eL2n9fO0xH98o2tYpM.2s5lR7wE.2F8u7y6X1.,김주빈,010-8710-1471,1974-04-16,ROLE_USER,ACTIVE,2024-01-13 00:00:00,2024-01-13 00:00:00,2026-06-28 11:55:00
2903,user_2903@test.com,$2a$10$7zB3qQzEcbB7mU5eL2n9fO0xH98o2tYpM.2s5lR7wE.2F8u7y6X1.,박도우,010-2837-9296,1982-01-25,ROLE_USER,ACTIVE,2025-10-21 00:00:00,2025-10-21 00:00:00,2026-06-26 10:58:00
2904,user_2904@test.com,$2a$10$7zB3qQzEcbB7mU5eL2n9fO0xH98o2tYpM.2s5lR7wE.2F8u7y6X1.,이승빈,010-3738-2324,1973-07-23,ROLE_USER,ACTIVE,2023-10-12 00:00:00,2023-10-12 00:00:00,2026-06-22 15:39:00
2905,user_2905@test.com,$2a$10$7zB3qQzEcbB7mU5eL2n9fO0xH98o2tYpM.2s5lR7wE.2F8u7y6X1.,서주준,010-6618-9149,1996-05-27,ROLE_USER,ACTIVE,2024-02-23 00:00:00,2024-02-23 00:00:00,2026-06-23 20:19:00
2906,user_2906@test.com,$2a$10$7zB3qQzEcbB7mU5eL2n9fO0xH98o2tYpM.2s5lR7wE.2F8u7y6X1.,이하준,010-1151-1596,1970-06-02,ROLE_USER,ACTIVE,2023-10-25 00:00:00,2023-10-25 00:00:00,2026-06-24 09:33:00
2907,user_2907@test.com,$2a$10$7zB3qQzEcbB7mU5eL2n9fO0xH98o2tYpM.2s5lR7wE.2F8u7y6X1.,서지준,010-2931-2992,1979-07-01,ROLE_USER,ACTIVE,2025-08-10 00:00:00,2025-08-10 00:00:00,2026-06-23 17:38:00
2908,user_2908@test.com,$2a$10$7zB3qQzEcbB7mU5eL2n9fO0xH98o2tYpM.2s5lR7wE.2F8u7y6X1.,황민율,010-1657-1887,1994-09-18,ROLE_USER,ACTIVE,2025-03-05 00:00:00,2025-03-05 00:00:00,2026-06-20 20:19:00
2909,user_2909@test.com,$2a$10$7zB3qQzEcbB7mU5eL2n9fO0xH98o2tYpM.2s5lR7wE.2F8u7y6X1.,신현율,010-5598-6720,1985-03-14,ROLE_USER,ACTIVE,2024-07-28 00:00:00,2024-07-28 00:00:00,2026-06-26 14:19:00
2910,user_2910@test.com,$2a$10$7zB3qQzEcbB7mU5eL2n9fO0xH98o2tYpM.2s5lR7wE.2F8u7y6X1.,장민율,010-8843-5809,1972-11-21,ROLE_USER,ACTIVE,2025-09-18 00:00:00,2025-09-18 00:00:00,2026-06-29 20:09:00
2911,user_2911@test.com,$2a$10$7zB3qQzEcbB7mU5eL2n9fO0xH98o2tYpM.2s5lR7wE.2F8u7y6X1.,정민아,010-2025-4730,1992-10-05,ROLE_USER,ACTIVE,2024-12-29 00:00:00,2024-12-29 00:00:00,2026-06-22 17:41:00
2912,user_2912@test.com,$2a$10$7zB3qQzEcbB7mU5eL2n9fO0xH98o2tYpM.2s5lR7wE.2F8u7y6X1.,신도아,010-5069-6630,1978-01-16,ROLE_USER,ACTIVE,2026-05-06 00:00:00,2026-05-06 00:00:00,2026-06-02 17:13:00
2913,user_2913@test.com,$2a$10$7zB3qQzEcbB7mU5eL2n9fO0xH98o2tYpM.2s5lR7wE.2F8u7y6X1.,안현율,010-8696-1655,1993-07-04,ROLE_USER,ACTIVE,2026-01-04 00:00:00,2026-01-04 00:00:00,2026-06-26 09:50:00
2914,user_2914@test.com,$2a$10$7zB3qQzEcbB7mU5eL2n9fO0xH98o2tYpM.2s5lR7wE.2F8u7y6X1.,임서아,010-7911-7941,1999-08-10,ROLE_USER,ACTIVE,2026-04-28 00:00:00,2026-04-28 00:00:00,2026-05-26 10:07:00
2915,user_2915@test.com,$2a$10$7zB3qQzEcbB7mU5eL2n9fO0xH98o2tYpM.2s5lR7wE.2F8u7y6X1.,안도아,010-9473-5410,1990-12-19,ROLE_USER,ACTIVE,2025-05-14 00:00:00,2025-05-14 00:00:00,2026-07-01 15:41:00
2916,user_2916@test.com,$2a$10$7zB3qQzEcbB7mU5eL2n9fO0xH98o2tYpM.2s5lR7wE.2F8u7y6X1.,전태인,010-7902-2603,1997-11-25,ROLE_USER,ACTIVE,2024-06-11 00:00:00,2024-06-11 00:00:00,2026-06-29 15:43:00
2917,user_2917@test.com,$2a$10$7zB3qQzEcbB7mU5eL2n9fO0xH98o2tYpM.2s5lR7wE.2F8u7y6X1.,서하우,010-5231-2917,1994-09-06,ROLE_USER,ACTIVE,2024-07-04 00:00:00,2024-07-04 00:00:00,2026-06-29 13:21:00
2918,user_2918@test.com,$2a$10$7zB3qQzEcbB7mU5eL2n9fO0xH98o2tYpM.2s5lR7wE.2F8u7y6X1.,임예수,010-1227-1197,1971-02-21,ROLE_USER,ACTIVE,2026-04-02 00:00:00,2026-04-02 00:00:00,2026-06-20 12:43:00
2919,user_2919@test.com,$2a$10$7zB3qQzEcbB7mU5eL2n9fO0xH98o2tYpM.2s5lR7wE.2F8u7y6X1.,윤주원,010-2484-2690,1976-08-07,ROLE_USER,ACTIVE,2025-12-05 00:00:00,2025-12-05 00:00:00,2026-06-23 18:10:00
2920,user_2920@test.com,$2a$10$7zB3qQzEcbB7mU5eL2n9fO0xH98o2tYpM.2s5lR7wE.2F8u7y6X1.,윤서빈,010-9451-4443,1996-12-03,ROLE_USER,ACTIVE,2023-11-30 00:00:00,2023-11-30 00:00:00,2026-06-30 17:21:00
2921,user_2921@test.com,$2a$10$7zB3qQzEcbB7mU5eL2n9fO0xH98o2tYpM.2s5lR7wE.2F8u7y6X1.,신민우,010-7998-2415,1998-01-03,ROLE_USER,ACTIVE,2025-11-09 00:00:00,2025-11-09 00:00:00,2026-06-22 18:39:00
2922,user_2922@test.com,$2a$10$7zB3qQzEcbB7mU5eL2n9fO0xH98o2tYpM.2s5lR7wE.2F8u7y6X1.,강예율,010-5089-6323,1993-10-10,ROLE_USER,ACTIVE,2025-12-02 00:00:00,2025-12-02 00:00:00,2026-06-30 20:08:00
2923,user_2923@test.com,$2a$10$7zB3qQzEcbB7mU5eL2n9fO0xH98o2tYpM.2s5lR7wE.2F8u7y6X1.,홍도아,010-1471-7358,1985-08-01,ROLE_USER,ACTIVE,2025-12-13 00:00:00,2025-12-13 00:00:00,2026-06-24 13:39:00
2924,user_2924@test.com,$2a$10$7zB3qQzEcbB7mU5eL2n9fO0xH98o2tYpM.2s5lR7wE.2F8u7y6X1.,장도준,010-9998-1197,1990-11-22,ROLE_USER,ACTIVE,2024-05-19 00:00:00,2024-05-19 00:00:00,2026-06-26 19:37:00
2925,user_2925@test.com,$2a$10$7zB3qQzEcbB7mU5eL2n9fO0xH98o2tYpM.2s5lR7wE.2F8u7y6X1.,정시아,010-9493-3295,1990-09-20,ROLE_USER,ACTIVE,2025-05-07 00:00:00,2025-05-07 00:00:00,2026-06-27 21:07:00
2926,user_2926@test.com,$2a$10$7zB3qQzEcbB7mU5eL2n9fO0xH98o2tYpM.2s5lR7wE.2F8u7y6X1.,전시율,010-7980-4097,1991-05-28,ROLE_USER,ACTIVE,2025-06-27 00:00:00,2025-06-27 00:00:00,2026-06-21 08:32:00
2927,user_2927@test.com,$2a$10$7zB3qQzEcbB7mU5eL2n9fO0xH98o2tYpM.2s5lR7wE.2F8u7y6X1.,한서빈,010-9205-4748,2000-08-05,ROLE_USER,ACTIVE,2026-04-20 00:00:00,2026-04-20 00:00:00,2026-06-29 11:35:00
2928,user_2928@test.com,$2a$10$7zB3qQzEcbB7mU5eL2n9fO0xH98o2tYpM.2s5lR7wE.2F8u7y6X1.,전서준,010-3922-7366,1991-04-10,ROLE_USER,ACTIVE,2024-07-03 00:00:00,2024-07-03 00:00:00,2026-06-24 11:38:00
2929,user_2929@test.com,$2a$10$7zB3qQzEcbB7mU5eL2n9fO0xH98o2tYpM.2s5lR7wE.2F8u7y6X1.,윤예혁,010-5227-8952,1996-05-19,ROLE_USER,ACTIVE,2024-07-17 00:00:00,2024-07-17 00:00:00,2026-06-28 08:28:00
2930,user_2930@test.com,$2a$10$7zB3qQzEcbB7mU5eL2n9fO0xH98o2tYpM.2s5lR7wE.2F8u7y6X1.,조하빈,010-3790-3552,1990-05-12,ROLE_USER,ACTIVE,2025-12-10 00:00:00,2025-12-10 00:00:00,2026-06-26 11:41:00
2931,user_2931@test.com,$2a$10$7zB3qQzEcbB7mU5eL2n9fO0xH98o2tYpM.2s5lR7wE.2F8u7y6X1.,최주준,010-9230-6253,1987-01-19,ROLE_USER,ACTIVE,2023-12-25 00:00:00,2023-12-25 00:00:00,2026-06-18 22:58:00
2932,user_2932@test.com,$2a$10$7zB3qQzEcbB7mU5eL2n9fO0xH98o2tYpM.2s5lR7wE.2F8u7y6X1.,정승수,010-9664-3455,1989-04-17,ROLE_USER,ACTIVE,2025-08-22 00:00:00,2025-08-22 00:00:00,2026-06-29 16:10:00
2933,user_2933@test.com,$2a$10$7zB3qQzEcbB7mU5eL2n9fO0xH98o2tYpM.2s5lR7wE.2F8u7y6X1.,권승빈,010-1720-8631,1992-10-17,ROLE_USER,ACTIVE,2026-01-22 00:00:00,2026-01-22 00:00:00,2026-06-26 17:35:00
2934,user_2934@test.com,$2a$10$7zB3qQzEcbB7mU5eL2n9fO0xH98o2tYpM.2s5lR7wE.2F8u7y6X1.,오서율,010-4785-2785,1974-01-27,ROLE_USER,ACTIVE,2024-04-11 00:00:00,2024-04-11 00:00:00,2026-05-23 12:27:00
2935,user_2935@test.com,$2a$10$7zB3qQzEcbB7mU5eL2n9fO0xH98o2tYpM.2s5lR7wE.2F8u7y6X1.,홍현인,010-9201-7172,1980-10-27,ROLE_USER,ACTIVE,2024-01-04 00:00:00,2024-01-04 00:00:00,2026-06-21 19:43:00
2936,user_2936@test.com,$2a$10$7zB3qQzEcbB7mU5eL2n9fO0xH98o2tYpM.2s5lR7wE.2F8u7y6X1.,황지인,010-7301-5064,1986-06-17,ROLE_USER,ACTIVE,2024-01-17 00:00:00,2024-01-17 00:00:00,2026-07-02 18:24:00
2937,user_2937@test.com,$2a$10$7zB3qQzEcbB7mU5eL2n9fO0xH98o2tYpM.2s5lR7wE.2F8u7y6X1.,안도아,010-9926-2211,2003-06-24,ROLE_USER,ACTIVE,2025-05-31 00:00:00,2025-05-31 00:00:00,2026-06-19 09:52:00
2938,user_2938@test.com,$2a$10$7zB3qQzEcbB7mU5eL2n9fO0xH98o2tYpM.2s5lR7wE.2F8u7y6X1.,오하율,010-8522-4660,1986-06-16,ROLE_USER,ACTIVE,2026-05-17 00:00:00,2026-05-17 00:00:00,2026-05-26 22:34:00
2939,user_2939@test.com,$2a$10$7zB3qQzEcbB7mU5eL2n9fO0xH98o2tYpM.2s5lR7wE.2F8u7y6X1.,오민율,010-8511-5940,2004-09-01,ROLE_USER,ACTIVE,2026-03-06 00:00:00,2026-03-06 00:00:00,2026-06-21 13:06:00
2940,user_2940@test.com,$2a$10$7zB3qQzEcbB7mU5eL2n9fO0xH98o2tYpM.2s5lR7wE.2F8u7y6X1.,권서빈,010-8201-2390,1991-03-10,ROLE_USER,ACTIVE,2026-03-17 00:00:00,2026-03-17 00:00:00,2026-06-20 20:59:00
2941,user_2941@test.com,$2a$10$7zB3qQzEcbB7mU5eL2n9fO0xH98o2tYpM.2s5lR7wE.2F8u7y6X1.,조민준,010-5020-6586,1972-01-25,ROLE_USER,ACTIVE,2024-05-31 00:00:00,2024-05-31 00:00:00,2026-06-26 18:08:00
2942,user_2942@test.com,$2a$10$7zB3qQzEcbB7mU5eL2n9fO0xH98o2tYpM.2s5lR7wE.2F8u7y6X1.,권시아,010-9682-7433,2000-06-04,ROLE_USER,ACTIVE,2025-09-19 00:00:00,2025-09-19 00:00:00,2026-07-01 11:08:00
2943,user_2943@test.com,$2a$10$7zB3qQzEcbB7mU5eL2n9fO0xH98o2tYpM.2s5lR7wE.2F8u7y6X1.,안현영,010-1612-1683,1989-09-16,ROLE_USER,ACTIVE,2024-02-02 00:00:00,2024-02-02 00:00:00,2026-07-01 22:09:00
2944,user_2944@test.com,$2a$10$7zB3qQzEcbB7mU5eL2n9fO0xH98o2tYpM.2s5lR7wE.2F8u7y6X1.,오시원,010-9918-4008,2002-05-24,ROLE_USER,ACTIVE,2023-11-05 00:00:00,2023-11-05 00:00:00,2026-06-18 20:32:00
2945,user_2945@test.com,$2a$10$7zB3qQzEcbB7mU5eL2n9fO0xH98o2tYpM.2s5lR7wE.2F8u7y6X1.,최주율,010-3744-8693,1988-07-21,ROLE_USER,ACTIVE,2025-06-01 00:00:00,2025-06-01 00:00:00,2026-06-21 08:05:00
2946,user_2946@test.com,$2a$10$7zB3qQzEcbB7mU5eL2n9fO0xH98o2tYpM.2s5lR7wE.2F8u7y6X1.,송주아,010-2856-8937,1977-04-17,ROLE_USER,ACTIVE,2026-05-15 00:00:00,2026-05-15 00:00:00,2026-06-05 18:08:00
2947,user_2947@test.com,$2a$10$7zB3qQzEcbB7mU5eL2n9fO0xH98o2tYpM.2s5lR7wE.2F8u7y6X1.,김승현,010-7224-7919,2004-04-13,ROLE_USER,ACTIVE,2024-02-07 00:00:00,2024-02-07 00:00:00,2026-06-28 21:34:00
2948,user_2948@test.com,$2a$10$7zB3qQzEcbB7mU5eL2n9fO0xH98o2tYpM.2s5lR7wE.2F8u7y6X1.,황은혁,010-4971-2425,1987-05-18,ROLE_USER,ACTIVE,2024-03-09 00:00:00,2024-03-09 00:00:00,2026-06-19 15:12:00
2949,user_2949@test.com,$2a$10$7zB3qQzEcbB7mU5eL2n9fO0xH98o2tYpM.2s5lR7wE.2F8u7y6X1.,신지혁,010-1504-8595,1978-03-01,ROLE_USER,ACTIVE,2024-11-06 00:00:00,2024-11-06 00:00:00,2026-06-24 10:56:00
2950,user_2950@test.com,$2a$10$7zB3qQzEcbB7mU5eL2n9fO0xH98o2tYpM.2s5lR7wE.2F8u7y6X1.,안시원,010-7301-4464,1988-04-11,ROLE_USER,ACTIVE,2026-01-04 00:00:00,2026-01-04 00:00:00,2026-06-20 21:50:00
2951,user_2951@test.com,$2a$10$7zB3qQzEcbB7mU5eL2n9fO0xH98o2tYpM.2s5lR7wE.2F8u7y6X1.,장태인,010-5745-3242,1978-09-16,ROLE_USER,ACTIVE,2025-10-15 00:00:00,2025-10-15 00:00:00,2026-06-28 21:03:00
2952,user_2952@test.com,$2a$10$7zB3qQzEcbB7mU5eL2n9fO0xH98o2tYpM.2s5lR7wE.2F8u7y6X1.,임민현,010-1084-6783,1991-01-06,ROLE_USER,ACTIVE,2024-09-10 00:00:00,2024-09-10 00:00:00,2026-06-23 08:35:00
2953,user_2953@test.com,$2a$10$7zB3qQzEcbB7mU5eL2n9fO0xH98o2tYpM.2s5lR7wE.2F8u7y6X1.,임예준,010-4210-8402,1983-12-28,ROLE_USER,ACTIVE,2024-04-05 00:00:00,2024-04-05 00:00:00,2026-07-01 20:14:00
2954,user_2954@test.com,$2a$10$7zB3qQzEcbB7mU5eL2n9fO0xH98o2tYpM.2s5lR7wE.2F8u7y6X1.,서은아,010-6619-3653,1970-10-06,ROLE_USER,ACTIVE,2025-12-25 00:00:00,2025-12-25 00:00:00,2026-06-25 14:04:00
2955,user_2955@test.com,$2a$10$7zB3qQzEcbB7mU5eL2n9fO0xH98o2tYpM.2s5lR7wE.2F8u7y6X1.,장서빈,010-9914-3227,1993-02-12,ROLE_USER,ACTIVE,2025-09-29 00:00:00,2025-09-29 00:00:00,2026-06-24 22:45:00
2956,user_2956@test.com,$2a$10$7zB3qQzEcbB7mU5eL2n9fO0xH98o2tYpM.2s5lR7wE.2F8u7y6X1.,이지우,010-4566-8033,2002-08-02,ROLE_USER,ACTIVE,2024-11-24 00:00:00,2024-11-24 00:00:00,2026-06-27 20:41:00
2957,user_2957@test.com,$2a$10$7zB3qQzEcbB7mU5eL2n9fO0xH98o2tYpM.2s5lR7wE.2F8u7y6X1.,전지인,010-3539-4544,1983-10-19,ROLE_USER,ACTIVE,2025-09-05 00:00:00,2025-09-05 00:00:00,2026-06-23 17:43:00
2958,user_2958@test.com,$2a$10$7zB3qQzEcbB7mU5eL2n9fO0xH98o2tYpM.2s5lR7wE.2F8u7y6X1.,임예우,010-3630-3399,1998-12-09,ROLE_USER,ACTIVE,2025-09-03 00:00:00,2025-09-03 00:00:00,2026-06-25 15:26:00
2959,user_2959@test.com,$2a$10$7zB3qQzEcbB7mU5eL2n9fO0xH98o2tYpM.2s5lR7wE.2F8u7y6X1.,송승영,010-1122-8323,1970-08-27,ROLE_USER,ACTIVE,2024-01-11 00:00:00,2024-01-11 00:00:00,2026-06-28 22:44:00
2960,user_2960@test.com,$2a$10$7zB3qQzEcbB7mU5eL2n9fO0xH98o2tYpM.2s5lR7wE.2F8u7y6X1.,정민수,010-1615-9089,1988-05-21,ROLE_USER,ACTIVE,2023-12-15 00:00:00,2023-12-15 00:00:00,2026-07-02 15:06:00
2961,user_2961@test.com,$2a$10$7zB3qQzEcbB7mU5eL2n9fO0xH98o2tYpM.2s5lR7wE.2F8u7y6X1.,홍지율,010-4845-5043,1993-11-19,ROLE_USER,ACTIVE,2024-03-05 00:00:00,2024-03-05 00:00:00,2026-06-18 09:11:00
2962,user_2962@test.com,$2a$10$7zB3qQzEcbB7mU5eL2n9fO0xH98o2tYpM.2s5lR7wE.2F8u7y6X1.,박하율,010-8042-1045,2002-06-04,ROLE_USER,ACTIVE,2026-01-12 00:00:00,2026-01-12 00:00:00,2026-06-21 13:17:00
2963,user_2963@test.com,$2a$10$7zB3qQzEcbB7mU5eL2n9fO0xH98o2tYpM.2s5lR7wE.2F8u7y6X1.,강승아,010-6790-8373,1982-02-04,ROLE_USER,ACTIVE,2025-10-01 00:00:00,2025-10-01 00:00:00,2026-06-18 12:32:00
2964,user_2964@test.com,$2a$10$7zB3qQzEcbB7mU5eL2n9fO0xH98o2tYpM.2s5lR7wE.2F8u7y6X1.,황도영,010-6332-6604,1987-07-13,ROLE_USER,ACTIVE,2025-01-15 00:00:00,2025-01-15 00:00:00,2026-06-20 08:23:00
2965,user_2965@test.com,$2a$10$7zB3qQzEcbB7mU5eL2n9fO0xH98o2tYpM.2s5lR7wE.2F8u7y6X1.,전도인,010-5169-3095,1990-11-03,ROLE_USER,ACTIVE,2024-01-11 00:00:00,2024-01-11 00:00:00,2026-06-29 13:17:00
2966,user_2966@test.com,$2a$10$7zB3qQzEcbB7mU5eL2n9fO0xH98o2tYpM.2s5lR7wE.2F8u7y6X1.,김하원,010-2030-2299,1979-11-11,ROLE_USER,ACTIVE,2024-06-16 00:00:00,2024-06-16 00:00:00,2026-07-01 13:19:00
2967,user_2967@test.com,$2a$10$7zB3qQzEcbB7mU5eL2n9fO0xH98o2tYpM.2s5lR7wE.2F8u7y6X1.,오태준,010-5852-7931,1986-08-23,ROLE_USER,ACTIVE,2025-06-14 00:00:00,2025-06-14 00:00:00,2026-06-22 22:54:00
2968,user_2968@test.com,$2a$10$7zB3qQzEcbB7mU5eL2n9fO0xH98o2tYpM.2s5lR7wE.2F8u7y6X1.,강예혁,010-3502-3468,1983-05-27,ROLE_USER,ACTIVE,2025-10-13 00:00:00,2025-10-13 00:00:00,2026-06-21 20:32:00
2969,user_2969@test.com,$2a$10$7zB3qQzEcbB7mU5eL2n9fO0xH98o2tYpM.2s5lR7wE.2F8u7y6X1.,정승준,010-3785-8863,1971-11-08,ROLE_USER,ACTIVE,2024-08-23 00:00:00,2024-08-23 00:00:00,2026-06-27 18:47:00
2970,user_2970@test.com,$2a$10$7zB3qQzEcbB7mU5eL2n9fO0xH98o2tYpM.2s5lR7wE.2F8u7y6X1.,한주현,010-7948-8366,1988-09-01,ROLE_USER,ACTIVE,2024-01-13 00:00:00,2024-01-13 00:00:00,2026-06-23 18:52:00
2971,user_2971@test.com,$2a$10$7zB3qQzEcbB7mU5eL2n9fO0xH98o2tYpM.2s5lR7wE.2F8u7y6X1.,이서빈,010-8442-7465,1983-06-06,ROLE_USER,ACTIVE,2025-12-11 00:00:00,2025-12-11 00:00:00,2026-06-30 21:05:00
2972,user_2972@test.com,$2a$10$7zB3qQzEcbB7mU5eL2n9fO0xH98o2tYpM.2s5lR7wE.2F8u7y6X1.,권승인,010-1634-3679,1973-11-20,ROLE_USER,ACTIVE,2024-09-11 00:00:00,2024-09-11 00:00:00,2026-06-29 21:33:00
2973,user_2973@test.com,$2a$10$7zB3qQzEcbB7mU5eL2n9fO0xH98o2tYpM.2s5lR7wE.2F8u7y6X1.,오현원,010-2255-6803,1997-12-27,ROLE_USER,ACTIVE,2026-03-27 00:00:00,2026-03-27 00:00:00,2026-07-02 21:54:00
2974,user_2974@test.com,$2a$10$7zB3qQzEcbB7mU5eL2n9fO0xH98o2tYpM.2s5lR7wE.2F8u7y6X1.,강서혁,010-9527-7557,1976-11-15,ROLE_USER,ACTIVE,2025-07-27 00:00:00,2025-07-27 00:00:00,2026-06-03 16:34:00
2975,user_2975@test.com,$2a$10$7zB3qQzEcbB7mU5eL2n9fO0xH98o2tYpM.2s5lR7wE.2F8u7y6X1.,오예우,010-6649-2667,1985-09-23,ROLE_USER,ACTIVE,2024-12-30 00:00:00,2024-12-30 00:00:00,2026-04-05 08:49:00
2976,user_2976@test.com,$2a$10$7zB3qQzEcbB7mU5eL2n9fO0xH98o2tYpM.2s5lR7wE.2F8u7y6X1.,신주인,010-1800-9294,1985-05-13,ROLE_USER,ACTIVE,2023-11-25 00:00:00,2023-11-25 00:00:00,2026-06-30 21:34:00
2977,user_2977@test.com,$2a$10$7zB3qQzEcbB7mU5eL2n9fO0xH98o2tYpM.2s5lR7wE.2F8u7y6X1.,김하우,010-3827-8937,1986-09-22,ROLE_USER,ACTIVE,2024-05-22 00:00:00,2024-05-22 00:00:00,2026-06-03 20:08:00
2978,user_2978@test.com,$2a$10$7zB3qQzEcbB7mU5eL2n9fO0xH98o2tYpM.2s5lR7wE.2F8u7y6X1.,이서우,010-2459-6990,1987-07-01,ROLE_USER,ACTIVE,2025-09-28 00:00:00,2025-09-28 00:00:00,2026-06-21 14:59:00
2979,user_2979@test.com,$2a$10$7zB3qQzEcbB7mU5eL2n9fO0xH98o2tYpM.2s5lR7wE.2F8u7y6X1.,박민율,010-9350-5383,1985-11-04,ROLE_USER,ACTIVE,2025-06-18 00:00:00,2025-06-18 00:00:00,2026-06-18 16:23:00
2980,user_2980@test.com,$2a$10$7zB3qQzEcbB7mU5eL2n9fO0xH98o2tYpM.2s5lR7wE.2F8u7y6X1.,조은아,010-4674-9482,1999-12-20,ROLE_USER,ACTIVE,2024-04-23 00:00:00,2024-04-23 00:00:00,2026-06-23 09:56:00
2981,user_2981@test.com,$2a$10$7zB3qQzEcbB7mU5eL2n9fO0xH98o2tYpM.2s5lR7wE.2F8u7y6X1.,임주영,010-7326-7525,1986-01-04,ROLE_USER,ACTIVE,2024-01-10 00:00:00,2024-01-10 00:00:00,2026-06-29 12:35:00
2982,user_2982@test.com,$2a$10$7zB3qQzEcbB7mU5eL2n9fO0xH98o2tYpM.2s5lR7wE.2F8u7y6X1.,한은우,010-1446-2868,1997-02-27,ROLE_USER,ACTIVE,2023-11-04 00:00:00,2023-11-04 00:00:00,2026-06-18 12:20:00
2983,user_2983@test.com,$2a$10$7zB3qQzEcbB7mU5eL2n9fO0xH98o2tYpM.2s5lR7wE.2F8u7y6X1.,최주아,010-4323-1131,1998-11-26,ROLE_USER,ACTIVE,2025-05-23 00:00:00,2025-05-23 00:00:00,2026-06-22 12:12:00
2984,user_2984@test.com,$2a$10$7zB3qQzEcbB7mU5eL2n9fO0xH98o2tYpM.2s5lR7wE.2F8u7y6X1.,안주원,010-1116-4129,1976-02-07,ROLE_USER,ACTIVE,2026-04-09 00:00:00,2026-04-09 00:00:00,2026-06-28 09:40:00
2985,user_2985@test.com,$2a$10$7zB3qQzEcbB7mU5eL2n9fO0xH98o2tYpM.2s5lR7wE.2F8u7y6X1.,황현원,010-6655-9017,1996-12-04,ROLE_USER,ACTIVE,2024-08-15 00:00:00,2024-08-15 00:00:00,2026-07-02 09:56:00
2986,user_2986@test.com,$2a$10$7zB3qQzEcbB7mU5eL2n9fO0xH98o2tYpM.2s5lR7wE.2F8u7y6X1.,최승영,010-5734-1967,2000-08-06,ROLE_USER,ACTIVE,2024-10-16 00:00:00,2024-10-16 00:00:00,2026-06-22 22:50:00
2987,user_2987@test.com,$2a$10$7zB3qQzEcbB7mU5eL2n9fO0xH98o2tYpM.2s5lR7wE.2F8u7y6X1.,전예인,010-5184-6890,1994-03-11,ROLE_USER,ACTIVE,2025-11-23 00:00:00,2025-11-23 00:00:00,2026-06-23 12:29:00
2988,user_2988@test.com,$2a$10$7zB3qQzEcbB7mU5eL2n9fO0xH98o2tYpM.2s5lR7wE.2F8u7y6X1.,김하현,010-4187-9109,2000-03-18,ROLE_USER,ACTIVE,2025-11-07 00:00:00,2025-11-07 00:00:00,2026-06-22 10:20:00
2989,user_2989@test.com,$2a$10$7zB3qQzEcbB7mU5eL2n9fO0xH98o2tYpM.2s5lR7wE.2F8u7y6X1.,서태빈,010-4293-9129,1992-07-04,ROLE_USER,ACTIVE,2025-01-14 00:00:00,2025-01-14 00:00:00,2026-06-25 18:20:00
2990,user_2990@test.com,$2a$10$7zB3qQzEcbB7mU5eL2n9fO0xH98o2tYpM.2s5lR7wE.2F8u7y6X1.,최시준,010-3770-9146,1976-05-18,ROLE_USER,ACTIVE,2024-12-17 00:00:00,2024-12-17 00:00:00,2026-06-09 08:48:00
2991,user_2991@test.com,$2a$10$7zB3qQzEcbB7mU5eL2n9fO0xH98o2tYpM.2s5lR7wE.2F8u7y6X1.,장태영,010-6774-8802,1985-07-28,ROLE_USER,ACTIVE,2024-11-19 00:00:00,2024-11-19 00:00:00,2026-06-19 14:04:00
2992,user_2992@test.com,$2a$10$7zB3qQzEcbB7mU5eL2n9fO0xH98o2tYpM.2s5lR7wE.2F8u7y6X1.,황지인,010-9174-6650,1972-06-05,ROLE_USER,ACTIVE,2026-03-10 00:00:00,2026-03-10 00:00:00,2026-06-18 12:58:00
2993,user_2993@test.com,$2a$10$7zB3qQzEcbB7mU5eL2n9fO0xH98o2tYpM.2s5lR7wE.2F8u7y6X1.,황하아,010-1917-2949,1990-05-16,ROLE_USER,ACTIVE,2023-11-13 00:00:00,2023-11-13 00:00:00,2026-06-06 13:11:00
2994,user_2994@test.com,$2a$10$7zB3qQzEcbB7mU5eL2n9fO0xH98o2tYpM.2s5lR7wE.2F8u7y6X1.,송승현,010-4537-6519,1970-08-10,ROLE_USER,ACTIVE,2024-07-30 00:00:00,2024-07-30 00:00:00,2026-06-28 16:58:00
2995,user_2995@test.com,$2a$10$7zB3qQzEcbB7mU5eL2n9fO0xH98o2tYpM.2s5lR7wE.2F8u7y6X1.,송도수,010-2837-7613,1982-10-16,ROLE_USER,ACTIVE,2025-01-08 00:00:00,2025-01-08 00:00:00,2026-06-25 22:25:00
2996,user_2996@test.com,$2a$10$7zB3qQzEcbB7mU5eL2n9fO0xH98o2tYpM.2s5lR7wE.2F8u7y6X1.,장예준,010-4709-3929,1975-05-10,ROLE_USER,ACTIVE,2025-06-12 00:00:00,2025-06-12 00:00:00,2026-06-25 19:12:00
2997,user_2997@test.com,$2a$10$7zB3qQzEcbB7mU5eL2n9fO0xH98o2tYpM.2s5lR7wE.2F8u7y6X1.,안시율,010-2846-5183,1979-05-21,ROLE_USER,ACTIVE,2024-12-07 00:00:00,2024-12-07 00:00:00,2026-06-23 21:10:00
2998,user_2998@test.com,$2a$10$7zB3qQzEcbB7mU5eL2n9fO0xH98o2tYpM.2s5lR7wE.2F8u7y6X1.,한하현,010-2685-6896,1986-03-22,ROLE_USER,ACTIVE,2024-11-25 00:00:00,2024-11-25 00:00:00,2026-06-20 20:38:00
2999,user_2999@test.com,$2a$10$7zB3qQzEcbB7mU5eL2n9fO0xH98o2tYpM.2s5lR7wE.2F8u7y6X1.,송지수,010-4555-8516,1990-05-11,ROLE_USER,ACTIVE,2025-02-09 00:00:00,2025-02-09 00:00:00,2026-07-02 19:11:00
3000,user_3000@test.com,$2a$10$7zB3qQzEcbB7mU5eL2n9fO0xH98o2tYpM.2s5lR7wE.2F8u7y6X1.,안은인,010-5371-3749,1986-02-14,ROLE_USER,ACTIVE,2025-05-26 00:00:00,2025-05-26 00:00:00,2026-06-26 12:07:00
3001,user_3001@test.com,$2a$10$7zB3qQzEcbB7mU5eL2n9fO0xH98o2tYpM.2s5lR7wE.2F8u7y6X1.,안은준,010-1187-7349,1990-01-10,ROLE_USER,ACTIVE,2025-03-18 00:00:00,2025-03-18 00:00:00,2026-06-26 08:25:00
3002,user_3002@test.com,$2a$10$7zB3qQzEcbB7mU5eL2n9fO0xH98o2tYpM.2s5lR7wE.2F8u7y6X1.,황승아,010-5391-1505,1970-09-23,ROLE_USER,ACTIVE,2024-09-14 00:00:00,2024-09-14 00:00:00,2026-06-24 16:08:00
3003,user_3003@test.com,$2a$10$7zB3qQzEcbB7mU5eL2n9fO0xH98o2tYpM.2s5lR7wE.2F8u7y6X1.,이민아,010-3993-8680,1983-04-21,ROLE_USER,ACTIVE,2025-04-29 00:00:00,2025-04-29 00:00:00,2026-06-29 11:14:00
3004,user_3004@test.com,$2a$10$7zB3qQzEcbB7mU5eL2n9fO0xH98o2tYpM.2s5lR7wE.2F8u7y6X1.,홍지원,010-9093-1404,1990-03-18,ROLE_USER,ACTIVE,2024-08-10 00:00:00,2024-08-10 00:00:00,2026-06-24 21:09:00
3005,user_3005@test.com,$2a$10$7zB3qQzEcbB7mU5eL2n9fO0xH98o2tYpM.2s5lR7wE.2F8u7y6X1.,강서빈,010-3750-6776,1995-11-16,ROLE_USER,ACTIVE,2026-05-02 00:00:00,2026-05-02 00:00:00,2026-06-21 15:57:00
3006,user_3006@test.com,$2a$10$7zB3qQzEcbB7mU5eL2n9fO0xH98o2tYpM.2s5lR7wE.2F8u7y6X1.,윤태우,010-8867-6386,1993-08-16,ROLE_USER,ACTIVE,2024-07-08 00:00:00,2024-07-08 00:00:00,2026-07-01 11:50:00
3007,user_3007@test.com,$2a$10$7zB3qQzEcbB7mU5eL2n9fO0xH98o2tYpM.2s5lR7wE.2F8u7y6X1.,송승아,010-1702-4614,1984-10-15,ROLE_USER,ACTIVE,2024-09-18 00:00:00,2024-09-18 00:00:00,2026-06-27 14:07:00
3008,user_3008@test.com,$2a$10$7zB3qQzEcbB7mU5eL2n9fO0xH98o2tYpM.2s5lR7wE.2F8u7y6X1.,신하아,010-3618-9440,1987-04-20,ROLE_USER,ACTIVE,2026-02-07 00:00:00,2026-02-07 00:00:00,2026-04-10 18:12:00
3009,user_3009@test.com,$2a$10$7zB3qQzEcbB7mU5eL2n9fO0xH98o2tYpM.2s5lR7wE.2F8u7y6X1.,전예수,010-2768-8798,1996-10-03,ROLE_USER,ACTIVE,2024-10-12 00:00:00,2024-10-12 00:00:00,2026-06-08 16:13:00
3010,user_3010@test.com,$2a$10$7zB3qQzEcbB7mU5eL2n9fO0xH98o2tYpM.2s5lR7wE.2F8u7y6X1.,김시원,010-7208-6056,1973-12-07,ROLE_USER,ACTIVE,2024-03-14 00:00:00,2024-03-14 00:00:00,2026-06-18 12:05:00
3011,user_3011@test.com,$2a$10$7zB3qQzEcbB7mU5eL2n9fO0xH98o2tYpM.2s5lR7wE.2F8u7y6X1.,황도빈,010-3436-9948,1995-09-19,ROLE_USER,ACTIVE,2025-11-08 00:00:00,2025-11-08 00:00:00,2026-06-23 15:20:00
3012,user_3012@test.com,$2a$10$7zB3qQzEcbB7mU5eL2n9fO0xH98o2tYpM.2s5lR7wE.2F8u7y6X1.,조서빈,010-4997-1297,2004-12-07,ROLE_USER,ACTIVE,2024-06-12 00:00:00,2024-06-12 00:00:00,2026-06-21 19:47:00
3013,user_3013@test.com,$2a$10$7zB3qQzEcbB7mU5eL2n9fO0xH98o2tYpM.2s5lR7wE.2F8u7y6X1.,황현아,010-3531-1104,1975-06-23,ROLE_USER,ACTIVE,2025-01-26 00:00:00,2025-01-26 00:00:00,2026-04-19 16:13:00
3014,user_3014@test.com,$2a$10$7zB3qQzEcbB7mU5eL2n9fO0xH98o2tYpM.2s5lR7wE.2F8u7y6X1.,서태아,010-3327-9247,1996-02-28,ROLE_USER,ACTIVE,2024-04-04 00:00:00,2024-04-04 00:00:00,2026-06-28 15:37:00
3015,user_3015@test.com,$2a$10$7zB3qQzEcbB7mU5eL2n9fO0xH98o2tYpM.2s5lR7wE.2F8u7y6X1.,박민현,010-9276-3109,2000-04-03,ROLE_USER,ACTIVE,2025-09-29 00:00:00,2025-09-29 00:00:00,2026-06-25 08:55:00
3016,user_3016@test.com,$2a$10$7zB3qQzEcbB7mU5eL2n9fO0xH98o2tYpM.2s5lR7wE.2F8u7y6X1.,최서인,010-5093-8029,2003-02-14,ROLE_USER,ACTIVE,2025-09-01 00:00:00,2025-09-01 00:00:00,2026-06-25 10:35:00
3017,user_3017@test.com,$2a$10$7zB3qQzEcbB7mU5eL2n9fO0xH98o2tYpM.2s5lR7wE.2F8u7y6X1.,이서원,010-9907-7677,1993-08-26,ROLE_USER,ACTIVE,2024-03-05 00:00:00,2024-03-05 00:00:00,2026-06-20 15:06:00
3018,user_3018@test.com,$2a$10$7zB3qQzEcbB7mU5eL2n9fO0xH98o2tYpM.2s5lR7wE.2F8u7y6X1.,신시인,010-1152-3713,1996-06-06,ROLE_USER,ACTIVE,2023-12-28 00:00:00,2023-12-28 00:00:00,2026-06-24 18:53:00
3019,user_3019@test.com,$2a$10$7zB3qQzEcbB7mU5eL2n9fO0xH98o2tYpM.2s5lR7wE.2F8u7y6X1.,이현아,010-8261-4427,1996-10-17,ROLE_USER,ACTIVE,2026-03-17 00:00:00,2026-03-17 00:00:00,2026-06-20 17:47:00
3020,user_3020@test.com,$2a$10$7zB3qQzEcbB7mU5eL2n9fO0xH98o2tYpM.2s5lR7wE.2F8u7y6X1.,강은준,010-2116-4331,1996-07-13,ROLE_USER,ACTIVE,2024-09-08 00:00:00,2024-09-08 00:00:00,2026-05-22 15:59:00
3021,user_3021@test.com,$2a$10$7zB3qQzEcbB7mU5eL2n9fO0xH98o2tYpM.2s5lR7wE.2F8u7y6X1.,조태현,010-2170-8240,1974-03-18,ROLE_USER,ACTIVE,2026-03-18 00:00:00,2026-03-18 00:00:00,2026-05-05 13:42:00
3022,user_3022@test.com,$2a$10$7zB3qQzEcbB7mU5eL2n9fO0xH98o2tYpM.2s5lR7wE.2F8u7y6X1.,한민아,010-9737-3865,1994-08-07,ROLE_USER,ACTIVE,2025-08-12 00:00:00,2025-08-12 00:00:00,2026-07-01 10:44:00
3023,user_3023@test.com,$2a$10$7zB3qQzEcbB7mU5eL2n9fO0xH98o2tYpM.2s5lR7wE.2F8u7y6X1.,윤민우,010-3139-5312,1987-08-22,ROLE_USER,ACTIVE,2026-03-06 00:00:00,2026-03-06 00:00:00,2026-06-06 17:43:00
3024,user_3024@test.com,$2a$10$7zB3qQzEcbB7mU5eL2n9fO0xH98o2tYpM.2s5lR7wE.2F8u7y6X1.,안지혁,010-2621-9966,1998-05-17,ROLE_USER,ACTIVE,2024-10-13 00:00:00,2024-10-13 00:00:00,2026-06-03 11:41:00
3025,user_3025@test.com,$2a$10$7zB3qQzEcbB7mU5eL2n9fO0xH98o2tYpM.2s5lR7wE.2F8u7y6X1.,정민수,010-2033-1302,1992-07-15,ROLE_USER,ACTIVE,2025-10-01 00:00:00,2025-10-01 00:00:00,2026-04-28 09:17:00
3026,user_3026@test.com,$2a$10$7zB3qQzEcbB7mU5eL2n9fO0xH98o2tYpM.2s5lR7wE.2F8u7y6X1.,장태아,010-8662-3834,2000-04-24,ROLE_USER,ACTIVE,2026-03-24 00:00:00,2026-03-24 00:00:00,2026-06-18 22:56:00
3027,user_3027@test.com,$2a$10$7zB3qQzEcbB7mU5eL2n9fO0xH98o2tYpM.2s5lR7wE.2F8u7y6X1.,오하아,010-1168-1422,1973-09-19,ROLE_USER,ACTIVE,2024-06-24 00:00:00,2024-06-24 00:00:00,2026-04-26 18:06:00
3028,user_3028@test.com,$2a$10$7zB3qQzEcbB7mU5eL2n9fO0xH98o2tYpM.2s5lR7wE.2F8u7y6X1.,임시빈,010-9267-7712,1974-08-27,ROLE_USER,ACTIVE,2024-02-13 00:00:00,2024-02-13 00:00:00,2026-06-24 10:08:00
3029,user_3029@test.com,$2a$10$7zB3qQzEcbB7mU5eL2n9fO0xH98o2tYpM.2s5lR7wE.2F8u7y6X1.,황현영,010-5500-4910,1996-09-14,ROLE_USER,ACTIVE,2025-01-07 00:00:00,2025-01-07 00:00:00,2026-06-22 18:34:00
3030,user_3030@test.com,$2a$10$7zB3qQzEcbB7mU5eL2n9fO0xH98o2tYpM.2s5lR7wE.2F8u7y6X1.,오지인,010-6862-9531,1987-02-25,ROLE_USER,ACTIVE,2026-01-17 00:00:00,2026-01-17 00:00:00,2026-06-25 20:11:00
3031,user_3031@test.com,$2a$10$7zB3qQzEcbB7mU5eL2n9fO0xH98o2tYpM.2s5lR7wE.2F8u7y6X1.,전시준,010-2148-7457,1973-03-28,ROLE_USER,ACTIVE,2026-02-12 00:00:00,2026-02-12 00:00:00,2026-06-25 19:48:00
3032,user_3032@test.com,$2a$10$7zB3qQzEcbB7mU5eL2n9fO0xH98o2tYpM.2s5lR7wE.2F8u7y6X1.,박주혁,010-9061-8225,1993-02-12,ROLE_USER,ACTIVE,2024-01-02 00:00:00,2024-01-02 00:00:00,2026-04-29 20:48:00
3033,user_3033@test.com,$2a$10$7zB3qQzEcbB7mU5eL2n9fO0xH98o2tYpM.2s5lR7wE.2F8u7y6X1.,조시영,010-7438-7859,1985-11-10,ROLE_USER,ACTIVE,2025-01-23 00:00:00,2025-01-23 00:00:00,2026-06-23 12:28:00
3034,user_3034@test.com,$2a$10$7zB3qQzEcbB7mU5eL2n9fO0xH98o2tYpM.2s5lR7wE.2F8u7y6X1.,임시영,010-6498-1127,2003-11-26,ROLE_USER,ACTIVE,2023-11-11 00:00:00,2023-11-11 00:00:00,2026-06-25 11:15:00
3035,user_3035@test.com,$2a$10$7zB3qQzEcbB7mU5eL2n9fO0xH98o2tYpM.2s5lR7wE.2F8u7y6X1.,안태준,010-2675-6255,1971-05-13,ROLE_USER,ACTIVE,2024-09-15 00:00:00,2024-09-15 00:00:00,2026-06-21 19:08:00
3036,user_3036@test.com,$2a$10$7zB3qQzEcbB7mU5eL2n9fO0xH98o2tYpM.2s5lR7wE.2F8u7y6X1.,홍승준,010-5037-1605,1995-06-02,ROLE_USER,ACTIVE,2025-10-29 00:00:00,2025-10-29 00:00:00,2026-06-21 15:52:00
3037,user_3037@test.com,$2a$10$7zB3qQzEcbB7mU5eL2n9fO0xH98o2tYpM.2s5lR7wE.2F8u7y6X1.,홍시인,010-7789-4816,2002-06-14,ROLE_USER,ACTIVE,2023-10-29 00:00:00,2023-10-29 00:00:00,2026-06-29 22:08:00
3038,user_3038@test.com,$2a$10$7zB3qQzEcbB7mU5eL2n9fO0xH98o2tYpM.2s5lR7wE.2F8u7y6X1.,한태수,010-7170-4860,1977-10-09,ROLE_USER,ACTIVE,2025-07-06 00:00:00,2025-07-06 00:00:00,2026-06-25 18:16:00
3039,user_3039@test.com,$2a$10$7zB3qQzEcbB7mU5eL2n9fO0xH98o2tYpM.2s5lR7wE.2F8u7y6X1.,황서아,010-5009-7781,1985-10-19,ROLE_USER,ACTIVE,2025-04-30 00:00:00,2025-04-30 00:00:00,2026-06-26 11:02:00
3040,user_3040@test.com,$2a$10$7zB3qQzEcbB7mU5eL2n9fO0xH98o2tYpM.2s5lR7wE.2F8u7y6X1.,권태아,010-8651-2010,1977-10-08,ROLE_USER,ACTIVE,2025-08-18 00:00:00,2025-08-18 00:00:00,2026-06-15 14:07:00
3041,user_3041@test.com,$2a$10$7zB3qQzEcbB7mU5eL2n9fO0xH98o2tYpM.2s5lR7wE.2F8u7y6X1.,송태준,010-2318-9993,2002-08-28,ROLE_USER,ACTIVE,2025-07-01 00:00:00,2025-07-01 00:00:00,2026-04-04 15:51:00
3042,user_3042@test.com,$2a$10$7zB3qQzEcbB7mU5eL2n9fO0xH98o2tYpM.2s5lR7wE.2F8u7y6X1.,전은인,010-5374-2438,1974-07-13,ROLE_USER,ACTIVE,2024-03-26 00:00:00,2024-03-26 00:00:00,2026-06-18 08:21:00
3043,user_3043@test.com,$2a$10$7zB3qQzEcbB7mU5eL2n9fO0xH98o2tYpM.2s5lR7wE.2F8u7y6X1.,강도아,010-8380-5485,1994-08-25,ROLE_USER,ACTIVE,2025-03-01 00:00:00,2025-03-01 00:00:00,2026-06-29 10:02:00
3044,user_3044@test.com,$2a$10$7zB3qQzEcbB7mU5eL2n9fO0xH98o2tYpM.2s5lR7wE.2F8u7y6X1.,강시수,010-2941-8509,1998-09-10,ROLE_USER,ACTIVE,2026-05-09 00:00:00,2026-05-09 00:00:00,2026-06-13 22:42:00
3045,user_3045@test.com,$2a$10$7zB3qQzEcbB7mU5eL2n9fO0xH98o2tYpM.2s5lR7wE.2F8u7y6X1.,한승혁,010-7857-8230,1982-08-28,ROLE_USER,ACTIVE,2023-11-12 00:00:00,2023-11-12 00:00:00,2026-06-28 19:48:00
3046,user_3046@test.com,$2a$10$7zB3qQzEcbB7mU5eL2n9fO0xH98o2tYpM.2s5lR7wE.2F8u7y6X1.,장하현,010-4787-7147,1986-04-14,ROLE_USER,ACTIVE,2024-01-01 00:00:00,2024-01-01 00:00:00,2026-06-28 09:29:00
3047,user_3047@test.com,$2a$10$7zB3qQzEcbB7mU5eL2n9fO0xH98o2tYpM.2s5lR7wE.2F8u7y6X1.,황태준,010-1975-3548,1970-09-17,ROLE_USER,ACTIVE,2025-05-22 00:00:00,2025-05-22 00:00:00,2026-06-30 13:06:00
3048,user_3048@test.com,$2a$10$7zB3qQzEcbB7mU5eL2n9fO0xH98o2tYpM.2s5lR7wE.2F8u7y6X1.,서민아,010-6338-5093,1980-09-04,ROLE_USER,ACTIVE,2023-10-13 00:00:00,2023-10-13 00:00:00,2026-06-18 11:16:00
3049,user_3049@test.com,$2a$10$7zB3qQzEcbB7mU5eL2n9fO0xH98o2tYpM.2s5lR7wE.2F8u7y6X1.,강지준,010-2204-4667,1974-02-01,ROLE_USER,ACTIVE,2024-10-31 00:00:00,2024-10-31 00:00:00,2026-06-24 17:08:00
3050,user_3050@test.com,$2a$10$7zB3qQzEcbB7mU5eL2n9fO0xH98o2tYpM.2s5lR7wE.2F8u7y6X1.,전지아,010-9643-4096,1996-01-21,ROLE_USER,ACTIVE,2025-06-01 00:00:00,2025-06-01 00:00:00,2026-04-28 15:00:00
3051,user_3051@test.com,$2a$10$7zB3qQzEcbB7mU5eL2n9fO0xH98o2tYpM.2s5lR7wE.2F8u7y6X1.,윤현아,010-4207-4634,2001-03-14,ROLE_USER,ACTIVE,2026-01-30 00:00:00,2026-01-30 00:00:00,2026-06-20 18:57:00
3052,user_3052@test.com,$2a$10$7zB3qQzEcbB7mU5eL2n9fO0xH98o2tYpM.2s5lR7wE.2F8u7y6X1.,조지빈,010-6288-3670,1970-03-26,ROLE_USER,ACTIVE,2025-03-31 00:00:00,2025-03-31 00:00:00,2026-06-30 09:09:00
3053,user_3053@test.com,$2a$10$7zB3qQzEcbB7mU5eL2n9fO0xH98o2tYpM.2s5lR7wE.2F8u7y6X1.,정지혁,010-2537-8917,1970-01-13,ROLE_USER,ACTIVE,2026-04-27 00:00:00,2026-04-27 00:00:00,2026-06-24 12:47:00
3054,user_3054@test.com,$2a$10$7zB3qQzEcbB7mU5eL2n9fO0xH98o2tYpM.2s5lR7wE.2F8u7y6X1.,서도현,010-9389-9253,1995-01-01,ROLE_USER,ACTIVE,2026-04-26 00:00:00,2026-04-26 00:00:00,2026-06-26 19:10:00
3055,user_3055@test.com,$2a$10$7zB3qQzEcbB7mU5eL2n9fO0xH98o2tYpM.2s5lR7wE.2F8u7y6X1.,홍민아,010-3778-1255,1999-12-14,ROLE_USER,ACTIVE,2024-03-20 00:00:00,2024-03-20 00:00:00,2026-06-22 21:47:00
3056,user_3056@test.com,$2a$10$7zB3qQzEcbB7mU5eL2n9fO0xH98o2tYpM.2s5lR7wE.2F8u7y6X1.,홍은준,010-5395-6165,1999-07-19,ROLE_USER,ACTIVE,2025-12-22 00:00:00,2025-12-22 00:00:00,2026-06-19 08:43:00
3057,user_3057@test.com,$2a$10$7zB3qQzEcbB7mU5eL2n9fO0xH98o2tYpM.2s5lR7wE.2F8u7y6X1.,강승율,010-3169-8490,1981-01-27,ROLE_USER,ACTIVE,2025-05-21 00:00:00,2025-05-21 00:00:00,2026-06-24 16:10:00
3058,user_3058@test.com,$2a$10$7zB3qQzEcbB7mU5eL2n9fO0xH98o2tYpM.2s5lR7wE.2F8u7y6X1.,한현현,010-9615-4100,2001-03-28,ROLE_USER,ACTIVE,2024-06-17 00:00:00,2024-06-17 00:00:00,2026-06-19 19:57:00
3059,user_3059@test.com,$2a$10$7zB3qQzEcbB7mU5eL2n9fO0xH98o2tYpM.2s5lR7wE.2F8u7y6X1.,권도준,010-2230-4054,1988-06-08,ROLE_USER,ACTIVE,2025-06-18 00:00:00,2025-06-18 00:00:00,2026-06-21 14:34:00
3060,user_3060@test.com,$2a$10$7zB3qQzEcbB7mU5eL2n9fO0xH98o2tYpM.2s5lR7wE.2F8u7y6X1.,신도인,010-3336-1154,1972-09-12,ROLE_USER,ACTIVE,2023-10-16 00:00:00,2023-10-16 00:00:00,2026-06-26 14:50:00
3061,user_3061@test.com,$2a$10$7zB3qQzEcbB7mU5eL2n9fO0xH98o2tYpM.2s5lR7wE.2F8u7y6X1.,장하인,010-9712-3897,1984-02-05,ROLE_USER,ACTIVE,2026-03-25 00:00:00,2026-03-25 00:00:00,2026-06-28 15:38:00
3062,user_3062@test.com,$2a$10$7zB3qQzEcbB7mU5eL2n9fO0xH98o2tYpM.2s5lR7wE.2F8u7y6X1.,임예수,010-4897-5317,1994-11-11,ROLE_USER,ACTIVE,2024-02-16 00:00:00,2024-02-16 00:00:00,2026-06-23 18:35:00
3063,user_3063@test.com,$2a$10$7zB3qQzEcbB7mU5eL2n9fO0xH98o2tYpM.2s5lR7wE.2F8u7y6X1.,조지인,010-8143-7244,1991-05-04,ROLE_USER,ACTIVE,2024-08-18 00:00:00,2024-08-18 00:00:00,2026-07-02 22:58:00
3064,user_3064@test.com,$2a$10$7zB3qQzEcbB7mU5eL2n9fO0xH98o2tYpM.2s5lR7wE.2F8u7y6X1.,오지인,010-1526-2107,1996-03-27,ROLE_USER,ACTIVE,2024-03-30 00:00:00,2024-03-30 00:00:00,2026-06-08 17:42:00
3065,user_3065@test.com,$2a$10$7zB3qQzEcbB7mU5eL2n9fO0xH98o2tYpM.2s5lR7wE.2F8u7y6X1.,조태아,010-5289-5901,1983-11-24,ROLE_USER,ACTIVE,2024-11-02 00:00:00,2024-11-02 00:00:00,2026-06-25 13:09:00
3066,user_3066@test.com,$2a$10$7zB3qQzEcbB7mU5eL2n9fO0xH98o2tYpM.2s5lR7wE.2F8u7y6X1.,정도아,010-1972-6802,1970-05-12,ROLE_USER,ACTIVE,2024-08-12 00:00:00,2024-08-12 00:00:00,2026-06-28 10:26:00
3067,user_3067@test.com,$2a$10$7zB3qQzEcbB7mU5eL2n9fO0xH98o2tYpM.2s5lR7wE.2F8u7y6X1.,안은준,010-8398-7203,2001-04-17,ROLE_USER,ACTIVE,2025-10-04 00:00:00,2025-10-04 00:00:00,2026-07-02 19:07:00
3068,user_3068@test.com,$2a$10$7zB3qQzEcbB7mU5eL2n9fO0xH98o2tYpM.2s5lR7wE.2F8u7y6X1.,송주율,010-7287-4743,1977-11-23,ROLE_USER,ACTIVE,2026-04-04 00:00:00,2026-04-04 00:00:00,2026-06-21 18:50:00
3069,user_3069@test.com,$2a$10$7zB3qQzEcbB7mU5eL2n9fO0xH98o2tYpM.2s5lR7wE.2F8u7y6X1.,이민아,010-3253-1143,1991-05-23,ROLE_USER,ACTIVE,2024-10-23 00:00:00,2024-10-23 00:00:00,2026-04-13 19:10:00
3070,user_3070@test.com,$2a$10$7zB3qQzEcbB7mU5eL2n9fO0xH98o2tYpM.2s5lR7wE.2F8u7y6X1.,송승현,010-6894-2680,1997-08-18,ROLE_USER,ACTIVE,2024-10-27 00:00:00,2024-10-27 00:00:00,2026-06-22 10:30:00
3071,user_3071@test.com,$2a$10$7zB3qQzEcbB7mU5eL2n9fO0xH98o2tYpM.2s5lR7wE.2F8u7y6X1.,김태아,010-8912-4122,1970-06-16,ROLE_USER,ACTIVE,2025-06-04 00:00:00,2025-06-04 00:00:00,2026-06-26 18:01:00
3072,user_3072@test.com,$2a$10$7zB3qQzEcbB7mU5eL2n9fO0xH98o2tYpM.2s5lR7wE.2F8u7y6X1.,강민준,010-1138-1618,1984-09-28,ROLE_USER,ACTIVE,2026-02-20 00:00:00,2026-02-20 00:00:00,2026-06-27 11:37:00
3073,user_3073@test.com,$2a$10$7zB3qQzEcbB7mU5eL2n9fO0xH98o2tYpM.2s5lR7wE.2F8u7y6X1.,송민준,010-3841-3757,1975-02-02,ROLE_USER,ACTIVE,2023-10-27 00:00:00,2023-10-27 00:00:00,2026-06-28 09:49:00
3074,user_3074@test.com,$2a$10$7zB3qQzEcbB7mU5eL2n9fO0xH98o2tYpM.2s5lR7wE.2F8u7y6X1.,안주빈,010-2721-6476,1982-09-27,ROLE_USER,ACTIVE,2023-11-03 00:00:00,2023-11-03 00:00:00,2026-06-27 09:57:00
3075,user_3075@test.com,$2a$10$7zB3qQzEcbB7mU5eL2n9fO0xH98o2tYpM.2s5lR7wE.2F8u7y6X1.,전지영,010-7012-5676,1976-08-17,ROLE_USER,ACTIVE,2026-01-06 00:00:00,2026-01-06 00:00:00,2026-06-28 08:51:00
3076,user_3076@test.com,$2a$10$7zB3qQzEcbB7mU5eL2n9fO0xH98o2tYpM.2s5lR7wE.2F8u7y6X1.,임지현,010-6817-7006,1995-03-24,ROLE_USER,ACTIVE,2024-08-02 00:00:00,2024-08-02 00:00:00,2026-06-12 13:58:00
3077,user_3077@test.com,$2a$10$7zB3qQzEcbB7mU5eL2n9fO0xH98o2tYpM.2s5lR7wE.2F8u7y6X1.,전주현,010-2462-6199,2002-08-02,ROLE_USER,ACTIVE,2024-11-07 00:00:00,2024-11-07 00:00:00,2026-06-22 18:19:00
3078,user_3078@test.com,$2a$10$7zB3qQzEcbB7mU5eL2n9fO0xH98o2tYpM.2s5lR7wE.2F8u7y6X1.,이예빈,010-4264-3264,1981-12-24,ROLE_USER,ACTIVE,2024-08-17 00:00:00,2024-08-17 00:00:00,2026-06-22 19:33:00
3079,user_3079@test.com,$2a$10$7zB3qQzEcbB7mU5eL2n9fO0xH98o2tYpM.2s5lR7wE.2F8u7y6X1.,오하수,010-6396-6112,2000-02-23,ROLE_USER,ACTIVE,2025-06-10 00:00:00,2025-06-10 00:00:00,2026-06-30 12:50:00
3080,user_3080@test.com,$2a$10$7zB3qQzEcbB7mU5eL2n9fO0xH98o2tYpM.2s5lR7wE.2F8u7y6X1.,장지혁,010-7420-7635,1995-04-06,ROLE_USER,ACTIVE,2024-08-04 00:00:00,2024-08-04 00:00:00,2026-06-18 08:19:00
3081,user_3081@test.com,$2a$10$7zB3qQzEcbB7mU5eL2n9fO0xH98o2tYpM.2s5lR7wE.2F8u7y6X1.,안도아,010-4010-1388,1981-10-09,ROLE_USER,ACTIVE,2025-10-22 00:00:00,2025-10-22 00:00:00,2026-06-19 21:39:00
3082,user_3082@test.com,$2a$10$7zB3qQzEcbB7mU5eL2n9fO0xH98o2tYpM.2s5lR7wE.2F8u7y6X1.,임현우,010-1651-2107,1970-02-24,ROLE_USER,ACTIVE,2024-04-08 00:00:00,2024-04-08 00:00:00,2026-06-16 14:41:00
3083,user_3083@test.com,$2a$10$7zB3qQzEcbB7mU5eL2n9fO0xH98o2tYpM.2s5lR7wE.2F8u7y6X1.,신주아,010-1736-5168,1998-12-01,ROLE_USER,ACTIVE,2025-07-11 00:00:00,2025-07-11 00:00:00,2026-06-22 19:15:00
3084,user_3084@test.com,$2a$10$7zB3qQzEcbB7mU5eL2n9fO0xH98o2tYpM.2s5lR7wE.2F8u7y6X1.,홍현원,010-1512-9249,1980-05-04,ROLE_USER,ACTIVE,2023-10-24 00:00:00,2023-10-24 00:00:00,2026-07-02 19:51:00
3085,user_3085@test.com,$2a$10$7zB3qQzEcbB7mU5eL2n9fO0xH98o2tYpM.2s5lR7wE.2F8u7y6X1.,강현인,010-6733-9189,1993-05-27,ROLE_USER,ACTIVE,2025-07-18 00:00:00,2025-07-18 00:00:00,2026-06-18 12:04:00
3086,user_3086@test.com,$2a$10$7zB3qQzEcbB7mU5eL2n9fO0xH98o2tYpM.2s5lR7wE.2F8u7y6X1.,최현혁,010-3898-9883,1977-09-25,ROLE_USER,ACTIVE,2023-10-21 00:00:00,2023-10-21 00:00:00,2026-06-30 18:32:00
3087,user_3087@test.com,$2a$10$7zB3qQzEcbB7mU5eL2n9fO0xH98o2tYpM.2s5lR7wE.2F8u7y6X1.,장주율,010-4948-1152,1993-02-22,ROLE_USER,ACTIVE,2026-01-07 00:00:00,2026-01-07 00:00:00,2026-06-29 13:14:00
3088,user_3088@test.com,$2a$10$7zB3qQzEcbB7mU5eL2n9fO0xH98o2tYpM.2s5lR7wE.2F8u7y6X1.,한주아,010-8913-7338,1976-12-12,ROLE_USER,ACTIVE,2025-04-23 00:00:00,2025-04-23 00:00:00,2026-06-25 16:19:00
3089,user_3089@test.com,$2a$10$7zB3qQzEcbB7mU5eL2n9fO0xH98o2tYpM.2s5lR7wE.2F8u7y6X1.,최승아,010-4066-7355,1976-09-25,ROLE_USER,ACTIVE,2025-02-20 00:00:00,2025-02-20 00:00:00,2026-06-24 09:51:00
3090,user_3090@test.com,$2a$10$7zB3qQzEcbB7mU5eL2n9fO0xH98o2tYpM.2s5lR7wE.2F8u7y6X1.,장현아,010-5783-2941,1982-07-05,ROLE_USER,ACTIVE,2025-11-30 00:00:00,2025-11-30 00:00:00,2026-07-02 17:05:00
3091,user_3091@test.com,$2a$10$7zB3qQzEcbB7mU5eL2n9fO0xH98o2tYpM.2s5lR7wE.2F8u7y6X1.,전예현,010-4752-3488,1982-12-25,ROLE_USER,ACTIVE,2026-03-24 00:00:00,2026-03-24 00:00:00,2026-07-01 17:23:00
3092,user_3092@test.com,$2a$10$7zB3qQzEcbB7mU5eL2n9fO0xH98o2tYpM.2s5lR7wE.2F8u7y6X1.,김예율,010-6240-5391,1987-12-24,ROLE_USER,ACTIVE,2024-10-22 00:00:00,2024-10-22 00:00:00,2026-06-23 20:40:00
3093,user_3093@test.com,$2a$10$7zB3qQzEcbB7mU5eL2n9fO0xH98o2tYpM.2s5lR7wE.2F8u7y6X1.,박하아,010-8267-1339,1985-11-05,ROLE_USER,ACTIVE,2024-01-10 00:00:00,2024-01-10 00:00:00,2026-06-29 08:55:00
3094,user_3094@test.com,$2a$10$7zB3qQzEcbB7mU5eL2n9fO0xH98o2tYpM.2s5lR7wE.2F8u7y6X1.,정승빈,010-7907-2552,1995-12-28,ROLE_USER,ACTIVE,2025-03-21 00:00:00,2025-03-21 00:00:00,2026-06-05 21:02:00
3095,user_3095@test.com,$2a$10$7zB3qQzEcbB7mU5eL2n9fO0xH98o2tYpM.2s5lR7wE.2F8u7y6X1.,황승준,010-9000-9075,1989-05-28,ROLE_USER,ACTIVE,2025-09-23 00:00:00,2025-09-23 00:00:00,2026-06-21 17:32:00
3096,user_3096@test.com,$2a$10$7zB3qQzEcbB7mU5eL2n9fO0xH98o2tYpM.2s5lR7wE.2F8u7y6X1.,강하영,010-9164-5775,2003-10-13,ROLE_USER,ACTIVE,2025-06-09 00:00:00,2025-06-09 00:00:00,2026-06-19 11:14:00
3097,user_3097@test.com,$2a$10$7zB3qQzEcbB7mU5eL2n9fO0xH98o2tYpM.2s5lR7wE.2F8u7y6X1.,정예빈,010-9384-1957,2003-06-27,ROLE_USER,ACTIVE,2024-02-05 00:00:00,2024-02-05 00:00:00,2026-06-28 12:36:00
3098,user_3098@test.com,$2a$10$7zB3qQzEcbB7mU5eL2n9fO0xH98o2tYpM.2s5lR7wE.2F8u7y6X1.,오지원,010-6271-1480,1995-12-06,ROLE_USER,ACTIVE,2024-03-06 00:00:00,2024-03-06 00:00:00,2026-06-26 21:15:00
3099,user_3099@test.com,$2a$10$7zB3qQzEcbB7mU5eL2n9fO0xH98o2tYpM.2s5lR7wE.2F8u7y6X1.,홍태원,010-4527-2061,1977-06-08,ROLE_USER,ACTIVE,2024-05-09 00:00:00,2024-05-09 00:00:00,2026-06-19 19:12:00
3100,user_3100@test.com,$2a$10$7zB3qQzEcbB7mU5eL2n9fO0xH98o2tYpM.2s5lR7wE.2F8u7y6X1.,정서혁,010-9295-6471,1983-06-28,ROLE_USER,ACTIVE,2026-04-07 00:00:00,2026-04-07 00:00:00,2026-06-19 18:30:00
3101,user_3101@test.com,$2a$10$7zB3qQzEcbB7mU5eL2n9fO0xH98o2tYpM.2s5lR7wE.2F8u7y6X1.,윤서현,010-4037-7727,1974-08-09,ROLE_USER,ACTIVE,2024-04-01 00:00:00,2024-04-01 00:00:00,2026-06-20 10:05:00
3102,user_3102@test.com,$2a$10$7zB3qQzEcbB7mU5eL2n9fO0xH98o2tYpM.2s5lR7wE.2F8u7y6X1.,최도원,010-8403-3964,1998-12-08,ROLE_USER,ACTIVE,2023-12-08 00:00:00,2023-12-08 00:00:00,2026-06-12 14:41:00
3103,user_3103@test.com,$2a$10$7zB3qQzEcbB7mU5eL2n9fO0xH98o2tYpM.2s5lR7wE.2F8u7y6X1.,안시영,010-7434-1050,1989-03-11,ROLE_USER,ACTIVE,2025-07-20 00:00:00,2025-07-20 00:00:00,2026-06-26 21:07:00
3104,user_3104@test.com,$2a$10$7zB3qQzEcbB7mU5eL2n9fO0xH98o2tYpM.2s5lR7wE.2F8u7y6X1.,최서영,010-1008-9821,1986-07-23,ROLE_USER,ACTIVE,2025-08-23 00:00:00,2025-08-23 00:00:00,2026-06-29 09:52:00
3105,user_3105@test.com,$2a$10$7zB3qQzEcbB7mU5eL2n9fO0xH98o2tYpM.2s5lR7wE.2F8u7y6X1.,한지원,010-5985-9940,2001-05-22,ROLE_USER,ACTIVE,2026-04-24 00:00:00,2026-04-24 00:00:00,2026-06-20 22:25:00
3106,user_3106@test.com,$2a$10$7zB3qQzEcbB7mU5eL2n9fO0xH98o2tYpM.2s5lR7wE.2F8u7y6X1.,오예우,010-2513-1802,1991-01-17,ROLE_USER,ACTIVE,2025-08-21 00:00:00,2025-08-21 00:00:00,2026-06-04 21:40:00
3107,user_3107@test.com,$2a$10$7zB3qQzEcbB7mU5eL2n9fO0xH98o2tYpM.2s5lR7wE.2F8u7y6X1.,조민영,010-2899-6680,2004-01-28,ROLE_USER,ACTIVE,2024-10-26 00:00:00,2024-10-26 00:00:00,2026-06-21 12:30:00
3108,user_3108@test.com,$2a$10$7zB3qQzEcbB7mU5eL2n9fO0xH98o2tYpM.2s5lR7wE.2F8u7y6X1.,송주준,010-5060-8562,1973-06-15,ROLE_USER,ACTIVE,2026-04-28 00:00:00,2026-04-28 00:00:00,2026-06-19 09:13:00
3109,user_3109@test.com,$2a$10$7zB3qQzEcbB7mU5eL2n9fO0xH98o2tYpM.2s5lR7wE.2F8u7y6X1.,전도아,010-3190-8470,1977-02-25,ROLE_USER,ACTIVE,2024-05-24 00:00:00,2024-05-24 00:00:00,2026-06-30 09:02:00
3110,user_3110@test.com,$2a$10$7zB3qQzEcbB7mU5eL2n9fO0xH98o2tYpM.2s5lR7wE.2F8u7y6X1.,서승준,010-8112-4437,1982-07-27,ROLE_USER,ACTIVE,2026-05-09 00:00:00,2026-05-09 00:00:00,2026-05-07 10:35:00
3111,user_3111@test.com,$2a$10$7zB3qQzEcbB7mU5eL2n9fO0xH98o2tYpM.2s5lR7wE.2F8u7y6X1.,송서원,010-5471-6515,2000-10-17,ROLE_USER,ACTIVE,2023-12-24 00:00:00,2023-12-24 00:00:00,2026-06-22 14:47:00
3112,user_3112@test.com,$2a$10$7zB3qQzEcbB7mU5eL2n9fO0xH98o2tYpM.2s5lR7wE.2F8u7y6X1.,한예아,010-2762-6412,1995-10-21,ROLE_USER,ACTIVE,2025-08-15 00:00:00,2025-08-15 00:00:00,2026-06-25 10:48:00
3113,user_3113@test.com,$2a$10$7zB3qQzEcbB7mU5eL2n9fO0xH98o2tYpM.2s5lR7wE.2F8u7y6X1.,한시준,010-1501-2666,1981-08-23,ROLE_USER,ACTIVE,2024-05-05 00:00:00,2024-05-05 00:00:00,2026-06-26 14:51:00
3114,user_3114@test.com,$2a$10$7zB3qQzEcbB7mU5eL2n9fO0xH98o2tYpM.2s5lR7wE.2F8u7y6X1.,서도혁,010-4627-2081,1976-06-07,ROLE_USER,ACTIVE,2025-05-28 00:00:00,2025-05-28 00:00:00,2026-06-27 14:10:00
3115,user_3115@test.com,$2a$10$7zB3qQzEcbB7mU5eL2n9fO0xH98o2tYpM.2s5lR7wE.2F8u7y6X1.,윤민준,010-6045-6748,1970-01-27,ROLE_USER,ACTIVE,2025-06-28 00:00:00,2025-06-28 00:00:00,2026-05-04 20:41:00
3116,user_3116@test.com,$2a$10$7zB3qQzEcbB7mU5eL2n9fO0xH98o2tYpM.2s5lR7wE.2F8u7y6X1.,강현원,010-1054-7205,1972-09-25,ROLE_USER,ACTIVE,2026-01-08 00:00:00,2026-01-08 00:00:00,2026-06-21 16:34:00
3117,user_3117@test.com,$2a$10$7zB3qQzEcbB7mU5eL2n9fO0xH98o2tYpM.2s5lR7wE.2F8u7y6X1.,윤서우,010-5742-7650,2002-11-18,ROLE_USER,ACTIVE,2026-01-19 00:00:00,2026-01-19 00:00:00,2026-06-28 11:44:00
3118,user_3118@test.com,$2a$10$7zB3qQzEcbB7mU5eL2n9fO0xH98o2tYpM.2s5lR7wE.2F8u7y6X1.,송도혁,010-5494-2079,1996-08-14,ROLE_USER,ACTIVE,2026-04-11 00:00:00,2026-04-11 00:00:00,2026-06-20 18:49:00
3119,user_3119@test.com,$2a$10$7zB3qQzEcbB7mU5eL2n9fO0xH98o2tYpM.2s5lR7wE.2F8u7y6X1.,박주준,010-7260-3421,1977-10-26,ROLE_USER,ACTIVE,2025-11-05 00:00:00,2025-11-05 00:00:00,2026-06-21 21:09:00
3120,user_3120@test.com,$2a$10$7zB3qQzEcbB7mU5eL2n9fO0xH98o2tYpM.2s5lR7wE.2F8u7y6X1.,전도아,010-7761-1062,1977-08-18,ROLE_USER,ACTIVE,2023-12-20 00:00:00,2023-12-20 00:00:00,2026-06-08 11:09:00
3121,user_3121@test.com,$2a$10$7zB3qQzEcbB7mU5eL2n9fO0xH98o2tYpM.2s5lR7wE.2F8u7y6X1.,전민아,010-2857-6479,1970-12-07,ROLE_USER,ACTIVE,2024-07-25 00:00:00,2024-07-25 00:00:00,2026-06-22 12:08:00
3122,user_3122@test.com,$2a$10$7zB3qQzEcbB7mU5eL2n9fO0xH98o2tYpM.2s5lR7wE.2F8u7y6X1.,안현현,010-2665-2805,1989-12-05,ROLE_USER,ACTIVE,2026-05-13 00:00:00,2026-05-13 00:00:00,2026-05-15 10:07:00
3123,user_3123@test.com,$2a$10$7zB3qQzEcbB7mU5eL2n9fO0xH98o2tYpM.2s5lR7wE.2F8u7y6X1.,김서아,010-5276-5598,1991-10-16,ROLE_USER,ACTIVE,2023-10-18 00:00:00,2023-10-18 00:00:00,2026-06-28 22:09:00
3124,user_3124@test.com,$2a$10$7zB3qQzEcbB7mU5eL2n9fO0xH98o2tYpM.2s5lR7wE.2F8u7y6X1.,정예영,010-9027-4854,1982-07-01,ROLE_USER,ACTIVE,2023-11-22 00:00:00,2023-11-22 00:00:00,2026-06-20 22:11:00
3125,user_3125@test.com,$2a$10$7zB3qQzEcbB7mU5eL2n9fO0xH98o2tYpM.2s5lR7wE.2F8u7y6X1.,권서아,010-5088-4058,1980-10-04,ROLE_USER,ACTIVE,2024-09-16 00:00:00,2024-09-16 00:00:00,2026-06-27 08:56:00
3126,user_3126@test.com,$2a$10$7zB3qQzEcbB7mU5eL2n9fO0xH98o2tYpM.2s5lR7wE.2F8u7y6X1.,김은인,010-5581-4756,1990-06-10,ROLE_USER,ACTIVE,2024-08-22 00:00:00,2024-08-22 00:00:00,2026-06-23 22:24:00
3127,user_3127@test.com,$2a$10$7zB3qQzEcbB7mU5eL2n9fO0xH98o2tYpM.2s5lR7wE.2F8u7y6X1.,송승현,010-2729-5581,2002-11-25,ROLE_USER,ACTIVE,2025-03-08 00:00:00,2025-03-08 00:00:00,2026-06-20 16:03:00
3128,user_3128@test.com,$2a$10$7zB3qQzEcbB7mU5eL2n9fO0xH98o2tYpM.2s5lR7wE.2F8u7y6X1.,신예영,010-4260-1323,1971-07-26,ROLE_USER,ACTIVE,2024-11-09 00:00:00,2024-11-09 00:00:00,2026-06-26 19:01:00
3129,user_3129@test.com,$2a$10$7zB3qQzEcbB7mU5eL2n9fO0xH98o2tYpM.2s5lR7wE.2F8u7y6X1.,황예아,010-6428-7802,1972-04-17,ROLE_USER,ACTIVE,2024-01-25 00:00:00,2024-01-25 00:00:00,2026-06-25 20:56:00
3130,user_3130@test.com,$2a$10$7zB3qQzEcbB7mU5eL2n9fO0xH98o2tYpM.2s5lR7wE.2F8u7y6X1.,장지빈,010-3139-4785,1994-02-08,ROLE_USER,ACTIVE,2025-10-30 00:00:00,2025-10-30 00:00:00,2026-06-23 11:17:00
3131,user_3131@test.com,$2a$10$7zB3qQzEcbB7mU5eL2n9fO0xH98o2tYpM.2s5lR7wE.2F8u7y6X1.,장주우,010-6045-3819,1985-01-23,ROLE_USER,ACTIVE,2026-02-06 00:00:00,2026-02-06 00:00:00,2026-06-21 15:08:00
3132,user_3132@test.com,$2a$10$7zB3qQzEcbB7mU5eL2n9fO0xH98o2tYpM.2s5lR7wE.2F8u7y6X1.,조은원,010-5671-2603,1970-06-03,ROLE_USER,ACTIVE,2025-05-17 00:00:00,2025-05-17 00:00:00,2026-04-06 12:36:00
3133,user_3133@test.com,$2a$10$7zB3qQzEcbB7mU5eL2n9fO0xH98o2tYpM.2s5lR7wE.2F8u7y6X1.,박서아,010-9651-5184,1997-02-21,ROLE_USER,ACTIVE,2023-11-30 00:00:00,2023-11-30 00:00:00,2026-07-01 10:20:00
3134,user_3134@test.com,$2a$10$7zB3qQzEcbB7mU5eL2n9fO0xH98o2tYpM.2s5lR7wE.2F8u7y6X1.,홍승아,010-4955-3204,1996-11-03,ROLE_USER,ACTIVE,2025-10-27 00:00:00,2025-10-27 00:00:00,2026-06-28 18:25:00
3135,user_3135@test.com,$2a$10$7zB3qQzEcbB7mU5eL2n9fO0xH98o2tYpM.2s5lR7wE.2F8u7y6X1.,오서인,010-8665-8813,2004-07-05,ROLE_USER,ACTIVE,2024-11-23 00:00:00,2024-11-23 00:00:00,2026-06-23 10:30:00
3136,user_3136@test.com,$2a$10$7zB3qQzEcbB7mU5eL2n9fO0xH98o2tYpM.2s5lR7wE.2F8u7y6X1.,오은준,010-9404-5617,1970-06-12,ROLE_USER,ACTIVE,2025-01-12 00:00:00,2025-01-12 00:00:00,2026-06-24 18:33:00
3137,user_3137@test.com,$2a$10$7zB3qQzEcbB7mU5eL2n9fO0xH98o2tYpM.2s5lR7wE.2F8u7y6X1.,장도영,010-5368-4528,1976-01-07,ROLE_USER,ACTIVE,2026-02-16 00:00:00,2026-02-16 00:00:00,2026-06-21 08:58:00
3138,user_3138@test.com,$2a$10$7zB3qQzEcbB7mU5eL2n9fO0xH98o2tYpM.2s5lR7wE.2F8u7y6X1.,강민현,010-8772-7644,1988-10-17,ROLE_USER,ACTIVE,2025-06-29 00:00:00,2025-06-29 00:00:00,2026-06-27 16:04:00
3139,user_3139@test.com,$2a$10$7zB3qQzEcbB7mU5eL2n9fO0xH98o2tYpM.2s5lR7wE.2F8u7y6X1.,안태현,010-1005-2110,1999-09-17,ROLE_USER,ACTIVE,2025-05-09 00:00:00,2025-05-09 00:00:00,2026-06-20 18:11:00
3140,user_3140@test.com,$2a$10$7zB3qQzEcbB7mU5eL2n9fO0xH98o2tYpM.2s5lR7wE.2F8u7y6X1.,오서현,010-1834-7876,1995-10-19,ROLE_USER,ACTIVE,2024-06-28 00:00:00,2024-06-28 00:00:00,2026-06-25 10:38:00
3141,user_3141@test.com,$2a$10$7zB3qQzEcbB7mU5eL2n9fO0xH98o2tYpM.2s5lR7wE.2F8u7y6X1.,김예아,010-1360-4292,1989-05-05,ROLE_USER,ACTIVE,2025-07-27 00:00:00,2025-07-27 00:00:00,2026-06-22 08:27:00
3142,user_3142@test.com,$2a$10$7zB3qQzEcbB7mU5eL2n9fO0xH98o2tYpM.2s5lR7wE.2F8u7y6X1.,최지빈,010-9168-6804,1991-08-28,ROLE_USER,ACTIVE,2024-04-17 00:00:00,2024-04-17 00:00:00,2026-04-29 19:13:00
3143,user_3143@test.com,$2a$10$7zB3qQzEcbB7mU5eL2n9fO0xH98o2tYpM.2s5lR7wE.2F8u7y6X1.,송민우,010-4216-8165,1988-09-01,ROLE_USER,ACTIVE,2025-07-23 00:00:00,2025-07-23 00:00:00,2026-07-01 20:03:00
3144,user_3144@test.com,$2a$10$7zB3qQzEcbB7mU5eL2n9fO0xH98o2tYpM.2s5lR7wE.2F8u7y6X1.,정서혁,010-3889-6513,1988-08-09,ROLE_USER,ACTIVE,2024-05-04 00:00:00,2024-05-04 00:00:00,2026-06-22 12:47:00
3145,user_3145@test.com,$2a$10$7zB3qQzEcbB7mU5eL2n9fO0xH98o2tYpM.2s5lR7wE.2F8u7y6X1.,최하현,010-1498-5821,2004-03-15,ROLE_USER,ACTIVE,2024-02-04 00:00:00,2024-02-04 00:00:00,2026-06-28 13:29:00
3146,user_3146@test.com,$2a$10$7zB3qQzEcbB7mU5eL2n9fO0xH98o2tYpM.2s5lR7wE.2F8u7y6X1.,강은영,010-3561-6837,1995-10-06,ROLE_USER,ACTIVE,2024-11-21 00:00:00,2024-11-21 00:00:00,2026-06-18 21:35:00
3147,user_3147@test.com,$2a$10$7zB3qQzEcbB7mU5eL2n9fO0xH98o2tYpM.2s5lR7wE.2F8u7y6X1.,김주아,010-3557-2895,1989-08-21,ROLE_USER,ACTIVE,2025-07-08 00:00:00,2025-07-08 00:00:00,2026-06-24 15:55:00
3148,user_3148@test.com,$2a$10$7zB3qQzEcbB7mU5eL2n9fO0xH98o2tYpM.2s5lR7wE.2F8u7y6X1.,오현준,010-5296-5390,1993-10-02,ROLE_USER,ACTIVE,2025-12-04 00:00:00,2025-12-04 00:00:00,2026-06-27 20:14:00
3149,user_3149@test.com,$2a$10$7zB3qQzEcbB7mU5eL2n9fO0xH98o2tYpM.2s5lR7wE.2F8u7y6X1.,권도준,010-7440-5048,1975-11-20,ROLE_USER,ACTIVE,2025-11-17 00:00:00,2025-11-17 00:00:00,2026-06-20 22:50:00
3150,user_3150@test.com,$2a$10$7zB3qQzEcbB7mU5eL2n9fO0xH98o2tYpM.2s5lR7wE.2F8u7y6X1.,황민준,010-8281-5703,1993-10-02,ROLE_USER,ACTIVE,2025-03-08 00:00:00,2025-03-08 00:00:00,2026-06-21 08:29:00
3151,user_3151@test.com,$2a$10$7zB3qQzEcbB7mU5eL2n9fO0xH98o2tYpM.2s5lR7wE.2F8u7y6X1.,조예우,010-1403-1119,1985-10-16,ROLE_USER,ACTIVE,2024-01-06 00:00:00,2024-01-06 00:00:00,2026-06-23 22:53:00
3152,user_3152@test.com,$2a$10$7zB3qQzEcbB7mU5eL2n9fO0xH98o2tYpM.2s5lR7wE.2F8u7y6X1.,박하영,010-9413-4936,1982-11-07,ROLE_USER,ACTIVE,2025-12-18 00:00:00,2025-12-18 00:00:00,2026-07-01 18:37:00
3153,user_3153@test.com,$2a$10$7zB3qQzEcbB7mU5eL2n9fO0xH98o2tYpM.2s5lR7wE.2F8u7y6X1.,장태영,010-4988-7432,1990-10-03,ROLE_USER,ACTIVE,2024-03-19 00:00:00,2024-03-19 00:00:00,2026-06-21 14:46:00
3154,user_3154@test.com,$2a$10$7zB3qQzEcbB7mU5eL2n9fO0xH98o2tYpM.2s5lR7wE.2F8u7y6X1.,박시빈,010-1818-1690,1994-04-19,ROLE_USER,ACTIVE,2024-07-26 00:00:00,2024-07-26 00:00:00,2026-06-24 17:07:00
3155,user_3155@test.com,$2a$10$7zB3qQzEcbB7mU5eL2n9fO0xH98o2tYpM.2s5lR7wE.2F8u7y6X1.,강서빈,010-6818-3031,1970-08-08,ROLE_USER,ACTIVE,2025-09-15 00:00:00,2025-09-15 00:00:00,2026-06-30 12:41:00
3156,user_3156@test.com,$2a$10$7zB3qQzEcbB7mU5eL2n9fO0xH98o2tYpM.2s5lR7wE.2F8u7y6X1.,장하영,010-1526-8403,2001-12-07,ROLE_USER,ACTIVE,2025-09-05 00:00:00,2025-09-05 00:00:00,2026-06-28 18:56:00
3157,user_3157@test.com,$2a$10$7zB3qQzEcbB7mU5eL2n9fO0xH98o2tYpM.2s5lR7wE.2F8u7y6X1.,한도원,010-1299-8938,1999-12-16,ROLE_USER,ACTIVE,2024-10-27 00:00:00,2024-10-27 00:00:00,2026-06-28 18:46:00
3158,user_3158@test.com,$2a$10$7zB3qQzEcbB7mU5eL2n9fO0xH98o2tYpM.2s5lR7wE.2F8u7y6X1.,신하준,010-5829-9028,1995-09-22,ROLE_USER,ACTIVE,2023-12-01 00:00:00,2023-12-01 00:00:00,2026-06-28 15:59:00
3159,user_3159@test.com,$2a$10$7zB3qQzEcbB7mU5eL2n9fO0xH98o2tYpM.2s5lR7wE.2F8u7y6X1.,박시인,010-9734-6945,1973-12-02,ROLE_USER,ACTIVE,2025-07-25 00:00:00,2025-07-25 00:00:00,2026-06-23 17:28:00
3160,user_3160@test.com,$2a$10$7zB3qQzEcbB7mU5eL2n9fO0xH98o2tYpM.2s5lR7wE.2F8u7y6X1.,전서인,010-4067-2052,2004-08-03,ROLE_USER,ACTIVE,2026-04-30 00:00:00,2026-04-30 00:00:00,2026-06-19 09:31:00
3161,user_3161@test.com,$2a$10$7zB3qQzEcbB7mU5eL2n9fO0xH98o2tYpM.2s5lR7wE.2F8u7y6X1.,임승영,010-7388-2746,1990-10-27,ROLE_USER,ACTIVE,2024-08-15 00:00:00,2024-08-15 00:00:00,2026-06-29 21:16:00
3162,user_3162@test.com,$2a$10$7zB3qQzEcbB7mU5eL2n9fO0xH98o2tYpM.2s5lR7wE.2F8u7y6X1.,권시현,010-4256-9354,2000-10-27,ROLE_USER,ACTIVE,2025-11-09 00:00:00,2025-11-09 00:00:00,2026-06-18 17:08:00
3163,user_3163@test.com,$2a$10$7zB3qQzEcbB7mU5eL2n9fO0xH98o2tYpM.2s5lR7wE.2F8u7y6X1.,윤시인,010-7125-3109,1987-09-03,ROLE_USER,ACTIVE,2024-03-01 00:00:00,2024-03-01 00:00:00,2026-06-19 17:42:00
3164,user_3164@test.com,$2a$10$7zB3qQzEcbB7mU5eL2n9fO0xH98o2tYpM.2s5lR7wE.2F8u7y6X1.,김예율,010-5758-6408,1987-11-02,ROLE_USER,ACTIVE,2024-07-10 00:00:00,2024-07-10 00:00:00,2026-06-30 11:01:00
3165,user_3165@test.com,$2a$10$7zB3qQzEcbB7mU5eL2n9fO0xH98o2tYpM.2s5lR7wE.2F8u7y6X1.,윤서율,010-7856-7713,1978-02-10,ROLE_USER,ACTIVE,2025-10-11 00:00:00,2025-10-11 00:00:00,2026-06-25 13:07:00
3166,user_3166@test.com,$2a$10$7zB3qQzEcbB7mU5eL2n9fO0xH98o2tYpM.2s5lR7wE.2F8u7y6X1.,서시율,010-5279-1737,1986-01-07,ROLE_USER,ACTIVE,2024-04-23 00:00:00,2024-04-23 00:00:00,2026-06-18 10:37:00
3167,user_3167@test.com,$2a$10$7zB3qQzEcbB7mU5eL2n9fO0xH98o2tYpM.2s5lR7wE.2F8u7y6X1.,황하아,010-4568-4476,1975-07-17,ROLE_USER,ACTIVE,2025-12-01 00:00:00,2025-12-01 00:00:00,2026-06-24 10:24:00
3168,user_3168@test.com,$2a$10$7zB3qQzEcbB7mU5eL2n9fO0xH98o2tYpM.2s5lR7wE.2F8u7y6X1.,윤시빈,010-6519-9327,1977-01-01,ROLE_USER,ACTIVE,2024-06-12 00:00:00,2024-06-12 00:00:00,2026-06-30 17:17:00
3169,user_3169@test.com,$2a$10$7zB3qQzEcbB7mU5eL2n9fO0xH98o2tYpM.2s5lR7wE.2F8u7y6X1.,한예우,010-6261-3838,1978-10-04,ROLE_USER,ACTIVE,2025-01-06 00:00:00,2025-01-06 00:00:00,2026-06-19 09:37:00
3170,user_3170@test.com,$2a$10$7zB3qQzEcbB7mU5eL2n9fO0xH98o2tYpM.2s5lR7wE.2F8u7y6X1.,정현율,010-1455-9777,1982-07-23,ROLE_USER,ACTIVE,2023-10-29 00:00:00,2023-10-29 00:00:00,2026-07-02 09:49:00
3171,user_3171@test.com,$2a$10$7zB3qQzEcbB7mU5eL2n9fO0xH98o2tYpM.2s5lR7wE.2F8u7y6X1.,서민수,010-8045-2453,1999-03-23,ROLE_USER,ACTIVE,2024-07-25 00:00:00,2024-07-25 00:00:00,2026-06-22 10:17:00
3172,user_3172@test.com,$2a$10$7zB3qQzEcbB7mU5eL2n9fO0xH98o2tYpM.2s5lR7wE.2F8u7y6X1.,박예영,010-9887-3233,1973-05-09,ROLE_USER,ACTIVE,2025-12-24 00:00:00,2025-12-24 00:00:00,2026-06-27 21:46:00
3173,user_3173@test.com,$2a$10$7zB3qQzEcbB7mU5eL2n9fO0xH98o2tYpM.2s5lR7wE.2F8u7y6X1.,황시현,010-5813-5556,1973-08-05,ROLE_USER,ACTIVE,2026-01-20 00:00:00,2026-01-20 00:00:00,2026-06-23 21:50:00
3174,user_3174@test.com,$2a$10$7zB3qQzEcbB7mU5eL2n9fO0xH98o2tYpM.2s5lR7wE.2F8u7y6X1.,안은빈,010-3854-7308,1973-02-23,ROLE_USER,ACTIVE,2026-05-19 00:00:00,2026-05-19 00:00:00,2026-05-29 14:11:00
3175,user_3175@test.com,$2a$10$7zB3qQzEcbB7mU5eL2n9fO0xH98o2tYpM.2s5lR7wE.2F8u7y6X1.,서주혁,010-1920-9303,1984-12-21,ROLE_USER,ACTIVE,2025-04-22 00:00:00,2025-04-22 00:00:00,2026-06-25 18:26:00
3176,user_3176@test.com,$2a$10$7zB3qQzEcbB7mU5eL2n9fO0xH98o2tYpM.2s5lR7wE.2F8u7y6X1.,김지율,010-3930-6602,1996-12-02,ROLE_USER,ACTIVE,2024-05-03 00:00:00,2024-05-03 00:00:00,2026-06-30 20:45:00
3177,user_3177@test.com,$2a$10$7zB3qQzEcbB7mU5eL2n9fO0xH98o2tYpM.2s5lR7wE.2F8u7y6X1.,전현원,010-7143-4474,1971-04-10,ROLE_USER,ACTIVE,2025-04-27 00:00:00,2025-04-27 00:00:00,2026-06-23 12:07:00
3178,user_3178@test.com,$2a$10$7zB3qQzEcbB7mU5eL2n9fO0xH98o2tYpM.2s5lR7wE.2F8u7y6X1.,홍태빈,010-9054-7444,1994-01-16,ROLE_USER,ACTIVE,2024-09-25 00:00:00,2024-09-25 00:00:00,2026-07-02 15:38:00
3179,user_3179@test.com,$2a$10$7zB3qQzEcbB7mU5eL2n9fO0xH98o2tYpM.2s5lR7wE.2F8u7y6X1.,송은우,010-6868-4066,1985-07-24,ROLE_USER,ACTIVE,2023-12-02 00:00:00,2023-12-02 00:00:00,2026-06-29 08:37:00
3180,user_3180@test.com,$2a$10$7zB3qQzEcbB7mU5eL2n9fO0xH98o2tYpM.2s5lR7wE.2F8u7y6X1.,윤도수,010-8288-8663,1989-07-23,ROLE_USER,ACTIVE,2025-04-15 00:00:00,2025-04-15 00:00:00,2026-06-20 12:06:00
3181,user_3181@test.com,$2a$10$7zB3qQzEcbB7mU5eL2n9fO0xH98o2tYpM.2s5lR7wE.2F8u7y6X1.,조시인,010-5956-5873,1989-07-28,ROLE_USER,ACTIVE,2026-04-03 00:00:00,2026-04-03 00:00:00,2026-06-30 22:45:00
3182,user_3182@test.com,$2a$10$7zB3qQzEcbB7mU5eL2n9fO0xH98o2tYpM.2s5lR7wE.2F8u7y6X1.,송민아,010-2086-5975,1972-02-06,ROLE_USER,ACTIVE,2024-07-19 00:00:00,2024-07-19 00:00:00,2026-06-22 11:53:00
3183,user_3183@test.com,$2a$10$7zB3qQzEcbB7mU5eL2n9fO0xH98o2tYpM.2s5lR7wE.2F8u7y6X1.,이주혁,010-9208-1929,1986-03-25,ROLE_USER,ACTIVE,2026-01-28 00:00:00,2026-01-28 00:00:00,2026-06-19 09:21:00
3184,user_3184@test.com,$2a$10$7zB3qQzEcbB7mU5eL2n9fO0xH98o2tYpM.2s5lR7wE.2F8u7y6X1.,오승원,010-3237-3800,1999-03-02,ROLE_USER,ACTIVE,2023-11-04 00:00:00,2023-11-04 00:00:00,2026-06-21 15:56:00
3185,user_3185@test.com,$2a$10$7zB3qQzEcbB7mU5eL2n9fO0xH98o2tYpM.2s5lR7wE.2F8u7y6X1.,송민수,010-7095-1582,1978-12-14,ROLE_USER,ACTIVE,2025-11-28 00:00:00,2025-11-28 00:00:00,2026-07-01 18:03:00
3186,user_3186@test.com,$2a$10$7zB3qQzEcbB7mU5eL2n9fO0xH98o2tYpM.2s5lR7wE.2F8u7y6X1.,안현인,010-9530-9643,1994-08-01,ROLE_USER,ACTIVE,2024-06-10 00:00:00,2024-06-10 00:00:00,2026-06-26 19:33:00
3187,user_3187@test.com,$2a$10$7zB3qQzEcbB7mU5eL2n9fO0xH98o2tYpM.2s5lR7wE.2F8u7y6X1.,권현인,010-9675-3107,1997-10-26,ROLE_USER,ACTIVE,2025-05-12 00:00:00,2025-05-12 00:00:00,2026-06-27 16:30:00
3188,user_3188@test.com,$2a$10$7zB3qQzEcbB7mU5eL2n9fO0xH98o2tYpM.2s5lR7wE.2F8u7y6X1.,정현원,010-3981-9814,1975-11-15,ROLE_USER,ACTIVE,2024-11-24 00:00:00,2024-11-24 00:00:00,2026-06-25 09:22:00
3189,user_3189@test.com,$2a$10$7zB3qQzEcbB7mU5eL2n9fO0xH98o2tYpM.2s5lR7wE.2F8u7y6X1.,홍지빈,010-9172-2606,1982-07-20,ROLE_USER,ACTIVE,2026-04-30 00:00:00,2026-04-30 00:00:00,2026-06-04 19:01:00
3190,user_3190@test.com,$2a$10$7zB3qQzEcbB7mU5eL2n9fO0xH98o2tYpM.2s5lR7wE.2F8u7y6X1.,전주수,010-1262-5407,1981-04-28,ROLE_USER,ACTIVE,2025-01-26 00:00:00,2025-01-26 00:00:00,2026-06-28 11:04:00
3191,user_3191@test.com,$2a$10$7zB3qQzEcbB7mU5eL2n9fO0xH98o2tYpM.2s5lR7wE.2F8u7y6X1.,오서영,010-4373-9683,1988-06-26,ROLE_USER,ACTIVE,2024-09-16 00:00:00,2024-09-16 00:00:00,2026-07-01 16:52:00
3192,user_3192@test.com,$2a$10$7zB3qQzEcbB7mU5eL2n9fO0xH98o2tYpM.2s5lR7wE.2F8u7y6X1.,홍은수,010-2882-1664,1985-03-17,ROLE_USER,ACTIVE,2026-04-25 00:00:00,2026-04-25 00:00:00,2026-05-18 13:29:00
3193,user_3193@test.com,$2a$10$7zB3qQzEcbB7mU5eL2n9fO0xH98o2tYpM.2s5lR7wE.2F8u7y6X1.,송서우,010-2238-9759,1986-12-20,ROLE_USER,ACTIVE,2024-08-13 00:00:00,2024-08-13 00:00:00,2026-06-10 08:39:00
3194,user_3194@test.com,$2a$10$7zB3qQzEcbB7mU5eL2n9fO0xH98o2tYpM.2s5lR7wE.2F8u7y6X1.,김태빈,010-2774-2927,1975-07-14,ROLE_USER,ACTIVE,2026-04-10 00:00:00,2026-04-10 00:00:00,2026-06-23 10:32:00
3195,user_3195@test.com,$2a$10$7zB3qQzEcbB7mU5eL2n9fO0xH98o2tYpM.2s5lR7wE.2F8u7y6X1.,장현빈,010-5855-1528,1989-08-04,ROLE_USER,ACTIVE,2026-05-01 00:00:00,2026-05-01 00:00:00,2026-05-21 09:50:00
3196,user_3196@test.com,$2a$10$7zB3qQzEcbB7mU5eL2n9fO0xH98o2tYpM.2s5lR7wE.2F8u7y6X1.,김시인,010-4225-6573,1991-11-10,ROLE_USER,ACTIVE,2025-06-30 00:00:00,2025-06-30 00:00:00,2026-06-28 17:27:00
3197,user_3197@test.com,$2a$10$7zB3qQzEcbB7mU5eL2n9fO0xH98o2tYpM.2s5lR7wE.2F8u7y6X1.,권민원,010-6143-4335,1973-01-28,ROLE_USER,ACTIVE,2024-04-01 00:00:00,2024-04-01 00:00:00,2026-06-20 08:39:00
3198,user_3198@test.com,$2a$10$7zB3qQzEcbB7mU5eL2n9fO0xH98o2tYpM.2s5lR7wE.2F8u7y6X1.,권서빈,010-7871-9471,1978-12-16,ROLE_USER,ACTIVE,2025-05-15 00:00:00,2025-05-15 00:00:00,2026-06-18 14:34:00
3199,user_3199@test.com,$2a$10$7zB3qQzEcbB7mU5eL2n9fO0xH98o2tYpM.2s5lR7wE.2F8u7y6X1.,황승아,010-7646-1873,1973-02-15,ROLE_USER,ACTIVE,2024-09-03 00:00:00,2024-09-03 00:00:00,2026-06-24 17:43:00
3200,user_3200@test.com,$2a$10$7zB3qQzEcbB7mU5eL2n9fO0xH98o2tYpM.2s5lR7wE.2F8u7y6X1.,임예인,010-8698-7085,1979-12-16,ROLE_USER,ACTIVE,2026-05-24 00:00:00,2026-05-24 00:00:00,2026-06-08 20:41:00
3201,user_3201@test.com,$2a$10$7zB3qQzEcbB7mU5eL2n9fO0xH98o2tYpM.2s5lR7wE.2F8u7y6X1.,서태준,010-7597-3366,1996-09-06,ROLE_USER,ACTIVE,2024-11-26 00:00:00,2024-11-26 00:00:00,2026-06-19 16:52:00
3202,user_3202@test.com,$2a$10$7zB3qQzEcbB7mU5eL2n9fO0xH98o2tYpM.2s5lR7wE.2F8u7y6X1.,권은아,010-7119-9787,1971-05-04,ROLE_USER,ACTIVE,2025-07-02 00:00:00,2025-07-02 00:00:00,2026-05-25 18:46:00
3203,user_3203@test.com,$2a$10$7zB3qQzEcbB7mU5eL2n9fO0xH98o2tYpM.2s5lR7wE.2F8u7y6X1.,한민준,010-4522-8274,1972-04-08,ROLE_USER,ACTIVE,2026-01-19 00:00:00,2026-01-19 00:00:00,2026-06-22 14:25:00
3204,user_3204@test.com,$2a$10$7zB3qQzEcbB7mU5eL2n9fO0xH98o2tYpM.2s5lR7wE.2F8u7y6X1.,안예원,010-1989-4417,1972-03-27,ROLE_USER,ACTIVE,2026-03-18 00:00:00,2026-03-18 00:00:00,2026-06-29 16:55:00
3205,user_3205@test.com,$2a$10$7zB3qQzEcbB7mU5eL2n9fO0xH98o2tYpM.2s5lR7wE.2F8u7y6X1.,신하아,010-9087-4169,1998-02-01,ROLE_USER,ACTIVE,2025-03-17 00:00:00,2025-03-17 00:00:00,2026-07-01 20:04:00
3206,user_3206@test.com,$2a$10$7zB3qQzEcbB7mU5eL2n9fO0xH98o2tYpM.2s5lR7wE.2F8u7y6X1.,정현율,010-2291-1953,1985-07-15,ROLE_USER,ACTIVE,2025-05-22 00:00:00,2025-05-22 00:00:00,2026-07-02 22:43:00
3207,user_3207@test.com,$2a$10$7zB3qQzEcbB7mU5eL2n9fO0xH98o2tYpM.2s5lR7wE.2F8u7y6X1.,오은수,010-6815-2702,1971-10-10,ROLE_USER,ACTIVE,2024-10-16 00:00:00,2024-10-16 00:00:00,2026-07-02 11:01:00
3208,user_3208@test.com,$2a$10$7zB3qQzEcbB7mU5eL2n9fO0xH98o2tYpM.2s5lR7wE.2F8u7y6X1.,황현준,010-9911-2274,1980-01-27,ROLE_USER,ACTIVE,2024-01-06 00:00:00,2024-01-06 00:00:00,2026-06-28 14:12:00
3209,user_3209@test.com,$2a$10$7zB3qQzEcbB7mU5eL2n9fO0xH98o2tYpM.2s5lR7wE.2F8u7y6X1.,김예준,010-3203-8577,2002-02-03,ROLE_USER,ACTIVE,2025-03-04 00:00:00,2025-03-04 00:00:00,2026-06-12 20:10:00
3210,user_3210@test.com,$2a$10$7zB3qQzEcbB7mU5eL2n9fO0xH98o2tYpM.2s5lR7wE.2F8u7y6X1.,권지영,010-2366-6213,1991-11-15,ROLE_USER,ACTIVE,2024-02-19 00:00:00,2024-02-19 00:00:00,2026-06-19 16:45:00
3211,user_3211@test.com,$2a$10$7zB3qQzEcbB7mU5eL2n9fO0xH98o2tYpM.2s5lR7wE.2F8u7y6X1.,강주인,010-6740-6867,1985-07-04,ROLE_USER,ACTIVE,2025-10-27 00:00:00,2025-10-27 00:00:00,2026-06-19 20:34:00
3212,user_3212@test.com,$2a$10$7zB3qQzEcbB7mU5eL2n9fO0xH98o2tYpM.2s5lR7wE.2F8u7y6X1.,임하아,010-3337-9597,1979-05-07,ROLE_USER,ACTIVE,2026-03-08 00:00:00,2026-03-08 00:00:00,2026-06-26 22:52:00
3213,user_3213@test.com,$2a$10$7zB3qQzEcbB7mU5eL2n9fO0xH98o2tYpM.2s5lR7wE.2F8u7y6X1.,서지아,010-4459-7305,2002-06-15,ROLE_USER,ACTIVE,2024-08-01 00:00:00,2024-08-01 00:00:00,2026-06-11 10:15:00
3214,user_3214@test.com,$2a$10$7zB3qQzEcbB7mU5eL2n9fO0xH98o2tYpM.2s5lR7wE.2F8u7y6X1.,최현율,010-6553-1032,1975-07-23,ROLE_USER,ACTIVE,2024-01-01 00:00:00,2024-01-01 00:00:00,2026-06-18 10:19:00
3215,user_3215@test.com,$2a$10$7zB3qQzEcbB7mU5eL2n9fO0xH98o2tYpM.2s5lR7wE.2F8u7y6X1.,강예영,010-9423-8309,1991-06-26,ROLE_USER,ACTIVE,2024-12-25 00:00:00,2024-12-25 00:00:00,2026-07-02 19:51:00
3216,user_3216@test.com,$2a$10$7zB3qQzEcbB7mU5eL2n9fO0xH98o2tYpM.2s5lR7wE.2F8u7y6X1.,이승율,010-4384-6733,1973-09-18,ROLE_USER,ACTIVE,2025-11-18 00:00:00,2025-11-18 00:00:00,2026-06-20 21:53:00
3217,user_3217@test.com,$2a$10$7zB3qQzEcbB7mU5eL2n9fO0xH98o2tYpM.2s5lR7wE.2F8u7y6X1.,홍하아,010-1709-6659,1979-10-17,ROLE_USER,ACTIVE,2025-11-27 00:00:00,2025-11-27 00:00:00,2026-06-23 12:05:00
3218,user_3218@test.com,$2a$10$7zB3qQzEcbB7mU5eL2n9fO0xH98o2tYpM.2s5lR7wE.2F8u7y6X1.,강하아,010-2581-3897,1999-12-28,ROLE_USER,ACTIVE,2025-12-16 00:00:00,2025-12-16 00:00:00,2026-07-02 15:05:00
3219,user_3219@test.com,$2a$10$7zB3qQzEcbB7mU5eL2n9fO0xH98o2tYpM.2s5lR7wE.2F8u7y6X1.,서은원,010-9987-1961,1988-04-04,ROLE_USER,ACTIVE,2025-01-06 00:00:00,2025-01-06 00:00:00,2026-06-25 08:50:00
3220,user_3220@test.com,$2a$10$7zB3qQzEcbB7mU5eL2n9fO0xH98o2tYpM.2s5lR7wE.2F8u7y6X1.,박승준,010-3696-1888,2003-05-03,ROLE_USER,ACTIVE,2025-04-01 00:00:00,2025-04-01 00:00:00,2026-06-25 21:54:00
3221,user_3221@test.com,$2a$10$7zB3qQzEcbB7mU5eL2n9fO0xH98o2tYpM.2s5lR7wE.2F8u7y6X1.,최지원,010-9837-6045,1974-03-05,ROLE_USER,ACTIVE,2026-03-31 00:00:00,2026-03-31 00:00:00,2026-06-22 20:51:00
3222,user_3222@test.com,$2a$10$7zB3qQzEcbB7mU5eL2n9fO0xH98o2tYpM.2s5lR7wE.2F8u7y6X1.,권도빈,010-5672-9296,1979-04-17,ROLE_USER,ACTIVE,2025-06-12 00:00:00,2025-06-12 00:00:00,2026-06-25 17:57:00
3223,user_3223@test.com,$2a$10$7zB3qQzEcbB7mU5eL2n9fO0xH98o2tYpM.2s5lR7wE.2F8u7y6X1.,전하준,010-3104-3735,1984-11-14,ROLE_USER,ACTIVE,2026-04-29 00:00:00,2026-04-29 00:00:00,2026-06-03 13:02:00
3224,user_3224@test.com,$2a$10$7zB3qQzEcbB7mU5eL2n9fO0xH98o2tYpM.2s5lR7wE.2F8u7y6X1.,권태아,010-2497-4526,1976-04-12,ROLE_USER,ACTIVE,2025-10-29 00:00:00,2025-10-29 00:00:00,2026-06-27 15:44:00
3225,user_3225@test.com,$2a$10$7zB3qQzEcbB7mU5eL2n9fO0xH98o2tYpM.2s5lR7wE.2F8u7y6X1.,박예수,010-1372-7136,1981-02-10,ROLE_USER,ACTIVE,2025-11-30 00:00:00,2025-11-30 00:00:00,2026-06-29 10:55:00
3226,user_3226@test.com,$2a$10$7zB3qQzEcbB7mU5eL2n9fO0xH98o2tYpM.2s5lR7wE.2F8u7y6X1.,김예현,010-9787-3686,1973-05-13,ROLE_USER,ACTIVE,2024-05-16 00:00:00,2024-05-16 00:00:00,2026-06-23 14:07:00
3227,user_3227@test.com,$2a$10$7zB3qQzEcbB7mU5eL2n9fO0xH98o2tYpM.2s5lR7wE.2F8u7y6X1.,임태수,010-7758-2787,1971-11-10,ROLE_USER,ACTIVE,2024-03-13 00:00:00,2024-03-13 00:00:00,2026-05-23 19:52:00
3228,user_3228@test.com,$2a$10$7zB3qQzEcbB7mU5eL2n9fO0xH98o2tYpM.2s5lR7wE.2F8u7y6X1.,김예준,010-2296-4784,1987-04-10,ROLE_USER,ACTIVE,2023-12-23 00:00:00,2023-12-23 00:00:00,2026-06-29 21:49:00
3229,user_3229@test.com,$2a$10$7zB3qQzEcbB7mU5eL2n9fO0xH98o2tYpM.2s5lR7wE.2F8u7y6X1.,홍도아,010-7075-8445,1996-09-04,ROLE_USER,ACTIVE,2023-11-04 00:00:00,2023-11-04 00:00:00,2026-06-24 20:20:00
3230,user_3230@test.com,$2a$10$7zB3qQzEcbB7mU5eL2n9fO0xH98o2tYpM.2s5lR7wE.2F8u7y6X1.,오지인,010-6176-7064,1986-12-23,ROLE_USER,ACTIVE,2026-02-15 00:00:00,2026-02-15 00:00:00,2026-06-21 20:32:00
3231,user_3231@test.com,$2a$10$7zB3qQzEcbB7mU5eL2n9fO0xH98o2tYpM.2s5lR7wE.2F8u7y6X1.,한예준,010-6741-6976,1999-03-19,ROLE_USER,ACTIVE,2025-07-28 00:00:00,2025-07-28 00:00:00,2026-06-26 10:17:00
3232,user_3232@test.com,$2a$10$7zB3qQzEcbB7mU5eL2n9fO0xH98o2tYpM.2s5lR7wE.2F8u7y6X1.,황시우,010-6314-6004,1976-01-17,ROLE_USER,ACTIVE,2024-09-06 00:00:00,2024-09-06 00:00:00,2026-06-22 08:50:00
3233,user_3233@test.com,$2a$10$7zB3qQzEcbB7mU5eL2n9fO0xH98o2tYpM.2s5lR7wE.2F8u7y6X1.,조도영,010-7530-3750,1980-03-20,ROLE_USER,ACTIVE,2025-01-21 00:00:00,2025-01-21 00:00:00,2026-06-28 17:28:00
3234,user_3234@test.com,$2a$10$7zB3qQzEcbB7mU5eL2n9fO0xH98o2tYpM.2s5lR7wE.2F8u7y6X1.,송현원,010-5497-7074,1993-12-10,ROLE_USER,ACTIVE,2026-03-23 00:00:00,2026-03-23 00:00:00,2026-06-25 19:38:00
3235,user_3235@test.com,$2a$10$7zB3qQzEcbB7mU5eL2n9fO0xH98o2tYpM.2s5lR7wE.2F8u7y6X1.,신현혁,010-9508-7138,1990-08-06,ROLE_USER,ACTIVE,2025-07-10 00:00:00,2025-07-10 00:00:00,2026-06-23 20:57:00
3236,user_3236@test.com,$2a$10$7zB3qQzEcbB7mU5eL2n9fO0xH98o2tYpM.2s5lR7wE.2F8u7y6X1.,윤시준,010-8562-3597,1970-01-05,ROLE_USER,ACTIVE,2023-12-17 00:00:00,2023-12-17 00:00:00,2026-06-29 17:58:00
3237,user_3237@test.com,$2a$10$7zB3qQzEcbB7mU5eL2n9fO0xH98o2tYpM.2s5lR7wE.2F8u7y6X1.,송승영,010-2299-9308,1999-09-06,ROLE_USER,ACTIVE,2024-01-29 00:00:00,2024-01-29 00:00:00,2026-04-29 10:56:00
3238,user_3238@test.com,$2a$10$7zB3qQzEcbB7mU5eL2n9fO0xH98o2tYpM.2s5lR7wE.2F8u7y6X1.,장민영,010-3093-1871,1990-10-01,ROLE_USER,ACTIVE,2025-12-28 00:00:00,2025-12-28 00:00:00,2026-06-25 17:40:00
3239,user_3239@test.com,$2a$10$7zB3qQzEcbB7mU5eL2n9fO0xH98o2tYpM.2s5lR7wE.2F8u7y6X1.,김지인,010-1281-2735,1984-05-04,ROLE_USER,ACTIVE,2024-05-31 00:00:00,2024-05-31 00:00:00,2026-06-26 20:42:00
3240,user_3240@test.com,$2a$10$7zB3qQzEcbB7mU5eL2n9fO0xH98o2tYpM.2s5lR7wE.2F8u7y6X1.,박현아,010-7372-4964,1973-12-04,ROLE_USER,ACTIVE,2026-04-15 00:00:00,2026-04-15 00:00:00,2026-05-13 11:38:00
3241,user_3241@test.com,$2a$10$7zB3qQzEcbB7mU5eL2n9fO0xH98o2tYpM.2s5lR7wE.2F8u7y6X1.,전승영,010-7826-9693,1996-09-10,ROLE_USER,ACTIVE,2024-02-19 00:00:00,2024-02-19 00:00:00,2026-06-22 14:30:00
3242,user_3242@test.com,$2a$10$7zB3qQzEcbB7mU5eL2n9fO0xH98o2tYpM.2s5lR7wE.2F8u7y6X1.,최예아,010-4927-2413,1987-12-17,ROLE_USER,ACTIVE,2024-12-17 00:00:00,2024-12-17 00:00:00,2026-06-19 10:10:00
3243,user_3243@test.com,$2a$10$7zB3qQzEcbB7mU5eL2n9fO0xH98o2tYpM.2s5lR7wE.2F8u7y6X1.,서민원,010-7873-1905,1970-05-07,ROLE_USER,ACTIVE,2026-05-05 00:00:00,2026-05-05 00:00:00,2026-05-24 12:48:00
3244,user_3244@test.com,$2a$10$7zB3qQzEcbB7mU5eL2n9fO0xH98o2tYpM.2s5lR7wE.2F8u7y6X1.,장도율,010-7238-5265,1996-12-10,ROLE_USER,ACTIVE,2024-11-16 00:00:00,2024-11-16 00:00:00,2026-06-27 12:08:00
3245,user_3245@test.com,$2a$10$7zB3qQzEcbB7mU5eL2n9fO0xH98o2tYpM.2s5lR7wE.2F8u7y6X1.,김승수,010-1232-1733,1974-12-03,ROLE_USER,ACTIVE,2026-01-13 00:00:00,2026-01-13 00:00:00,2026-06-27 13:13:00
3246,user_3246@test.com,$2a$10$7zB3qQzEcbB7mU5eL2n9fO0xH98o2tYpM.2s5lR7wE.2F8u7y6X1.,신시우,010-6545-2538,1972-04-06,ROLE_USER,ACTIVE,2025-05-30 00:00:00,2025-05-30 00:00:00,2026-06-29 18:35:00
3247,user_3247@test.com,$2a$10$7zB3qQzEcbB7mU5eL2n9fO0xH98o2tYpM.2s5lR7wE.2F8u7y6X1.,김시혁,010-5538-8012,1976-01-09,ROLE_USER,ACTIVE,2025-05-31 00:00:00,2025-05-31 00:00:00,2026-06-23 12:48:00
3248,user_3248@test.com,$2a$10$7zB3qQzEcbB7mU5eL2n9fO0xH98o2tYpM.2s5lR7wE.2F8u7y6X1.,전하현,010-3482-3308,1995-04-18,ROLE_USER,ACTIVE,2025-12-28 00:00:00,2025-12-28 00:00:00,2026-07-02 16:19:00
3249,user_3249@test.com,$2a$10$7zB3qQzEcbB7mU5eL2n9fO0xH98o2tYpM.2s5lR7wE.2F8u7y6X1.,장태아,010-8950-1748,1974-05-24,ROLE_USER,ACTIVE,2026-05-08 00:00:00,2026-05-08 00:00:00,2026-06-03 19:41:00
3250,user_3250@test.com,$2a$10$7zB3qQzEcbB7mU5eL2n9fO0xH98o2tYpM.2s5lR7wE.2F8u7y6X1.,윤예빈,010-2013-6445,1991-11-16,ROLE_USER,ACTIVE,2023-10-18 00:00:00,2023-10-18 00:00:00,2026-06-20 12:07:00
3251,user_3251@test.com,$2a$10$7zB3qQzEcbB7mU5eL2n9fO0xH98o2tYpM.2s5lR7wE.2F8u7y6X1.,홍태아,010-8266-6852,1985-02-17,ROLE_USER,ACTIVE,2024-10-23 00:00:00,2024-10-23 00:00:00,2026-06-30 08:48:00
3252,user_3252@test.com,$2a$10$7zB3qQzEcbB7mU5eL2n9fO0xH98o2tYpM.2s5lR7wE.2F8u7y6X1.,전지우,010-6486-4106,1996-11-22,ROLE_USER,ACTIVE,2025-12-04 00:00:00,2025-12-04 00:00:00,2026-06-29 17:41:00
3253,user_3253@test.com,$2a$10$7zB3qQzEcbB7mU5eL2n9fO0xH98o2tYpM.2s5lR7wE.2F8u7y6X1.,신태수,010-5672-9251,1970-06-01,ROLE_USER,ACTIVE,2026-02-10 00:00:00,2026-02-10 00:00:00,2026-06-24 22:59:00
3254,user_3254@test.com,$2a$10$7zB3qQzEcbB7mU5eL2n9fO0xH98o2tYpM.2s5lR7wE.2F8u7y6X1.,송태현,010-1901-4303,1977-08-20,ROLE_USER,ACTIVE,2025-11-18 00:00:00,2025-11-18 00:00:00,2026-06-26 18:40:00
3255,user_3255@test.com,$2a$10$7zB3qQzEcbB7mU5eL2n9fO0xH98o2tYpM.2s5lR7wE.2F8u7y6X1.,윤주원,010-9371-2722,1972-04-19,ROLE_USER,ACTIVE,2025-09-27 00:00:00,2025-09-27 00:00:00,2026-06-20 20:13:00
3256,user_3256@test.com,$2a$10$7zB3qQzEcbB7mU5eL2n9fO0xH98o2tYpM.2s5lR7wE.2F8u7y6X1.,정서수,010-1377-5661,1970-12-04,ROLE_USER,ACTIVE,2024-01-11 00:00:00,2024-01-11 00:00:00,2026-05-12 12:37:00
3257,user_3257@test.com,$2a$10$7zB3qQzEcbB7mU5eL2n9fO0xH98o2tYpM.2s5lR7wE.2F8u7y6X1.,박현혁,010-2868-2003,1999-02-18,ROLE_USER,ACTIVE,2023-10-26 00:00:00,2023-10-26 00:00:00,2026-06-25 10:55:00
3258,user_3258@test.com,$2a$10$7zB3qQzEcbB7mU5eL2n9fO0xH98o2tYpM.2s5lR7wE.2F8u7y6X1.,서은우,010-9902-6455,1971-07-04,ROLE_USER,ACTIVE,2025-09-10 00:00:00,2025-09-10 00:00:00,2026-06-24 11:26:00
3259,user_3259@test.com,$2a$10$7zB3qQzEcbB7mU5eL2n9fO0xH98o2tYpM.2s5lR7wE.2F8u7y6X1.,김주영,010-7187-8880,1973-07-16,ROLE_USER,ACTIVE,2025-03-23 00:00:00,2025-03-23 00:00:00,2026-06-25 08:11:00
3260,user_3260@test.com,$2a$10$7zB3qQzEcbB7mU5eL2n9fO0xH98o2tYpM.2s5lR7wE.2F8u7y6X1.,정주우,010-8703-8887,2003-10-04,ROLE_USER,ACTIVE,2025-07-01 00:00:00,2025-07-01 00:00:00,2026-06-27 11:50:00
3261,user_3261@test.com,$2a$10$7zB3qQzEcbB7mU5eL2n9fO0xH98o2tYpM.2s5lR7wE.2F8u7y6X1.,한태아,010-9099-9755,1995-09-21,ROLE_USER,ACTIVE,2025-10-03 00:00:00,2025-10-03 00:00:00,2026-07-01 20:55:00
3262,user_3262@test.com,$2a$10$7zB3qQzEcbB7mU5eL2n9fO0xH98o2tYpM.2s5lR7wE.2F8u7y6X1.,정하현,010-5757-2027,1973-06-24,ROLE_USER,ACTIVE,2024-02-28 00:00:00,2024-02-28 00:00:00,2026-06-20 14:52:00
3263,user_3263@test.com,$2a$10$7zB3qQzEcbB7mU5eL2n9fO0xH98o2tYpM.2s5lR7wE.2F8u7y6X1.,안예원,010-3076-6198,1997-04-03,ROLE_USER,ACTIVE,2024-05-05 00:00:00,2024-05-05 00:00:00,2026-06-18 14:29:00
3264,user_3264@test.com,$2a$10$7zB3qQzEcbB7mU5eL2n9fO0xH98o2tYpM.2s5lR7wE.2F8u7y6X1.,홍시준,010-6264-5927,2001-09-15,ROLE_USER,ACTIVE,2024-01-30 00:00:00,2024-01-30 00:00:00,2026-06-26 22:56:00
3265,user_3265@test.com,$2a$10$7zB3qQzEcbB7mU5eL2n9fO0xH98o2tYpM.2s5lR7wE.2F8u7y6X1.,서은우,010-2415-6862,1975-07-22,ROLE_USER,ACTIVE,2025-06-24 00:00:00,2025-06-24 00:00:00,2026-06-27 11:18:00
3266,user_3266@test.com,$2a$10$7zB3qQzEcbB7mU5eL2n9fO0xH98o2tYpM.2s5lR7wE.2F8u7y6X1.,임지영,010-7742-8062,1990-03-25,ROLE_USER,ACTIVE,2023-12-15 00:00:00,2023-12-15 00:00:00,2026-06-25 17:57:00
3267,user_3267@test.com,$2a$10$7zB3qQzEcbB7mU5eL2n9fO0xH98o2tYpM.2s5lR7wE.2F8u7y6X1.,홍은준,010-1833-8657,1996-09-14,ROLE_USER,ACTIVE,2024-02-19 00:00:00,2024-02-19 00:00:00,2026-06-23 16:11:00
3268,user_3268@test.com,$2a$10$7zB3qQzEcbB7mU5eL2n9fO0xH98o2tYpM.2s5lR7wE.2F8u7y6X1.,김도우,010-4993-9127,1977-07-27,ROLE_USER,ACTIVE,2026-03-18 00:00:00,2026-03-18 00:00:00,2026-06-21 17:55:00
3269,user_3269@test.com,$2a$10$7zB3qQzEcbB7mU5eL2n9fO0xH98o2tYpM.2s5lR7wE.2F8u7y6X1.,이도현,010-8883-1698,1997-05-22,ROLE_USER,ACTIVE,2024-05-16 00:00:00,2024-05-16 00:00:00,2026-06-27 11:35:00
3270,user_3270@test.com,$2a$10$7zB3qQzEcbB7mU5eL2n9fO0xH98o2tYpM.2s5lR7wE.2F8u7y6X1.,윤서우,010-2190-7055,1989-02-01,ROLE_USER,ACTIVE,2024-11-25 00:00:00,2024-11-25 00:00:00,2026-06-26 13:31:00
3271,user_3271@test.com,$2a$10$7zB3qQzEcbB7mU5eL2n9fO0xH98o2tYpM.2s5lR7wE.2F8u7y6X1.,송현준,010-8737-9319,2000-01-03,ROLE_USER,ACTIVE,2025-02-10 00:00:00,2025-02-10 00:00:00,2026-04-04 12:39:00
3272,user_3272@test.com,$2a$10$7zB3qQzEcbB7mU5eL2n9fO0xH98o2tYpM.2s5lR7wE.2F8u7y6X1.,장예영,010-1224-5745,2002-03-25,ROLE_USER,ACTIVE,2026-01-03 00:00:00,2026-01-03 00:00:00,2026-06-30 22:14:00
3273,user_3273@test.com,$2a$10$7zB3qQzEcbB7mU5eL2n9fO0xH98o2tYpM.2s5lR7wE.2F8u7y6X1.,이지아,010-4223-5091,1971-02-07,ROLE_USER,ACTIVE,2025-01-27 00:00:00,2025-01-27 00:00:00,2026-06-29 18:22:00
3274,user_3274@test.com,$2a$10$7zB3qQzEcbB7mU5eL2n9fO0xH98o2tYpM.2s5lR7wE.2F8u7y6X1.,권서인,010-4249-5266,1973-04-12,ROLE_USER,ACTIVE,2025-09-22 00:00:00,2025-09-22 00:00:00,2026-06-20 22:16:00
3275,user_3275@test.com,$2a$10$7zB3qQzEcbB7mU5eL2n9fO0xH98o2tYpM.2s5lR7wE.2F8u7y6X1.,송서아,010-2823-7389,1980-11-15,ROLE_USER,ACTIVE,2026-04-15 00:00:00,2026-04-15 00:00:00,2026-06-29 22:41:00
3276,user_3276@test.com,$2a$10$7zB3qQzEcbB7mU5eL2n9fO0xH98o2tYpM.2s5lR7wE.2F8u7y6X1.,황현원,010-2396-6276,1990-11-27,ROLE_USER,ACTIVE,2024-06-14 00:00:00,2024-06-14 00:00:00,2026-06-25 18:18:00
3277,user_3277@test.com,$2a$10$7zB3qQzEcbB7mU5eL2n9fO0xH98o2tYpM.2s5lR7wE.2F8u7y6X1.,서승준,010-8334-8120,1994-01-22,ROLE_USER,ACTIVE,2024-02-17 00:00:00,2024-02-17 00:00:00,2026-06-22 14:17:00
3278,user_3278@test.com,$2a$10$7zB3qQzEcbB7mU5eL2n9fO0xH98o2tYpM.2s5lR7wE.2F8u7y6X1.,조도율,010-7633-4614,1975-03-09,ROLE_USER,ACTIVE,2025-11-16 00:00:00,2025-11-16 00:00:00,2026-06-25 12:33:00
3279,user_3279@test.com,$2a$10$7zB3qQzEcbB7mU5eL2n9fO0xH98o2tYpM.2s5lR7wE.2F8u7y6X1.,한서아,010-6382-9016,1988-10-15,ROLE_USER,ACTIVE,2025-10-05 00:00:00,2025-10-05 00:00:00,2026-06-06 17:33:00
3280,user_3280@test.com,$2a$10$7zB3qQzEcbB7mU5eL2n9fO0xH98o2tYpM.2s5lR7wE.2F8u7y6X1.,안현아,010-7918-8720,1971-06-27,ROLE_USER,ACTIVE,2026-03-27 00:00:00,2026-03-27 00:00:00,2026-06-18 18:15:00
3281,user_3281@test.com,$2a$10$7zB3qQzEcbB7mU5eL2n9fO0xH98o2tYpM.2s5lR7wE.2F8u7y6X1.,이서수,010-9516-3537,1973-07-08,ROLE_USER,ACTIVE,2026-01-27 00:00:00,2026-01-27 00:00:00,2026-06-30 21:45:00
3282,user_3282@test.com,$2a$10$7zB3qQzEcbB7mU5eL2n9fO0xH98o2tYpM.2s5lR7wE.2F8u7y6X1.,홍지수,010-4989-4823,1972-10-11,ROLE_USER,ACTIVE,2025-07-24 00:00:00,2025-07-24 00:00:00,2026-06-23 10:34:00
3283,user_3283@test.com,$2a$10$7zB3qQzEcbB7mU5eL2n9fO0xH98o2tYpM.2s5lR7wE.2F8u7y6X1.,장예우,010-2237-7992,1994-09-08,ROLE_USER,ACTIVE,2025-05-09 00:00:00,2025-05-09 00:00:00,2026-07-01 21:44:00
3284,user_3284@test.com,$2a$10$7zB3qQzEcbB7mU5eL2n9fO0xH98o2tYpM.2s5lR7wE.2F8u7y6X1.,박예아,010-2537-4550,1973-07-12,ROLE_USER,ACTIVE,2024-06-04 00:00:00,2024-06-04 00:00:00,2026-07-01 16:09:00
3285,user_3285@test.com,$2a$10$7zB3qQzEcbB7mU5eL2n9fO0xH98o2tYpM.2s5lR7wE.2F8u7y6X1.,정은인,010-7208-6559,1980-03-14,ROLE_USER,ACTIVE,2024-08-01 00:00:00,2024-08-01 00:00:00,2026-06-24 16:35:00
3286,user_3286@test.com,$2a$10$7zB3qQzEcbB7mU5eL2n9fO0xH98o2tYpM.2s5lR7wE.2F8u7y6X1.,홍승준,010-6431-3462,1987-12-20,ROLE_USER,ACTIVE,2024-01-15 00:00:00,2024-01-15 00:00:00,2026-06-03 08:46:00
3287,user_3287@test.com,$2a$10$7zB3qQzEcbB7mU5eL2n9fO0xH98o2tYpM.2s5lR7wE.2F8u7y6X1.,한지영,010-8647-2250,2004-09-05,ROLE_USER,ACTIVE,2024-03-13 00:00:00,2024-03-13 00:00:00,2026-06-19 19:12:00
3288,user_3288@test.com,$2a$10$7zB3qQzEcbB7mU5eL2n9fO0xH98o2tYpM.2s5lR7wE.2F8u7y6X1.,박예빈,010-7573-5670,2002-09-12,ROLE_USER,ACTIVE,2025-01-16 00:00:00,2025-01-16 00:00:00,2026-06-26 22:02:00
3289,user_3289@test.com,$2a$10$7zB3qQzEcbB7mU5eL2n9fO0xH98o2tYpM.2s5lR7wE.2F8u7y6X1.,권서빈,010-9699-3254,1989-09-28,ROLE_USER,ACTIVE,2025-10-02 00:00:00,2025-10-02 00:00:00,2026-06-19 17:39:00
3290,user_3290@test.com,$2a$10$7zB3qQzEcbB7mU5eL2n9fO0xH98o2tYpM.2s5lR7wE.2F8u7y6X1.,황승영,010-2620-6939,1999-09-01,ROLE_USER,ACTIVE,2026-04-29 00:00:00,2026-04-29 00:00:00,2026-06-09 12:22:00
3291,user_3291@test.com,$2a$10$7zB3qQzEcbB7mU5eL2n9fO0xH98o2tYpM.2s5lR7wE.2F8u7y6X1.,신서빈,010-8227-1862,2003-12-01,ROLE_USER,ACTIVE,2024-08-19 00:00:00,2024-08-19 00:00:00,2026-06-23 08:05:00
3292,user_3292@test.com,$2a$10$7zB3qQzEcbB7mU5eL2n9fO0xH98o2tYpM.2s5lR7wE.2F8u7y6X1.,정지준,010-2039-7900,1996-06-03,ROLE_USER,ACTIVE,2026-01-15 00:00:00,2026-01-15 00:00:00,2026-06-27 11:23:00
3293,user_3293@test.com,$2a$10$7zB3qQzEcbB7mU5eL2n9fO0xH98o2tYpM.2s5lR7wE.2F8u7y6X1.,윤승혁,010-8303-3989,1995-10-04,ROLE_USER,ACTIVE,2024-12-08 00:00:00,2024-12-08 00:00:00,2026-06-23 21:43:00
3294,user_3294@test.com,$2a$10$7zB3qQzEcbB7mU5eL2n9fO0xH98o2tYpM.2s5lR7wE.2F8u7y6X1.,오승빈,010-5424-3897,1991-10-18,ROLE_USER,ACTIVE,2024-11-12 00:00:00,2024-11-12 00:00:00,2026-06-26 20:06:00
3295,user_3295@test.com,$2a$10$7zB3qQzEcbB7mU5eL2n9fO0xH98o2tYpM.2s5lR7wE.2F8u7y6X1.,홍하원,010-4408-6264,1980-03-17,ROLE_USER,ACTIVE,2026-04-15 00:00:00,2026-04-15 00:00:00,2026-06-28 21:16:00
3296,user_3296@test.com,$2a$10$7zB3qQzEcbB7mU5eL2n9fO0xH98o2tYpM.2s5lR7wE.2F8u7y6X1.,최시현,010-5103-3927,1986-04-02,ROLE_USER,ACTIVE,2024-06-20 00:00:00,2024-06-20 00:00:00,2026-06-29 14:56:00
3297,user_3297@test.com,$2a$10$7zB3qQzEcbB7mU5eL2n9fO0xH98o2tYpM.2s5lR7wE.2F8u7y6X1.,정예우,010-6805-4902,1984-07-07,ROLE_USER,ACTIVE,2025-10-30 00:00:00,2025-10-30 00:00:00,2026-06-26 09:02:00
3298,user_3298@test.com,$2a$10$7zB3qQzEcbB7mU5eL2n9fO0xH98o2tYpM.2s5lR7wE.2F8u7y6X1.,김하준,010-5769-6250,1986-11-08,ROLE_USER,ACTIVE,2025-02-08 00:00:00,2025-02-08 00:00:00,2026-06-30 11:05:00
3299,user_3299@test.com,$2a$10$7zB3qQzEcbB7mU5eL2n9fO0xH98o2tYpM.2s5lR7wE.2F8u7y6X1.,홍민혁,010-8351-7095,1972-03-11,ROLE_USER,ACTIVE,2024-07-11 00:00:00,2024-07-11 00:00:00,2026-06-27 12:44:00
3300,user_3300@test.com,$2a$10$7zB3qQzEcbB7mU5eL2n9fO0xH98o2tYpM.2s5lR7wE.2F8u7y6X1.,박주우,010-4602-6650,2000-07-20,ROLE_USER,ACTIVE,2026-01-05 00:00:00,2026-01-05 00:00:00,2026-06-09 17:20:00
3301,user_3301@test.com,$2a$10$7zB3qQzEcbB7mU5eL2n9fO0xH98o2tYpM.2s5lR7wE.2F8u7y6X1.,전태우,010-8754-3456,2002-05-14,ROLE_USER,ACTIVE,2026-04-29 00:00:00,2026-04-29 00:00:00,2026-06-04 16:19:00
3302,user_3302@test.com,$2a$10$7zB3qQzEcbB7mU5eL2n9fO0xH98o2tYpM.2s5lR7wE.2F8u7y6X1.,최은현,010-3487-9014,1975-03-15,ROLE_USER,ACTIVE,2026-05-23 00:00:00,2026-05-23 00:00:00,2026-05-22 10:50:00
3303,user_3303@test.com,$2a$10$7zB3qQzEcbB7mU5eL2n9fO0xH98o2tYpM.2s5lR7wE.2F8u7y6X1.,송태수,010-9819-4295,1975-10-27,ROLE_USER,ACTIVE,2025-12-01 00:00:00,2025-12-01 00:00:00,2026-06-25 21:15:00
3304,user_3304@test.com,$2a$10$7zB3qQzEcbB7mU5eL2n9fO0xH98o2tYpM.2s5lR7wE.2F8u7y6X1.,오예아,010-8379-7505,1983-01-14,ROLE_USER,ACTIVE,2024-01-27 00:00:00,2024-01-27 00:00:00,2026-06-19 09:15:00
3305,user_3305@test.com,$2a$10$7zB3qQzEcbB7mU5eL2n9fO0xH98o2tYpM.2s5lR7wE.2F8u7y6X1.,정민율,010-3521-3114,1991-03-23,ROLE_USER,ACTIVE,2025-08-11 00:00:00,2025-08-11 00:00:00,2026-06-19 22:53:00
3306,user_3306@test.com,$2a$10$7zB3qQzEcbB7mU5eL2n9fO0xH98o2tYpM.2s5lR7wE.2F8u7y6X1.,황주아,010-1451-1555,1997-02-22,ROLE_USER,ACTIVE,2023-12-11 00:00:00,2023-12-11 00:00:00,2026-06-25 09:52:00
3307,user_3307@test.com,$2a$10$7zB3qQzEcbB7mU5eL2n9fO0xH98o2tYpM.2s5lR7wE.2F8u7y6X1.,오태원,010-2112-8419,2004-01-18,ROLE_USER,ACTIVE,2026-04-27 00:00:00,2026-04-27 00:00:00,2026-06-16 10:41:00
3308,user_3308@test.com,$2a$10$7zB3qQzEcbB7mU5eL2n9fO0xH98o2tYpM.2s5lR7wE.2F8u7y6X1.,홍하인,010-4631-2887,1987-09-18,ROLE_USER,ACTIVE,2024-10-13 00:00:00,2024-10-13 00:00:00,2026-06-26 09:36:00
3309,user_3309@test.com,$2a$10$7zB3qQzEcbB7mU5eL2n9fO0xH98o2tYpM.2s5lR7wE.2F8u7y6X1.,오도준,010-7034-3266,1997-09-08,ROLE_USER,ACTIVE,2025-10-22 00:00:00,2025-10-22 00:00:00,2026-06-30 18:20:00
3310,user_3310@test.com,$2a$10$7zB3qQzEcbB7mU5eL2n9fO0xH98o2tYpM.2s5lR7wE.2F8u7y6X1.,서민아,010-6596-7494,1995-05-01,ROLE_USER,ACTIVE,2024-05-20 00:00:00,2024-05-20 00:00:00,2026-06-08 12:57:00
3311,user_3311@test.com,$2a$10$7zB3qQzEcbB7mU5eL2n9fO0xH98o2tYpM.2s5lR7wE.2F8u7y6X1.,이하빈,010-6518-1167,1978-10-01,ROLE_USER,ACTIVE,2023-11-14 00:00:00,2023-11-14 00:00:00,2026-06-26 20:36:00
3312,user_3312@test.com,$2a$10$7zB3qQzEcbB7mU5eL2n9fO0xH98o2tYpM.2s5lR7wE.2F8u7y6X1.,강주원,010-1051-8057,1991-08-22,ROLE_USER,ACTIVE,2024-02-02 00:00:00,2024-02-02 00:00:00,2026-06-21 19:15:00
3313,user_3313@test.com,$2a$10$7zB3qQzEcbB7mU5eL2n9fO0xH98o2tYpM.2s5lR7wE.2F8u7y6X1.,홍하아,010-3648-6384,1996-03-05,ROLE_USER,ACTIVE,2025-10-05 00:00:00,2025-10-05 00:00:00,2026-04-12 08:22:00
3314,user_3314@test.com,$2a$10$7zB3qQzEcbB7mU5eL2n9fO0xH98o2tYpM.2s5lR7wE.2F8u7y6X1.,조서아,010-4207-6179,2002-07-11,ROLE_USER,ACTIVE,2023-12-01 00:00:00,2023-12-01 00:00:00,2026-06-26 16:17:00
3315,user_3315@test.com,$2a$10$7zB3qQzEcbB7mU5eL2n9fO0xH98o2tYpM.2s5lR7wE.2F8u7y6X1.,전도우,010-9579-5465,1986-03-02,ROLE_USER,ACTIVE,2024-02-21 00:00:00,2024-02-21 00:00:00,2026-06-23 12:17:00
3316,user_3316@test.com,$2a$10$7zB3qQzEcbB7mU5eL2n9fO0xH98o2tYpM.2s5lR7wE.2F8u7y6X1.,강도원,010-9184-8672,1980-01-09,ROLE_USER,ACTIVE,2024-09-21 00:00:00,2024-09-21 00:00:00,2026-06-28 10:28:00
3317,user_3317@test.com,$2a$10$7zB3qQzEcbB7mU5eL2n9fO0xH98o2tYpM.2s5lR7wE.2F8u7y6X1.,홍지율,010-2441-2763,1975-04-22,ROLE_USER,ACTIVE,2026-05-09 00:00:00,2026-05-09 00:00:00,2026-05-19 18:32:00
3318,user_3318@test.com,$2a$10$7zB3qQzEcbB7mU5eL2n9fO0xH98o2tYpM.2s5lR7wE.2F8u7y6X1.,강시현,010-4637-9891,2002-11-25,ROLE_USER,ACTIVE,2024-07-23 00:00:00,2024-07-23 00:00:00,2026-06-25 08:29:00
3319,user_3319@test.com,$2a$10$7zB3qQzEcbB7mU5eL2n9fO0xH98o2tYpM.2s5lR7wE.2F8u7y6X1.,권지현,010-1739-4812,1983-09-11,ROLE_USER,ACTIVE,2025-08-19 00:00:00,2025-08-19 00:00:00,2026-06-29 22:08:00
3320,user_3320@test.com,$2a$10$7zB3qQzEcbB7mU5eL2n9fO0xH98o2tYpM.2s5lR7wE.2F8u7y6X1.,한예영,010-8461-4881,1997-06-04,ROLE_USER,ACTIVE,2024-09-06 00:00:00,2024-09-06 00:00:00,2026-06-29 19:12:00
3321,user_3321@test.com,$2a$10$7zB3qQzEcbB7mU5eL2n9fO0xH98o2tYpM.2s5lR7wE.2F8u7y6X1.,권지수,010-8664-8941,1994-02-02,ROLE_USER,ACTIVE,2024-05-31 00:00:00,2024-05-31 00:00:00,2026-06-30 19:26:00
3322,user_3322@test.com,$2a$10$7zB3qQzEcbB7mU5eL2n9fO0xH98o2tYpM.2s5lR7wE.2F8u7y6X1.,홍주인,010-3486-5764,1991-11-24,ROLE_USER,ACTIVE,2025-05-26 00:00:00,2025-05-26 00:00:00,2026-06-26 14:01:00
3323,user_3323@test.com,$2a$10$7zB3qQzEcbB7mU5eL2n9fO0xH98o2tYpM.2s5lR7wE.2F8u7y6X1.,김지율,010-2481-2558,2000-01-12,ROLE_USER,ACTIVE,2026-01-01 00:00:00,2026-01-01 00:00:00,2026-06-30 17:08:00
3324,user_3324@test.com,$2a$10$7zB3qQzEcbB7mU5eL2n9fO0xH98o2tYpM.2s5lR7wE.2F8u7y6X1.,오하아,010-4583-7494,1970-12-25,ROLE_USER,ACTIVE,2026-01-11 00:00:00,2026-01-11 00:00:00,2026-06-30 19:33:00
3325,user_3325@test.com,$2a$10$7zB3qQzEcbB7mU5eL2n9fO0xH98o2tYpM.2s5lR7wE.2F8u7y6X1.,이시아,010-5582-6787,1991-02-15,ROLE_USER,ACTIVE,2024-05-17 00:00:00,2024-05-17 00:00:00,2026-04-18 18:46:00
3326,user_3326@test.com,$2a$10$7zB3qQzEcbB7mU5eL2n9fO0xH98o2tYpM.2s5lR7wE.2F8u7y6X1.,장승현,010-4870-5677,1979-07-15,ROLE_USER,ACTIVE,2026-04-22 00:00:00,2026-04-22 00:00:00,2026-06-25 12:12:00
3327,user_3327@test.com,$2a$10$7zB3qQzEcbB7mU5eL2n9fO0xH98o2tYpM.2s5lR7wE.2F8u7y6X1.,조주아,010-2217-4218,1978-03-18,ROLE_USER,ACTIVE,2026-01-02 00:00:00,2026-01-02 00:00:00,2026-06-18 08:11:00
3328,user_3328@test.com,$2a$10$7zB3qQzEcbB7mU5eL2n9fO0xH98o2tYpM.2s5lR7wE.2F8u7y6X1.,정민혁,010-5963-9967,2001-04-06,ROLE_USER,ACTIVE,2024-10-30 00:00:00,2024-10-30 00:00:00,2026-06-22 12:00:00
3329,user_3329@test.com,$2a$10$7zB3qQzEcbB7mU5eL2n9fO0xH98o2tYpM.2s5lR7wE.2F8u7y6X1.,오현혁,010-5732-5494,1971-01-09,ROLE_USER,ACTIVE,2025-09-12 00:00:00,2025-09-12 00:00:00,2026-06-12 14:52:00
3330,user_3330@test.com,$2a$10$7zB3qQzEcbB7mU5eL2n9fO0xH98o2tYpM.2s5lR7wE.2F8u7y6X1.,홍지빈,010-2168-9085,1980-08-24,ROLE_USER,ACTIVE,2025-12-22 00:00:00,2025-12-22 00:00:00,2026-06-25 10:30:00
3331,user_3331@test.com,$2a$10$7zB3qQzEcbB7mU5eL2n9fO0xH98o2tYpM.2s5lR7wE.2F8u7y6X1.,장주수,010-3742-1345,1987-04-07,ROLE_USER,ACTIVE,2024-12-01 00:00:00,2024-12-01 00:00:00,2026-06-05 12:55:00
3332,user_3332@test.com,$2a$10$7zB3qQzEcbB7mU5eL2n9fO0xH98o2tYpM.2s5lR7wE.2F8u7y6X1.,황승아,010-3464-6512,1986-05-08,ROLE_USER,ACTIVE,2024-12-05 00:00:00,2024-12-05 00:00:00,2026-06-19 18:23:00
3333,user_3333@test.com,$2a$10$7zB3qQzEcbB7mU5eL2n9fO0xH98o2tYpM.2s5lR7wE.2F8u7y6X1.,송지율,010-9129-6723,1989-09-10,ROLE_USER,ACTIVE,2024-04-03 00:00:00,2024-04-03 00:00:00,2026-06-26 17:24:00
3334,user_3334@test.com,$2a$10$7zB3qQzEcbB7mU5eL2n9fO0xH98o2tYpM.2s5lR7wE.2F8u7y6X1.,황승아,010-5100-2742,1993-10-18,ROLE_USER,ACTIVE,2023-12-20 00:00:00,2023-12-20 00:00:00,2026-06-21 11:59:00
3335,user_3335@test.com,$2a$10$7zB3qQzEcbB7mU5eL2n9fO0xH98o2tYpM.2s5lR7wE.2F8u7y6X1.,권서준,010-7912-3405,1970-09-26,ROLE_USER,ACTIVE,2025-11-22 00:00:00,2025-11-22 00:00:00,2026-06-29 11:21:00
3336,user_3336@test.com,$2a$10$7zB3qQzEcbB7mU5eL2n9fO0xH98o2tYpM.2s5lR7wE.2F8u7y6X1.,조서빈,010-4011-5323,1977-07-19,ROLE_USER,ACTIVE,2026-05-02 00:00:00,2026-05-02 00:00:00,2026-07-02 19:54:00
3337,user_3337@test.com,$2a$10$7zB3qQzEcbB7mU5eL2n9fO0xH98o2tYpM.2s5lR7wE.2F8u7y6X1.,임은원,010-7541-7281,1987-07-22,ROLE_USER,ACTIVE,2025-10-31 00:00:00,2025-10-31 00:00:00,2026-06-22 18:42:00
3338,user_3338@test.com,$2a$10$7zB3qQzEcbB7mU5eL2n9fO0xH98o2tYpM.2s5lR7wE.2F8u7y6X1.,김지아,010-1459-9094,1995-12-14,ROLE_USER,ACTIVE,2025-05-03 00:00:00,2025-05-03 00:00:00,2026-06-29 14:41:00
3339,user_3339@test.com,$2a$10$7zB3qQzEcbB7mU5eL2n9fO0xH98o2tYpM.2s5lR7wE.2F8u7y6X1.,박현율,010-1976-7687,1987-12-11,ROLE_USER,ACTIVE,2025-12-11 00:00:00,2025-12-11 00:00:00,2026-06-21 09:54:00
3340,user_3340@test.com,$2a$10$7zB3qQzEcbB7mU5eL2n9fO0xH98o2tYpM.2s5lR7wE.2F8u7y6X1.,윤도율,010-9548-6461,1979-08-24,ROLE_USER,ACTIVE,2024-02-23 00:00:00,2024-02-23 00:00:00,2026-06-21 21:30:00
3341,user_3341@test.com,$2a$10$7zB3qQzEcbB7mU5eL2n9fO0xH98o2tYpM.2s5lR7wE.2F8u7y6X1.,박하혁,010-5886-3717,1989-10-10,ROLE_USER,ACTIVE,2024-05-08 00:00:00,2024-05-08 00:00:00,2026-06-09 14:20:00
3342,user_3342@test.com,$2a$10$7zB3qQzEcbB7mU5eL2n9fO0xH98o2tYpM.2s5lR7wE.2F8u7y6X1.,한현수,010-1658-7031,1987-10-21,ROLE_USER,ACTIVE,2025-12-01 00:00:00,2025-12-01 00:00:00,2026-06-28 15:56:00
3343,user_3343@test.com,$2a$10$7zB3qQzEcbB7mU5eL2n9fO0xH98o2tYpM.2s5lR7wE.2F8u7y6X1.,임서원,010-9392-8562,1992-05-20,ROLE_USER,ACTIVE,2025-11-24 00:00:00,2025-11-24 00:00:00,2026-06-25 12:17:00
3344,user_3344@test.com,$2a$10$7zB3qQzEcbB7mU5eL2n9fO0xH98o2tYpM.2s5lR7wE.2F8u7y6X1.,김지아,010-3571-6394,1977-06-22,ROLE_USER,ACTIVE,2024-09-10 00:00:00,2024-09-10 00:00:00,2026-04-19 09:47:00
3345,user_3345@test.com,$2a$10$7zB3qQzEcbB7mU5eL2n9fO0xH98o2tYpM.2s5lR7wE.2F8u7y6X1.,홍주영,010-9436-2398,1993-11-18,ROLE_USER,ACTIVE,2024-11-09 00:00:00,2024-11-09 00:00:00,2026-06-20 09:24:00
3346,user_3346@test.com,$2a$10$7zB3qQzEcbB7mU5eL2n9fO0xH98o2tYpM.2s5lR7wE.2F8u7y6X1.,안은우,010-6080-2008,1990-06-01,ROLE_USER,ACTIVE,2023-12-20 00:00:00,2023-12-20 00:00:00,2026-06-28 21:33:00
3347,user_3347@test.com,$2a$10$7zB3qQzEcbB7mU5eL2n9fO0xH98o2tYpM.2s5lR7wE.2F8u7y6X1.,최예수,010-5566-1489,1997-10-19,ROLE_USER,ACTIVE,2024-03-14 00:00:00,2024-03-14 00:00:00,2026-06-28 08:19:00
3348,user_3348@test.com,$2a$10$7zB3qQzEcbB7mU5eL2n9fO0xH98o2tYpM.2s5lR7wE.2F8u7y6X1.,전민빈,010-1216-3541,2002-11-14,ROLE_USER,ACTIVE,2024-11-27 00:00:00,2024-11-27 00:00:00,2026-06-23 14:52:00
3349,user_3349@test.com,$2a$10$7zB3qQzEcbB7mU5eL2n9fO0xH98o2tYpM.2s5lR7wE.2F8u7y6X1.,장은준,010-4890-6082,2002-03-06,ROLE_USER,ACTIVE,2023-12-14 00:00:00,2023-12-14 00:00:00,2026-06-26 10:49:00
3350,user_3350@test.com,$2a$10$7zB3qQzEcbB7mU5eL2n9fO0xH98o2tYpM.2s5lR7wE.2F8u7y6X1.,안도수,010-6258-3796,1987-10-15,ROLE_USER,ACTIVE,2025-04-21 00:00:00,2025-04-21 00:00:00,2026-06-19 10:32:00
3351,user_3351@test.com,$2a$10$7zB3qQzEcbB7mU5eL2n9fO0xH98o2tYpM.2s5lR7wE.2F8u7y6X1.,박예영,010-4042-5887,1974-06-11,ROLE_USER,ACTIVE,2025-11-28 00:00:00,2025-11-28 00:00:00,2026-06-25 17:39:00
3352,user_3352@test.com,$2a$10$7zB3qQzEcbB7mU5eL2n9fO0xH98o2tYpM.2s5lR7wE.2F8u7y6X1.,홍예율,010-3222-1565,2001-03-19,ROLE_USER,ACTIVE,2025-07-29 00:00:00,2025-07-29 00:00:00,2026-06-27 12:13:00
3353,user_3353@test.com,$2a$10$7zB3qQzEcbB7mU5eL2n9fO0xH98o2tYpM.2s5lR7wE.2F8u7y6X1.,임지영,010-4774-9099,1976-07-02,ROLE_USER,ACTIVE,2025-12-03 00:00:00,2025-12-03 00:00:00,2026-06-19 13:39:00
3354,user_3354@test.com,$2a$10$7zB3qQzEcbB7mU5eL2n9fO0xH98o2tYpM.2s5lR7wE.2F8u7y6X1.,강은빈,010-6013-7397,2000-12-24,ROLE_USER,ACTIVE,2025-07-16 00:00:00,2025-07-16 00:00:00,2026-06-29 18:33:00
3355,user_3355@test.com,$2a$10$7zB3qQzEcbB7mU5eL2n9fO0xH98o2tYpM.2s5lR7wE.2F8u7y6X1.,신민원,010-1284-6276,2002-06-15,ROLE_USER,ACTIVE,2024-10-03 00:00:00,2024-10-03 00:00:00,2026-06-09 15:23:00
3356,user_3356@test.com,$2a$10$7zB3qQzEcbB7mU5eL2n9fO0xH98o2tYpM.2s5lR7wE.2F8u7y6X1.,조태현,010-3672-2353,2000-06-23,ROLE_USER,ACTIVE,2024-02-28 00:00:00,2024-02-28 00:00:00,2026-06-25 16:33:00
3357,user_3357@test.com,$2a$10$7zB3qQzEcbB7mU5eL2n9fO0xH98o2tYpM.2s5lR7wE.2F8u7y6X1.,이예혁,010-9204-5117,1976-10-09,ROLE_USER,ACTIVE,2025-11-28 00:00:00,2025-11-28 00:00:00,2026-06-25 14:46:00
3358,user_3358@test.com,$2a$10$7zB3qQzEcbB7mU5eL2n9fO0xH98o2tYpM.2s5lR7wE.2F8u7y6X1.,송은인,010-6912-9558,1981-10-03,ROLE_USER,ACTIVE,2026-01-08 00:00:00,2026-01-08 00:00:00,2026-06-21 08:23:00
3359,user_3359@test.com,$2a$10$7zB3qQzEcbB7mU5eL2n9fO0xH98o2tYpM.2s5lR7wE.2F8u7y6X1.,서하아,010-1024-6214,1982-01-15,ROLE_USER,ACTIVE,2025-05-21 00:00:00,2025-05-21 00:00:00,2026-06-28 12:55:00
3360,user_3360@test.com,$2a$10$7zB3qQzEcbB7mU5eL2n9fO0xH98o2tYpM.2s5lR7wE.2F8u7y6X1.,장도아,010-2976-2525,1995-01-05,ROLE_USER,ACTIVE,2023-11-06 00:00:00,2023-11-06 00:00:00,2026-06-29 15:45:00
3361,user_3361@test.com,$2a$10$7zB3qQzEcbB7mU5eL2n9fO0xH98o2tYpM.2s5lR7wE.2F8u7y6X1.,서지율,010-8383-5294,2002-05-20,ROLE_USER,ACTIVE,2024-02-10 00:00:00,2024-02-10 00:00:00,2026-06-12 11:45:00
3362,user_3362@test.com,$2a$10$7zB3qQzEcbB7mU5eL2n9fO0xH98o2tYpM.2s5lR7wE.2F8u7y6X1.,임하원,010-1557-8254,1996-09-27,ROLE_USER,ACTIVE,2024-02-22 00:00:00,2024-02-22 00:00:00,2026-06-27 08:04:00
3363,user_3363@test.com,$2a$10$7zB3qQzEcbB7mU5eL2n9fO0xH98o2tYpM.2s5lR7wE.2F8u7y6X1.,강현원,010-6192-1384,1989-03-26,ROLE_USER,ACTIVE,2025-01-06 00:00:00,2025-01-06 00:00:00,2026-06-24 12:19:00
3364,user_3364@test.com,$2a$10$7zB3qQzEcbB7mU5eL2n9fO0xH98o2tYpM.2s5lR7wE.2F8u7y6X1.,최민아,010-8069-3116,1971-06-16,ROLE_USER,ACTIVE,2024-10-11 00:00:00,2024-10-11 00:00:00,2026-04-20 08:32:00
3365,user_3365@test.com,$2a$10$7zB3qQzEcbB7mU5eL2n9fO0xH98o2tYpM.2s5lR7wE.2F8u7y6X1.,최시우,010-1839-5205,1972-03-01,ROLE_USER,ACTIVE,2026-03-28 00:00:00,2026-03-28 00:00:00,2026-06-24 09:09:00
3366,user_3366@test.com,$2a$10$7zB3qQzEcbB7mU5eL2n9fO0xH98o2tYpM.2s5lR7wE.2F8u7y6X1.,이도현,010-7432-1004,2002-09-14,ROLE_USER,ACTIVE,2026-03-30 00:00:00,2026-03-30 00:00:00,2026-06-27 10:41:00
3367,user_3367@test.com,$2a$10$7zB3qQzEcbB7mU5eL2n9fO0xH98o2tYpM.2s5lR7wE.2F8u7y6X1.,강시준,010-3035-2722,1990-01-20,ROLE_USER,ACTIVE,2025-11-19 00:00:00,2025-11-19 00:00:00,2026-06-26 17:34:00
3368,user_3368@test.com,$2a$10$7zB3qQzEcbB7mU5eL2n9fO0xH98o2tYpM.2s5lR7wE.2F8u7y6X1.,서서수,010-3288-9459,1990-06-06,ROLE_USER,ACTIVE,2025-09-23 00:00:00,2025-09-23 00:00:00,2026-06-24 20:44:00
3369,user_3369@test.com,$2a$10$7zB3qQzEcbB7mU5eL2n9fO0xH98o2tYpM.2s5lR7wE.2F8u7y6X1.,서서아,010-7123-3082,2001-01-05,ROLE_USER,ACTIVE,2024-07-21 00:00:00,2024-07-21 00:00:00,2026-06-25 20:28:00
3370,user_3370@test.com,$2a$10$7zB3qQzEcbB7mU5eL2n9fO0xH98o2tYpM.2s5lR7wE.2F8u7y6X1.,장민아,010-8389-2797,2001-07-01,ROLE_USER,ACTIVE,2025-07-17 00:00:00,2025-07-17 00:00:00,2026-06-25 16:55:00
3371,user_3371@test.com,$2a$10$7zB3qQzEcbB7mU5eL2n9fO0xH98o2tYpM.2s5lR7wE.2F8u7y6X1.,최민준,010-9447-5448,1983-01-26,ROLE_USER,ACTIVE,2023-11-12 00:00:00,2023-11-12 00:00:00,2026-06-28 17:53:00
3372,user_3372@test.com,$2a$10$7zB3qQzEcbB7mU5eL2n9fO0xH98o2tYpM.2s5lR7wE.2F8u7y6X1.,이민율,010-4461-6971,1979-06-09,ROLE_USER,ACTIVE,2024-04-03 00:00:00,2024-04-03 00:00:00,2026-06-21 18:57:00
3373,user_3373@test.com,$2a$10$7zB3qQzEcbB7mU5eL2n9fO0xH98o2tYpM.2s5lR7wE.2F8u7y6X1.,홍현혁,010-6181-9073,2002-11-25,ROLE_USER,ACTIVE,2025-08-13 00:00:00,2025-08-13 00:00:00,2026-06-25 14:53:00
3374,user_3374@test.com,$2a$10$7zB3qQzEcbB7mU5eL2n9fO0xH98o2tYpM.2s5lR7wE.2F8u7y6X1.,전주현,010-3539-7332,1989-08-17,ROLE_USER,ACTIVE,2025-03-13 00:00:00,2025-03-13 00:00:00,2026-06-29 19:48:00
3375,user_3375@test.com,$2a$10$7zB3qQzEcbB7mU5eL2n9fO0xH98o2tYpM.2s5lR7wE.2F8u7y6X1.,박승율,010-5229-7377,1974-02-13,ROLE_USER,ACTIVE,2025-07-28 00:00:00,2025-07-28 00:00:00,2026-06-23 14:25:00
3376,user_3376@test.com,$2a$10$7zB3qQzEcbB7mU5eL2n9fO0xH98o2tYpM.2s5lR7wE.2F8u7y6X1.,신현아,010-2319-9403,1983-03-14,ROLE_USER,ACTIVE,2025-04-05 00:00:00,2025-04-05 00:00:00,2026-06-19 16:08:00
3377,user_3377@test.com,$2a$10$7zB3qQzEcbB7mU5eL2n9fO0xH98o2tYpM.2s5lR7wE.2F8u7y6X1.,권승빈,010-3448-5796,1998-09-27,ROLE_USER,ACTIVE,2025-02-10 00:00:00,2025-02-10 00:00:00,2026-06-26 13:33:00
3378,user_3378@test.com,$2a$10$7zB3qQzEcbB7mU5eL2n9fO0xH98o2tYpM.2s5lR7wE.2F8u7y6X1.,한서영,010-8049-3985,1989-09-27,ROLE_USER,ACTIVE,2024-02-11 00:00:00,2024-02-11 00:00:00,2026-06-23 22:27:00
3379,user_3379@test.com,$2a$10$7zB3qQzEcbB7mU5eL2n9fO0xH98o2tYpM.2s5lR7wE.2F8u7y6X1.,한도율,010-9358-5805,1991-08-26,ROLE_USER,ACTIVE,2026-05-07 00:00:00,2026-05-07 00:00:00,2026-06-08 13:11:00
3380,user_3380@test.com,$2a$10$7zB3qQzEcbB7mU5eL2n9fO0xH98o2tYpM.2s5lR7wE.2F8u7y6X1.,최승빈,010-4228-4265,1971-06-09,ROLE_USER,ACTIVE,2024-03-04 00:00:00,2024-03-04 00:00:00,2026-06-22 09:56:00
3381,user_3381@test.com,$2a$10$7zB3qQzEcbB7mU5eL2n9fO0xH98o2tYpM.2s5lR7wE.2F8u7y6X1.,임주아,010-4889-9480,1981-02-22,ROLE_USER,ACTIVE,2025-01-10 00:00:00,2025-01-10 00:00:00,2026-06-07 08:55:00
3382,user_3382@test.com,$2a$10$7zB3qQzEcbB7mU5eL2n9fO0xH98o2tYpM.2s5lR7wE.2F8u7y6X1.,한예혁,010-5566-1139,1980-08-02,ROLE_USER,ACTIVE,2025-10-07 00:00:00,2025-10-07 00:00:00,2026-06-24 10:31:00
3383,user_3383@test.com,$2a$10$7zB3qQzEcbB7mU5eL2n9fO0xH98o2tYpM.2s5lR7wE.2F8u7y6X1.,윤지준,010-6438-9661,1975-03-09,ROLE_USER,ACTIVE,2024-12-06 00:00:00,2024-12-06 00:00:00,2026-06-29 17:40:00
3384,user_3384@test.com,$2a$10$7zB3qQzEcbB7mU5eL2n9fO0xH98o2tYpM.2s5lR7wE.2F8u7y6X1.,황은준,010-5273-3454,1971-12-24,ROLE_USER,ACTIVE,2024-06-11 00:00:00,2024-06-11 00:00:00,2026-06-20 14:59:00
3385,user_3385@test.com,$2a$10$7zB3qQzEcbB7mU5eL2n9fO0xH98o2tYpM.2s5lR7wE.2F8u7y6X1.,윤승아,010-8652-7814,1997-02-22,ROLE_USER,ACTIVE,2025-01-17 00:00:00,2025-01-17 00:00:00,2026-04-21 11:19:00
3386,user_3386@test.com,$2a$10$7zB3qQzEcbB7mU5eL2n9fO0xH98o2tYpM.2s5lR7wE.2F8u7y6X1.,송예아,010-3398-6153,2003-06-05,ROLE_USER,ACTIVE,2025-09-26 00:00:00,2025-09-26 00:00:00,2026-06-26 21:32:00
3387,user_3387@test.com,$2a$10$7zB3qQzEcbB7mU5eL2n9fO0xH98o2tYpM.2s5lR7wE.2F8u7y6X1.,최지준,010-2802-4719,1983-12-22,ROLE_USER,ACTIVE,2025-10-18 00:00:00,2025-10-18 00:00:00,2026-04-30 19:58:00
3388,user_3388@test.com,$2a$10$7zB3qQzEcbB7mU5eL2n9fO0xH98o2tYpM.2s5lR7wE.2F8u7y6X1.,서하원,010-7038-7625,2000-12-20,ROLE_USER,ACTIVE,2025-08-20 00:00:00,2025-08-20 00:00:00,2026-06-25 13:40:00
3389,user_3389@test.com,$2a$10$7zB3qQzEcbB7mU5eL2n9fO0xH98o2tYpM.2s5lR7wE.2F8u7y6X1.,황주율,010-1277-1184,1974-12-03,ROLE_USER,ACTIVE,2026-01-29 00:00:00,2026-01-29 00:00:00,2026-06-23 10:32:00
3390,user_3390@test.com,$2a$10$7zB3qQzEcbB7mU5eL2n9fO0xH98o2tYpM.2s5lR7wE.2F8u7y6X1.,조은준,010-5029-1893,1973-06-19,ROLE_USER,ACTIVE,2026-01-20 00:00:00,2026-01-20 00:00:00,2026-06-29 14:19:00
3391,user_3391@test.com,$2a$10$7zB3qQzEcbB7mU5eL2n9fO0xH98o2tYpM.2s5lR7wE.2F8u7y6X1.,김지율,010-2353-5939,1977-07-16,ROLE_USER,ACTIVE,2025-10-23 00:00:00,2025-10-23 00:00:00,2026-06-18 17:11:00
3392,user_3392@test.com,$2a$10$7zB3qQzEcbB7mU5eL2n9fO0xH98o2tYpM.2s5lR7wE.2F8u7y6X1.,조도준,010-2646-1322,1973-08-17,ROLE_USER,ACTIVE,2024-05-06 00:00:00,2024-05-06 00:00:00,2026-06-29 15:29:00
3393,user_3393@test.com,$2a$10$7zB3qQzEcbB7mU5eL2n9fO0xH98o2tYpM.2s5lR7wE.2F8u7y6X1.,김지우,010-1742-9954,1978-06-22,ROLE_USER,ACTIVE,2025-10-06 00:00:00,2025-10-06 00:00:00,2026-06-24 22:21:00
3394,user_3394@test.com,$2a$10$7zB3qQzEcbB7mU5eL2n9fO0xH98o2tYpM.2s5lR7wE.2F8u7y6X1.,신태준,010-9375-5463,1983-01-21,ROLE_USER,ACTIVE,2024-01-11 00:00:00,2024-01-11 00:00:00,2026-06-25 11:32:00
3395,user_3395@test.com,$2a$10$7zB3qQzEcbB7mU5eL2n9fO0xH98o2tYpM.2s5lR7wE.2F8u7y6X1.,윤예인,010-5462-2475,1979-10-03,ROLE_USER,ACTIVE,2023-10-25 00:00:00,2023-10-25 00:00:00,2026-06-30 18:41:00
3396,user_3396@test.com,$2a$10$7zB3qQzEcbB7mU5eL2n9fO0xH98o2tYpM.2s5lR7wE.2F8u7y6X1.,권도아,010-4174-4776,2002-08-05,ROLE_USER,ACTIVE,2026-04-14 00:00:00,2026-04-14 00:00:00,2026-06-21 20:05:00
3397,user_3397@test.com,$2a$10$7zB3qQzEcbB7mU5eL2n9fO0xH98o2tYpM.2s5lR7wE.2F8u7y6X1.,박현영,010-4245-2894,1992-07-27,ROLE_USER,ACTIVE,2025-06-13 00:00:00,2025-06-13 00:00:00,2026-06-18 09:23:00
3398,user_3398@test.com,$2a$10$7zB3qQzEcbB7mU5eL2n9fO0xH98o2tYpM.2s5lR7wE.2F8u7y6X1.,오시원,010-5980-2235,1994-11-20,ROLE_USER,ACTIVE,2023-10-28 00:00:00,2023-10-28 00:00:00,2026-06-21 19:59:00
3399,user_3399@test.com,$2a$10$7zB3qQzEcbB7mU5eL2n9fO0xH98o2tYpM.2s5lR7wE.2F8u7y6X1.,한예수,010-7437-4865,1973-09-18,ROLE_USER,ACTIVE,2023-10-28 00:00:00,2023-10-28 00:00:00,2026-06-18 12:07:00
3400,user_3400@test.com,$2a$10$7zB3qQzEcbB7mU5eL2n9fO0xH98o2tYpM.2s5lR7wE.2F8u7y6X1.,윤서영,010-5356-1470,1997-03-12,ROLE_USER,ACTIVE,2025-01-18 00:00:00,2025-01-18 00:00:00,2026-07-01 18:11:00
3401,user_3401@test.com,$2a$10$7zB3qQzEcbB7mU5eL2n9fO0xH98o2tYpM.2s5lR7wE.2F8u7y6X1.,전현준,010-5379-7028,1983-08-08,ROLE_USER,ACTIVE,2025-12-25 00:00:00,2025-12-25 00:00:00,2026-06-25 19:58:00
3402,user_3402@test.com,$2a$10$7zB3qQzEcbB7mU5eL2n9fO0xH98o2tYpM.2s5lR7wE.2F8u7y6X1.,정은빈,010-8021-1337,1999-05-04,ROLE_USER,ACTIVE,2025-11-05 00:00:00,2025-11-05 00:00:00,2026-06-06 19:42:00
3403,user_3403@test.com,$2a$10$7zB3qQzEcbB7mU5eL2n9fO0xH98o2tYpM.2s5lR7wE.2F8u7y6X1.,전민원,010-5244-3556,1985-08-16,ROLE_USER,ACTIVE,2025-05-29 00:00:00,2025-05-29 00:00:00,2026-06-27 13:50:00
3404,user_3404@test.com,$2a$10$7zB3qQzEcbB7mU5eL2n9fO0xH98o2tYpM.2s5lR7wE.2F8u7y6X1.,김지수,010-8586-8946,1975-08-21,ROLE_USER,ACTIVE,2023-11-02 00:00:00,2023-11-02 00:00:00,2026-06-25 10:06:00
3405,user_3405@test.com,$2a$10$7zB3qQzEcbB7mU5eL2n9fO0xH98o2tYpM.2s5lR7wE.2F8u7y6X1.,송시수,010-3525-9846,1999-11-17,ROLE_USER,ACTIVE,2023-12-20 00:00:00,2023-12-20 00:00:00,2026-06-27 20:29:00
3406,user_3406@test.com,$2a$10$7zB3qQzEcbB7mU5eL2n9fO0xH98o2tYpM.2s5lR7wE.2F8u7y6X1.,김민아,010-4351-2290,1979-07-11,ROLE_USER,ACTIVE,2026-02-20 00:00:00,2026-02-20 00:00:00,2026-06-30 19:10:00
3407,user_3407@test.com,$2a$10$7zB3qQzEcbB7mU5eL2n9fO0xH98o2tYpM.2s5lR7wE.2F8u7y6X1.,윤승영,010-3565-6216,1993-05-17,ROLE_USER,ACTIVE,2024-02-05 00:00:00,2024-02-05 00:00:00,2026-06-20 11:39:00
3408,user_3408@test.com,$2a$10$7zB3qQzEcbB7mU5eL2n9fO0xH98o2tYpM.2s5lR7wE.2F8u7y6X1.,조지인,010-6376-4234,2001-02-18,ROLE_USER,ACTIVE,2024-11-07 00:00:00,2024-11-07 00:00:00,2026-06-28 08:09:00
3409,user_3409@test.com,$2a$10$7zB3qQzEcbB7mU5eL2n9fO0xH98o2tYpM.2s5lR7wE.2F8u7y6X1.,오지아,010-4495-4834,1991-06-19,ROLE_USER,ACTIVE,2025-07-04 00:00:00,2025-07-04 00:00:00,2026-06-29 09:21:00
3410,user_3410@test.com,$2a$10$7zB3qQzEcbB7mU5eL2n9fO0xH98o2tYpM.2s5lR7wE.2F8u7y6X1.,박하율,010-6491-1688,1975-01-12,ROLE_USER,ACTIVE,2025-08-05 00:00:00,2025-08-05 00:00:00,2026-06-26 18:30:00
3411,user_3411@test.com,$2a$10$7zB3qQzEcbB7mU5eL2n9fO0xH98o2tYpM.2s5lR7wE.2F8u7y6X1.,안서준,010-2829-9271,2000-03-06,ROLE_USER,ACTIVE,2026-04-08 00:00:00,2026-04-08 00:00:00,2026-06-30 15:00:00
3412,user_3412@test.com,$2a$10$7zB3qQzEcbB7mU5eL2n9fO0xH98o2tYpM.2s5lR7wE.2F8u7y6X1.,이현빈,010-9964-2642,1991-01-02,ROLE_USER,ACTIVE,2025-06-25 00:00:00,2025-06-25 00:00:00,2026-06-24 09:47:00
3413,user_3413@test.com,$2a$10$7zB3qQzEcbB7mU5eL2n9fO0xH98o2tYpM.2s5lR7wE.2F8u7y6X1.,서민현,010-7477-1476,1978-01-08,ROLE_USER,ACTIVE,2025-08-23 00:00:00,2025-08-23 00:00:00,2026-06-29 11:14:00
3414,user_3414@test.com,$2a$10$7zB3qQzEcbB7mU5eL2n9fO0xH98o2tYpM.2s5lR7wE.2F8u7y6X1.,박지영,010-1029-8381,1987-10-13,ROLE_USER,ACTIVE,2024-05-16 00:00:00,2024-05-16 00:00:00,2026-06-19 10:50:00
3415,user_3415@test.com,$2a$10$7zB3qQzEcbB7mU5eL2n9fO0xH98o2tYpM.2s5lR7wE.2F8u7y6X1.,홍현율,010-5698-5786,2002-01-16,ROLE_USER,ACTIVE,2025-09-07 00:00:00,2025-09-07 00:00:00,2026-06-25 20:52:00
3416,user_3416@test.com,$2a$10$7zB3qQzEcbB7mU5eL2n9fO0xH98o2tYpM.2s5lR7wE.2F8u7y6X1.,전서준,010-3561-4541,1994-10-01,ROLE_USER,ACTIVE,2025-07-31 00:00:00,2025-07-31 00:00:00,2026-06-25 09:36:00
3417,user_3417@test.com,$2a$10$7zB3qQzEcbB7mU5eL2n9fO0xH98o2tYpM.2s5lR7wE.2F8u7y6X1.,안민혁,010-5392-7607,1985-08-19,ROLE_USER,ACTIVE,2023-10-26 00:00:00,2023-10-26 00:00:00,2026-06-22 08:00:00
3418,user_3418@test.com,$2a$10$7zB3qQzEcbB7mU5eL2n9fO0xH98o2tYpM.2s5lR7wE.2F8u7y6X1.,전지인,010-6412-3609,1975-10-09,ROLE_USER,ACTIVE,2025-01-29 00:00:00,2025-01-29 00:00:00,2026-06-22 08:11:00
3419,user_3419@test.com,$2a$10$7zB3qQzEcbB7mU5eL2n9fO0xH98o2tYpM.2s5lR7wE.2F8u7y6X1.,이도현,010-9028-9677,1983-11-26,ROLE_USER,ACTIVE,2024-08-23 00:00:00,2024-08-23 00:00:00,2026-04-05 21:02:00
3420,user_3420@test.com,$2a$10$7zB3qQzEcbB7mU5eL2n9fO0xH98o2tYpM.2s5lR7wE.2F8u7y6X1.,임도인,010-1059-2611,1990-01-04,ROLE_USER,ACTIVE,2026-02-07 00:00:00,2026-02-07 00:00:00,2026-06-20 09:57:00
3421,user_3421@test.com,$2a$10$7zB3qQzEcbB7mU5eL2n9fO0xH98o2tYpM.2s5lR7wE.2F8u7y6X1.,오서아,010-2203-1937,1997-08-01,ROLE_USER,ACTIVE,2025-07-13 00:00:00,2025-07-13 00:00:00,2026-06-22 15:20:00
3422,user_3422@test.com,$2a$10$7zB3qQzEcbB7mU5eL2n9fO0xH98o2tYpM.2s5lR7wE.2F8u7y6X1.,임시아,010-5032-7992,1990-04-12,ROLE_USER,ACTIVE,2026-04-24 00:00:00,2026-04-24 00:00:00,2026-05-24 13:42:00
3423,user_3423@test.com,$2a$10$7zB3qQzEcbB7mU5eL2n9fO0xH98o2tYpM.2s5lR7wE.2F8u7y6X1.,송도현,010-2571-3055,2000-06-12,ROLE_USER,ACTIVE,2025-08-09 00:00:00,2025-08-09 00:00:00,2026-06-26 18:35:00
3424,user_3424@test.com,$2a$10$7zB3qQzEcbB7mU5eL2n9fO0xH98o2tYpM.2s5lR7wE.2F8u7y6X1.,임은우,010-5405-9455,1994-05-06,ROLE_USER,ACTIVE,2025-10-29 00:00:00,2025-10-29 00:00:00,2026-06-25 13:54:00
3425,user_3425@test.com,$2a$10$7zB3qQzEcbB7mU5eL2n9fO0xH98o2tYpM.2s5lR7wE.2F8u7y6X1.,홍도영,010-6281-9732,1995-02-17,ROLE_USER,ACTIVE,2025-04-06 00:00:00,2025-04-06 00:00:00,2026-05-25 13:16:00
3426,user_3426@test.com,$2a$10$7zB3qQzEcbB7mU5eL2n9fO0xH98o2tYpM.2s5lR7wE.2F8u7y6X1.,홍하현,010-4966-1249,1998-04-27,ROLE_USER,ACTIVE,2023-11-08 00:00:00,2023-11-08 00:00:00,2026-04-26 09:27:00
3427,user_3427@test.com,$2a$10$7zB3qQzEcbB7mU5eL2n9fO0xH98o2tYpM.2s5lR7wE.2F8u7y6X1.,정도아,010-7194-3122,1981-08-20,ROLE_USER,ACTIVE,2024-10-11 00:00:00,2024-10-11 00:00:00,2026-07-01 22:32:00
3428,user_3428@test.com,$2a$10$7zB3qQzEcbB7mU5eL2n9fO0xH98o2tYpM.2s5lR7wE.2F8u7y6X1.,김주우,010-7881-9709,1974-06-27,ROLE_USER,ACTIVE,2024-06-20 00:00:00,2024-06-20 00:00:00,2026-06-30 17:52:00
3429,user_3429@test.com,$2a$10$7zB3qQzEcbB7mU5eL2n9fO0xH98o2tYpM.2s5lR7wE.2F8u7y6X1.,최주우,010-2382-5572,1983-03-25,ROLE_USER,ACTIVE,2026-05-10 00:00:00,2026-05-10 00:00:00,2026-07-02 14:59:00
3430,user_3430@test.com,$2a$10$7zB3qQzEcbB7mU5eL2n9fO0xH98o2tYpM.2s5lR7wE.2F8u7y6X1.,박예수,010-1928-6409,1990-04-02,ROLE_USER,ACTIVE,2025-01-28 00:00:00,2025-01-28 00:00:00,2026-06-29 13:28:00
3431,user_3431@test.com,$2a$10$7zB3qQzEcbB7mU5eL2n9fO0xH98o2tYpM.2s5lR7wE.2F8u7y6X1.,윤시준,010-3393-8255,1972-02-09,ROLE_USER,ACTIVE,2024-09-03 00:00:00,2024-09-03 00:00:00,2026-06-19 21:45:00
3432,user_3432@test.com,$2a$10$7zB3qQzEcbB7mU5eL2n9fO0xH98o2tYpM.2s5lR7wE.2F8u7y6X1.,전서아,010-9382-3080,1998-11-20,ROLE_USER,ACTIVE,2025-04-21 00:00:00,2025-04-21 00:00:00,2026-06-26 12:49:00
3433,user_3433@test.com,$2a$10$7zB3qQzEcbB7mU5eL2n9fO0xH98o2tYpM.2s5lR7wE.2F8u7y6X1.,송현아,010-5151-3770,1970-05-05,ROLE_USER,ACTIVE,2026-03-19 00:00:00,2026-03-19 00:00:00,2026-07-02 08:02:00
3434,user_3434@test.com,$2a$10$7zB3qQzEcbB7mU5eL2n9fO0xH98o2tYpM.2s5lR7wE.2F8u7y6X1.,이하혁,010-3070-8669,1991-05-03,ROLE_USER,ACTIVE,2025-03-03 00:00:00,2025-03-03 00:00:00,2026-06-22 17:44:00
3435,user_3435@test.com,$2a$10$7zB3qQzEcbB7mU5eL2n9fO0xH98o2tYpM.2s5lR7wE.2F8u7y6X1.,정승인,010-4746-4431,2000-07-10,ROLE_USER,ACTIVE,2024-12-11 00:00:00,2024-12-11 00:00:00,2026-06-28 09:12:00
3436,user_3436@test.com,$2a$10$7zB3qQzEcbB7mU5eL2n9fO0xH98o2tYpM.2s5lR7wE.2F8u7y6X1.,강서아,010-8624-5499,1992-07-27,ROLE_USER,ACTIVE,2024-08-04 00:00:00,2024-08-04 00:00:00,2026-06-10 09:57:00
3437,user_3437@test.com,$2a$10$7zB3qQzEcbB7mU5eL2n9fO0xH98o2tYpM.2s5lR7wE.2F8u7y6X1.,한예우,010-8111-3108,1989-01-23,ROLE_USER,ACTIVE,2024-09-06 00:00:00,2024-09-06 00:00:00,2026-06-25 19:38:00
3438,user_3438@test.com,$2a$10$7zB3qQzEcbB7mU5eL2n9fO0xH98o2tYpM.2s5lR7wE.2F8u7y6X1.,박승우,010-7893-4610,1999-03-20,ROLE_USER,ACTIVE,2026-03-01 00:00:00,2026-03-01 00:00:00,2026-06-21 22:55:00
3439,user_3439@test.com,$2a$10$7zB3qQzEcbB7mU5eL2n9fO0xH98o2tYpM.2s5lR7wE.2F8u7y6X1.,임승혁,010-9971-8396,1996-02-15,ROLE_USER,ACTIVE,2026-02-01 00:00:00,2026-02-01 00:00:00,2026-06-23 18:45:00
3440,user_3440@test.com,$2a$10$7zB3qQzEcbB7mU5eL2n9fO0xH98o2tYpM.2s5lR7wE.2F8u7y6X1.,전예율,010-3448-1975,1981-01-16,ROLE_USER,ACTIVE,2024-03-11 00:00:00,2024-03-11 00:00:00,2026-06-24 15:21:00
3441,user_3441@test.com,$2a$10$7zB3qQzEcbB7mU5eL2n9fO0xH98o2tYpM.2s5lR7wE.2F8u7y6X1.,서도빈,010-4309-8568,1971-05-26,ROLE_USER,ACTIVE,2024-04-22 00:00:00,2024-04-22 00:00:00,2026-06-20 09:57:00
3442,user_3442@test.com,$2a$10$7zB3qQzEcbB7mU5eL2n9fO0xH98o2tYpM.2s5lR7wE.2F8u7y6X1.,황승인,010-2838-8978,1983-01-07,ROLE_USER,ACTIVE,2026-03-10 00:00:00,2026-03-10 00:00:00,2026-06-30 12:51:00
3443,user_3443@test.com,$2a$10$7zB3qQzEcbB7mU5eL2n9fO0xH98o2tYpM.2s5lR7wE.2F8u7y6X1.,권도인,010-2693-3388,1976-12-14,ROLE_USER,ACTIVE,2025-10-25 00:00:00,2025-10-25 00:00:00,2026-06-24 09:47:00
3444,user_3444@test.com,$2a$10$7zB3qQzEcbB7mU5eL2n9fO0xH98o2tYpM.2s5lR7wE.2F8u7y6X1.,오은영,010-8447-4649,1981-08-05,ROLE_USER,ACTIVE,2025-01-26 00:00:00,2025-01-26 00:00:00,2026-06-29 12:42:00
3445,user_3445@test.com,$2a$10$7zB3qQzEcbB7mU5eL2n9fO0xH98o2tYpM.2s5lR7wE.2F8u7y6X1.,최주빈,010-5816-2337,1990-04-21,ROLE_USER,ACTIVE,2024-11-27 00:00:00,2024-11-27 00:00:00,2026-06-26 21:27:00
3446,user_3446@test.com,$2a$10$7zB3qQzEcbB7mU5eL2n9fO0xH98o2tYpM.2s5lR7wE.2F8u7y6X1.,한태영,010-1381-2772,1986-08-24,ROLE_USER,ACTIVE,2025-04-16 00:00:00,2025-04-16 00:00:00,2026-06-19 13:29:00
3447,user_3447@test.com,$2a$10$7zB3qQzEcbB7mU5eL2n9fO0xH98o2tYpM.2s5lR7wE.2F8u7y6X1.,오주현,010-8027-2967,1993-05-04,ROLE_USER,ACTIVE,2024-02-24 00:00:00,2024-02-24 00:00:00,2026-06-19 18:16:00
3448,user_3448@test.com,$2a$10$7zB3qQzEcbB7mU5eL2n9fO0xH98o2tYpM.2s5lR7wE.2F8u7y6X1.,윤도아,010-9965-3771,1979-09-06,ROLE_USER,ACTIVE,2025-06-28 00:00:00,2025-06-28 00:00:00,2026-06-22 08:39:00
3449,user_3449@test.com,$2a$10$7zB3qQzEcbB7mU5eL2n9fO0xH98o2tYpM.2s5lR7wE.2F8u7y6X1.,정지인,010-6336-4769,2003-09-14,ROLE_USER,ACTIVE,2026-05-05 00:00:00,2026-05-05 00:00:00,2026-05-26 21:17:00
3450,user_3450@test.com,$2a$10$7zB3qQzEcbB7mU5eL2n9fO0xH98o2tYpM.2s5lR7wE.2F8u7y6X1.,윤시아,010-7864-9768,1981-03-04,ROLE_USER,ACTIVE,2023-11-12 00:00:00,2023-11-12 00:00:00,2026-04-26 15:44:00
3451,user_3451@test.com,$2a$10$7zB3qQzEcbB7mU5eL2n9fO0xH98o2tYpM.2s5lR7wE.2F8u7y6X1.,한은빈,010-7357-1847,2001-04-06,ROLE_USER,ACTIVE,2025-09-12 00:00:00,2025-09-12 00:00:00,2026-06-20 17:36:00
3452,user_3452@test.com,$2a$10$7zB3qQzEcbB7mU5eL2n9fO0xH98o2tYpM.2s5lR7wE.2F8u7y6X1.,황예빈,010-7115-9303,1985-10-10,ROLE_USER,ACTIVE,2025-12-05 00:00:00,2025-12-05 00:00:00,2026-06-19 17:15:00
3453,user_3453@test.com,$2a$10$7zB3qQzEcbB7mU5eL2n9fO0xH98o2tYpM.2s5lR7wE.2F8u7y6X1.,안민우,010-5196-1229,1986-04-05,ROLE_USER,ACTIVE,2026-05-02 00:00:00,2026-05-02 00:00:00,2026-07-01 17:18:00
3454,user_3454@test.com,$2a$10$7zB3qQzEcbB7mU5eL2n9fO0xH98o2tYpM.2s5lR7wE.2F8u7y6X1.,전민율,010-2778-9016,1974-08-15,ROLE_USER,ACTIVE,2023-10-31 00:00:00,2023-10-31 00:00:00,2026-06-23 09:22:00
3455,user_3455@test.com,$2a$10$7zB3qQzEcbB7mU5eL2n9fO0xH98o2tYpM.2s5lR7wE.2F8u7y6X1.,장은율,010-6237-1885,1988-09-19,ROLE_USER,ACTIVE,2025-04-20 00:00:00,2025-04-20 00:00:00,2026-06-25 13:15:00
3456,user_3456@test.com,$2a$10$7zB3qQzEcbB7mU5eL2n9fO0xH98o2tYpM.2s5lR7wE.2F8u7y6X1.,신시준,010-8237-7829,1994-03-08,ROLE_USER,ACTIVE,2025-06-05 00:00:00,2025-06-05 00:00:00,2026-06-21 16:10:00
3457,user_3457@test.com,$2a$10$7zB3qQzEcbB7mU5eL2n9fO0xH98o2tYpM.2s5lR7wE.2F8u7y6X1.,김승빈,010-6328-8159,1984-08-10,ROLE_USER,ACTIVE,2023-11-24 00:00:00,2023-11-24 00:00:00,2026-06-19 12:26:00
3458,user_3458@test.com,$2a$10$7zB3qQzEcbB7mU5eL2n9fO0xH98o2tYpM.2s5lR7wE.2F8u7y6X1.,황지혁,010-9810-6429,1978-02-11,ROLE_USER,ACTIVE,2025-05-26 00:00:00,2025-05-26 00:00:00,2026-06-18 14:45:00
3459,user_3459@test.com,$2a$10$7zB3qQzEcbB7mU5eL2n9fO0xH98o2tYpM.2s5lR7wE.2F8u7y6X1.,임현현,010-9354-8685,1990-05-14,ROLE_USER,ACTIVE,2025-09-09 00:00:00,2025-09-09 00:00:00,2026-06-27 18:38:00
3460,user_3460@test.com,$2a$10$7zB3qQzEcbB7mU5eL2n9fO0xH98o2tYpM.2s5lR7wE.2F8u7y6X1.,김민혁,010-7508-7709,1970-12-15,ROLE_USER,ACTIVE,2024-09-27 00:00:00,2024-09-27 00:00:00,2026-06-28 14:03:00
3461,user_3461@test.com,$2a$10$7zB3qQzEcbB7mU5eL2n9fO0xH98o2tYpM.2s5lR7wE.2F8u7y6X1.,정태영,010-2668-3238,1993-11-06,ROLE_USER,ACTIVE,2025-07-25 00:00:00,2025-07-25 00:00:00,2026-06-26 20:19:00
3462,user_3462@test.com,$2a$10$7zB3qQzEcbB7mU5eL2n9fO0xH98o2tYpM.2s5lR7wE.2F8u7y6X1.,한지준,010-7469-5387,1977-04-01,ROLE_USER,ACTIVE,2025-01-05 00:00:00,2025-01-05 00:00:00,2026-07-01 19:01:00
3463,user_3463@test.com,$2a$10$7zB3qQzEcbB7mU5eL2n9fO0xH98o2tYpM.2s5lR7wE.2F8u7y6X1.,박태수,010-1227-7526,1974-10-21,ROLE_USER,ACTIVE,2025-05-23 00:00:00,2025-05-23 00:00:00,2026-06-30 14:36:00
3464,user_3464@test.com,$2a$10$7zB3qQzEcbB7mU5eL2n9fO0xH98o2tYpM.2s5lR7wE.2F8u7y6X1.,홍서율,010-1379-3646,1990-05-17,ROLE_USER,ACTIVE,2025-11-15 00:00:00,2025-11-15 00:00:00,2026-06-03 20:45:00
3465,user_3465@test.com,$2a$10$7zB3qQzEcbB7mU5eL2n9fO0xH98o2tYpM.2s5lR7wE.2F8u7y6X1.,김은우,010-6149-6128,1977-05-24,ROLE_USER,ACTIVE,2024-01-05 00:00:00,2024-01-05 00:00:00,2026-07-01 20:34:00
3466,user_3466@test.com,$2a$10$7zB3qQzEcbB7mU5eL2n9fO0xH98o2tYpM.2s5lR7wE.2F8u7y6X1.,안현인,010-8466-1031,1995-08-07,ROLE_USER,ACTIVE,2024-11-19 00:00:00,2024-11-19 00:00:00,2026-06-11 21:18:00
3467,user_3467@test.com,$2a$10$7zB3qQzEcbB7mU5eL2n9fO0xH98o2tYpM.2s5lR7wE.2F8u7y6X1.,신현아,010-8786-8709,2003-04-11,ROLE_USER,ACTIVE,2024-06-20 00:00:00,2024-06-20 00:00:00,2026-06-27 08:13:00
3468,user_3468@test.com,$2a$10$7zB3qQzEcbB7mU5eL2n9fO0xH98o2tYpM.2s5lR7wE.2F8u7y6X1.,정하빈,010-9076-6595,1974-10-08,ROLE_USER,ACTIVE,2026-05-07 00:00:00,2026-05-07 00:00:00,2026-06-01 22:08:00
3469,user_3469@test.com,$2a$10$7zB3qQzEcbB7mU5eL2n9fO0xH98o2tYpM.2s5lR7wE.2F8u7y6X1.,송주원,010-3962-7648,1999-07-28,ROLE_USER,ACTIVE,2026-05-25 00:00:00,2026-05-25 00:00:00,2026-06-17 12:15:00
3470,user_3470@test.com,$2a$10$7zB3qQzEcbB7mU5eL2n9fO0xH98o2tYpM.2s5lR7wE.2F8u7y6X1.,전주율,010-6520-3252,2001-12-26,ROLE_USER,ACTIVE,2025-11-18 00:00:00,2025-11-18 00:00:00,2026-04-05 13:19:00
3471,user_3471@test.com,$2a$10$7zB3qQzEcbB7mU5eL2n9fO0xH98o2tYpM.2s5lR7wE.2F8u7y6X1.,홍서영,010-9614-5370,1976-08-03,ROLE_USER,ACTIVE,2025-06-28 00:00:00,2025-06-28 00:00:00,2026-06-21 19:38:00
3472,user_3472@test.com,$2a$10$7zB3qQzEcbB7mU5eL2n9fO0xH98o2tYpM.2s5lR7wE.2F8u7y6X1.,강태영,010-4569-6083,1991-10-18,ROLE_USER,ACTIVE,2024-08-02 00:00:00,2024-08-02 00:00:00,2026-06-28 19:37:00
3473,user_3473@test.com,$2a$10$7zB3qQzEcbB7mU5eL2n9fO0xH98o2tYpM.2s5lR7wE.2F8u7y6X1.,한태인,010-8615-6981,1990-10-02,ROLE_USER,ACTIVE,2025-08-23 00:00:00,2025-08-23 00:00:00,2026-06-22 20:49:00
3474,user_3474@test.com,$2a$10$7zB3qQzEcbB7mU5eL2n9fO0xH98o2tYpM.2s5lR7wE.2F8u7y6X1.,이도현,010-6511-2954,1987-10-20,ROLE_USER,ACTIVE,2026-01-07 00:00:00,2026-01-07 00:00:00,2026-06-24 20:04:00
3475,user_3475@test.com,$2a$10$7zB3qQzEcbB7mU5eL2n9fO0xH98o2tYpM.2s5lR7wE.2F8u7y6X1.,박민빈,010-9752-8603,1986-02-01,ROLE_USER,ACTIVE,2025-09-23 00:00:00,2025-09-23 00:00:00,2026-07-01 21:41:00
3476,user_3476@test.com,$2a$10$7zB3qQzEcbB7mU5eL2n9fO0xH98o2tYpM.2s5lR7wE.2F8u7y6X1.,김예현,010-6037-8366,1994-10-22,ROLE_USER,ACTIVE,2025-10-28 00:00:00,2025-10-28 00:00:00,2026-06-24 09:12:00
3477,user_3477@test.com,$2a$10$7zB3qQzEcbB7mU5eL2n9fO0xH98o2tYpM.2s5lR7wE.2F8u7y6X1.,서태영,010-7973-7127,1982-10-05,ROLE_USER,ACTIVE,2025-03-25 00:00:00,2025-03-25 00:00:00,2026-06-30 20:43:00
3478,user_3478@test.com,$2a$10$7zB3qQzEcbB7mU5eL2n9fO0xH98o2tYpM.2s5lR7wE.2F8u7y6X1.,안현수,010-1069-4124,2002-02-21,ROLE_USER,ACTIVE,2025-06-17 00:00:00,2025-06-17 00:00:00,2026-06-29 17:17:00
3479,user_3479@test.com,$2a$10$7zB3qQzEcbB7mU5eL2n9fO0xH98o2tYpM.2s5lR7wE.2F8u7y6X1.,강시원,010-5583-9118,1984-12-04,ROLE_USER,ACTIVE,2025-01-03 00:00:00,2025-01-03 00:00:00,2026-06-26 08:31:00
3480,user_3480@test.com,$2a$10$7zB3qQzEcbB7mU5eL2n9fO0xH98o2tYpM.2s5lR7wE.2F8u7y6X1.,황승수,010-6075-1983,1976-05-19,ROLE_USER,ACTIVE,2024-06-26 00:00:00,2024-06-26 00:00:00,2026-06-22 08:09:00
3481,user_3481@test.com,$2a$10$7zB3qQzEcbB7mU5eL2n9fO0xH98o2tYpM.2s5lR7wE.2F8u7y6X1.,최승준,010-8427-4918,1995-08-09,ROLE_USER,ACTIVE,2025-06-28 00:00:00,2025-06-28 00:00:00,2026-07-02 20:05:00
3482,user_3482@test.com,$2a$10$7zB3qQzEcbB7mU5eL2n9fO0xH98o2tYpM.2s5lR7wE.2F8u7y6X1.,장주빈,010-3302-6544,2003-06-02,ROLE_USER,ACTIVE,2024-02-11 00:00:00,2024-02-11 00:00:00,2026-06-28 13:24:00
3483,user_3483@test.com,$2a$10$7zB3qQzEcbB7mU5eL2n9fO0xH98o2tYpM.2s5lR7wE.2F8u7y6X1.,송시아,010-5874-1805,1996-02-06,ROLE_USER,ACTIVE,2023-12-11 00:00:00,2023-12-11 00:00:00,2026-07-01 21:33:00
3484,user_3484@test.com,$2a$10$7zB3qQzEcbB7mU5eL2n9fO0xH98o2tYpM.2s5lR7wE.2F8u7y6X1.,정주아,010-5750-1619,1998-12-25,ROLE_USER,ACTIVE,2025-05-16 00:00:00,2025-05-16 00:00:00,2026-06-28 14:19:00
3485,user_3485@test.com,$2a$10$7zB3qQzEcbB7mU5eL2n9fO0xH98o2tYpM.2s5lR7wE.2F8u7y6X1.,권민혁,010-5766-2337,1972-09-17,ROLE_USER,ACTIVE,2024-09-04 00:00:00,2024-09-04 00:00:00,2026-06-22 18:26:00
3486,user_3486@test.com,$2a$10$7zB3qQzEcbB7mU5eL2n9fO0xH98o2tYpM.2s5lR7wE.2F8u7y6X1.,조민아,010-8852-6943,1971-08-23,ROLE_USER,ACTIVE,2024-05-03 00:00:00,2024-05-03 00:00:00,2026-06-29 18:34:00
3487,user_3487@test.com,$2a$10$7zB3qQzEcbB7mU5eL2n9fO0xH98o2tYpM.2s5lR7wE.2F8u7y6X1.,김예준,010-1497-1637,1986-04-05,ROLE_USER,ACTIVE,2025-10-20 00:00:00,2025-10-20 00:00:00,2026-06-06 20:49:00
3488,user_3488@test.com,$2a$10$7zB3qQzEcbB7mU5eL2n9fO0xH98o2tYpM.2s5lR7wE.2F8u7y6X1.,서예현,010-8016-1031,1987-11-07,ROLE_USER,ACTIVE,2023-10-06 00:00:00,2023-10-06 00:00:00,2026-07-02 21:56:00
3489,user_3489@test.com,$2a$10$7zB3qQzEcbB7mU5eL2n9fO0xH98o2tYpM.2s5lR7wE.2F8u7y6X1.,오도율,010-4061-3846,1991-05-26,ROLE_USER,ACTIVE,2025-09-09 00:00:00,2025-09-09 00:00:00,2026-07-01 11:13:00
3490,user_3490@test.com,$2a$10$7zB3qQzEcbB7mU5eL2n9fO0xH98o2tYpM.2s5lR7wE.2F8u7y6X1.,전도인,010-5877-8264,1970-07-25,ROLE_USER,ACTIVE,2024-09-03 00:00:00,2024-09-03 00:00:00,2026-06-30 10:37:00
3491,user_3491@test.com,$2a$10$7zB3qQzEcbB7mU5eL2n9fO0xH98o2tYpM.2s5lR7wE.2F8u7y6X1.,윤지우,010-6407-3127,1997-10-23,ROLE_USER,ACTIVE,2025-05-14 00:00:00,2025-05-14 00:00:00,2026-07-02 17:44:00
3492,user_3492@test.com,$2a$10$7zB3qQzEcbB7mU5eL2n9fO0xH98o2tYpM.2s5lR7wE.2F8u7y6X1.,서서율,010-8398-1576,1993-10-28,ROLE_USER,ACTIVE,2024-04-23 00:00:00,2024-04-23 00:00:00,2026-06-06 16:33:00
3493,user_3493@test.com,$2a$10$7zB3qQzEcbB7mU5eL2n9fO0xH98o2tYpM.2s5lR7wE.2F8u7y6X1.,최하빈,010-3268-8080,1987-09-24,ROLE_USER,ACTIVE,2025-04-12 00:00:00,2025-04-12 00:00:00,2026-06-24 12:38:00
3494,user_3494@test.com,$2a$10$7zB3qQzEcbB7mU5eL2n9fO0xH98o2tYpM.2s5lR7wE.2F8u7y6X1.,장서율,010-4006-7079,1970-11-19,ROLE_USER,ACTIVE,2023-10-13 00:00:00,2023-10-13 00:00:00,2026-05-15 22:19:00
3495,user_3495@test.com,$2a$10$7zB3qQzEcbB7mU5eL2n9fO0xH98o2tYpM.2s5lR7wE.2F8u7y6X1.,조현준,010-4230-5956,1978-05-14,ROLE_USER,ACTIVE,2025-11-18 00:00:00,2025-11-18 00:00:00,2026-06-18 13:34:00
3496,user_3496@test.com,$2a$10$7zB3qQzEcbB7mU5eL2n9fO0xH98o2tYpM.2s5lR7wE.2F8u7y6X1.,장현준,010-9296-5862,1988-01-19,ROLE_USER,ACTIVE,2024-04-03 00:00:00,2024-04-03 00:00:00,2026-06-27 11:40:00
3497,user_3497@test.com,$2a$10$7zB3qQzEcbB7mU5eL2n9fO0xH98o2tYpM.2s5lR7wE.2F8u7y6X1.,임주아,010-1638-6451,1997-07-14,ROLE_USER,ACTIVE,2024-03-29 00:00:00,2024-03-29 00:00:00,2026-06-21 12:43:00
3498,user_3498@test.com,$2a$10$7zB3qQzEcbB7mU5eL2n9fO0xH98o2tYpM.2s5lR7wE.2F8u7y6X1.,서서인,010-1758-8154,1976-10-19,ROLE_USER,ACTIVE,2026-05-23 00:00:00,2026-05-23 00:00:00,2026-05-17 17:23:00
3499,user_3499@test.com,$2a$10$7zB3qQzEcbB7mU5eL2n9fO0xH98o2tYpM.2s5lR7wE.2F8u7y6X1.,윤민율,010-9238-1479,1973-08-04,ROLE_USER,ACTIVE,2023-11-11 00:00:00,2023-11-11 00:00:00,2026-06-18 22:09:00
3500,user_3500@test.com,$2a$10$7zB3qQzEcbB7mU5eL2n9fO0xH98o2tYpM.2s5lR7wE.2F8u7y6X1.,한지수,010-3185-5372,2002-08-17,ROLE_USER,ACTIVE,2024-12-05 00:00:00,2024-12-05 00:00:00,2026-06-20 12:01:00
3501,user_3501@test.com,$2a$10$7zB3qQzEcbB7mU5eL2n9fO0xH98o2tYpM.2s5lR7wE.2F8u7y6X1.,박주우,010-8621-3042,1991-04-12,ROLE_USER,ACTIVE,2024-06-08 00:00:00,2024-06-08 00:00:00,2026-06-30 21:07:00
3502,user_3502@test.com,$2a$10$7zB3qQzEcbB7mU5eL2n9fO0xH98o2tYpM.2s5lR7wE.2F8u7y6X1.,박현우,010-8270-3380,2002-03-05,ROLE_USER,ACTIVE,2024-01-19 00:00:00,2024-01-19 00:00:00,2026-06-23 11:24:00
3503,user_3503@test.com,$2a$10$7zB3qQzEcbB7mU5eL2n9fO0xH98o2tYpM.2s5lR7wE.2F8u7y6X1.,송민준,010-1749-2718,1974-04-05,ROLE_USER,ACTIVE,2025-06-10 00:00:00,2025-06-10 00:00:00,2026-06-18 17:21:00
3504,user_3504@test.com,$2a$10$7zB3qQzEcbB7mU5eL2n9fO0xH98o2tYpM.2s5lR7wE.2F8u7y6X1.,황도현,010-6810-1500,1989-01-17,ROLE_USER,ACTIVE,2025-08-26 00:00:00,2025-08-26 00:00:00,2026-06-20 11:13:00
3505,user_3505@test.com,$2a$10$7zB3qQzEcbB7mU5eL2n9fO0xH98o2tYpM.2s5lR7wE.2F8u7y6X1.,오주수,010-4301-7439,1996-08-01,ROLE_USER,ACTIVE,2025-09-01 00:00:00,2025-09-01 00:00:00,2026-07-01 18:17:00
3506,user_3506@test.com,$2a$10$7zB3qQzEcbB7mU5eL2n9fO0xH98o2tYpM.2s5lR7wE.2F8u7y6X1.,강승현,010-6706-7952,1988-01-06,ROLE_USER,ACTIVE,2025-02-15 00:00:00,2025-02-15 00:00:00,2026-06-21 20:11:00
3507,user_3507@test.com,$2a$10$7zB3qQzEcbB7mU5eL2n9fO0xH98o2tYpM.2s5lR7wE.2F8u7y6X1.,안도율,010-7428-2310,1970-10-09,ROLE_USER,ACTIVE,2025-09-05 00:00:00,2025-09-05 00:00:00,2026-06-19 20:46:00
3508,user_3508@test.com,$2a$10$7zB3qQzEcbB7mU5eL2n9fO0xH98o2tYpM.2s5lR7wE.2F8u7y6X1.,안지인,010-9221-9833,1973-03-17,ROLE_USER,ACTIVE,2024-05-01 00:00:00,2024-05-01 00:00:00,2026-07-01 20:18:00
3509,user_3509@test.com,$2a$10$7zB3qQzEcbB7mU5eL2n9fO0xH98o2tYpM.2s5lR7wE.2F8u7y6X1.,정서우,010-9378-4349,2000-08-28,ROLE_USER,ACTIVE,2025-08-18 00:00:00,2025-08-18 00:00:00,2026-07-02 18:58:00
3510,user_3510@test.com,$2a$10$7zB3qQzEcbB7mU5eL2n9fO0xH98o2tYpM.2s5lR7wE.2F8u7y6X1.,한서율,010-8889-6131,1974-09-23,ROLE_USER,ACTIVE,2024-07-23 00:00:00,2024-07-23 00:00:00,2026-06-24 18:15:00
3511,user_3511@test.com,$2a$10$7zB3qQzEcbB7mU5eL2n9fO0xH98o2tYpM.2s5lR7wE.2F8u7y6X1.,김도빈,010-7639-9822,2000-03-22,ROLE_USER,ACTIVE,2024-08-20 00:00:00,2024-08-20 00:00:00,2026-06-23 09:35:00
3512,user_3512@test.com,$2a$10$7zB3qQzEcbB7mU5eL2n9fO0xH98o2tYpM.2s5lR7wE.2F8u7y6X1.,정은율,010-3272-6410,1973-05-03,ROLE_USER,ACTIVE,2024-06-22 00:00:00,2024-06-22 00:00:00,2026-06-07 08:26:00
3513,user_3513@test.com,$2a$10$7zB3qQzEcbB7mU5eL2n9fO0xH98o2tYpM.2s5lR7wE.2F8u7y6X1.,장태아,010-5512-6985,1985-03-03,ROLE_USER,ACTIVE,2026-04-12 00:00:00,2026-04-12 00:00:00,2026-06-28 18:40:00
3514,user_3514@test.com,$2a$10$7zB3qQzEcbB7mU5eL2n9fO0xH98o2tYpM.2s5lR7wE.2F8u7y6X1.,임승빈,010-8993-1100,1997-04-03,ROLE_USER,ACTIVE,2025-05-24 00:00:00,2025-05-24 00:00:00,2026-06-22 12:47:00
3515,user_3515@test.com,$2a$10$7zB3qQzEcbB7mU5eL2n9fO0xH98o2tYpM.2s5lR7wE.2F8u7y6X1.,신태영,010-6539-6139,1976-06-04,ROLE_USER,ACTIVE,2025-12-24 00:00:00,2025-12-24 00:00:00,2026-05-27 11:39:00
3516,user_3516@test.com,$2a$10$7zB3qQzEcbB7mU5eL2n9fO0xH98o2tYpM.2s5lR7wE.2F8u7y6X1.,최시아,010-5714-7439,1975-09-04,ROLE_USER,ACTIVE,2024-02-10 00:00:00,2024-02-10 00:00:00,2026-06-20 12:42:00
3517,user_3517@test.com,$2a$10$7zB3qQzEcbB7mU5eL2n9fO0xH98o2tYpM.2s5lR7wE.2F8u7y6X1.,송은현,010-1818-9183,1973-08-18,ROLE_USER,ACTIVE,2024-05-01 00:00:00,2024-05-01 00:00:00,2026-06-24 08:50:00
3518,user_3518@test.com,$2a$10$7zB3qQzEcbB7mU5eL2n9fO0xH98o2tYpM.2s5lR7wE.2F8u7y6X1.,전하인,010-3727-3909,2001-04-01,ROLE_USER,ACTIVE,2025-09-23 00:00:00,2025-09-23 00:00:00,2026-06-24 10:33:00
3519,user_3519@test.com,$2a$10$7zB3qQzEcbB7mU5eL2n9fO0xH98o2tYpM.2s5lR7wE.2F8u7y6X1.,정서원,010-3460-4209,1977-11-01,ROLE_USER,ACTIVE,2024-09-23 00:00:00,2024-09-23 00:00:00,2026-07-02 12:43:00
3520,user_3520@test.com,$2a$10$7zB3qQzEcbB7mU5eL2n9fO0xH98o2tYpM.2s5lR7wE.2F8u7y6X1.,최은인,010-3050-3669,1989-02-15,ROLE_USER,ACTIVE,2025-04-29 00:00:00,2025-04-29 00:00:00,2026-07-01 13:28:00
3521,user_3521@test.com,$2a$10$7zB3qQzEcbB7mU5eL2n9fO0xH98o2tYpM.2s5lR7wE.2F8u7y6X1.,박하원,010-1699-7550,1998-08-20,ROLE_USER,ACTIVE,2024-02-14 00:00:00,2024-02-14 00:00:00,2026-06-25 12:06:00
3522,user_3522@test.com,$2a$10$7zB3qQzEcbB7mU5eL2n9fO0xH98o2tYpM.2s5lR7wE.2F8u7y6X1.,윤지준,010-4555-7473,1999-12-16,ROLE_USER,ACTIVE,2024-06-29 00:00:00,2024-06-29 00:00:00,2026-06-26 08:56:00
3523,user_3523@test.com,$2a$10$7zB3qQzEcbB7mU5eL2n9fO0xH98o2tYpM.2s5lR7wE.2F8u7y6X1.,안주준,010-4332-8412,1977-05-19,ROLE_USER,ACTIVE,2023-11-18 00:00:00,2023-11-18 00:00:00,2026-06-25 21:33:00
3524,user_3524@test.com,$2a$10$7zB3qQzEcbB7mU5eL2n9fO0xH98o2tYpM.2s5lR7wE.2F8u7y6X1.,황시율,010-7662-8637,1986-05-12,ROLE_USER,ACTIVE,2025-06-04 00:00:00,2025-06-04 00:00:00,2026-06-29 14:43:00
3525,user_3525@test.com,$2a$10$7zB3qQzEcbB7mU5eL2n9fO0xH98o2tYpM.2s5lR7wE.2F8u7y6X1.,최태인,010-2645-3822,1977-12-10,ROLE_USER,ACTIVE,2025-10-20 00:00:00,2025-10-20 00:00:00,2026-06-20 17:38:00
3526,user_3526@test.com,$2a$10$7zB3qQzEcbB7mU5eL2n9fO0xH98o2tYpM.2s5lR7wE.2F8u7y6X1.,윤은혁,010-9064-9744,1983-03-06,ROLE_USER,ACTIVE,2025-09-12 00:00:00,2025-09-12 00:00:00,2026-06-24 08:52:00
3527,user_3527@test.com,$2a$10$7zB3qQzEcbB7mU5eL2n9fO0xH98o2tYpM.2s5lR7wE.2F8u7y6X1.,김승수,010-2885-6913,1972-01-12,ROLE_USER,ACTIVE,2026-02-16 00:00:00,2026-02-16 00:00:00,2026-06-20 21:24:00
3528,user_3528@test.com,$2a$10$7zB3qQzEcbB7mU5eL2n9fO0xH98o2tYpM.2s5lR7wE.2F8u7y6X1.,송태원,010-8051-9476,1995-04-13,ROLE_USER,ACTIVE,2025-05-01 00:00:00,2025-05-01 00:00:00,2026-06-22 16:42:00
3529,user_3529@test.com,$2a$10$7zB3qQzEcbB7mU5eL2n9fO0xH98o2tYpM.2s5lR7wE.2F8u7y6X1.,홍은수,010-4362-5312,1974-01-19,ROLE_USER,ACTIVE,2023-12-16 00:00:00,2023-12-16 00:00:00,2026-07-02 16:43:00
3530,user_3530@test.com,$2a$10$7zB3qQzEcbB7mU5eL2n9fO0xH98o2tYpM.2s5lR7wE.2F8u7y6X1.,김예수,010-4457-3092,1973-05-12,ROLE_USER,ACTIVE,2023-11-20 00:00:00,2023-11-20 00:00:00,2026-06-24 19:26:00
3531,user_3531@test.com,$2a$10$7zB3qQzEcbB7mU5eL2n9fO0xH98o2tYpM.2s5lR7wE.2F8u7y6X1.,오승아,010-6843-8252,1995-04-02,ROLE_USER,ACTIVE,2024-03-14 00:00:00,2024-03-14 00:00:00,2026-06-18 10:08:00
3532,user_3532@test.com,$2a$10$7zB3qQzEcbB7mU5eL2n9fO0xH98o2tYpM.2s5lR7wE.2F8u7y6X1.,최도혁,010-3619-9792,2000-01-19,ROLE_USER,ACTIVE,2024-12-13 00:00:00,2024-12-13 00:00:00,2026-06-20 16:16:00
3533,user_3533@test.com,$2a$10$7zB3qQzEcbB7mU5eL2n9fO0xH98o2tYpM.2s5lR7wE.2F8u7y6X1.,신민혁,010-7354-1652,2004-04-03,ROLE_USER,ACTIVE,2024-12-16 00:00:00,2024-12-16 00:00:00,2026-06-24 17:06:00
3534,user_3534@test.com,$2a$10$7zB3qQzEcbB7mU5eL2n9fO0xH98o2tYpM.2s5lR7wE.2F8u7y6X1.,권지영,010-3255-3406,1983-01-16,ROLE_USER,ACTIVE,2025-06-19 00:00:00,2025-06-19 00:00:00,2026-06-16 16:29:00
3535,user_3535@test.com,$2a$10$7zB3qQzEcbB7mU5eL2n9fO0xH98o2tYpM.2s5lR7wE.2F8u7y6X1.,윤태아,010-3400-9675,1973-05-12,ROLE_USER,ACTIVE,2024-03-06 00:00:00,2024-03-06 00:00:00,2026-06-28 10:52:00
3536,user_3536@test.com,$2a$10$7zB3qQzEcbB7mU5eL2n9fO0xH98o2tYpM.2s5lR7wE.2F8u7y6X1.,안민아,010-6355-8525,2004-06-26,ROLE_USER,ACTIVE,2024-01-30 00:00:00,2024-01-30 00:00:00,2026-07-02 14:39:00
3537,user_3537@test.com,$2a$10$7zB3qQzEcbB7mU5eL2n9fO0xH98o2tYpM.2s5lR7wE.2F8u7y6X1.,조은수,010-3536-6672,1993-09-19,ROLE_USER,ACTIVE,2025-07-15 00:00:00,2025-07-15 00:00:00,2026-06-22 09:48:00
3538,user_3538@test.com,$2a$10$7zB3qQzEcbB7mU5eL2n9fO0xH98o2tYpM.2s5lR7wE.2F8u7y6X1.,신도우,010-8606-3782,2004-10-14,ROLE_USER,ACTIVE,2024-06-27 00:00:00,2024-06-27 00:00:00,2026-06-26 16:44:00
3539,user_3539@test.com,$2a$10$7zB3qQzEcbB7mU5eL2n9fO0xH98o2tYpM.2s5lR7wE.2F8u7y6X1.,박하현,010-7019-6361,1990-11-12,ROLE_USER,ACTIVE,2024-01-24 00:00:00,2024-01-24 00:00:00,2026-06-20 11:38:00
3540,user_3540@test.com,$2a$10$7zB3qQzEcbB7mU5eL2n9fO0xH98o2tYpM.2s5lR7wE.2F8u7y6X1.,오지인,010-9599-6989,1992-04-09,ROLE_USER,ACTIVE,2024-11-24 00:00:00,2024-11-24 00:00:00,2026-07-01 10:07:00
3541,user_3541@test.com,$2a$10$7zB3qQzEcbB7mU5eL2n9fO0xH98o2tYpM.2s5lR7wE.2F8u7y6X1.,박민율,010-7037-6683,1996-02-03,ROLE_USER,ACTIVE,2025-12-08 00:00:00,2025-12-08 00:00:00,2026-06-28 17:45:00
3542,user_3542@test.com,$2a$10$7zB3qQzEcbB7mU5eL2n9fO0xH98o2tYpM.2s5lR7wE.2F8u7y6X1.,윤도우,010-5028-3391,1987-03-06,ROLE_USER,ACTIVE,2025-10-19 00:00:00,2025-10-19 00:00:00,2026-05-26 12:10:00
3543,user_3543@test.com,$2a$10$7zB3qQzEcbB7mU5eL2n9fO0xH98o2tYpM.2s5lR7wE.2F8u7y6X1.,송은율,010-4479-7158,1980-09-20,ROLE_USER,ACTIVE,2025-01-14 00:00:00,2025-01-14 00:00:00,2026-06-27 13:07:00
3544,user_3544@test.com,$2a$10$7zB3qQzEcbB7mU5eL2n9fO0xH98o2tYpM.2s5lR7wE.2F8u7y6X1.,장예율,010-7674-1115,1992-07-11,ROLE_USER,ACTIVE,2025-01-17 00:00:00,2025-01-17 00:00:00,2026-06-28 11:22:00
3545,user_3545@test.com,$2a$10$7zB3qQzEcbB7mU5eL2n9fO0xH98o2tYpM.2s5lR7wE.2F8u7y6X1.,황현현,010-7165-5273,1994-02-20,ROLE_USER,ACTIVE,2024-02-10 00:00:00,2024-02-10 00:00:00,2026-06-29 09:30:00
3546,user_3546@test.com,$2a$10$7zB3qQzEcbB7mU5eL2n9fO0xH98o2tYpM.2s5lR7wE.2F8u7y6X1.,한주준,010-8923-8358,1995-11-21,ROLE_USER,ACTIVE,2026-02-18 00:00:00,2026-02-18 00:00:00,2026-06-19 17:16:00
3547,user_3547@test.com,$2a$10$7zB3qQzEcbB7mU5eL2n9fO0xH98o2tYpM.2s5lR7wE.2F8u7y6X1.,이현아,010-7026-9392,1976-03-01,ROLE_USER,ACTIVE,2024-07-17 00:00:00,2024-07-17 00:00:00,2026-06-30 18:24:00
3548,user_3548@test.com,$2a$10$7zB3qQzEcbB7mU5eL2n9fO0xH98o2tYpM.2s5lR7wE.2F8u7y6X1.,강서영,010-9493-8807,1982-08-01,ROLE_USER,ACTIVE,2026-03-10 00:00:00,2026-03-10 00:00:00,2026-06-20 08:36:00
3549,user_3549@test.com,$2a$10$7zB3qQzEcbB7mU5eL2n9fO0xH98o2tYpM.2s5lR7wE.2F8u7y6X1.,신태수,010-2797-8765,1979-12-14,ROLE_USER,ACTIVE,2024-07-10 00:00:00,2024-07-10 00:00:00,2026-06-19 11:35:00
3550,user_3550@test.com,$2a$10$7zB3qQzEcbB7mU5eL2n9fO0xH98o2tYpM.2s5lR7wE.2F8u7y6X1.,홍주우,010-4500-1393,1983-04-16,ROLE_USER,ACTIVE,2024-10-07 00:00:00,2024-10-07 00:00:00,2026-06-07 20:58:00
3551,user_3551@test.com,$2a$10$7zB3qQzEcbB7mU5eL2n9fO0xH98o2tYpM.2s5lR7wE.2F8u7y6X1.,박시원,010-2446-4545,1980-11-16,ROLE_USER,ACTIVE,2025-06-19 00:00:00,2025-06-19 00:00:00,2026-06-28 21:58:00
3552,user_3552@test.com,$2a$10$7zB3qQzEcbB7mU5eL2n9fO0xH98o2tYpM.2s5lR7wE.2F8u7y6X1.,이서빈,010-9012-4121,1979-07-19,ROLE_USER,ACTIVE,2025-06-15 00:00:00,2025-06-15 00:00:00,2026-06-29 20:26:00
3553,user_3553@test.com,$2a$10$7zB3qQzEcbB7mU5eL2n9fO0xH98o2tYpM.2s5lR7wE.2F8u7y6X1.,강주혁,010-3633-1777,2001-07-27,ROLE_USER,ACTIVE,2025-04-21 00:00:00,2025-04-21 00:00:00,2026-07-02 16:47:00
3554,user_3554@test.com,$2a$10$7zB3qQzEcbB7mU5eL2n9fO0xH98o2tYpM.2s5lR7wE.2F8u7y6X1.,최은우,010-3486-5917,1973-01-06,ROLE_USER,ACTIVE,2024-02-05 00:00:00,2024-02-05 00:00:00,2026-06-29 21:04:00
3555,user_3555@test.com,$2a$10$7zB3qQzEcbB7mU5eL2n9fO0xH98o2tYpM.2s5lR7wE.2F8u7y6X1.,권은영,010-9530-9807,1988-05-21,ROLE_USER,ACTIVE,2024-05-23 00:00:00,2024-05-23 00:00:00,2026-06-05 10:16:00
3556,user_3556@test.com,$2a$10$7zB3qQzEcbB7mU5eL2n9fO0xH98o2tYpM.2s5lR7wE.2F8u7y6X1.,박주아,010-5267-9836,1985-03-07,ROLE_USER,ACTIVE,2024-04-30 00:00:00,2024-04-30 00:00:00,2026-06-22 19:19:00
3557,user_3557@test.com,$2a$10$7zB3qQzEcbB7mU5eL2n9fO0xH98o2tYpM.2s5lR7wE.2F8u7y6X1.,장서원,010-3346-1214,2002-08-24,ROLE_USER,ACTIVE,2025-04-29 00:00:00,2025-04-29 00:00:00,2026-06-25 20:13:00
3558,user_3558@test.com,$2a$10$7zB3qQzEcbB7mU5eL2n9fO0xH98o2tYpM.2s5lR7wE.2F8u7y6X1.,임시빈,010-9565-1403,1989-08-12,ROLE_USER,ACTIVE,2025-08-17 00:00:00,2025-08-17 00:00:00,2026-06-28 20:24:00
3559,user_3559@test.com,$2a$10$7zB3qQzEcbB7mU5eL2n9fO0xH98o2tYpM.2s5lR7wE.2F8u7y6X1.,윤하인,010-7467-7955,2000-05-16,ROLE_USER,ACTIVE,2025-07-18 00:00:00,2025-07-18 00:00:00,2026-06-20 17:18:00
3560,user_3560@test.com,$2a$10$7zB3qQzEcbB7mU5eL2n9fO0xH98o2tYpM.2s5lR7wE.2F8u7y6X1.,조도혁,010-9676-6787,1977-09-26,ROLE_USER,ACTIVE,2025-03-30 00:00:00,2025-03-30 00:00:00,2026-06-09 14:56:00
3561,user_3561@test.com,$2a$10$7zB3qQzEcbB7mU5eL2n9fO0xH98o2tYpM.2s5lR7wE.2F8u7y6X1.,오현율,010-7951-6176,1999-03-12,ROLE_USER,ACTIVE,2024-02-19 00:00:00,2024-02-19 00:00:00,2026-06-18 18:45:00
3562,user_3562@test.com,$2a$10$7zB3qQzEcbB7mU5eL2n9fO0xH98o2tYpM.2s5lR7wE.2F8u7y6X1.,김예현,010-3909-4104,1993-06-13,ROLE_USER,ACTIVE,2026-01-20 00:00:00,2026-01-20 00:00:00,2026-06-30 11:33:00
3563,user_3563@test.com,$2a$10$7zB3qQzEcbB7mU5eL2n9fO0xH98o2tYpM.2s5lR7wE.2F8u7y6X1.,신은우,010-4728-1408,1978-06-04,ROLE_USER,ACTIVE,2024-01-25 00:00:00,2024-01-25 00:00:00,2026-06-27 14:34:00
3564,user_3564@test.com,$2a$10$7zB3qQzEcbB7mU5eL2n9fO0xH98o2tYpM.2s5lR7wE.2F8u7y6X1.,강은아,010-9599-6612,1976-12-27,ROLE_USER,ACTIVE,2024-08-12 00:00:00,2024-08-12 00:00:00,2026-06-19 08:15:00
3565,user_3565@test.com,$2a$10$7zB3qQzEcbB7mU5eL2n9fO0xH98o2tYpM.2s5lR7wE.2F8u7y6X1.,홍민수,010-1740-7406,1975-04-11,ROLE_USER,ACTIVE,2025-12-08 00:00:00,2025-12-08 00:00:00,2026-06-26 15:05:00
3566,user_3566@test.com,$2a$10$7zB3qQzEcbB7mU5eL2n9fO0xH98o2tYpM.2s5lR7wE.2F8u7y6X1.,오태율,010-7301-3979,1975-06-06,ROLE_USER,ACTIVE,2025-12-27 00:00:00,2025-12-27 00:00:00,2026-06-22 09:55:00
3567,user_3567@test.com,$2a$10$7zB3qQzEcbB7mU5eL2n9fO0xH98o2tYpM.2s5lR7wE.2F8u7y6X1.,황하우,010-4181-3862,1972-01-17,ROLE_USER,ACTIVE,2024-05-24 00:00:00,2024-05-24 00:00:00,2026-06-20 17:37:00
3568,user_3568@test.com,$2a$10$7zB3qQzEcbB7mU5eL2n9fO0xH98o2tYpM.2s5lR7wE.2F8u7y6X1.,최하율,010-3927-8547,1976-02-27,ROLE_USER,ACTIVE,2025-11-26 00:00:00,2025-11-26 00:00:00,2026-06-05 17:34:00
3569,user_3569@test.com,$2a$10$7zB3qQzEcbB7mU5eL2n9fO0xH98o2tYpM.2s5lR7wE.2F8u7y6X1.,안지수,010-4837-5582,1989-01-12,ROLE_USER,ACTIVE,2025-03-05 00:00:00,2025-03-05 00:00:00,2026-06-21 20:23:00
3570,user_3570@test.com,$2a$10$7zB3qQzEcbB7mU5eL2n9fO0xH98o2tYpM.2s5lR7wE.2F8u7y6X1.,홍하현,010-9746-3915,2003-07-12,ROLE_USER,ACTIVE,2024-08-03 00:00:00,2024-08-03 00:00:00,2026-06-11 18:03:00
3571,user_3571@test.com,$2a$10$7zB3qQzEcbB7mU5eL2n9fO0xH98o2tYpM.2s5lR7wE.2F8u7y6X1.,강도원,010-6445-1236,1992-09-26,ROLE_USER,ACTIVE,2024-06-05 00:00:00,2024-06-05 00:00:00,2026-06-21 22:12:00
3572,user_3572@test.com,$2a$10$7zB3qQzEcbB7mU5eL2n9fO0xH98o2tYpM.2s5lR7wE.2F8u7y6X1.,윤민수,010-4886-4400,1976-07-26,ROLE_USER,ACTIVE,2025-07-21 00:00:00,2025-07-21 00:00:00,2026-06-18 13:38:00
3573,user_3573@test.com,$2a$10$7zB3qQzEcbB7mU5eL2n9fO0xH98o2tYpM.2s5lR7wE.2F8u7y6X1.,오서아,010-3895-6719,2004-06-15,ROLE_USER,ACTIVE,2025-01-01 00:00:00,2025-01-01 00:00:00,2026-06-26 21:12:00
3574,user_3574@test.com,$2a$10$7zB3qQzEcbB7mU5eL2n9fO0xH98o2tYpM.2s5lR7wE.2F8u7y6X1.,안도빈,010-3341-3380,1996-11-19,ROLE_USER,ACTIVE,2026-03-23 00:00:00,2026-03-23 00:00:00,2026-06-28 18:16:00
3575,user_3575@test.com,$2a$10$7zB3qQzEcbB7mU5eL2n9fO0xH98o2tYpM.2s5lR7wE.2F8u7y6X1.,정민아,010-8323-2505,1973-12-09,ROLE_USER,ACTIVE,2024-12-03 00:00:00,2024-12-03 00:00:00,2026-07-01 21:41:00
3576,user_3576@test.com,$2a$10$7zB3qQzEcbB7mU5eL2n9fO0xH98o2tYpM.2s5lR7wE.2F8u7y6X1.,오승인,010-4635-2616,1975-12-21,ROLE_USER,ACTIVE,2024-08-24 00:00:00,2024-08-24 00:00:00,2026-06-10 16:47:00
3577,user_3577@test.com,$2a$10$7zB3qQzEcbB7mU5eL2n9fO0xH98o2tYpM.2s5lR7wE.2F8u7y6X1.,황승아,010-5552-5714,2000-06-23,ROLE_USER,ACTIVE,2025-02-05 00:00:00,2025-02-05 00:00:00,2026-06-20 17:13:00
3578,user_3578@test.com,$2a$10$7zB3qQzEcbB7mU5eL2n9fO0xH98o2tYpM.2s5lR7wE.2F8u7y6X1.,전현인,010-1539-9185,1981-03-28,ROLE_USER,ACTIVE,2024-05-18 00:00:00,2024-05-18 00:00:00,2026-06-28 21:19:00
3579,user_3579@test.com,$2a$10$7zB3qQzEcbB7mU5eL2n9fO0xH98o2tYpM.2s5lR7wE.2F8u7y6X1.,홍현우,010-1642-6088,1982-03-18,ROLE_USER,ACTIVE,2024-05-01 00:00:00,2024-05-01 00:00:00,2026-06-25 17:48:00
3580,user_3580@test.com,$2a$10$7zB3qQzEcbB7mU5eL2n9fO0xH98o2tYpM.2s5lR7wE.2F8u7y6X1.,전도혁,010-1607-7673,2004-01-14,ROLE_USER,ACTIVE,2026-03-22 00:00:00,2026-03-22 00:00:00,2026-07-02 11:56:00
3581,user_3581@test.com,$2a$10$7zB3qQzEcbB7mU5eL2n9fO0xH98o2tYpM.2s5lR7wE.2F8u7y6X1.,조승영,010-2925-7089,1978-02-22,ROLE_USER,ACTIVE,2024-07-31 00:00:00,2024-07-31 00:00:00,2026-06-28 17:11:00
3582,user_3582@test.com,$2a$10$7zB3qQzEcbB7mU5eL2n9fO0xH98o2tYpM.2s5lR7wE.2F8u7y6X1.,전승인,010-9550-3652,1980-03-09,ROLE_USER,ACTIVE,2024-01-03 00:00:00,2024-01-03 00:00:00,2026-06-27 13:51:00
3583,user_3583@test.com,$2a$10$7zB3qQzEcbB7mU5eL2n9fO0xH98o2tYpM.2s5lR7wE.2F8u7y6X1.,홍은우,010-8429-6211,1998-02-14,ROLE_USER,ACTIVE,2025-10-30 00:00:00,2025-10-30 00:00:00,2026-07-02 13:42:00
3584,user_3584@test.com,$2a$10$7zB3qQzEcbB7mU5eL2n9fO0xH98o2tYpM.2s5lR7wE.2F8u7y6X1.,이하우,010-7046-2105,1975-04-07,ROLE_USER,ACTIVE,2026-03-12 00:00:00,2026-03-12 00:00:00,2026-06-25 09:41:00
3585,user_3585@test.com,$2a$10$7zB3qQzEcbB7mU5eL2n9fO0xH98o2tYpM.2s5lR7wE.2F8u7y6X1.,이태원,010-2841-2764,1971-01-03,ROLE_USER,ACTIVE,2025-12-21 00:00:00,2025-12-21 00:00:00,2026-06-23 21:51:00
3586,user_3586@test.com,$2a$10$7zB3qQzEcbB7mU5eL2n9fO0xH98o2tYpM.2s5lR7wE.2F8u7y6X1.,정도현,010-5448-2110,1986-04-10,ROLE_USER,ACTIVE,2026-03-12 00:00:00,2026-03-12 00:00:00,2026-06-18 13:47:00
3587,user_3587@test.com,$2a$10$7zB3qQzEcbB7mU5eL2n9fO0xH98o2tYpM.2s5lR7wE.2F8u7y6X1.,임승영,010-4227-1265,1977-04-12,ROLE_USER,ACTIVE,2024-01-05 00:00:00,2024-01-05 00:00:00,2026-06-12 15:12:00
3588,user_3588@test.com,$2a$10$7zB3qQzEcbB7mU5eL2n9fO0xH98o2tYpM.2s5lR7wE.2F8u7y6X1.,한시영,010-2982-2184,1999-06-14,ROLE_USER,ACTIVE,2024-10-06 00:00:00,2024-10-06 00:00:00,2026-06-22 21:05:00
3589,user_3589@test.com,$2a$10$7zB3qQzEcbB7mU5eL2n9fO0xH98o2tYpM.2s5lR7wE.2F8u7y6X1.,전민혁,010-1689-2176,1981-10-10,ROLE_USER,ACTIVE,2025-07-22 00:00:00,2025-07-22 00:00:00,2026-06-27 10:30:00
3590,user_3590@test.com,$2a$10$7zB3qQzEcbB7mU5eL2n9fO0xH98o2tYpM.2s5lR7wE.2F8u7y6X1.,홍주원,010-1486-3485,1989-11-04,ROLE_USER,ACTIVE,2025-09-05 00:00:00,2025-09-05 00:00:00,2026-06-15 16:35:00
3591,user_3591@test.com,$2a$10$7zB3qQzEcbB7mU5eL2n9fO0xH98o2tYpM.2s5lR7wE.2F8u7y6X1.,송서수,010-5291-6726,1999-04-08,ROLE_USER,ACTIVE,2026-01-06 00:00:00,2026-01-06 00:00:00,2026-06-25 12:39:00
3592,user_3592@test.com,$2a$10$7zB3qQzEcbB7mU5eL2n9fO0xH98o2tYpM.2s5lR7wE.2F8u7y6X1.,권예수,010-8770-8389,1992-07-06,ROLE_USER,ACTIVE,2024-11-11 00:00:00,2024-11-11 00:00:00,2026-06-19 18:29:00
3593,user_3593@test.com,$2a$10$7zB3qQzEcbB7mU5eL2n9fO0xH98o2tYpM.2s5lR7wE.2F8u7y6X1.,안태영,010-8419-4338,1982-03-03,ROLE_USER,ACTIVE,2025-11-11 00:00:00,2025-11-11 00:00:00,2026-06-20 11:45:00
3594,user_3594@test.com,$2a$10$7zB3qQzEcbB7mU5eL2n9fO0xH98o2tYpM.2s5lR7wE.2F8u7y6X1.,신시빈,010-4280-8399,1979-07-11,ROLE_USER,ACTIVE,2024-10-21 00:00:00,2024-10-21 00:00:00,2026-06-26 10:55:00
3595,user_3595@test.com,$2a$10$7zB3qQzEcbB7mU5eL2n9fO0xH98o2tYpM.2s5lR7wE.2F8u7y6X1.,박승원,010-6840-2048,1973-05-11,ROLE_USER,ACTIVE,2026-04-28 00:00:00,2026-04-28 00:00:00,2026-06-23 13:04:00
3596,user_3596@test.com,$2a$10$7zB3qQzEcbB7mU5eL2n9fO0xH98o2tYpM.2s5lR7wE.2F8u7y6X1.,권현인,010-6555-1874,2004-12-05,ROLE_USER,ACTIVE,2023-10-24 00:00:00,2023-10-24 00:00:00,2026-06-29 10:07:00
3597,user_3597@test.com,$2a$10$7zB3qQzEcbB7mU5eL2n9fO0xH98o2tYpM.2s5lR7wE.2F8u7y6X1.,정서현,010-9554-9556,1980-02-16,ROLE_USER,ACTIVE,2025-05-21 00:00:00,2025-05-21 00:00:00,2026-04-04 10:14:00
3598,user_3598@test.com,$2a$10$7zB3qQzEcbB7mU5eL2n9fO0xH98o2tYpM.2s5lR7wE.2F8u7y6X1.,장지빈,010-3328-4220,1998-03-05,ROLE_USER,ACTIVE,2024-10-14 00:00:00,2024-10-14 00:00:00,2026-06-28 12:16:00
3599,user_3599@test.com,$2a$10$7zB3qQzEcbB7mU5eL2n9fO0xH98o2tYpM.2s5lR7wE.2F8u7y6X1.,이주우,010-3856-3376,1979-10-22,ROLE_USER,ACTIVE,2024-12-21 00:00:00,2024-12-21 00:00:00,2026-06-18 19:15:00
3600,user_3600@test.com,$2a$10$7zB3qQzEcbB7mU5eL2n9fO0xH98o2tYpM.2s5lR7wE.2F8u7y6X1.,김민수,010-3496-4684,1980-06-07,ROLE_USER,ACTIVE,2023-10-21 00:00:00,2023-10-21 00:00:00,2026-06-28 20:09:00
3601,user_3601@test.com,$2a$10$7zB3qQzEcbB7mU5eL2n9fO0xH98o2tYpM.2s5lR7wE.2F8u7y6X1.,장도혁,010-1987-6557,2004-11-09,ROLE_USER,ACTIVE,2025-08-14 00:00:00,2025-08-14 00:00:00,2026-07-02 09:12:00
3602,user_3602@test.com,$2a$10$7zB3qQzEcbB7mU5eL2n9fO0xH98o2tYpM.2s5lR7wE.2F8u7y6X1.,송하수,010-1915-6860,1998-05-21,ROLE_USER,ACTIVE,2025-04-30 00:00:00,2025-04-30 00:00:00,2026-06-06 13:16:00
3603,user_3603@test.com,$2a$10$7zB3qQzEcbB7mU5eL2n9fO0xH98o2tYpM.2s5lR7wE.2F8u7y6X1.,오주율,010-3945-6391,2003-01-02,ROLE_USER,ACTIVE,2025-07-11 00:00:00,2025-07-11 00:00:00,2026-07-01 20:09:00
3604,user_3604@test.com,$2a$10$7zB3qQzEcbB7mU5eL2n9fO0xH98o2tYpM.2s5lR7wE.2F8u7y6X1.,윤민현,010-9503-3650,1986-05-20,ROLE_USER,ACTIVE,2025-09-24 00:00:00,2025-09-24 00:00:00,2026-06-25 20:12:00
3605,user_3605@test.com,$2a$10$7zB3qQzEcbB7mU5eL2n9fO0xH98o2tYpM.2s5lR7wE.2F8u7y6X1.,조시아,010-9486-3997,1978-02-12,ROLE_USER,ACTIVE,2025-02-16 00:00:00,2025-02-16 00:00:00,2026-06-21 20:50:00
3606,user_3606@test.com,$2a$10$7zB3qQzEcbB7mU5eL2n9fO0xH98o2tYpM.2s5lR7wE.2F8u7y6X1.,이서빈,010-7805-2767,1985-03-26,ROLE_USER,ACTIVE,2025-08-24 00:00:00,2025-08-24 00:00:00,2026-06-18 20:51:00
3607,user_3607@test.com,$2a$10$7zB3qQzEcbB7mU5eL2n9fO0xH98o2tYpM.2s5lR7wE.2F8u7y6X1.,임예영,010-1889-9429,1980-07-21,ROLE_USER,ACTIVE,2025-03-31 00:00:00,2025-03-31 00:00:00,2026-06-27 08:29:00
3608,user_3608@test.com,$2a$10$7zB3qQzEcbB7mU5eL2n9fO0xH98o2tYpM.2s5lR7wE.2F8u7y6X1.,박서인,010-5958-8967,1998-03-21,ROLE_USER,ACTIVE,2023-10-22 00:00:00,2023-10-22 00:00:00,2026-06-23 18:53:00
3609,user_3609@test.com,$2a$10$7zB3qQzEcbB7mU5eL2n9fO0xH98o2tYpM.2s5lR7wE.2F8u7y6X1.,강주혁,010-4226-1150,1989-01-06,ROLE_USER,ACTIVE,2025-10-02 00:00:00,2025-10-02 00:00:00,2026-06-27 18:54:00
3610,user_3610@test.com,$2a$10$7zB3qQzEcbB7mU5eL2n9fO0xH98o2tYpM.2s5lR7wE.2F8u7y6X1.,강은율,010-7044-7031,1984-09-22,ROLE_USER,ACTIVE,2025-11-26 00:00:00,2025-11-26 00:00:00,2026-06-19 11:24:00
3611,user_3611@test.com,$2a$10$7zB3qQzEcbB7mU5eL2n9fO0xH98o2tYpM.2s5lR7wE.2F8u7y6X1.,권시인,010-8470-1709,1984-02-12,ROLE_USER,ACTIVE,2025-05-11 00:00:00,2025-05-11 00:00:00,2026-06-20 11:35:00
3612,user_3612@test.com,$2a$10$7zB3qQzEcbB7mU5eL2n9fO0xH98o2tYpM.2s5lR7wE.2F8u7y6X1.,권지아,010-7818-1063,2004-06-15,ROLE_USER,ACTIVE,2025-04-09 00:00:00,2025-04-09 00:00:00,2026-07-02 20:13:00
3613,user_3613@test.com,$2a$10$7zB3qQzEcbB7mU5eL2n9fO0xH98o2tYpM.2s5lR7wE.2F8u7y6X1.,김승인,010-6649-1449,1982-07-28,ROLE_USER,ACTIVE,2024-07-03 00:00:00,2024-07-03 00:00:00,2026-05-20 20:24:00
3614,user_3614@test.com,$2a$10$7zB3qQzEcbB7mU5eL2n9fO0xH98o2tYpM.2s5lR7wE.2F8u7y6X1.,최주원,010-1736-9637,1970-03-08,ROLE_USER,ACTIVE,2024-11-22 00:00:00,2024-11-22 00:00:00,2026-06-27 09:01:00
3615,user_3615@test.com,$2a$10$7zB3qQzEcbB7mU5eL2n9fO0xH98o2tYpM.2s5lR7wE.2F8u7y6X1.,최승아,010-3099-7683,1985-06-05,ROLE_USER,ACTIVE,2024-02-02 00:00:00,2024-02-02 00:00:00,2026-06-25 13:08:00
3616,user_3616@test.com,$2a$10$7zB3qQzEcbB7mU5eL2n9fO0xH98o2tYpM.2s5lR7wE.2F8u7y6X1.,안태영,010-6118-5447,1976-02-19,ROLE_USER,ACTIVE,2025-04-12 00:00:00,2025-04-12 00:00:00,2026-07-01 15:05:00
3617,user_3617@test.com,$2a$10$7zB3qQzEcbB7mU5eL2n9fO0xH98o2tYpM.2s5lR7wE.2F8u7y6X1.,안서아,010-2622-7161,1984-05-03,ROLE_USER,ACTIVE,2025-07-23 00:00:00,2025-07-23 00:00:00,2026-06-21 20:34:00
3618,user_3618@test.com,$2a$10$7zB3qQzEcbB7mU5eL2n9fO0xH98o2tYpM.2s5lR7wE.2F8u7y6X1.,한현영,010-2171-4379,1973-07-06,ROLE_USER,ACTIVE,2025-10-14 00:00:00,2025-10-14 00:00:00,2026-06-26 18:33:00
3619,user_3619@test.com,$2a$10$7zB3qQzEcbB7mU5eL2n9fO0xH98o2tYpM.2s5lR7wE.2F8u7y6X1.,권하영,010-9182-8703,2003-05-17,ROLE_USER,ACTIVE,2026-05-07 00:00:00,2026-05-07 00:00:00,2026-05-29 15:04:00
3620,user_3620@test.com,$2a$10$7zB3qQzEcbB7mU5eL2n9fO0xH98o2tYpM.2s5lR7wE.2F8u7y6X1.,이시현,010-4973-4252,1971-10-28,ROLE_USER,ACTIVE,2025-06-05 00:00:00,2025-06-05 00:00:00,2026-06-24 18:47:00
3621,user_3621@test.com,$2a$10$7zB3qQzEcbB7mU5eL2n9fO0xH98o2tYpM.2s5lR7wE.2F8u7y6X1.,서지원,010-8888-4488,1980-01-15,ROLE_USER,ACTIVE,2026-02-27 00:00:00,2026-02-27 00:00:00,2026-06-28 09:24:00
3622,user_3622@test.com,$2a$10$7zB3qQzEcbB7mU5eL2n9fO0xH98o2tYpM.2s5lR7wE.2F8u7y6X1.,송예현,010-2373-7651,1993-07-05,ROLE_USER,ACTIVE,2025-11-08 00:00:00,2025-11-08 00:00:00,2026-07-01 17:04:00
3623,user_3623@test.com,$2a$10$7zB3qQzEcbB7mU5eL2n9fO0xH98o2tYpM.2s5lR7wE.2F8u7y6X1.,김은우,010-1276-1183,2004-11-05,ROLE_USER,ACTIVE,2024-11-13 00:00:00,2024-11-13 00:00:00,2026-04-10 11:51:00
3624,user_3624@test.com,$2a$10$7zB3qQzEcbB7mU5eL2n9fO0xH98o2tYpM.2s5lR7wE.2F8u7y6X1.,한하준,010-9884-3963,1997-08-26,ROLE_USER,ACTIVE,2023-12-04 00:00:00,2023-12-04 00:00:00,2026-06-30 22:30:00
3625,user_3625@test.com,$2a$10$7zB3qQzEcbB7mU5eL2n9fO0xH98o2tYpM.2s5lR7wE.2F8u7y6X1.,홍은수,010-4347-2154,1984-08-15,ROLE_USER,ACTIVE,2025-02-28 00:00:00,2025-02-28 00:00:00,2026-06-25 19:22:00
3626,user_3626@test.com,$2a$10$7zB3qQzEcbB7mU5eL2n9fO0xH98o2tYpM.2s5lR7wE.2F8u7y6X1.,황도아,010-9471-6512,1982-07-11,ROLE_USER,ACTIVE,2024-07-07 00:00:00,2024-07-07 00:00:00,2026-06-11 16:25:00
3627,user_3627@test.com,$2a$10$7zB3qQzEcbB7mU5eL2n9fO0xH98o2tYpM.2s5lR7wE.2F8u7y6X1.,윤시아,010-6985-8800,1991-09-16,ROLE_USER,ACTIVE,2023-11-02 00:00:00,2023-11-02 00:00:00,2026-07-01 12:56:00
3628,user_3628@test.com,$2a$10$7zB3qQzEcbB7mU5eL2n9fO0xH98o2tYpM.2s5lR7wE.2F8u7y6X1.,권태아,010-4108-5126,1984-04-18,ROLE_USER,ACTIVE,2025-01-28 00:00:00,2025-01-28 00:00:00,2026-06-21 20:06:00
3629,user_3629@test.com,$2a$10$7zB3qQzEcbB7mU5eL2n9fO0xH98o2tYpM.2s5lR7wE.2F8u7y6X1.,조은현,010-2785-2310,1986-03-19,ROLE_USER,ACTIVE,2025-03-26 00:00:00,2025-03-26 00:00:00,2026-07-02 17:45:00
3630,user_3630@test.com,$2a$10$7zB3qQzEcbB7mU5eL2n9fO0xH98o2tYpM.2s5lR7wE.2F8u7y6X1.,강서우,010-4902-9016,2002-12-14,ROLE_USER,ACTIVE,2025-12-11 00:00:00,2025-12-11 00:00:00,2026-06-23 13:38:00
3631,user_3631@test.com,$2a$10$7zB3qQzEcbB7mU5eL2n9fO0xH98o2tYpM.2s5lR7wE.2F8u7y6X1.,권태아,010-1552-7179,1988-09-18,ROLE_USER,ACTIVE,2025-07-13 00:00:00,2025-07-13 00:00:00,2026-06-23 15:38:00
3632,user_3632@test.com,$2a$10$7zB3qQzEcbB7mU5eL2n9fO0xH98o2tYpM.2s5lR7wE.2F8u7y6X1.,임지빈,010-2330-9412,1980-04-18,ROLE_USER,ACTIVE,2025-01-09 00:00:00,2025-01-09 00:00:00,2026-06-27 10:25:00
3633,user_3633@test.com,$2a$10$7zB3qQzEcbB7mU5eL2n9fO0xH98o2tYpM.2s5lR7wE.2F8u7y6X1.,전민준,010-2219-1468,1993-11-10,ROLE_USER,ACTIVE,2024-05-25 00:00:00,2024-05-25 00:00:00,2026-07-02 22:56:00
3634,user_3634@test.com,$2a$10$7zB3qQzEcbB7mU5eL2n9fO0xH98o2tYpM.2s5lR7wE.2F8u7y6X1.,강서현,010-3211-5212,2003-01-04,ROLE_USER,ACTIVE,2026-05-19 00:00:00,2026-05-19 00:00:00,2026-07-01 18:59:00
3635,user_3635@test.com,$2a$10$7zB3qQzEcbB7mU5eL2n9fO0xH98o2tYpM.2s5lR7wE.2F8u7y6X1.,조민아,010-8304-4732,1995-12-07,ROLE_USER,ACTIVE,2024-05-20 00:00:00,2024-05-20 00:00:00,2026-06-29 21:36:00
3636,user_3636@test.com,$2a$10$7zB3qQzEcbB7mU5eL2n9fO0xH98o2tYpM.2s5lR7wE.2F8u7y6X1.,정주율,010-5994-1765,1991-10-19,ROLE_USER,ACTIVE,2023-11-26 00:00:00,2023-11-26 00:00:00,2026-06-24 22:12:00
3637,user_3637@test.com,$2a$10$7zB3qQzEcbB7mU5eL2n9fO0xH98o2tYpM.2s5lR7wE.2F8u7y6X1.,정하인,010-1691-7721,1980-02-08,ROLE_USER,ACTIVE,2025-04-18 00:00:00,2025-04-18 00:00:00,2026-06-30 19:47:00
3638,user_3638@test.com,$2a$10$7zB3qQzEcbB7mU5eL2n9fO0xH98o2tYpM.2s5lR7wE.2F8u7y6X1.,이민원,010-2498-6352,2004-05-27,ROLE_USER,ACTIVE,2025-03-08 00:00:00,2025-03-08 00:00:00,2026-06-23 14:13:00
3639,user_3639@test.com,$2a$10$7zB3qQzEcbB7mU5eL2n9fO0xH98o2tYpM.2s5lR7wE.2F8u7y6X1.,윤민인,010-6021-3273,1984-06-04,ROLE_USER,ACTIVE,2023-11-15 00:00:00,2023-11-15 00:00:00,2026-06-24 19:02:00
3640,user_3640@test.com,$2a$10$7zB3qQzEcbB7mU5eL2n9fO0xH98o2tYpM.2s5lR7wE.2F8u7y6X1.,조시준,010-4352-6076,1974-04-28,ROLE_USER,ACTIVE,2025-02-23 00:00:00,2025-02-23 00:00:00,2026-06-24 10:10:00
3641,user_3641@test.com,$2a$10$7zB3qQzEcbB7mU5eL2n9fO0xH98o2tYpM.2s5lR7wE.2F8u7y6X1.,송시율,010-3676-5744,1991-12-04,ROLE_USER,ACTIVE,2024-06-22 00:00:00,2024-06-22 00:00:00,2026-06-28 11:08:00
3642,user_3642@test.com,$2a$10$7zB3qQzEcbB7mU5eL2n9fO0xH98o2tYpM.2s5lR7wE.2F8u7y6X1.,전도율,010-9997-5816,1994-06-01,ROLE_USER,ACTIVE,2024-05-24 00:00:00,2024-05-24 00:00:00,2026-07-01 14:44:00
3643,user_3643@test.com,$2a$10$7zB3qQzEcbB7mU5eL2n9fO0xH98o2tYpM.2s5lR7wE.2F8u7y6X1.,신은현,010-1113-4507,1988-06-12,ROLE_USER,ACTIVE,2025-03-27 00:00:00,2025-03-27 00:00:00,2026-06-20 22:12:00
3644,user_3644@test.com,$2a$10$7zB3qQzEcbB7mU5eL2n9fO0xH98o2tYpM.2s5lR7wE.2F8u7y6X1.,윤서아,010-6597-8831,1992-05-11,ROLE_USER,ACTIVE,2025-01-20 00:00:00,2025-01-20 00:00:00,2026-06-29 12:15:00
3645,user_3645@test.com,$2a$10$7zB3qQzEcbB7mU5eL2n9fO0xH98o2tYpM.2s5lR7wE.2F8u7y6X1.,오승혁,010-5028-3535,1999-10-16,ROLE_USER,ACTIVE,2023-11-17 00:00:00,2023-11-17 00:00:00,2026-07-02 15:13:00
3646,user_3646@test.com,$2a$10$7zB3qQzEcbB7mU5eL2n9fO0xH98o2tYpM.2s5lR7wE.2F8u7y6X1.,홍승준,010-5551-4939,1979-10-20,ROLE_USER,ACTIVE,2025-06-17 00:00:00,2025-06-17 00:00:00,2026-06-19 10:03:00
3647,user_3647@test.com,$2a$10$7zB3qQzEcbB7mU5eL2n9fO0xH98o2tYpM.2s5lR7wE.2F8u7y6X1.,박지우,010-8452-1148,1997-02-26,ROLE_USER,ACTIVE,2023-10-09 00:00:00,2023-10-09 00:00:00,2026-06-30 12:48:00
3648,user_3648@test.com,$2a$10$7zB3qQzEcbB7mU5eL2n9fO0xH98o2tYpM.2s5lR7wE.2F8u7y6X1.,오민빈,010-5619-4279,2000-10-14,ROLE_USER,ACTIVE,2024-02-08 00:00:00,2024-02-08 00:00:00,2026-06-26 11:49:00
3649,user_3649@test.com,$2a$10$7zB3qQzEcbB7mU5eL2n9fO0xH98o2tYpM.2s5lR7wE.2F8u7y6X1.,권도현,010-1717-8231,1978-05-04,ROLE_USER,ACTIVE,2026-01-27 00:00:00,2026-01-27 00:00:00,2026-06-26 16:10:00
3650,user_3650@test.com,$2a$10$7zB3qQzEcbB7mU5eL2n9fO0xH98o2tYpM.2s5lR7wE.2F8u7y6X1.,최주아,010-2829-7853,1996-10-18,ROLE_USER,ACTIVE,2025-05-07 00:00:00,2025-05-07 00:00:00,2026-06-22 12:09:00
3651,user_3651@test.com,$2a$10$7zB3qQzEcbB7mU5eL2n9fO0xH98o2tYpM.2s5lR7wE.2F8u7y6X1.,권예아,010-2191-8541,2001-05-08,ROLE_USER,ACTIVE,2025-06-16 00:00:00,2025-06-16 00:00:00,2026-06-27 20:51:00
3652,user_3652@test.com,$2a$10$7zB3qQzEcbB7mU5eL2n9fO0xH98o2tYpM.2s5lR7wE.2F8u7y6X1.,정예우,010-1724-2453,2001-09-10,ROLE_USER,ACTIVE,2023-11-10 00:00:00,2023-11-10 00:00:00,2026-06-29 14:21:00
3653,user_3653@test.com,$2a$10$7zB3qQzEcbB7mU5eL2n9fO0xH98o2tYpM.2s5lR7wE.2F8u7y6X1.,송주우,010-2101-7454,2002-09-16,ROLE_USER,ACTIVE,2024-03-31 00:00:00,2024-03-31 00:00:00,2026-06-23 22:56:00
3654,user_3654@test.com,$2a$10$7zB3qQzEcbB7mU5eL2n9fO0xH98o2tYpM.2s5lR7wE.2F8u7y6X1.,권예인,010-2292-7273,1986-11-16,ROLE_USER,ACTIVE,2024-08-19 00:00:00,2024-08-19 00:00:00,2026-06-20 10:42:00
3655,user_3655@test.com,$2a$10$7zB3qQzEcbB7mU5eL2n9fO0xH98o2tYpM.2s5lR7wE.2F8u7y6X1.,이승율,010-7221-7056,1999-10-16,ROLE_USER,ACTIVE,2026-04-09 00:00:00,2026-04-09 00:00:00,2026-05-11 13:05:00
3656,user_3656@test.com,$2a$10$7zB3qQzEcbB7mU5eL2n9fO0xH98o2tYpM.2s5lR7wE.2F8u7y6X1.,정하현,010-3440-8122,1988-01-08,ROLE_USER,ACTIVE,2025-08-29 00:00:00,2025-08-29 00:00:00,2026-06-18 10:18:00
3657,user_3657@test.com,$2a$10$7zB3qQzEcbB7mU5eL2n9fO0xH98o2tYpM.2s5lR7wE.2F8u7y6X1.,신승영,010-1129-3666,1991-04-26,ROLE_USER,ACTIVE,2025-02-09 00:00:00,2025-02-09 00:00:00,2026-06-30 16:39:00
3658,user_3658@test.com,$2a$10$7zB3qQzEcbB7mU5eL2n9fO0xH98o2tYpM.2s5lR7wE.2F8u7y6X1.,임예원,010-5467-7081,1996-02-23,ROLE_USER,ACTIVE,2025-07-12 00:00:00,2025-07-12 00:00:00,2026-06-25 21:04:00
3659,user_3659@test.com,$2a$10$7zB3qQzEcbB7mU5eL2n9fO0xH98o2tYpM.2s5lR7wE.2F8u7y6X1.,전예빈,010-4549-9643,2001-06-11,ROLE_USER,ACTIVE,2024-09-16 00:00:00,2024-09-16 00:00:00,2026-06-29 10:05:00
3660,user_3660@test.com,$2a$10$7zB3qQzEcbB7mU5eL2n9fO0xH98o2tYpM.2s5lR7wE.2F8u7y6X1.,오시영,010-6022-7258,1998-01-19,ROLE_USER,ACTIVE,2026-05-04 00:00:00,2026-05-04 00:00:00,2026-06-07 22:08:00
3661,user_3661@test.com,$2a$10$7zB3qQzEcbB7mU5eL2n9fO0xH98o2tYpM.2s5lR7wE.2F8u7y6X1.,강현준,010-9300-6368,1992-07-15,ROLE_USER,ACTIVE,2023-12-10 00:00:00,2023-12-10 00:00:00,2026-06-23 13:17:00
3662,user_3662@test.com,$2a$10$7zB3qQzEcbB7mU5eL2n9fO0xH98o2tYpM.2s5lR7wE.2F8u7y6X1.,신도혁,010-4703-8817,1988-04-24,ROLE_USER,ACTIVE,2024-01-03 00:00:00,2024-01-03 00:00:00,2026-06-30 12:48:00
3663,user_3663@test.com,$2a$10$7zB3qQzEcbB7mU5eL2n9fO0xH98o2tYpM.2s5lR7wE.2F8u7y6X1.,송하수,010-8039-9862,2000-10-01,ROLE_USER,ACTIVE,2025-05-14 00:00:00,2025-05-14 00:00:00,2026-06-10 16:49:00
3664,user_3664@test.com,$2a$10$7zB3qQzEcbB7mU5eL2n9fO0xH98o2tYpM.2s5lR7wE.2F8u7y6X1.,장은우,010-8028-8953,2002-11-24,ROLE_USER,ACTIVE,2025-02-26 00:00:00,2025-02-26 00:00:00,2026-06-22 09:47:00
3665,user_3665@test.com,$2a$10$7zB3qQzEcbB7mU5eL2n9fO0xH98o2tYpM.2s5lR7wE.2F8u7y6X1.,서태율,010-3363-5953,1998-12-28,ROLE_USER,ACTIVE,2025-06-04 00:00:00,2025-06-04 00:00:00,2026-06-23 16:01:00
3666,user_3666@test.com,$2a$10$7zB3qQzEcbB7mU5eL2n9fO0xH98o2tYpM.2s5lR7wE.2F8u7y6X1.,한태아,010-2450-9605,1985-12-07,ROLE_USER,ACTIVE,2025-03-28 00:00:00,2025-03-28 00:00:00,2026-06-28 14:09:00
3667,user_3667@test.com,$2a$10$7zB3qQzEcbB7mU5eL2n9fO0xH98o2tYpM.2s5lR7wE.2F8u7y6X1.,황하빈,010-1871-4361,1995-05-15,ROLE_USER,ACTIVE,2024-09-08 00:00:00,2024-09-08 00:00:00,2026-07-01 19:53:00
3668,user_3668@test.com,$2a$10$7zB3qQzEcbB7mU5eL2n9fO0xH98o2tYpM.2s5lR7wE.2F8u7y6X1.,최주수,010-3850-1995,1999-07-14,ROLE_USER,ACTIVE,2025-01-14 00:00:00,2025-01-14 00:00:00,2026-06-22 18:40:00
3669,user_3669@test.com,$2a$10$7zB3qQzEcbB7mU5eL2n9fO0xH98o2tYpM.2s5lR7wE.2F8u7y6X1.,최은인,010-1741-3638,1980-04-23,ROLE_USER,ACTIVE,2025-11-24 00:00:00,2025-11-24 00:00:00,2026-06-25 08:01:00
3670,user_3670@test.com,$2a$10$7zB3qQzEcbB7mU5eL2n9fO0xH98o2tYpM.2s5lR7wE.2F8u7y6X1.,박승아,010-5625-5867,1987-06-02,ROLE_USER,ACTIVE,2024-06-18 00:00:00,2024-06-18 00:00:00,2026-06-25 21:19:00
3671,user_3671@test.com,$2a$10$7zB3qQzEcbB7mU5eL2n9fO0xH98o2tYpM.2s5lR7wE.2F8u7y6X1.,윤주아,010-3129-5968,1971-10-02,ROLE_USER,ACTIVE,2026-04-19 00:00:00,2026-04-19 00:00:00,2026-05-11 15:10:00
3672,user_3672@test.com,$2a$10$7zB3qQzEcbB7mU5eL2n9fO0xH98o2tYpM.2s5lR7wE.2F8u7y6X1.,이예영,010-7835-1323,1979-05-08,ROLE_USER,ACTIVE,2023-12-04 00:00:00,2023-12-04 00:00:00,2026-06-26 13:41:00
3673,user_3673@test.com,$2a$10$7zB3qQzEcbB7mU5eL2n9fO0xH98o2tYpM.2s5lR7wE.2F8u7y6X1.,조민준,010-7528-8624,1973-09-05,ROLE_USER,ACTIVE,2025-12-31 00:00:00,2025-12-31 00:00:00,2026-06-25 17:38:00
3674,user_3674@test.com,$2a$10$7zB3qQzEcbB7mU5eL2n9fO0xH98o2tYpM.2s5lR7wE.2F8u7y6X1.,조은원,010-6514-6595,2002-05-13,ROLE_USER,ACTIVE,2024-07-19 00:00:00,2024-07-19 00:00:00,2026-06-29 14:16:00
3675,user_3675@test.com,$2a$10$7zB3qQzEcbB7mU5eL2n9fO0xH98o2tYpM.2s5lR7wE.2F8u7y6X1.,송서수,010-7078-8567,1979-07-01,ROLE_USER,ACTIVE,2024-06-16 00:00:00,2024-06-16 00:00:00,2026-06-06 19:00:00
3676,user_3676@test.com,$2a$10$7zB3qQzEcbB7mU5eL2n9fO0xH98o2tYpM.2s5lR7wE.2F8u7y6X1.,안민혁,010-8491-5899,1975-10-01,ROLE_USER,ACTIVE,2025-06-17 00:00:00,2025-06-17 00:00:00,2026-06-25 17:49:00
3677,user_3677@test.com,$2a$10$7zB3qQzEcbB7mU5eL2n9fO0xH98o2tYpM.2s5lR7wE.2F8u7y6X1.,오하혁,010-9471-9565,1972-06-03,ROLE_USER,ACTIVE,2024-02-17 00:00:00,2024-02-17 00:00:00,2026-06-21 16:08:00
3678,user_3678@test.com,$2a$10$7zB3qQzEcbB7mU5eL2n9fO0xH98o2tYpM.2s5lR7wE.2F8u7y6X1.,강태준,010-4057-8655,2002-12-03,ROLE_USER,ACTIVE,2025-03-11 00:00:00,2025-03-11 00:00:00,2026-06-27 10:20:00
3679,user_3679@test.com,$2a$10$7zB3qQzEcbB7mU5eL2n9fO0xH98o2tYpM.2s5lR7wE.2F8u7y6X1.,박도우,010-8041-9427,2002-02-21,ROLE_USER,ACTIVE,2026-05-17 00:00:00,2026-05-17 00:00:00,2026-06-28 17:21:00
3680,user_3680@test.com,$2a$10$7zB3qQzEcbB7mU5eL2n9fO0xH98o2tYpM.2s5lR7wE.2F8u7y6X1.,조서인,010-3844-9812,1995-06-15,ROLE_USER,ACTIVE,2025-05-07 00:00:00,2025-05-07 00:00:00,2026-06-25 13:05:00
3681,user_3681@test.com,$2a$10$7zB3qQzEcbB7mU5eL2n9fO0xH98o2tYpM.2s5lR7wE.2F8u7y6X1.,권도아,010-3155-9525,1993-03-19,ROLE_USER,ACTIVE,2025-03-06 00:00:00,2025-03-06 00:00:00,2026-07-02 14:26:00
3682,user_3682@test.com,$2a$10$7zB3qQzEcbB7mU5eL2n9fO0xH98o2tYpM.2s5lR7wE.2F8u7y6X1.,홍민아,010-4176-4083,1999-02-21,ROLE_USER,ACTIVE,2023-12-19 00:00:00,2023-12-19 00:00:00,2026-06-25 21:56:00
3683,user_3683@test.com,$2a$10$7zB3qQzEcbB7mU5eL2n9fO0xH98o2tYpM.2s5lR7wE.2F8u7y6X1.,송태수,010-9689-2014,1994-09-05,ROLE_USER,ACTIVE,2026-04-17 00:00:00,2026-04-17 00:00:00,2026-06-23 16:45:00
3684,user_3684@test.com,$2a$10$7zB3qQzEcbB7mU5eL2n9fO0xH98o2tYpM.2s5lR7wE.2F8u7y6X1.,전도수,010-3576-1883,1999-01-16,ROLE_USER,ACTIVE,2026-04-17 00:00:00,2026-04-17 00:00:00,2026-05-21 13:57:00
3685,user_3685@test.com,$2a$10$7zB3qQzEcbB7mU5eL2n9fO0xH98o2tYpM.2s5lR7wE.2F8u7y6X1.,권예아,010-1553-9834,1975-12-16,ROLE_USER,ACTIVE,2024-09-05 00:00:00,2024-09-05 00:00:00,2026-06-08 14:14:00
3686,user_3686@test.com,$2a$10$7zB3qQzEcbB7mU5eL2n9fO0xH98o2tYpM.2s5lR7wE.2F8u7y6X1.,서은아,010-5127-4082,1979-08-15,ROLE_USER,ACTIVE,2025-07-06 00:00:00,2025-07-06 00:00:00,2026-06-20 09:06:00
3687,user_3687@test.com,$2a$10$7zB3qQzEcbB7mU5eL2n9fO0xH98o2tYpM.2s5lR7wE.2F8u7y6X1.,홍시율,010-9893-7337,1988-11-02,ROLE_USER,ACTIVE,2025-06-19 00:00:00,2025-06-19 00:00:00,2026-06-28 20:52:00
3688,user_3688@test.com,$2a$10$7zB3qQzEcbB7mU5eL2n9fO0xH98o2tYpM.2s5lR7wE.2F8u7y6X1.,윤승영,010-9687-6310,1970-11-09,ROLE_USER,ACTIVE,2024-01-15 00:00:00,2024-01-15 00:00:00,2026-06-27 15:01:00
3689,user_3689@test.com,$2a$10$7zB3qQzEcbB7mU5eL2n9fO0xH98o2tYpM.2s5lR7wE.2F8u7y6X1.,오현원,010-7943-5101,1977-02-17,ROLE_USER,ACTIVE,2024-09-26 00:00:00,2024-09-26 00:00:00,2026-06-25 10:14:00
3690,user_3690@test.com,$2a$10$7zB3qQzEcbB7mU5eL2n9fO0xH98o2tYpM.2s5lR7wE.2F8u7y6X1.,최은영,010-4975-6015,1995-05-06,ROLE_USER,ACTIVE,2025-12-08 00:00:00,2025-12-08 00:00:00,2026-05-02 14:43:00
3691,user_3691@test.com,$2a$10$7zB3qQzEcbB7mU5eL2n9fO0xH98o2tYpM.2s5lR7wE.2F8u7y6X1.,송주원,010-9537-7462,1975-01-22,ROLE_USER,ACTIVE,2025-01-10 00:00:00,2025-01-10 00:00:00,2026-06-30 08:28:00
3692,user_3692@test.com,$2a$10$7zB3qQzEcbB7mU5eL2n9fO0xH98o2tYpM.2s5lR7wE.2F8u7y6X1.,박지혁,010-1579-6248,1996-04-18,ROLE_USER,ACTIVE,2026-03-17 00:00:00,2026-03-17 00:00:00,2026-06-27 15:45:00
3693,user_3693@test.com,$2a$10$7zB3qQzEcbB7mU5eL2n9fO0xH98o2tYpM.2s5lR7wE.2F8u7y6X1.,정태아,010-5410-9335,1979-07-18,ROLE_USER,ACTIVE,2023-11-25 00:00:00,2023-11-25 00:00:00,2026-06-24 11:30:00
3694,user_3694@test.com,$2a$10$7zB3qQzEcbB7mU5eL2n9fO0xH98o2tYpM.2s5lR7wE.2F8u7y6X1.,이승율,010-2077-5691,1991-02-13,ROLE_USER,ACTIVE,2025-11-11 00:00:00,2025-11-11 00:00:00,2026-06-28 08:55:00
3695,user_3695@test.com,$2a$10$7zB3qQzEcbB7mU5eL2n9fO0xH98o2tYpM.2s5lR7wE.2F8u7y6X1.,전시원,010-8385-4634,1983-06-03,ROLE_USER,ACTIVE,2024-06-10 00:00:00,2024-06-10 00:00:00,2026-06-18 08:00:00
3696,user_3696@test.com,$2a$10$7zB3qQzEcbB7mU5eL2n9fO0xH98o2tYpM.2s5lR7wE.2F8u7y6X1.,오지혁,010-9524-4800,2000-05-14,ROLE_USER,ACTIVE,2024-06-19 00:00:00,2024-06-19 00:00:00,2026-06-28 12:34:00
3697,user_3697@test.com,$2a$10$7zB3qQzEcbB7mU5eL2n9fO0xH98o2tYpM.2s5lR7wE.2F8u7y6X1.,오민영,010-6074-6164,1975-02-10,ROLE_USER,ACTIVE,2024-10-23 00:00:00,2024-10-23 00:00:00,2026-06-29 11:13:00
3698,user_3698@test.com,$2a$10$7zB3qQzEcbB7mU5eL2n9fO0xH98o2tYpM.2s5lR7wE.2F8u7y6X1.,정도준,010-2684-4693,1990-07-19,ROLE_USER,ACTIVE,2026-02-23 00:00:00,2026-02-23 00:00:00,2026-06-20 16:55:00
3699,user_3699@test.com,$2a$10$7zB3qQzEcbB7mU5eL2n9fO0xH98o2tYpM.2s5lR7wE.2F8u7y6X1.,송승혁,010-7885-9646,1991-10-27,ROLE_USER,ACTIVE,2024-10-16 00:00:00,2024-10-16 00:00:00,2026-06-20 22:57:00
3700,user_3700@test.com,$2a$10$7zB3qQzEcbB7mU5eL2n9fO0xH98o2tYpM.2s5lR7wE.2F8u7y6X1.,안태율,010-6877-3245,2003-01-23,ROLE_USER,ACTIVE,2025-04-04 00:00:00,2025-04-04 00:00:00,2026-06-29 22:53:00
3701,user_3701@test.com,$2a$10$7zB3qQzEcbB7mU5eL2n9fO0xH98o2tYpM.2s5lR7wE.2F8u7y6X1.,안주혁,010-4105-3329,2004-03-10,ROLE_USER,ACTIVE,2025-04-26 00:00:00,2025-04-26 00:00:00,2026-06-30 11:26:00
3702,user_3702@test.com,$2a$10$7zB3qQzEcbB7mU5eL2n9fO0xH98o2tYpM.2s5lR7wE.2F8u7y6X1.,한은현,010-6422-6390,2002-11-06,ROLE_USER,ACTIVE,2025-09-23 00:00:00,2025-09-23 00:00:00,2026-06-22 09:06:00
3703,user_3703@test.com,$2a$10$7zB3qQzEcbB7mU5eL2n9fO0xH98o2tYpM.2s5lR7wE.2F8u7y6X1.,이승빈,010-5468-1860,1987-12-27,ROLE_USER,ACTIVE,2025-10-28 00:00:00,2025-10-28 00:00:00,2026-06-29 08:48:00
3704,user_3704@test.com,$2a$10$7zB3qQzEcbB7mU5eL2n9fO0xH98o2tYpM.2s5lR7wE.2F8u7y6X1.,홍도수,010-2567-2154,1970-07-16,ROLE_USER,ACTIVE,2026-04-15 00:00:00,2026-04-15 00:00:00,2026-06-18 10:02:00
3705,user_3705@test.com,$2a$10$7zB3qQzEcbB7mU5eL2n9fO0xH98o2tYpM.2s5lR7wE.2F8u7y6X1.,최승아,010-3398-9555,1976-02-25,ROLE_USER,ACTIVE,2024-05-19 00:00:00,2024-05-19 00:00:00,2026-06-11 10:55:00
3706,user_3706@test.com,$2a$10$7zB3qQzEcbB7mU5eL2n9fO0xH98o2tYpM.2s5lR7wE.2F8u7y6X1.,오태영,010-5600-2898,1973-12-12,ROLE_USER,ACTIVE,2023-12-22 00:00:00,2023-12-22 00:00:00,2026-06-18 21:38:00
3707,user_3707@test.com,$2a$10$7zB3qQzEcbB7mU5eL2n9fO0xH98o2tYpM.2s5lR7wE.2F8u7y6X1.,윤은아,010-8462-1157,1970-11-23,ROLE_USER,ACTIVE,2024-02-21 00:00:00,2024-02-21 00:00:00,2026-06-19 19:47:00
3708,user_3708@test.com,$2a$10$7zB3qQzEcbB7mU5eL2n9fO0xH98o2tYpM.2s5lR7wE.2F8u7y6X1.,이도현,010-3313-3844,2000-12-28,ROLE_USER,ACTIVE,2025-02-12 00:00:00,2025-02-12 00:00:00,2026-06-05 09:00:00
3709,user_3709@test.com,$2a$10$7zB3qQzEcbB7mU5eL2n9fO0xH98o2tYpM.2s5lR7wE.2F8u7y6X1.,강서현,010-8873-6714,1991-07-03,ROLE_USER,ACTIVE,2024-11-04 00:00:00,2024-11-04 00:00:00,2026-06-30 22:10:00
3710,user_3710@test.com,$2a$10$7zB3qQzEcbB7mU5eL2n9fO0xH98o2tYpM.2s5lR7wE.2F8u7y6X1.,이주빈,010-9858-4453,1986-08-22,ROLE_USER,ACTIVE,2024-11-17 00:00:00,2024-11-17 00:00:00,2026-07-02 13:39:00
3711,user_3711@test.com,$2a$10$7zB3qQzEcbB7mU5eL2n9fO0xH98o2tYpM.2s5lR7wE.2F8u7y6X1.,정시원,010-2613-3152,1988-05-15,ROLE_USER,ACTIVE,2025-11-13 00:00:00,2025-11-13 00:00:00,2026-06-08 19:07:00
3712,user_3712@test.com,$2a$10$7zB3qQzEcbB7mU5eL2n9fO0xH98o2tYpM.2s5lR7wE.2F8u7y6X1.,오태원,010-1088-1224,1971-09-14,ROLE_USER,ACTIVE,2024-06-03 00:00:00,2024-06-03 00:00:00,2026-04-07 15:02:00
3713,user_3713@test.com,$2a$10$7zB3qQzEcbB7mU5eL2n9fO0xH98o2tYpM.2s5lR7wE.2F8u7y6X1.,오시빈,010-5965-8293,1989-04-01,ROLE_USER,ACTIVE,2026-02-02 00:00:00,2026-02-02 00:00:00,2026-06-29 09:25:00
3714,user_3714@test.com,$2a$10$7zB3qQzEcbB7mU5eL2n9fO0xH98o2tYpM.2s5lR7wE.2F8u7y6X1.,한서인,010-7363-2587,1987-05-04,ROLE_USER,ACTIVE,2025-09-25 00:00:00,2025-09-25 00:00:00,2026-06-30 20:44:00
3715,user_3715@test.com,$2a$10$7zB3qQzEcbB7mU5eL2n9fO0xH98o2tYpM.2s5lR7wE.2F8u7y6X1.,신민우,010-4056-8696,1989-01-07,ROLE_USER,ACTIVE,2024-12-02 00:00:00,2024-12-02 00:00:00,2026-07-01 18:54:00
3716,user_3716@test.com,$2a$10$7zB3qQzEcbB7mU5eL2n9fO0xH98o2tYpM.2s5lR7wE.2F8u7y6X1.,홍서수,010-7979-1741,1981-08-01,ROLE_USER,ACTIVE,2025-12-16 00:00:00,2025-12-16 00:00:00,2026-06-23 10:58:00
3717,user_3717@test.com,$2a$10$7zB3qQzEcbB7mU5eL2n9fO0xH98o2tYpM.2s5lR7wE.2F8u7y6X1.,서현율,010-6295-7923,1986-01-05,ROLE_USER,ACTIVE,2025-11-11 00:00:00,2025-11-11 00:00:00,2026-06-26 16:34:00
3718,user_3718@test.com,$2a$10$7zB3qQzEcbB7mU5eL2n9fO0xH98o2tYpM.2s5lR7wE.2F8u7y6X1.,전은우,010-1540-1931,1993-06-06,ROLE_USER,ACTIVE,2024-05-31 00:00:00,2024-05-31 00:00:00,2026-06-23 21:25:00
3719,user_3719@test.com,$2a$10$7zB3qQzEcbB7mU5eL2n9fO0xH98o2tYpM.2s5lR7wE.2F8u7y6X1.,신주준,010-9710-4180,1974-07-20,ROLE_USER,ACTIVE,2024-08-19 00:00:00,2024-08-19 00:00:00,2026-06-24 10:14:00
3720,user_3720@test.com,$2a$10$7zB3qQzEcbB7mU5eL2n9fO0xH98o2tYpM.2s5lR7wE.2F8u7y6X1.,오민빈,010-4167-5851,1999-09-05,ROLE_USER,ACTIVE,2026-04-21 00:00:00,2026-04-21 00:00:00,2026-05-17 08:49:00
3721,user_3721@test.com,$2a$10$7zB3qQzEcbB7mU5eL2n9fO0xH98o2tYpM.2s5lR7wE.2F8u7y6X1.,황민혁,010-8344-7571,1973-02-28,ROLE_USER,ACTIVE,2025-02-11 00:00:00,2025-02-11 00:00:00,2026-06-25 12:02:00
3722,user_3722@test.com,$2a$10$7zB3qQzEcbB7mU5eL2n9fO0xH98o2tYpM.2s5lR7wE.2F8u7y6X1.,박승준,010-7157-1428,1985-11-18,ROLE_USER,ACTIVE,2024-07-06 00:00:00,2024-07-06 00:00:00,2026-06-07 11:09:00
3723,user_3723@test.com,$2a$10$7zB3qQzEcbB7mU5eL2n9fO0xH98o2tYpM.2s5lR7wE.2F8u7y6X1.,장현인,010-8366-6050,1975-03-09,ROLE_USER,ACTIVE,2026-02-06 00:00:00,2026-02-06 00:00:00,2026-06-25 21:36:00
3724,user_3724@test.com,$2a$10$7zB3qQzEcbB7mU5eL2n9fO0xH98o2tYpM.2s5lR7wE.2F8u7y6X1.,전승빈,010-3704-8884,1996-09-17,ROLE_USER,ACTIVE,2025-12-14 00:00:00,2025-12-14 00:00:00,2026-06-24 21:14:00
3725,user_3725@test.com,$2a$10$7zB3qQzEcbB7mU5eL2n9fO0xH98o2tYpM.2s5lR7wE.2F8u7y6X1.,정도영,010-3989-6430,2000-01-15,ROLE_USER,ACTIVE,2026-01-13 00:00:00,2026-01-13 00:00:00,2026-07-01 17:38:00
3726,user_3726@test.com,$2a$10$7zB3qQzEcbB7mU5eL2n9fO0xH98o2tYpM.2s5lR7wE.2F8u7y6X1.,전승빈,010-7882-3151,2001-10-17,ROLE_USER,ACTIVE,2024-11-03 00:00:00,2024-11-03 00:00:00,2026-07-02 21:03:00
3727,user_3727@test.com,$2a$10$7zB3qQzEcbB7mU5eL2n9fO0xH98o2tYpM.2s5lR7wE.2F8u7y6X1.,황지빈,010-3152-4781,1991-01-13,ROLE_USER,ACTIVE,2024-06-12 00:00:00,2024-06-12 00:00:00,2026-05-15 14:00:00
3728,user_3728@test.com,$2a$10$7zB3qQzEcbB7mU5eL2n9fO0xH98o2tYpM.2s5lR7wE.2F8u7y6X1.,조현현,010-2341-9463,1985-06-06,ROLE_USER,ACTIVE,2023-12-07 00:00:00,2023-12-07 00:00:00,2026-06-25 22:26:00
3729,user_3729@test.com,$2a$10$7zB3qQzEcbB7mU5eL2n9fO0xH98o2tYpM.2s5lR7wE.2F8u7y6X1.,김지빈,010-9112-5172,2000-12-16,ROLE_USER,ACTIVE,2025-11-17 00:00:00,2025-11-17 00:00:00,2026-06-08 22:57:00
3730,user_3730@test.com,$2a$10$7zB3qQzEcbB7mU5eL2n9fO0xH98o2tYpM.2s5lR7wE.2F8u7y6X1.,강현우,010-4128-2298,1981-09-23,ROLE_USER,ACTIVE,2024-10-25 00:00:00,2024-10-25 00:00:00,2026-06-22 18:51:00
3731,user_3731@test.com,$2a$10$7zB3qQzEcbB7mU5eL2n9fO0xH98o2tYpM.2s5lR7wE.2F8u7y6X1.,최지인,010-2017-8123,1999-10-20,ROLE_USER,ACTIVE,2024-01-14 00:00:00,2024-01-14 00:00:00,2026-06-18 18:22:00
3732,user_3732@test.com,$2a$10$7zB3qQzEcbB7mU5eL2n9fO0xH98o2tYpM.2s5lR7wE.2F8u7y6X1.,오서수,010-5905-7182,1992-04-07,ROLE_USER,ACTIVE,2024-04-08 00:00:00,2024-04-08 00:00:00,2026-07-02 19:18:00
3733,user_3733@test.com,$2a$10$7zB3qQzEcbB7mU5eL2n9fO0xH98o2tYpM.2s5lR7wE.2F8u7y6X1.,신주우,010-5668-8459,2004-05-21,ROLE_USER,ACTIVE,2026-02-16 00:00:00,2026-02-16 00:00:00,2026-06-18 22:06:00
3734,user_3734@test.com,$2a$10$7zB3qQzEcbB7mU5eL2n9fO0xH98o2tYpM.2s5lR7wE.2F8u7y6X1.,홍예우,010-7836-2900,1984-11-22,ROLE_USER,ACTIVE,2024-06-21 00:00:00,2024-06-21 00:00:00,2026-06-29 18:59:00
3735,user_3735@test.com,$2a$10$7zB3qQzEcbB7mU5eL2n9fO0xH98o2tYpM.2s5lR7wE.2F8u7y6X1.,김예인,010-5125-8490,1980-05-25,ROLE_USER,ACTIVE,2023-11-21 00:00:00,2023-11-21 00:00:00,2026-06-30 15:09:00
3736,user_3736@test.com,$2a$10$7zB3qQzEcbB7mU5eL2n9fO0xH98o2tYpM.2s5lR7wE.2F8u7y6X1.,윤태인,010-7151-2619,1982-02-08,ROLE_USER,ACTIVE,2023-10-07 00:00:00,2023-10-07 00:00:00,2026-06-24 12:13:00
3737,user_3737@test.com,$2a$10$7zB3qQzEcbB7mU5eL2n9fO0xH98o2tYpM.2s5lR7wE.2F8u7y6X1.,송태영,010-9103-2254,1990-07-10,ROLE_USER,ACTIVE,2025-11-06 00:00:00,2025-11-06 00:00:00,2026-06-25 18:05:00
3738,user_3738@test.com,$2a$10$7zB3qQzEcbB7mU5eL2n9fO0xH98o2tYpM.2s5lR7wE.2F8u7y6X1.,황현율,010-1234-4347,1982-10-12,ROLE_USER,ACTIVE,2026-04-17 00:00:00,2026-04-17 00:00:00,2026-06-30 11:16:00
3739,user_3739@test.com,$2a$10$7zB3qQzEcbB7mU5eL2n9fO0xH98o2tYpM.2s5lR7wE.2F8u7y6X1.,서지현,010-1829-8893,1994-01-10,ROLE_USER,ACTIVE,2025-02-24 00:00:00,2025-02-24 00:00:00,2026-06-29 08:38:00
3740,user_3740@test.com,$2a$10$7zB3qQzEcbB7mU5eL2n9fO0xH98o2tYpM.2s5lR7wE.2F8u7y6X1.,장지수,010-6178-6963,1972-02-25,ROLE_USER,ACTIVE,2025-01-23 00:00:00,2025-01-23 00:00:00,2026-06-29 18:46:00
3741,user_3741@test.com,$2a$10$7zB3qQzEcbB7mU5eL2n9fO0xH98o2tYpM.2s5lR7wE.2F8u7y6X1.,장민원,010-9158-1473,1995-04-12,ROLE_USER,ACTIVE,2025-08-31 00:00:00,2025-08-31 00:00:00,2026-06-23 09:46:00
3742,user_3742@test.com,$2a$10$7zB3qQzEcbB7mU5eL2n9fO0xH98o2tYpM.2s5lR7wE.2F8u7y6X1.,강도현,010-4709-9845,1985-07-08,ROLE_USER,ACTIVE,2025-05-27 00:00:00,2025-05-27 00:00:00,2026-05-29 18:42:00
3743,user_3743@test.com,$2a$10$7zB3qQzEcbB7mU5eL2n9fO0xH98o2tYpM.2s5lR7wE.2F8u7y6X1.,한주우,010-7091-7954,1987-12-28,ROLE_USER,ACTIVE,2025-03-09 00:00:00,2025-03-09 00:00:00,2026-06-26 20:26:00
3744,user_3744@test.com,$2a$10$7zB3qQzEcbB7mU5eL2n9fO0xH98o2tYpM.2s5lR7wE.2F8u7y6X1.,송지원,010-1942-5282,1975-05-19,ROLE_USER,ACTIVE,2026-05-10 00:00:00,2026-05-10 00:00:00,2026-05-22 14:05:00
3745,user_3745@test.com,$2a$10$7zB3qQzEcbB7mU5eL2n9fO0xH98o2tYpM.2s5lR7wE.2F8u7y6X1.,조지수,010-2851-5543,1976-08-03,ROLE_USER,ACTIVE,2025-07-17 00:00:00,2025-07-17 00:00:00,2026-06-28 20:56:00
3746,user_3746@test.com,$2a$10$7zB3qQzEcbB7mU5eL2n9fO0xH98o2tYpM.2s5lR7wE.2F8u7y6X1.,한승인,010-1245-7870,1976-02-18,ROLE_USER,ACTIVE,2025-10-07 00:00:00,2025-10-07 00:00:00,2026-06-28 17:03:00
3747,user_3747@test.com,$2a$10$7zB3qQzEcbB7mU5eL2n9fO0xH98o2tYpM.2s5lR7wE.2F8u7y6X1.,조서아,010-2874-3108,1997-11-03,ROLE_USER,ACTIVE,2025-08-05 00:00:00,2025-08-05 00:00:00,2026-06-28 21:37:00
3748,user_3748@test.com,$2a$10$7zB3qQzEcbB7mU5eL2n9fO0xH98o2tYpM.2s5lR7wE.2F8u7y6X1.,신시영,010-9492-4882,2003-08-09,ROLE_USER,ACTIVE,2024-11-05 00:00:00,2024-11-05 00:00:00,2026-06-18 13:06:00
3749,user_3749@test.com,$2a$10$7zB3qQzEcbB7mU5eL2n9fO0xH98o2tYpM.2s5lR7wE.2F8u7y6X1.,조도영,010-2898-2278,1994-02-05,ROLE_USER,ACTIVE,2026-04-22 00:00:00,2026-04-22 00:00:00,2026-06-01 17:08:00
3750,user_3750@test.com,$2a$10$7zB3qQzEcbB7mU5eL2n9fO0xH98o2tYpM.2s5lR7wE.2F8u7y6X1.,조민현,010-1634-8091,1983-04-20,ROLE_USER,ACTIVE,2025-11-02 00:00:00,2025-11-02 00:00:00,2026-06-22 22:41:00
3751,user_3751@test.com,$2a$10$7zB3qQzEcbB7mU5eL2n9fO0xH98o2tYpM.2s5lR7wE.2F8u7y6X1.,정하인,010-1071-1105,2003-11-05,ROLE_USER,ACTIVE,2024-08-08 00:00:00,2024-08-08 00:00:00,2026-06-24 17:51:00
3752,user_3752@test.com,$2a$10$7zB3qQzEcbB7mU5eL2n9fO0xH98o2tYpM.2s5lR7wE.2F8u7y6X1.,안서빈,010-7829-6880,1994-04-10,ROLE_USER,ACTIVE,2026-03-02 00:00:00,2026-03-02 00:00:00,2026-06-25 13:37:00
3753,user_3753@test.com,$2a$10$7zB3qQzEcbB7mU5eL2n9fO0xH98o2tYpM.2s5lR7wE.2F8u7y6X1.,송시현,010-2323-5360,1997-02-14,ROLE_USER,ACTIVE,2023-12-08 00:00:00,2023-12-08 00:00:00,2026-06-12 19:48:00
3754,user_3754@test.com,$2a$10$7zB3qQzEcbB7mU5eL2n9fO0xH98o2tYpM.2s5lR7wE.2F8u7y6X1.,송은현,010-3072-2032,1972-12-18,ROLE_USER,ACTIVE,2025-08-10 00:00:00,2025-08-10 00:00:00,2026-06-27 10:53:00
3755,user_3755@test.com,$2a$10$7zB3qQzEcbB7mU5eL2n9fO0xH98o2tYpM.2s5lR7wE.2F8u7y6X1.,김하율,010-3857-8529,1982-12-21,ROLE_USER,ACTIVE,2025-06-30 00:00:00,2025-06-30 00:00:00,2026-06-18 11:46:00
3756,user_3756@test.com,$2a$10$7zB3qQzEcbB7mU5eL2n9fO0xH98o2tYpM.2s5lR7wE.2F8u7y6X1.,한승수,010-7127-7599,1982-11-13,ROLE_USER,ACTIVE,2025-10-05 00:00:00,2025-10-05 00:00:00,2026-06-03 17:24:00
3757,user_3757@test.com,$2a$10$7zB3qQzEcbB7mU5eL2n9fO0xH98o2tYpM.2s5lR7wE.2F8u7y6X1.,전예빈,010-3518-3668,1986-03-02,ROLE_USER,ACTIVE,2025-04-12 00:00:00,2025-04-12 00:00:00,2026-06-20 15:41:00
3758,user_3758@test.com,$2a$10$7zB3qQzEcbB7mU5eL2n9fO0xH98o2tYpM.2s5lR7wE.2F8u7y6X1.,임승원,010-7240-8371,1970-11-10,ROLE_USER,ACTIVE,2025-12-04 00:00:00,2025-12-04 00:00:00,2026-06-20 08:07:00
3759,user_3759@test.com,$2a$10$7zB3qQzEcbB7mU5eL2n9fO0xH98o2tYpM.2s5lR7wE.2F8u7y6X1.,홍은빈,010-9246-6845,1996-03-22,ROLE_USER,ACTIVE,2025-05-22 00:00:00,2025-05-22 00:00:00,2026-07-02 22:34:00
3760,user_3760@test.com,$2a$10$7zB3qQzEcbB7mU5eL2n9fO0xH98o2tYpM.2s5lR7wE.2F8u7y6X1.,오하혁,010-2031-5597,1974-07-26,ROLE_USER,ACTIVE,2026-01-13 00:00:00,2026-01-13 00:00:00,2026-06-18 12:07:00
3761,user_3761@test.com,$2a$10$7zB3qQzEcbB7mU5eL2n9fO0xH98o2tYpM.2s5lR7wE.2F8u7y6X1.,오지원,010-8226-4609,2003-07-01,ROLE_USER,ACTIVE,2023-10-15 00:00:00,2023-10-15 00:00:00,2026-06-28 18:43:00
3762,user_3762@test.com,$2a$10$7zB3qQzEcbB7mU5eL2n9fO0xH98o2tYpM.2s5lR7wE.2F8u7y6X1.,조민빈,010-4390-9256,2002-06-01,ROLE_USER,ACTIVE,2024-10-26 00:00:00,2024-10-26 00:00:00,2026-06-26 17:09:00
3763,user_3763@test.com,$2a$10$7zB3qQzEcbB7mU5eL2n9fO0xH98o2tYpM.2s5lR7wE.2F8u7y6X1.,이민현,010-2072-6208,1987-12-19,ROLE_USER,ACTIVE,2025-08-06 00:00:00,2025-08-06 00:00:00,2026-06-21 21:46:00
3764,user_3764@test.com,$2a$10$7zB3qQzEcbB7mU5eL2n9fO0xH98o2tYpM.2s5lR7wE.2F8u7y6X1.,송도인,010-3617-4454,1980-03-03,ROLE_USER,ACTIVE,2024-08-22 00:00:00,2024-08-22 00:00:00,2026-06-19 18:00:00
3765,user_3765@test.com,$2a$10$7zB3qQzEcbB7mU5eL2n9fO0xH98o2tYpM.2s5lR7wE.2F8u7y6X1.,임태원,010-4075-5375,1987-09-15,ROLE_USER,ACTIVE,2025-07-15 00:00:00,2025-07-15 00:00:00,2026-07-01 20:42:00
3766,user_3766@test.com,$2a$10$7zB3qQzEcbB7mU5eL2n9fO0xH98o2tYpM.2s5lR7wE.2F8u7y6X1.,권시혁,010-1775-3409,1970-02-02,ROLE_USER,ACTIVE,2025-11-11 00:00:00,2025-11-11 00:00:00,2026-06-29 19:41:00
3767,user_3767@test.com,$2a$10$7zB3qQzEcbB7mU5eL2n9fO0xH98o2tYpM.2s5lR7wE.2F8u7y6X1.,오은수,010-3671-9861,2001-04-23,ROLE_USER,ACTIVE,2023-12-22 00:00:00,2023-12-22 00:00:00,2026-06-27 20:03:00
3768,user_3768@test.com,$2a$10$7zB3qQzEcbB7mU5eL2n9fO0xH98o2tYpM.2s5lR7wE.2F8u7y6X1.,임승혁,010-5089-3201,1995-07-15,ROLE_USER,ACTIVE,2023-10-27 00:00:00,2023-10-27 00:00:00,2026-06-25 13:06:00
3769,user_3769@test.com,$2a$10$7zB3qQzEcbB7mU5eL2n9fO0xH98o2tYpM.2s5lR7wE.2F8u7y6X1.,안주혁,010-4013-9090,1989-10-20,ROLE_USER,ACTIVE,2025-01-08 00:00:00,2025-01-08 00:00:00,2026-06-22 18:59:00
3770,user_3770@test.com,$2a$10$7zB3qQzEcbB7mU5eL2n9fO0xH98o2tYpM.2s5lR7wE.2F8u7y6X1.,홍주율,010-3569-4666,1974-12-17,ROLE_USER,ACTIVE,2025-04-21 00:00:00,2025-04-21 00:00:00,2026-06-23 21:38:00
3771,user_3771@test.com,$2a$10$7zB3qQzEcbB7mU5eL2n9fO0xH98o2tYpM.2s5lR7wE.2F8u7y6X1.,전하준,010-7573-8120,1991-09-15,ROLE_USER,ACTIVE,2023-12-18 00:00:00,2023-12-18 00:00:00,2026-06-29 14:22:00
3772,user_3772@test.com,$2a$10$7zB3qQzEcbB7mU5eL2n9fO0xH98o2tYpM.2s5lR7wE.2F8u7y6X1.,송예인,010-1524-5032,1979-05-17,ROLE_USER,ACTIVE,2024-11-06 00:00:00,2024-11-06 00:00:00,2026-06-03 12:27:00
3773,user_3773@test.com,$2a$10$7zB3qQzEcbB7mU5eL2n9fO0xH98o2tYpM.2s5lR7wE.2F8u7y6X1.,조민혁,010-1868-1124,1997-12-15,ROLE_USER,ACTIVE,2024-06-10 00:00:00,2024-06-10 00:00:00,2026-06-25 08:39:00
3774,user_3774@test.com,$2a$10$7zB3qQzEcbB7mU5eL2n9fO0xH98o2tYpM.2s5lR7wE.2F8u7y6X1.,신주인,010-9166-4069,1983-07-12,ROLE_USER,ACTIVE,2026-02-02 00:00:00,2026-02-02 00:00:00,2026-06-24 17:50:00
3775,user_3775@test.com,$2a$10$7zB3qQzEcbB7mU5eL2n9fO0xH98o2tYpM.2s5lR7wE.2F8u7y6X1.,황승우,010-3243-9437,1996-09-25,ROLE_USER,ACTIVE,2024-11-10 00:00:00,2024-11-10 00:00:00,2026-07-02 20:34:00
3776,user_3776@test.com,$2a$10$7zB3qQzEcbB7mU5eL2n9fO0xH98o2tYpM.2s5lR7wE.2F8u7y6X1.,정예인,010-4788-7880,1987-02-10,ROLE_USER,ACTIVE,2024-08-20 00:00:00,2024-08-20 00:00:00,2026-06-22 08:58:00
3777,user_3777@test.com,$2a$10$7zB3qQzEcbB7mU5eL2n9fO0xH98o2tYpM.2s5lR7wE.2F8u7y6X1.,송하수,010-8863-6180,1997-10-01,ROLE_USER,ACTIVE,2025-01-07 00:00:00,2025-01-07 00:00:00,2026-06-20 21:59:00
3778,user_3778@test.com,$2a$10$7zB3qQzEcbB7mU5eL2n9fO0xH98o2tYpM.2s5lR7wE.2F8u7y6X1.,오은혁,010-5769-7735,2004-08-07,ROLE_USER,ACTIVE,2024-03-02 00:00:00,2024-03-02 00:00:00,2026-04-15 21:15:00
3779,user_3779@test.com,$2a$10$7zB3qQzEcbB7mU5eL2n9fO0xH98o2tYpM.2s5lR7wE.2F8u7y6X1.,오현원,010-8721-6058,1981-09-22,ROLE_USER,ACTIVE,2025-05-07 00:00:00,2025-05-07 00:00:00,2026-06-21 20:49:00
3780,user_3780@test.com,$2a$10$7zB3qQzEcbB7mU5eL2n9fO0xH98o2tYpM.2s5lR7wE.2F8u7y6X1.,신예아,010-9030-4711,1979-01-14,ROLE_USER,ACTIVE,2025-11-11 00:00:00,2025-11-11 00:00:00,2026-06-19 13:45:00
3781,user_3781@test.com,$2a$10$7zB3qQzEcbB7mU5eL2n9fO0xH98o2tYpM.2s5lR7wE.2F8u7y6X1.,정하현,010-9348-1758,1994-06-12,ROLE_USER,ACTIVE,2024-03-15 00:00:00,2024-03-15 00:00:00,2026-06-19 20:03:00
3782,user_3782@test.com,$2a$10$7zB3qQzEcbB7mU5eL2n9fO0xH98o2tYpM.2s5lR7wE.2F8u7y6X1.,전승영,010-8022-9185,2001-12-13,ROLE_USER,ACTIVE,2023-11-21 00:00:00,2023-11-21 00:00:00,2026-07-01 19:54:00
3783,user_3783@test.com,$2a$10$7zB3qQzEcbB7mU5eL2n9fO0xH98o2tYpM.2s5lR7wE.2F8u7y6X1.,조민아,010-8184-6983,1990-07-22,ROLE_USER,ACTIVE,2024-09-26 00:00:00,2024-09-26 00:00:00,2026-06-21 17:08:00
3784,user_3784@test.com,$2a$10$7zB3qQzEcbB7mU5eL2n9fO0xH98o2tYpM.2s5lR7wE.2F8u7y6X1.,권시영,010-7237-1799,1998-10-15,ROLE_USER,ACTIVE,2025-09-19 00:00:00,2025-09-19 00:00:00,2026-06-19 20:02:00
3785,user_3785@test.com,$2a$10$7zB3qQzEcbB7mU5eL2n9fO0xH98o2tYpM.2s5lR7wE.2F8u7y6X1.,조서인,010-8620-3259,1971-03-15,ROLE_USER,ACTIVE,2025-04-14 00:00:00,2025-04-14 00:00:00,2026-06-21 20:26:00
3786,user_3786@test.com,$2a$10$7zB3qQzEcbB7mU5eL2n9fO0xH98o2tYpM.2s5lR7wE.2F8u7y6X1.,한예빈,010-6579-8688,1991-02-05,ROLE_USER,ACTIVE,2024-03-29 00:00:00,2024-03-29 00:00:00,2026-06-30 17:37:00
3787,user_3787@test.com,$2a$10$7zB3qQzEcbB7mU5eL2n9fO0xH98o2tYpM.2s5lR7wE.2F8u7y6X1.,장시준,010-3972-2385,1993-03-08,ROLE_USER,ACTIVE,2026-02-22 00:00:00,2026-02-22 00:00:00,2026-06-24 09:38:00
3788,user_3788@test.com,$2a$10$7zB3qQzEcbB7mU5eL2n9fO0xH98o2tYpM.2s5lR7wE.2F8u7y6X1.,조승현,010-8196-8501,1973-07-10,ROLE_USER,ACTIVE,2023-10-23 00:00:00,2023-10-23 00:00:00,2026-06-03 19:36:00
3789,user_3789@test.com,$2a$10$7zB3qQzEcbB7mU5eL2n9fO0xH98o2tYpM.2s5lR7wE.2F8u7y6X1.,권도현,010-3661-1719,1986-08-22,ROLE_USER,ACTIVE,2023-11-10 00:00:00,2023-11-10 00:00:00,2026-06-20 21:22:00
3790,user_3790@test.com,$2a$10$7zB3qQzEcbB7mU5eL2n9fO0xH98o2tYpM.2s5lR7wE.2F8u7y6X1.,강주인,010-7183-3863,1983-02-18,ROLE_USER,ACTIVE,2024-12-03 00:00:00,2024-12-03 00:00:00,2026-06-19 09:38:00
3791,user_3791@test.com,$2a$10$7zB3qQzEcbB7mU5eL2n9fO0xH98o2tYpM.2s5lR7wE.2F8u7y6X1.,황태율,010-8585-2358,1976-12-14,ROLE_USER,ACTIVE,2025-10-30 00:00:00,2025-10-30 00:00:00,2026-06-10 20:01:00
3792,user_3792@test.com,$2a$10$7zB3qQzEcbB7mU5eL2n9fO0xH98o2tYpM.2s5lR7wE.2F8u7y6X1.,전도수,010-5054-1902,1995-07-27,ROLE_USER,ACTIVE,2025-03-04 00:00:00,2025-03-04 00:00:00,2026-06-25 10:35:00
3793,user_3793@test.com,$2a$10$7zB3qQzEcbB7mU5eL2n9fO0xH98o2tYpM.2s5lR7wE.2F8u7y6X1.,송서율,010-8708-9590,1978-08-27,ROLE_USER,ACTIVE,2024-03-11 00:00:00,2024-03-11 00:00:00,2026-06-25 17:51:00
3794,user_3794@test.com,$2a$10$7zB3qQzEcbB7mU5eL2n9fO0xH98o2tYpM.2s5lR7wE.2F8u7y6X1.,안승현,010-1003-4206,1981-08-25,ROLE_USER,ACTIVE,2023-10-25 00:00:00,2023-10-25 00:00:00,2026-06-24 08:40:00
3795,user_3795@test.com,$2a$10$7zB3qQzEcbB7mU5eL2n9fO0xH98o2tYpM.2s5lR7wE.2F8u7y6X1.,강은수,010-2670-7786,1989-06-04,ROLE_USER,ACTIVE,2023-10-23 00:00:00,2023-10-23 00:00:00,2026-07-02 19:29:00
3796,user_3796@test.com,$2a$10$7zB3qQzEcbB7mU5eL2n9fO0xH98o2tYpM.2s5lR7wE.2F8u7y6X1.,황민우,010-9250-2992,1994-02-08,ROLE_USER,ACTIVE,2024-10-30 00:00:00,2024-10-30 00:00:00,2026-06-23 09:01:00
3797,user_3797@test.com,$2a$10$7zB3qQzEcbB7mU5eL2n9fO0xH98o2tYpM.2s5lR7wE.2F8u7y6X1.,오예아,010-9081-9423,1998-04-28,ROLE_USER,ACTIVE,2024-06-07 00:00:00,2024-06-07 00:00:00,2026-06-21 12:23:00
3798,user_3798@test.com,$2a$10$7zB3qQzEcbB7mU5eL2n9fO0xH98o2tYpM.2s5lR7wE.2F8u7y6X1.,박민원,010-4583-9201,1977-03-15,ROLE_USER,ACTIVE,2026-04-10 00:00:00,2026-04-10 00:00:00,2026-06-30 19:34:00
3799,user_3799@test.com,$2a$10$7zB3qQzEcbB7mU5eL2n9fO0xH98o2tYpM.2s5lR7wE.2F8u7y6X1.,송주아,010-8608-9939,1989-10-22,ROLE_USER,ACTIVE,2025-07-19 00:00:00,2025-07-19 00:00:00,2026-06-21 18:54:00
3800,user_3800@test.com,$2a$10$7zB3qQzEcbB7mU5eL2n9fO0xH98o2tYpM.2s5lR7wE.2F8u7y6X1.,서주현,010-8267-9480,1987-02-12,ROLE_USER,ACTIVE,2024-12-31 00:00:00,2024-12-31 00:00:00,2026-06-26 08:32:00
3801,user_3801@test.com,$2a$10$7zB3qQzEcbB7mU5eL2n9fO0xH98o2tYpM.2s5lR7wE.2F8u7y6X1.,정예율,010-7581-8373,1989-08-14,ROLE_USER,ACTIVE,2024-04-11 00:00:00,2024-04-11 00:00:00,2026-06-28 10:48:00
3802,user_3802@test.com,$2a$10$7zB3qQzEcbB7mU5eL2n9fO0xH98o2tYpM.2s5lR7wE.2F8u7y6X1.,서시우,010-8666-9381,1985-04-10,ROLE_USER,ACTIVE,2024-09-13 00:00:00,2024-09-13 00:00:00,2026-06-28 17:06:00
3803,user_3803@test.com,$2a$10$7zB3qQzEcbB7mU5eL2n9fO0xH98o2tYpM.2s5lR7wE.2F8u7y6X1.,강민인,010-8952-9755,2000-02-02,ROLE_USER,ACTIVE,2026-03-30 00:00:00,2026-03-30 00:00:00,2026-06-30 14:16:00
3804,user_3804@test.com,$2a$10$7zB3qQzEcbB7mU5eL2n9fO0xH98o2tYpM.2s5lR7wE.2F8u7y6X1.,임주혁,010-8713-2276,1977-09-20,ROLE_USER,ACTIVE,2024-10-31 00:00:00,2024-10-31 00:00:00,2026-06-28 15:36:00
3805,user_3805@test.com,$2a$10$7zB3qQzEcbB7mU5eL2n9fO0xH98o2tYpM.2s5lR7wE.2F8u7y6X1.,서하혁,010-9754-8971,1982-09-17,ROLE_USER,ACTIVE,2024-01-04 00:00:00,2024-01-04 00:00:00,2026-06-23 16:26:00
3806,user_3806@test.com,$2a$10$7zB3qQzEcbB7mU5eL2n9fO0xH98o2tYpM.2s5lR7wE.2F8u7y6X1.,장승현,010-9956-8291,1985-09-06,ROLE_USER,ACTIVE,2024-05-16 00:00:00,2024-05-16 00:00:00,2026-06-23 09:40:00
3807,user_3807@test.com,$2a$10$7zB3qQzEcbB7mU5eL2n9fO0xH98o2tYpM.2s5lR7wE.2F8u7y6X1.,오서인,010-2393-3678,2004-06-25,ROLE_USER,ACTIVE,2025-08-19 00:00:00,2025-08-19 00:00:00,2026-06-20 15:40:00
3808,user_3808@test.com,$2a$10$7zB3qQzEcbB7mU5eL2n9fO0xH98o2tYpM.2s5lR7wE.2F8u7y6X1.,한지빈,010-2412-6867,2000-04-03,ROLE_USER,ACTIVE,2025-11-11 00:00:00,2025-11-11 00:00:00,2026-06-28 17:59:00
3809,user_3809@test.com,$2a$10$7zB3qQzEcbB7mU5eL2n9fO0xH98o2tYpM.2s5lR7wE.2F8u7y6X1.,최태아,010-2720-6340,1987-04-13,ROLE_USER,ACTIVE,2025-04-24 00:00:00,2025-04-24 00:00:00,2026-06-27 19:07:00
3810,user_3810@test.com,$2a$10$7zB3qQzEcbB7mU5eL2n9fO0xH98o2tYpM.2s5lR7wE.2F8u7y6X1.,임예우,010-3643-9943,1994-04-20,ROLE_USER,ACTIVE,2024-08-28 00:00:00,2024-08-28 00:00:00,2026-06-22 13:44:00
3811,user_3811@test.com,$2a$10$7zB3qQzEcbB7mU5eL2n9fO0xH98o2tYpM.2s5lR7wE.2F8u7y6X1.,김하현,010-9466-2357,1974-04-25,ROLE_USER,ACTIVE,2024-06-07 00:00:00,2024-06-07 00:00:00,2026-06-20 19:31:00
3812,user_3812@test.com,$2a$10$7zB3qQzEcbB7mU5eL2n9fO0xH98o2tYpM.2s5lR7wE.2F8u7y6X1.,한은아,010-9367-8320,1976-02-28,ROLE_USER,ACTIVE,2025-12-23 00:00:00,2025-12-23 00:00:00,2026-06-18 10:51:00
3813,user_3813@test.com,$2a$10$7zB3qQzEcbB7mU5eL2n9fO0xH98o2tYpM.2s5lR7wE.2F8u7y6X1.,임현준,010-7708-8705,2003-12-07,ROLE_USER,ACTIVE,2026-03-31 00:00:00,2026-03-31 00:00:00,2026-06-19 21:18:00
3814,user_3814@test.com,$2a$10$7zB3qQzEcbB7mU5eL2n9fO0xH98o2tYpM.2s5lR7wE.2F8u7y6X1.,정현현,010-9589-9989,1995-08-04,ROLE_USER,ACTIVE,2025-03-06 00:00:00,2025-03-06 00:00:00,2026-07-01 17:06:00
3815,user_3815@test.com,$2a$10$7zB3qQzEcbB7mU5eL2n9fO0xH98o2tYpM.2s5lR7wE.2F8u7y6X1.,안하수,010-9386-9114,2001-10-13,ROLE_USER,ACTIVE,2026-02-03 00:00:00,2026-02-03 00:00:00,2026-06-26 20:11:00
3816,user_3816@test.com,$2a$10$7zB3qQzEcbB7mU5eL2n9fO0xH98o2tYpM.2s5lR7wE.2F8u7y6X1.,황지혁,010-4468-8113,1987-04-27,ROLE_USER,ACTIVE,2025-11-01 00:00:00,2025-11-01 00:00:00,2026-06-21 19:29:00
3817,user_3817@test.com,$2a$10$7zB3qQzEcbB7mU5eL2n9fO0xH98o2tYpM.2s5lR7wE.2F8u7y6X1.,오승인,010-8648-2647,1978-04-24,ROLE_USER,ACTIVE,2025-05-22 00:00:00,2025-05-22 00:00:00,2026-06-18 08:42:00
3818,user_3818@test.com,$2a$10$7zB3qQzEcbB7mU5eL2n9fO0xH98o2tYpM.2s5lR7wE.2F8u7y6X1.,권현인,010-6603-7834,2002-11-19,ROLE_USER,ACTIVE,2026-02-21 00:00:00,2026-02-21 00:00:00,2026-06-11 09:50:00
3819,user_3819@test.com,$2a$10$7zB3qQzEcbB7mU5eL2n9fO0xH98o2tYpM.2s5lR7wE.2F8u7y6X1.,정도수,010-2263-7130,1970-09-11,ROLE_USER,ACTIVE,2023-11-03 00:00:00,2023-11-03 00:00:00,2026-06-28 21:14:00
3820,user_3820@test.com,$2a$10$7zB3qQzEcbB7mU5eL2n9fO0xH98o2tYpM.2s5lR7wE.2F8u7y6X1.,권주아,010-2954-9417,1983-01-24,ROLE_USER,ACTIVE,2026-05-01 00:00:00,2026-05-01 00:00:00,2026-05-27 15:06:00
3821,user_3821@test.com,$2a$10$7zB3qQzEcbB7mU5eL2n9fO0xH98o2tYpM.2s5lR7wE.2F8u7y6X1.,황하혁,010-9411-4777,1982-05-11,ROLE_USER,ACTIVE,2025-10-24 00:00:00,2025-10-24 00:00:00,2026-06-30 17:36:00
3822,user_3822@test.com,$2a$10$7zB3qQzEcbB7mU5eL2n9fO0xH98o2tYpM.2s5lR7wE.2F8u7y6X1.,조예인,010-3001-3133,2000-05-04,ROLE_USER,ACTIVE,2024-09-03 00:00:00,2024-09-03 00:00:00,2026-06-30 11:43:00
3823,user_3823@test.com,$2a$10$7zB3qQzEcbB7mU5eL2n9fO0xH98o2tYpM.2s5lR7wE.2F8u7y6X1.,강태현,010-9035-9385,1996-11-20,ROLE_USER,ACTIVE,2024-10-09 00:00:00,2024-10-09 00:00:00,2026-06-19 21:57:00
3824,user_3824@test.com,$2a$10$7zB3qQzEcbB7mU5eL2n9fO0xH98o2tYpM.2s5lR7wE.2F8u7y6X1.,정도수,010-2956-1978,1998-01-03,ROLE_USER,ACTIVE,2024-11-30 00:00:00,2024-11-30 00:00:00,2026-06-22 21:55:00
3825,user_3825@test.com,$2a$10$7zB3qQzEcbB7mU5eL2n9fO0xH98o2tYpM.2s5lR7wE.2F8u7y6X1.,윤시인,010-4614-2369,1973-04-17,ROLE_USER,ACTIVE,2025-11-19 00:00:00,2025-11-19 00:00:00,2026-06-25 09:10:00
3826,user_3826@test.com,$2a$10$7zB3qQzEcbB7mU5eL2n9fO0xH98o2tYpM.2s5lR7wE.2F8u7y6X1.,장도원,010-3832-8955,1998-10-15,ROLE_USER,ACTIVE,2025-10-31 00:00:00,2025-10-31 00:00:00,2026-06-20 21:40:00
3827,user_3827@test.com,$2a$10$7zB3qQzEcbB7mU5eL2n9fO0xH98o2tYpM.2s5lR7wE.2F8u7y6X1.,강시혁,010-3458-9329,1996-07-22,ROLE_USER,ACTIVE,2025-07-19 00:00:00,2025-07-19 00:00:00,2026-06-26 10:12:00
3828,user_3828@test.com,$2a$10$7zB3qQzEcbB7mU5eL2n9fO0xH98o2tYpM.2s5lR7wE.2F8u7y6X1.,권하빈,010-5082-2452,1997-07-08,ROLE_USER,ACTIVE,2024-09-26 00:00:00,2024-09-26 00:00:00,2026-06-19 11:02:00
3829,user_3829@test.com,$2a$10$7zB3qQzEcbB7mU5eL2n9fO0xH98o2tYpM.2s5lR7wE.2F8u7y6X1.,정시인,010-8997-9712,1996-08-04,ROLE_USER,ACTIVE,2024-06-19 00:00:00,2024-06-19 00:00:00,2026-06-27 14:35:00
3830,user_3830@test.com,$2a$10$7zB3qQzEcbB7mU5eL2n9fO0xH98o2tYpM.2s5lR7wE.2F8u7y6X1.,송현율,010-8018-5293,1986-04-07,ROLE_USER,ACTIVE,2025-05-12 00:00:00,2025-05-12 00:00:00,2026-06-26 21:42:00
3831,user_3831@test.com,$2a$10$7zB3qQzEcbB7mU5eL2n9fO0xH98o2tYpM.2s5lR7wE.2F8u7y6X1.,송지수,010-5010-6924,1989-12-27,ROLE_USER,ACTIVE,2025-07-11 00:00:00,2025-07-11 00:00:00,2026-06-12 12:35:00
3832,user_3832@test.com,$2a$10$7zB3qQzEcbB7mU5eL2n9fO0xH98o2tYpM.2s5lR7wE.2F8u7y6X1.,최도현,010-9498-8798,1976-07-13,ROLE_USER,ACTIVE,2026-04-29 00:00:00,2026-04-29 00:00:00,2026-05-24 21:44:00
3833,user_3833@test.com,$2a$10$7zB3qQzEcbB7mU5eL2n9fO0xH98o2tYpM.2s5lR7wE.2F8u7y6X1.,강태현,010-8097-9275,1971-09-24,ROLE_USER,ACTIVE,2026-05-15 00:00:00,2026-05-15 00:00:00,2026-06-02 18:09:00
3834,user_3834@test.com,$2a$10$7zB3qQzEcbB7mU5eL2n9fO0xH98o2tYpM.2s5lR7wE.2F8u7y6X1.,오은준,010-5390-8692,1978-05-21,ROLE_USER,ACTIVE,2024-05-30 00:00:00,2024-05-30 00:00:00,2026-06-19 10:06:00
3835,user_3835@test.com,$2a$10$7zB3qQzEcbB7mU5eL2n9fO0xH98o2tYpM.2s5lR7wE.2F8u7y6X1.,정태원,010-3420-7124,1992-07-08,ROLE_USER,ACTIVE,2025-05-26 00:00:00,2025-05-26 00:00:00,2026-06-29 21:32:00
3836,user_3836@test.com,$2a$10$7zB3qQzEcbB7mU5eL2n9fO0xH98o2tYpM.2s5lR7wE.2F8u7y6X1.,안지우,010-3331-5730,2002-09-12,ROLE_USER,ACTIVE,2025-01-11 00:00:00,2025-01-11 00:00:00,2026-06-25 08:09:00
3837,user_3837@test.com,$2a$10$7zB3qQzEcbB7mU5eL2n9fO0xH98o2tYpM.2s5lR7wE.2F8u7y6X1.,김시혁,010-1772-9768,2002-02-09,ROLE_USER,ACTIVE,2024-07-06 00:00:00,2024-07-06 00:00:00,2026-06-21 15:15:00
3838,user_3838@test.com,$2a$10$7zB3qQzEcbB7mU5eL2n9fO0xH98o2tYpM.2s5lR7wE.2F8u7y6X1.,정시원,010-7785-1059,1984-04-04,ROLE_USER,ACTIVE,2024-09-15 00:00:00,2024-09-15 00:00:00,2026-06-24 17:24:00
3839,user_3839@test.com,$2a$10$7zB3qQzEcbB7mU5eL2n9fO0xH98o2tYpM.2s5lR7wE.2F8u7y6X1.,윤승원,010-5788-7108,1986-09-20,ROLE_USER,ACTIVE,2025-11-07 00:00:00,2025-11-07 00:00:00,2026-06-22 18:44:00
3840,user_3840@test.com,$2a$10$7zB3qQzEcbB7mU5eL2n9fO0xH98o2tYpM.2s5lR7wE.2F8u7y6X1.,박태아,010-8562-3719,1992-08-01,ROLE_USER,ACTIVE,2024-07-24 00:00:00,2024-07-24 00:00:00,2026-06-21 15:32:00
3841,user_3841@test.com,$2a$10$7zB3qQzEcbB7mU5eL2n9fO0xH98o2tYpM.2s5lR7wE.2F8u7y6X1.,안태율,010-8624-5291,1983-10-24,ROLE_USER,ACTIVE,2025-01-30 00:00:00,2025-01-30 00:00:00,2026-06-21 19:50:00
3842,user_3842@test.com,$2a$10$7zB3qQzEcbB7mU5eL2n9fO0xH98o2tYpM.2s5lR7wE.2F8u7y6X1.,신도우,010-5114-3273,2001-04-27,ROLE_USER,ACTIVE,2024-01-06 00:00:00,2024-01-06 00:00:00,2026-06-20 16:25:00
3843,user_3843@test.com,$2a$10$7zB3qQzEcbB7mU5eL2n9fO0xH98o2tYpM.2s5lR7wE.2F8u7y6X1.,박민우,010-3706-1447,1970-02-18,ROLE_USER,ACTIVE,2026-02-24 00:00:00,2026-02-24 00:00:00,2026-06-30 22:03:00
3844,user_3844@test.com,$2a$10$7zB3qQzEcbB7mU5eL2n9fO0xH98o2tYpM.2s5lR7wE.2F8u7y6X1.,전승아,010-4994-7171,1975-01-15,ROLE_USER,ACTIVE,2024-08-23 00:00:00,2024-08-23 00:00:00,2026-07-02 14:38:00
3845,user_3845@test.com,$2a$10$7zB3qQzEcbB7mU5eL2n9fO0xH98o2tYpM.2s5lR7wE.2F8u7y6X1.,최민현,010-4211-4024,1978-01-11,ROLE_USER,ACTIVE,2026-02-17 00:00:00,2026-02-17 00:00:00,2026-06-27 19:33:00
3846,user_3846@test.com,$2a$10$7zB3qQzEcbB7mU5eL2n9fO0xH98o2tYpM.2s5lR7wE.2F8u7y6X1.,오지빈,010-6699-6874,1980-02-06,ROLE_USER,ACTIVE,2025-03-20 00:00:00,2025-03-20 00:00:00,2026-06-21 10:47:00
3847,user_3847@test.com,$2a$10$7zB3qQzEcbB7mU5eL2n9fO0xH98o2tYpM.2s5lR7wE.2F8u7y6X1.,박현원,010-3176-5086,1978-10-17,ROLE_USER,ACTIVE,2025-12-17 00:00:00,2025-12-17 00:00:00,2026-06-21 11:33:00
3848,user_3848@test.com,$2a$10$7zB3qQzEcbB7mU5eL2n9fO0xH98o2tYpM.2s5lR7wE.2F8u7y6X1.,한예아,010-8952-7885,1978-09-24,ROLE_USER,ACTIVE,2026-04-09 00:00:00,2026-04-09 00:00:00,2026-06-18 15:39:00
3849,user_3849@test.com,$2a$10$7zB3qQzEcbB7mU5eL2n9fO0xH98o2tYpM.2s5lR7wE.2F8u7y6X1.,강현원,010-9510-9569,1982-12-02,ROLE_USER,ACTIVE,2023-12-13 00:00:00,2023-12-13 00:00:00,2026-06-21 18:25:00
3850,user_3850@test.com,$2a$10$7zB3qQzEcbB7mU5eL2n9fO0xH98o2tYpM.2s5lR7wE.2F8u7y6X1.,김도아,010-7448-9455,1973-01-01,ROLE_USER,ACTIVE,2023-12-01 00:00:00,2023-12-01 00:00:00,2026-05-31 11:22:00
3851,user_3851@test.com,$2a$10$7zB3qQzEcbB7mU5eL2n9fO0xH98o2tYpM.2s5lR7wE.2F8u7y6X1.,한민수,010-7864-6883,1989-02-21,ROLE_USER,ACTIVE,2023-11-13 00:00:00,2023-11-13 00:00:00,2026-06-18 10:44:00
3852,user_3852@test.com,$2a$10$7zB3qQzEcbB7mU5eL2n9fO0xH98o2tYpM.2s5lR7wE.2F8u7y6X1.,한주준,010-2832-2672,1983-12-07,ROLE_USER,ACTIVE,2025-12-09 00:00:00,2025-12-09 00:00:00,2026-06-29 14:20:00
3853,user_3853@test.com,$2a$10$7zB3qQzEcbB7mU5eL2n9fO0xH98o2tYpM.2s5lR7wE.2F8u7y6X1.,이승율,010-6703-2609,1978-10-17,ROLE_USER,ACTIVE,2024-02-25 00:00:00,2024-02-25 00:00:00,2026-06-28 13:08:00
3854,user_3854@test.com,$2a$10$7zB3qQzEcbB7mU5eL2n9fO0xH98o2tYpM.2s5lR7wE.2F8u7y6X1.,정태수,010-5522-1019,1972-02-21,ROLE_USER,ACTIVE,2024-06-15 00:00:00,2024-06-15 00:00:00,2026-06-29 19:07:00
3855,user_3855@test.com,$2a$10$7zB3qQzEcbB7mU5eL2n9fO0xH98o2tYpM.2s5lR7wE.2F8u7y6X1.,권승혁,010-3200-5358,1997-11-25,ROLE_USER,ACTIVE,2026-05-03 00:00:00,2026-05-03 00:00:00,2026-06-22 17:45:00
3856,user_3856@test.com,$2a$10$7zB3qQzEcbB7mU5eL2n9fO0xH98o2tYpM.2s5lR7wE.2F8u7y6X1.,신주우,010-3475-3251,1990-05-16,ROLE_USER,ACTIVE,2024-10-18 00:00:00,2024-10-18 00:00:00,2026-07-01 21:19:00
3857,user_3857@test.com,$2a$10$7zB3qQzEcbB7mU5eL2n9fO0xH98o2tYpM.2s5lR7wE.2F8u7y6X1.,최태아,010-4855-3285,2004-03-06,ROLE_USER,ACTIVE,2025-02-04 00:00:00,2025-02-04 00:00:00,2026-06-30 13:34:00
3858,user_3858@test.com,$2a$10$7zB3qQzEcbB7mU5eL2n9fO0xH98o2tYpM.2s5lR7wE.2F8u7y6X1.,최시아,010-3127-8829,1971-08-13,ROLE_USER,ACTIVE,2025-04-28 00:00:00,2025-04-28 00:00:00,2026-06-26 08:27:00
3859,user_3859@test.com,$2a$10$7zB3qQzEcbB7mU5eL2n9fO0xH98o2tYpM.2s5lR7wE.2F8u7y6X1.,서승우,010-3404-2372,1993-04-21,ROLE_USER,ACTIVE,2024-06-27 00:00:00,2024-06-27 00:00:00,2026-06-19 09:50:00
3860,user_3860@test.com,$2a$10$7zB3qQzEcbB7mU5eL2n9fO0xH98o2tYpM.2s5lR7wE.2F8u7y6X1.,정하우,010-5347-9561,1983-08-20,ROLE_USER,ACTIVE,2024-12-30 00:00:00,2024-12-30 00:00:00,2026-07-02 08:09:00
3861,user_3861@test.com,$2a$10$7zB3qQzEcbB7mU5eL2n9fO0xH98o2tYpM.2s5lR7wE.2F8u7y6X1.,한태빈,010-8609-5320,2002-04-24,ROLE_USER,ACTIVE,2024-04-20 00:00:00,2024-04-20 00:00:00,2026-06-23 15:19:00
3862,user_3862@test.com,$2a$10$7zB3qQzEcbB7mU5eL2n9fO0xH98o2tYpM.2s5lR7wE.2F8u7y6X1.,정도준,010-5586-5036,1987-02-21,ROLE_USER,ACTIVE,2025-08-30 00:00:00,2025-08-30 00:00:00,2026-06-21 16:16:00
3863,user_3863@test.com,$2a$10$7zB3qQzEcbB7mU5eL2n9fO0xH98o2tYpM.2s5lR7wE.2F8u7y6X1.,안현인,010-6719-2275,2003-12-27,ROLE_USER,ACTIVE,2025-05-30 00:00:00,2025-05-30 00:00:00,2026-06-29 09:22:00
3864,user_3864@test.com,$2a$10$7zB3qQzEcbB7mU5eL2n9fO0xH98o2tYpM.2s5lR7wE.2F8u7y6X1.,김지혁,010-6932-3708,1980-08-24,ROLE_USER,ACTIVE,2025-06-14 00:00:00,2025-06-14 00:00:00,2026-06-08 16:23:00
3865,user_3865@test.com,$2a$10$7zB3qQzEcbB7mU5eL2n9fO0xH98o2tYpM.2s5lR7wE.2F8u7y6X1.,임승인,010-4501-3810,1981-04-10,ROLE_USER,ACTIVE,2025-07-07 00:00:00,2025-07-07 00:00:00,2026-06-26 09:04:00
3866,user_3866@test.com,$2a$10$7zB3qQzEcbB7mU5eL2n9fO0xH98o2tYpM.2s5lR7wE.2F8u7y6X1.,박서수,010-3424-4897,1986-08-02,ROLE_USER,ACTIVE,2023-10-08 00:00:00,2023-10-08 00:00:00,2026-05-13 22:36:00
3867,user_3867@test.com,$2a$10$7zB3qQzEcbB7mU5eL2n9fO0xH98o2tYpM.2s5lR7wE.2F8u7y6X1.,전시준,010-2729-1690,1984-11-03,ROLE_USER,ACTIVE,2025-07-18 00:00:00,2025-07-18 00:00:00,2026-06-29 15:40:00
3868,user_3868@test.com,$2a$10$7zB3qQzEcbB7mU5eL2n9fO0xH98o2tYpM.2s5lR7wE.2F8u7y6X1.,안예원,010-7983-8558,1979-04-16,ROLE_USER,ACTIVE,2024-08-23 00:00:00,2024-08-23 00:00:00,2026-06-28 09:10:00
3869,user_3869@test.com,$2a$10$7zB3qQzEcbB7mU5eL2n9fO0xH98o2tYpM.2s5lR7wE.2F8u7y6X1.,황도인,010-1551-3511,1972-02-14,ROLE_USER,ACTIVE,2026-05-01 00:00:00,2026-05-01 00:00:00,2026-06-06 09:48:00
3870,user_3870@test.com,$2a$10$7zB3qQzEcbB7mU5eL2n9fO0xH98o2tYpM.2s5lR7wE.2F8u7y6X1.,윤지율,010-8165-8404,1971-07-13,ROLE_USER,ACTIVE,2026-02-23 00:00:00,2026-02-23 00:00:00,2026-07-01 22:14:00
3871,user_3871@test.com,$2a$10$7zB3qQzEcbB7mU5eL2n9fO0xH98o2tYpM.2s5lR7wE.2F8u7y6X1.,임하인,010-3521-9521,1993-09-20,ROLE_USER,ACTIVE,2025-07-07 00:00:00,2025-07-07 00:00:00,2026-06-30 19:24:00
3872,user_3872@test.com,$2a$10$7zB3qQzEcbB7mU5eL2n9fO0xH98o2tYpM.2s5lR7wE.2F8u7y6X1.,정승영,010-5066-1457,1996-05-04,ROLE_USER,ACTIVE,2024-01-14 00:00:00,2024-01-14 00:00:00,2026-06-23 13:37:00
3873,user_3873@test.com,$2a$10$7zB3qQzEcbB7mU5eL2n9fO0xH98o2tYpM.2s5lR7wE.2F8u7y6X1.,강하아,010-4835-4605,2002-11-08,ROLE_USER,ACTIVE,2025-03-01 00:00:00,2025-03-01 00:00:00,2026-06-04 09:30:00
3874,user_3874@test.com,$2a$10$7zB3qQzEcbB7mU5eL2n9fO0xH98o2tYpM.2s5lR7wE.2F8u7y6X1.,임은아,010-4888-4444,2001-04-14,ROLE_USER,ACTIVE,2026-02-20 00:00:00,2026-02-20 00:00:00,2026-06-18 13:44:00
3875,user_3875@test.com,$2a$10$7zB3qQzEcbB7mU5eL2n9fO0xH98o2tYpM.2s5lR7wE.2F8u7y6X1.,박주아,010-6623-6601,1986-07-18,ROLE_USER,ACTIVE,2025-09-22 00:00:00,2025-09-22 00:00:00,2026-06-24 15:59:00
3876,user_3876@test.com,$2a$10$7zB3qQzEcbB7mU5eL2n9fO0xH98o2tYpM.2s5lR7wE.2F8u7y6X1.,송민영,010-7189-9297,1990-09-16,ROLE_USER,ACTIVE,2025-10-14 00:00:00,2025-10-14 00:00:00,2026-06-26 18:24:00
3877,user_3877@test.com,$2a$10$7zB3qQzEcbB7mU5eL2n9fO0xH98o2tYpM.2s5lR7wE.2F8u7y6X1.,서시빈,010-6799-1422,1973-10-28,ROLE_USER,ACTIVE,2026-05-06 00:00:00,2026-05-06 00:00:00,2026-06-10 15:23:00
3878,user_3878@test.com,$2a$10$7zB3qQzEcbB7mU5eL2n9fO0xH98o2tYpM.2s5lR7wE.2F8u7y6X1.,서태아,010-4705-4197,1996-04-18,ROLE_USER,ACTIVE,2024-10-08 00:00:00,2024-10-08 00:00:00,2026-07-01 16:35:00
3879,user_3879@test.com,$2a$10$7zB3qQzEcbB7mU5eL2n9fO0xH98o2tYpM.2s5lR7wE.2F8u7y6X1.,박주현,010-6700-9779,1974-01-22,ROLE_USER,ACTIVE,2024-11-28 00:00:00,2024-11-28 00:00:00,2026-06-26 21:00:00
3880,user_3880@test.com,$2a$10$7zB3qQzEcbB7mU5eL2n9fO0xH98o2tYpM.2s5lR7wE.2F8u7y6X1.,신시영,010-1868-4572,1987-10-12,ROLE_USER,ACTIVE,2025-12-15 00:00:00,2025-12-15 00:00:00,2026-06-21 13:27:00
3881,user_3881@test.com,$2a$10$7zB3qQzEcbB7mU5eL2n9fO0xH98o2tYpM.2s5lR7wE.2F8u7y6X1.,송민아,010-6557-6294,1981-04-22,ROLE_USER,ACTIVE,2025-06-10 00:00:00,2025-06-10 00:00:00,2026-06-20 13:30:00
3882,user_3882@test.com,$2a$10$7zB3qQzEcbB7mU5eL2n9fO0xH98o2tYpM.2s5lR7wE.2F8u7y6X1.,임승인,010-3463-6657,1975-08-19,ROLE_USER,ACTIVE,2025-03-02 00:00:00,2025-03-02 00:00:00,2026-07-02 09:59:00
3883,user_3883@test.com,$2a$10$7zB3qQzEcbB7mU5eL2n9fO0xH98o2tYpM.2s5lR7wE.2F8u7y6X1.,권민아,010-3460-4339,1996-08-10,ROLE_USER,ACTIVE,2026-05-08 00:00:00,2026-05-08 00:00:00,2026-05-22 15:23:00
3884,user_3884@test.com,$2a$10$7zB3qQzEcbB7mU5eL2n9fO0xH98o2tYpM.2s5lR7wE.2F8u7y6X1.,장지혁,010-5278-7636,1976-10-02,ROLE_USER,ACTIVE,2024-05-19 00:00:00,2024-05-19 00:00:00,2026-06-27 10:47:00
3885,user_3885@test.com,$2a$10$7zB3qQzEcbB7mU5eL2n9fO0xH98o2tYpM.2s5lR7wE.2F8u7y6X1.,박승율,010-9165-5455,1989-12-28,ROLE_USER,ACTIVE,2025-06-30 00:00:00,2025-06-30 00:00:00,2026-06-20 17:29:00
3886,user_3886@test.com,$2a$10$7zB3qQzEcbB7mU5eL2n9fO0xH98o2tYpM.2s5lR7wE.2F8u7y6X1.,오하인,010-7308-1715,2003-10-20,ROLE_USER,ACTIVE,2024-08-23 00:00:00,2024-08-23 00:00:00,2026-06-23 20:16:00
3887,user_3887@test.com,$2a$10$7zB3qQzEcbB7mU5eL2n9fO0xH98o2tYpM.2s5lR7wE.2F8u7y6X1.,안지우,010-2745-9946,1982-12-04,ROLE_USER,ACTIVE,2024-04-10 00:00:00,2024-04-10 00:00:00,2026-05-05 21:07:00
3888,user_3888@test.com,$2a$10$7zB3qQzEcbB7mU5eL2n9fO0xH98o2tYpM.2s5lR7wE.2F8u7y6X1.,신서빈,010-8179-7982,2003-06-02,ROLE_USER,ACTIVE,2025-02-27 00:00:00,2025-02-27 00:00:00,2026-06-25 11:16:00
3889,user_3889@test.com,$2a$10$7zB3qQzEcbB7mU5eL2n9fO0xH98o2tYpM.2s5lR7wE.2F8u7y6X1.,이태빈,010-3918-6084,1987-01-14,ROLE_USER,ACTIVE,2024-08-18 00:00:00,2024-08-18 00:00:00,2026-06-24 15:42:00
3890,user_3890@test.com,$2a$10$7zB3qQzEcbB7mU5eL2n9fO0xH98o2tYpM.2s5lR7wE.2F8u7y6X1.,강은수,010-9720-4360,1978-11-05,ROLE_USER,ACTIVE,2025-06-06 00:00:00,2025-06-06 00:00:00,2026-06-21 20:01:00
3891,user_3891@test.com,$2a$10$7zB3qQzEcbB7mU5eL2n9fO0xH98o2tYpM.2s5lR7wE.2F8u7y6X1.,강시아,010-4310-9853,1975-08-19,ROLE_USER,ACTIVE,2026-05-18 00:00:00,2026-05-18 00:00:00,2026-05-31 17:55:00
3892,user_3892@test.com,$2a$10$7zB3qQzEcbB7mU5eL2n9fO0xH98o2tYpM.2s5lR7wE.2F8u7y6X1.,오예인,010-3655-8852,1973-12-17,ROLE_USER,ACTIVE,2025-05-21 00:00:00,2025-05-21 00:00:00,2026-07-01 15:43:00
3893,user_3893@test.com,$2a$10$7zB3qQzEcbB7mU5eL2n9fO0xH98o2tYpM.2s5lR7wE.2F8u7y6X1.,오시준,010-4443-8618,2000-01-12,ROLE_USER,ACTIVE,2025-10-19 00:00:00,2025-10-19 00:00:00,2026-04-19 09:58:00
3894,user_3894@test.com,$2a$10$7zB3qQzEcbB7mU5eL2n9fO0xH98o2tYpM.2s5lR7wE.2F8u7y6X1.,홍승아,010-6041-8747,1974-11-21,ROLE_USER,ACTIVE,2025-01-13 00:00:00,2025-01-13 00:00:00,2026-07-01 14:26:00
3895,user_3895@test.com,$2a$10$7zB3qQzEcbB7mU5eL2n9fO0xH98o2tYpM.2s5lR7wE.2F8u7y6X1.,김예인,010-5382-8875,1990-12-19,ROLE_USER,ACTIVE,2024-11-26 00:00:00,2024-11-26 00:00:00,2026-06-18 13:59:00
3896,user_3896@test.com,$2a$10$7zB3qQzEcbB7mU5eL2n9fO0xH98o2tYpM.2s5lR7wE.2F8u7y6X1.,박민우,010-6843-5119,1986-05-11,ROLE_USER,ACTIVE,2024-01-30 00:00:00,2024-01-30 00:00:00,2026-06-30 13:23:00
3897,user_3897@test.com,$2a$10$7zB3qQzEcbB7mU5eL2n9fO0xH98o2tYpM.2s5lR7wE.2F8u7y6X1.,신지인,010-3868-2138,1986-06-27,ROLE_USER,ACTIVE,2023-10-06 00:00:00,2023-10-06 00:00:00,2026-07-01 15:36:00
3898,user_3898@test.com,$2a$10$7zB3qQzEcbB7mU5eL2n9fO0xH98o2tYpM.2s5lR7wE.2F8u7y6X1.,김서빈,010-7306-5215,1987-12-22,ROLE_USER,ACTIVE,2026-04-19 00:00:00,2026-04-19 00:00:00,2026-06-11 11:45:00
3899,user_3899@test.com,$2a$10$7zB3qQzEcbB7mU5eL2n9fO0xH98o2tYpM.2s5lR7wE.2F8u7y6X1.,박주준,010-3368-8729,2000-02-14,ROLE_USER,ACTIVE,2026-02-27 00:00:00,2026-02-27 00:00:00,2026-06-19 20:11:00
3900,user_3900@test.com,$2a$10$7zB3qQzEcbB7mU5eL2n9fO0xH98o2tYpM.2s5lR7wE.2F8u7y6X1.,정은혁,010-6883-6572,1978-01-27,ROLE_USER,ACTIVE,2024-03-10 00:00:00,2024-03-10 00:00:00,2026-07-02 18:18:00
3901,user_3901@test.com,$2a$10$7zB3qQzEcbB7mU5eL2n9fO0xH98o2tYpM.2s5lR7wE.2F8u7y6X1.,박도아,010-5403-6052,2000-03-14,ROLE_USER,ACTIVE,2025-11-30 00:00:00,2025-11-30 00:00:00,2026-06-26 16:13:00
3902,user_3902@test.com,$2a$10$7zB3qQzEcbB7mU5eL2n9fO0xH98o2tYpM.2s5lR7wE.2F8u7y6X1.,권예수,010-3628-4538,1986-02-24,ROLE_USER,ACTIVE,2024-09-17 00:00:00,2024-09-17 00:00:00,2026-06-19 08:35:00
3903,user_3903@test.com,$2a$10$7zB3qQzEcbB7mU5eL2n9fO0xH98o2tYpM.2s5lR7wE.2F8u7y6X1.,정시영,010-5624-5506,1995-02-22,ROLE_USER,ACTIVE,2025-02-10 00:00:00,2025-02-10 00:00:00,2026-06-22 14:22:00
3904,user_3904@test.com,$2a$10$7zB3qQzEcbB7mU5eL2n9fO0xH98o2tYpM.2s5lR7wE.2F8u7y6X1.,조주아,010-5082-5656,1993-02-15,ROLE_USER,ACTIVE,2025-11-08 00:00:00,2025-11-08 00:00:00,2026-06-19 10:43:00
3905,user_3905@test.com,$2a$10$7zB3qQzEcbB7mU5eL2n9fO0xH98o2tYpM.2s5lR7wE.2F8u7y6X1.,송은아,010-6465-7696,2002-03-07,ROLE_USER,ACTIVE,2025-02-09 00:00:00,2025-02-09 00:00:00,2026-05-22 13:35:00
3906,user_3906@test.com,$2a$10$7zB3qQzEcbB7mU5eL2n9fO0xH98o2tYpM.2s5lR7wE.2F8u7y6X1.,조주율,010-7670-9195,1997-07-27,ROLE_USER,ACTIVE,2024-10-23 00:00:00,2024-10-23 00:00:00,2026-06-25 20:09:00
3907,user_3907@test.com,$2a$10$7zB3qQzEcbB7mU5eL2n9fO0xH98o2tYpM.2s5lR7wE.2F8u7y6X1.,정시원,010-5587-4252,2000-05-21,ROLE_USER,ACTIVE,2025-09-27 00:00:00,2025-09-27 00:00:00,2026-07-01 15:58:00
3908,user_3908@test.com,$2a$10$7zB3qQzEcbB7mU5eL2n9fO0xH98o2tYpM.2s5lR7wE.2F8u7y6X1.,최하우,010-6731-9301,1993-10-21,ROLE_USER,ACTIVE,2025-11-23 00:00:00,2025-11-23 00:00:00,2026-06-21 08:56:00
3909,user_3909@test.com,$2a$10$7zB3qQzEcbB7mU5eL2n9fO0xH98o2tYpM.2s5lR7wE.2F8u7y6X1.,전도수,010-7979-7278,1986-10-22,ROLE_USER,ACTIVE,2026-04-28 00:00:00,2026-04-28 00:00:00,2026-06-15 18:10:00
3910,user_3910@test.com,$2a$10$7zB3qQzEcbB7mU5eL2n9fO0xH98o2tYpM.2s5lR7wE.2F8u7y6X1.,정도빈,010-9886-7659,1984-09-15,ROLE_USER,ACTIVE,2026-03-02 00:00:00,2026-03-02 00:00:00,2026-06-21 11:20:00
3911,user_3911@test.com,$2a$10$7zB3qQzEcbB7mU5eL2n9fO0xH98o2tYpM.2s5lR7wE.2F8u7y6X1.,신은인,010-4679-9084,1979-03-04,ROLE_USER,ACTIVE,2025-07-10 00:00:00,2025-07-10 00:00:00,2026-06-20 13:42:00
3912,user_3912@test.com,$2a$10$7zB3qQzEcbB7mU5eL2n9fO0xH98o2tYpM.2s5lR7wE.2F8u7y6X1.,장현아,010-7422-7076,1982-07-03,ROLE_USER,ACTIVE,2025-11-29 00:00:00,2025-11-29 00:00:00,2026-06-04 11:30:00
3913,user_3913@test.com,$2a$10$7zB3qQzEcbB7mU5eL2n9fO0xH98o2tYpM.2s5lR7wE.2F8u7y6X1.,정도준,010-2454-5352,2002-09-28,ROLE_USER,ACTIVE,2024-04-15 00:00:00,2024-04-15 00:00:00,2026-06-20 18:50:00
3914,user_3914@test.com,$2a$10$7zB3qQzEcbB7mU5eL2n9fO0xH98o2tYpM.2s5lR7wE.2F8u7y6X1.,한태혁,010-8431-1336,1980-03-19,ROLE_USER,ACTIVE,2025-07-04 00:00:00,2025-07-04 00:00:00,2026-06-26 11:16:00
3915,user_3915@test.com,$2a$10$7zB3qQzEcbB7mU5eL2n9fO0xH98o2tYpM.2s5lR7wE.2F8u7y6X1.,강승율,010-6056-3704,1982-02-19,ROLE_USER,ACTIVE,2024-01-05 00:00:00,2024-01-05 00:00:00,2026-06-22 16:48:00
3916,user_3916@test.com,$2a$10$7zB3qQzEcbB7mU5eL2n9fO0xH98o2tYpM.2s5lR7wE.2F8u7y6X1.,권도혁,010-5339-6866,2002-03-03,ROLE_USER,ACTIVE,2025-07-23 00:00:00,2025-07-23 00:00:00,2026-07-01 17:41:00
3917,user_3917@test.com,$2a$10$7zB3qQzEcbB7mU5eL2n9fO0xH98o2tYpM.2s5lR7wE.2F8u7y6X1.,전지율,010-2590-2755,1995-08-07,ROLE_USER,ACTIVE,2023-12-17 00:00:00,2023-12-17 00:00:00,2026-06-19 10:07:00
3918,user_3918@test.com,$2a$10$7zB3qQzEcbB7mU5eL2n9fO0xH98o2tYpM.2s5lR7wE.2F8u7y6X1.,권지율,010-1504-1979,1995-02-17,ROLE_USER,ACTIVE,2026-05-16 00:00:00,2026-05-16 00:00:00,2026-06-13 09:00:00
3919,user_3919@test.com,$2a$10$7zB3qQzEcbB7mU5eL2n9fO0xH98o2tYpM.2s5lR7wE.2F8u7y6X1.,송지아,010-1238-5990,1981-08-04,ROLE_USER,ACTIVE,2026-04-18 00:00:00,2026-04-18 00:00:00,2026-06-22 12:24:00
3920,user_3920@test.com,$2a$10$7zB3qQzEcbB7mU5eL2n9fO0xH98o2tYpM.2s5lR7wE.2F8u7y6X1.,황예준,010-5400-7612,2001-06-01,ROLE_USER,ACTIVE,2025-05-14 00:00:00,2025-05-14 00:00:00,2026-06-22 21:04:00
3921,user_3921@test.com,$2a$10$7zB3qQzEcbB7mU5eL2n9fO0xH98o2tYpM.2s5lR7wE.2F8u7y6X1.,장주우,010-5591-2328,1978-11-05,ROLE_USER,ACTIVE,2025-09-18 00:00:00,2025-09-18 00:00:00,2026-06-22 09:25:00
3922,user_3922@test.com,$2a$10$7zB3qQzEcbB7mU5eL2n9fO0xH98o2tYpM.2s5lR7wE.2F8u7y6X1.,신태혁,010-6583-1717,1983-10-21,ROLE_USER,ACTIVE,2025-08-15 00:00:00,2025-08-15 00:00:00,2026-06-21 14:31:00
3923,user_3923@test.com,$2a$10$7zB3qQzEcbB7mU5eL2n9fO0xH98o2tYpM.2s5lR7wE.2F8u7y6X1.,최서수,010-8570-7232,1975-05-13,ROLE_USER,ACTIVE,2024-03-23 00:00:00,2024-03-23 00:00:00,2026-06-20 22:46:00
3924,user_3924@test.com,$2a$10$7zB3qQzEcbB7mU5eL2n9fO0xH98o2tYpM.2s5lR7wE.2F8u7y6X1.,홍서우,010-1484-9913,1994-10-07,ROLE_USER,ACTIVE,2026-02-19 00:00:00,2026-02-19 00:00:00,2026-06-27 11:44:00
3925,user_3925@test.com,$2a$10$7zB3qQzEcbB7mU5eL2n9fO0xH98o2tYpM.2s5lR7wE.2F8u7y6X1.,전예아,010-8500-4565,1999-12-07,ROLE_USER,ACTIVE,2023-12-20 00:00:00,2023-12-20 00:00:00,2026-06-25 19:26:00
3926,user_3926@test.com,$2a$10$7zB3qQzEcbB7mU5eL2n9fO0xH98o2tYpM.2s5lR7wE.2F8u7y6X1.,이태혁,010-6865-1014,1989-02-07,ROLE_USER,ACTIVE,2025-11-14 00:00:00,2025-11-14 00:00:00,2026-06-27 12:29:00
3927,user_3927@test.com,$2a$10$7zB3qQzEcbB7mU5eL2n9fO0xH98o2tYpM.2s5lR7wE.2F8u7y6X1.,장현빈,010-4731-8244,1987-03-27,ROLE_USER,ACTIVE,2023-10-06 00:00:00,2023-10-06 00:00:00,2026-06-23 20:52:00
3928,user_3928@test.com,$2a$10$7zB3qQzEcbB7mU5eL2n9fO0xH98o2tYpM.2s5lR7wE.2F8u7y6X1.,김주우,010-4432-7845,1970-12-23,ROLE_USER,ACTIVE,2024-03-26 00:00:00,2024-03-26 00:00:00,2026-06-29 19:20:00
3929,user_3929@test.com,$2a$10$7zB3qQzEcbB7mU5eL2n9fO0xH98o2tYpM.2s5lR7wE.2F8u7y6X1.,신서빈,010-4344-6442,1977-11-02,ROLE_USER,ACTIVE,2025-09-10 00:00:00,2025-09-10 00:00:00,2026-06-24 20:22:00
3930,user_3930@test.com,$2a$10$7zB3qQzEcbB7mU5eL2n9fO0xH98o2tYpM.2s5lR7wE.2F8u7y6X1.,장도수,010-2844-1049,1997-10-23,ROLE_USER,ACTIVE,2025-09-08 00:00:00,2025-09-08 00:00:00,2026-06-25 15:54:00
3931,user_3931@test.com,$2a$10$7zB3qQzEcbB7mU5eL2n9fO0xH98o2tYpM.2s5lR7wE.2F8u7y6X1.,오은원,010-6258-2950,1980-04-25,ROLE_USER,ACTIVE,2024-04-15 00:00:00,2024-04-15 00:00:00,2026-06-24 08:29:00
3932,user_3932@test.com,$2a$10$7zB3qQzEcbB7mU5eL2n9fO0xH98o2tYpM.2s5lR7wE.2F8u7y6X1.,오주준,010-3734-9082,1991-12-09,ROLE_USER,ACTIVE,2024-07-17 00:00:00,2024-07-17 00:00:00,2026-06-28 18:35:00
3933,user_3933@test.com,$2a$10$7zB3qQzEcbB7mU5eL2n9fO0xH98o2tYpM.2s5lR7wE.2F8u7y6X1.,전지우,010-6044-8466,1981-12-22,ROLE_USER,ACTIVE,2026-03-17 00:00:00,2026-03-17 00:00:00,2026-06-24 14:08:00
3934,user_3934@test.com,$2a$10$7zB3qQzEcbB7mU5eL2n9fO0xH98o2tYpM.2s5lR7wE.2F8u7y6X1.,안은현,010-4070-5601,2003-10-22,ROLE_USER,ACTIVE,2023-12-10 00:00:00,2023-12-10 00:00:00,2026-06-25 10:35:00
3935,user_3935@test.com,$2a$10$7zB3qQzEcbB7mU5eL2n9fO0xH98o2tYpM.2s5lR7wE.2F8u7y6X1.,이태빈,010-5721-7986,1982-02-21,ROLE_USER,ACTIVE,2025-01-11 00:00:00,2025-01-11 00:00:00,2026-06-25 09:28:00
3936,user_3936@test.com,$2a$10$7zB3qQzEcbB7mU5eL2n9fO0xH98o2tYpM.2s5lR7wE.2F8u7y6X1.,전은인,010-9416-8339,1981-07-11,ROLE_USER,ACTIVE,2024-05-26 00:00:00,2024-05-26 00:00:00,2026-06-29 18:58:00
3937,user_3937@test.com,$2a$10$7zB3qQzEcbB7mU5eL2n9fO0xH98o2tYpM.2s5lR7wE.2F8u7y6X1.,송하아,010-3250-9957,2004-09-11,ROLE_USER,ACTIVE,2026-05-05 00:00:00,2026-05-05 00:00:00,2026-05-27 09:33:00
3938,user_3938@test.com,$2a$10$7zB3qQzEcbB7mU5eL2n9fO0xH98o2tYpM.2s5lR7wE.2F8u7y6X1.,정주우,010-9455-6341,1995-07-15,ROLE_USER,ACTIVE,2025-10-02 00:00:00,2025-10-02 00:00:00,2026-06-25 20:01:00
3939,user_3939@test.com,$2a$10$7zB3qQzEcbB7mU5eL2n9fO0xH98o2tYpM.2s5lR7wE.2F8u7y6X1.,임승인,010-6695-9838,2002-12-03,ROLE_USER,ACTIVE,2025-04-11 00:00:00,2025-04-11 00:00:00,2026-06-24 08:35:00
3940,user_3940@test.com,$2a$10$7zB3qQzEcbB7mU5eL2n9fO0xH98o2tYpM.2s5lR7wE.2F8u7y6X1.,전서영,010-4375-4903,1993-11-16,ROLE_USER,ACTIVE,2025-10-18 00:00:00,2025-10-18 00:00:00,2026-06-26 18:37:00
3941,user_3941@test.com,$2a$10$7zB3qQzEcbB7mU5eL2n9fO0xH98o2tYpM.2s5lR7wE.2F8u7y6X1.,안서우,010-9640-7353,2004-03-20,ROLE_USER,ACTIVE,2024-06-08 00:00:00,2024-06-08 00:00:00,2026-06-23 10:17:00
3942,user_3942@test.com,$2a$10$7zB3qQzEcbB7mU5eL2n9fO0xH98o2tYpM.2s5lR7wE.2F8u7y6X1.,최서율,010-9284-1829,1983-09-01,ROLE_USER,ACTIVE,2026-04-15 00:00:00,2026-04-15 00:00:00,2026-06-30 19:43:00
3943,user_3943@test.com,$2a$10$7zB3qQzEcbB7mU5eL2n9fO0xH98o2tYpM.2s5lR7wE.2F8u7y6X1.,서예준,010-4337-1588,1982-12-17,ROLE_USER,ACTIVE,2024-10-06 00:00:00,2024-10-06 00:00:00,2026-06-28 14:40:00
3944,user_3944@test.com,$2a$10$7zB3qQzEcbB7mU5eL2n9fO0xH98o2tYpM.2s5lR7wE.2F8u7y6X1.,한시원,010-9131-6564,1994-07-21,ROLE_USER,ACTIVE,2026-02-21 00:00:00,2026-02-21 00:00:00,2026-06-25 09:35:00
3945,user_3945@test.com,$2a$10$7zB3qQzEcbB7mU5eL2n9fO0xH98o2tYpM.2s5lR7wE.2F8u7y6X1.,박도현,010-1376-1228,1978-04-17,ROLE_USER,ACTIVE,2025-04-04 00:00:00,2025-04-04 00:00:00,2026-06-18 14:25:00
3946,user_3946@test.com,$2a$10$7zB3qQzEcbB7mU5eL2n9fO0xH98o2tYpM.2s5lR7wE.2F8u7y6X1.,정예빈,010-2795-8144,1985-12-05,ROLE_USER,ACTIVE,2025-10-01 00:00:00,2025-10-01 00:00:00,2026-07-02 08:48:00
3947,user_3947@test.com,$2a$10$7zB3qQzEcbB7mU5eL2n9fO0xH98o2tYpM.2s5lR7wE.2F8u7y6X1.,황태수,010-5326-6784,1979-04-28,ROLE_USER,ACTIVE,2024-07-03 00:00:00,2024-07-03 00:00:00,2026-06-24 08:23:00
3948,user_3948@test.com,$2a$10$7zB3qQzEcbB7mU5eL2n9fO0xH98o2tYpM.2s5lR7wE.2F8u7y6X1.,전예아,010-3498-3152,1986-12-27,ROLE_USER,ACTIVE,2024-05-12 00:00:00,2024-05-12 00:00:00,2026-06-19 12:40:00
3949,user_3949@test.com,$2a$10$7zB3qQzEcbB7mU5eL2n9fO0xH98o2tYpM.2s5lR7wE.2F8u7y6X1.,임지아,010-1187-6921,1994-08-20,ROLE_USER,ACTIVE,2025-06-01 00:00:00,2025-06-01 00:00:00,2026-06-28 18:32:00
3950,user_3950@test.com,$2a$10$7zB3qQzEcbB7mU5eL2n9fO0xH98o2tYpM.2s5lR7wE.2F8u7y6X1.,오서인,010-1099-4951,1980-08-16,ROLE_USER,ACTIVE,2024-03-15 00:00:00,2024-03-15 00:00:00,2026-06-23 18:31:00
3951,user_3951@test.com,$2a$10$7zB3qQzEcbB7mU5eL2n9fO0xH98o2tYpM.2s5lR7wE.2F8u7y6X1.,강은우,010-5896-2020,1979-10-16,ROLE_USER,ACTIVE,2024-01-12 00:00:00,2024-01-12 00:00:00,2026-06-20 20:11:00
3952,user_3952@test.com,$2a$10$7zB3qQzEcbB7mU5eL2n9fO0xH98o2tYpM.2s5lR7wE.2F8u7y6X1.,안민빈,010-2981-5725,1979-07-27,ROLE_USER,ACTIVE,2026-04-01 00:00:00,2026-04-01 00:00:00,2026-06-22 20:25:00
3953,user_3953@test.com,$2a$10$7zB3qQzEcbB7mU5eL2n9fO0xH98o2tYpM.2s5lR7wE.2F8u7y6X1.,김승아,010-8030-7966,1985-06-11,ROLE_USER,ACTIVE,2024-09-16 00:00:00,2024-09-16 00:00:00,2026-07-01 18:54:00
3954,user_3954@test.com,$2a$10$7zB3qQzEcbB7mU5eL2n9fO0xH98o2tYpM.2s5lR7wE.2F8u7y6X1.,황은우,010-4963-8561,1990-05-02,ROLE_USER,ACTIVE,2023-11-11 00:00:00,2023-11-11 00:00:00,2026-06-27 22:01:00
3955,user_3955@test.com,$2a$10$7zB3qQzEcbB7mU5eL2n9fO0xH98o2tYpM.2s5lR7wE.2F8u7y6X1.,최현아,010-8268-3733,2000-11-04,ROLE_USER,ACTIVE,2026-01-17 00:00:00,2026-01-17 00:00:00,2026-06-18 21:14:00
3956,user_3956@test.com,$2a$10$7zB3qQzEcbB7mU5eL2n9fO0xH98o2tYpM.2s5lR7wE.2F8u7y6X1.,한주빈,010-4476-4038,1997-07-06,ROLE_USER,ACTIVE,2024-04-27 00:00:00,2024-04-27 00:00:00,2026-06-26 19:04:00
3957,user_3957@test.com,$2a$10$7zB3qQzEcbB7mU5eL2n9fO0xH98o2tYpM.2s5lR7wE.2F8u7y6X1.,임예영,010-6338-6323,1994-09-10,ROLE_USER,ACTIVE,2026-05-14 00:00:00,2026-05-14 00:00:00,2026-06-10 10:03:00
3958,user_3958@test.com,$2a$10$7zB3qQzEcbB7mU5eL2n9fO0xH98o2tYpM.2s5lR7wE.2F8u7y6X1.,강민원,010-9021-4332,1976-04-07,ROLE_USER,ACTIVE,2025-06-02 00:00:00,2025-06-02 00:00:00,2026-06-11 15:06:00
3959,user_3959@test.com,$2a$10$7zB3qQzEcbB7mU5eL2n9fO0xH98o2tYpM.2s5lR7wE.2F8u7y6X1.,이주우,010-3923-8873,1987-01-06,ROLE_USER,ACTIVE,2026-01-03 00:00:00,2026-01-03 00:00:00,2026-06-30 21:55:00
3960,user_3960@test.com,$2a$10$7zB3qQzEcbB7mU5eL2n9fO0xH98o2tYpM.2s5lR7wE.2F8u7y6X1.,박민우,010-8015-5152,2001-02-20,ROLE_USER,ACTIVE,2025-11-16 00:00:00,2025-11-16 00:00:00,2026-06-28 18:24:00
3961,user_3961@test.com,$2a$10$7zB3qQzEcbB7mU5eL2n9fO0xH98o2tYpM.2s5lR7wE.2F8u7y6X1.,송지우,010-3756-8290,2003-03-27,ROLE_USER,ACTIVE,2024-05-21 00:00:00,2024-05-21 00:00:00,2026-06-27 10:57:00
3962,user_3962@test.com,$2a$10$7zB3qQzEcbB7mU5eL2n9fO0xH98o2tYpM.2s5lR7wE.2F8u7y6X1.,권예원,010-3833-5093,1992-11-27,ROLE_USER,ACTIVE,2025-07-23 00:00:00,2025-07-23 00:00:00,2026-06-23 18:47:00
3963,user_3963@test.com,$2a$10$7zB3qQzEcbB7mU5eL2n9fO0xH98o2tYpM.2s5lR7wE.2F8u7y6X1.,윤현아,010-1655-3685,2001-07-16,ROLE_USER,ACTIVE,2025-07-30 00:00:00,2025-07-30 00:00:00,2026-06-21 10:36:00
3964,user_3964@test.com,$2a$10$7zB3qQzEcbB7mU5eL2n9fO0xH98o2tYpM.2s5lR7wE.2F8u7y6X1.,송예우,010-2461-2318,1970-09-10,ROLE_USER,ACTIVE,2025-03-09 00:00:00,2025-03-09 00:00:00,2026-07-02 14:01:00
3965,user_3965@test.com,$2a$10$7zB3qQzEcbB7mU5eL2n9fO0xH98o2tYpM.2s5lR7wE.2F8u7y6X1.,정서영,010-5759-5529,2003-07-21,ROLE_USER,ACTIVE,2026-03-23 00:00:00,2026-03-23 00:00:00,2026-06-25 20:11:00
3966,user_3966@test.com,$2a$10$7zB3qQzEcbB7mU5eL2n9fO0xH98o2tYpM.2s5lR7wE.2F8u7y6X1.,안서빈,010-4616-4069,1979-08-27,ROLE_USER,ACTIVE,2024-12-04 00:00:00,2024-12-04 00:00:00,2026-06-22 13:11:00
3967,user_3967@test.com,$2a$10$7zB3qQzEcbB7mU5eL2n9fO0xH98o2tYpM.2s5lR7wE.2F8u7y6X1.,오현우,010-9184-3943,1989-09-26,ROLE_USER,ACTIVE,2025-08-12 00:00:00,2025-08-12 00:00:00,2026-06-23 14:35:00
3968,user_3968@test.com,$2a$10$7zB3qQzEcbB7mU5eL2n9fO0xH98o2tYpM.2s5lR7wE.2F8u7y6X1.,한승수,010-2439-3182,1975-06-21,ROLE_USER,ACTIVE,2024-02-07 00:00:00,2024-02-07 00:00:00,2026-06-19 22:00:00
3969,user_3969@test.com,$2a$10$7zB3qQzEcbB7mU5eL2n9fO0xH98o2tYpM.2s5lR7wE.2F8u7y6X1.,임도우,010-8248-2047,1981-05-17,ROLE_USER,ACTIVE,2025-07-25 00:00:00,2025-07-25 00:00:00,2026-06-08 22:41:00
3970,user_3970@test.com,$2a$10$7zB3qQzEcbB7mU5eL2n9fO0xH98o2tYpM.2s5lR7wE.2F8u7y6X1.,조은영,010-2081-9762,1988-05-25,ROLE_USER,ACTIVE,2025-08-27 00:00:00,2025-08-27 00:00:00,2026-06-22 17:01:00
3971,user_3971@test.com,$2a$10$7zB3qQzEcbB7mU5eL2n9fO0xH98o2tYpM.2s5lR7wE.2F8u7y6X1.,한지인,010-5153-4207,2004-04-03,ROLE_USER,ACTIVE,2024-05-21 00:00:00,2024-05-21 00:00:00,2026-06-30 18:41:00
3972,user_3972@test.com,$2a$10$7zB3qQzEcbB7mU5eL2n9fO0xH98o2tYpM.2s5lR7wE.2F8u7y6X1.,신은현,010-7042-2619,2001-12-05,ROLE_USER,ACTIVE,2025-10-16 00:00:00,2025-10-16 00:00:00,2026-06-21 21:36:00
3973,user_3973@test.com,$2a$10$7zB3qQzEcbB7mU5eL2n9fO0xH98o2tYpM.2s5lR7wE.2F8u7y6X1.,김예빈,010-6311-4503,1977-04-06,ROLE_USER,ACTIVE,2025-08-13 00:00:00,2025-08-13 00:00:00,2026-07-02 20:54:00
3974,user_3974@test.com,$2a$10$7zB3qQzEcbB7mU5eL2n9fO0xH98o2tYpM.2s5lR7wE.2F8u7y6X1.,안민혁,010-9580-3932,1986-09-12,ROLE_USER,ACTIVE,2025-03-11 00:00:00,2025-03-11 00:00:00,2026-06-22 20:40:00
3975,user_3975@test.com,$2a$10$7zB3qQzEcbB7mU5eL2n9fO0xH98o2tYpM.2s5lR7wE.2F8u7y6X1.,정현아,010-4133-7681,1995-11-10,ROLE_USER,ACTIVE,2024-09-21 00:00:00,2024-09-21 00:00:00,2026-06-21 17:13:00
3976,user_3976@test.com,$2a$10$7zB3qQzEcbB7mU5eL2n9fO0xH98o2tYpM.2s5lR7wE.2F8u7y6X1.,임태수,010-3931-1394,1970-10-04,ROLE_USER,ACTIVE,2023-11-21 00:00:00,2023-11-21 00:00:00,2026-06-20 08:35:00
3977,user_3977@test.com,$2a$10$7zB3qQzEcbB7mU5eL2n9fO0xH98o2tYpM.2s5lR7wE.2F8u7y6X1.,권현수,010-9765-3783,1975-03-12,ROLE_USER,ACTIVE,2024-05-29 00:00:00,2024-05-29 00:00:00,2026-06-28 09:02:00
3978,user_3978@test.com,$2a$10$7zB3qQzEcbB7mU5eL2n9fO0xH98o2tYpM.2s5lR7wE.2F8u7y6X1.,윤현빈,010-1531-7877,1995-08-24,ROLE_USER,ACTIVE,2025-12-16 00:00:00,2025-12-16 00:00:00,2026-06-18 14:21:00
3979,user_3979@test.com,$2a$10$7zB3qQzEcbB7mU5eL2n9fO0xH98o2tYpM.2s5lR7wE.2F8u7y6X1.,황민원,010-7101-4326,1992-07-24,ROLE_USER,ACTIVE,2026-02-19 00:00:00,2026-02-19 00:00:00,2026-06-05 12:12:00
3980,user_3980@test.com,$2a$10$7zB3qQzEcbB7mU5eL2n9fO0xH98o2tYpM.2s5lR7wE.2F8u7y6X1.,한민아,010-7947-8927,1985-06-13,ROLE_USER,ACTIVE,2024-01-09 00:00:00,2024-01-09 00:00:00,2026-06-09 09:20:00
3981,user_3981@test.com,$2a$10$7zB3qQzEcbB7mU5eL2n9fO0xH98o2tYpM.2s5lR7wE.2F8u7y6X1.,한주율,010-5446-1113,1987-12-11,ROLE_USER,ACTIVE,2024-05-23 00:00:00,2024-05-23 00:00:00,2026-06-18 12:57:00
3982,user_3982@test.com,$2a$10$7zB3qQzEcbB7mU5eL2n9fO0xH98o2tYpM.2s5lR7wE.2F8u7y6X1.,박민아,010-9397-4214,1980-08-03,ROLE_USER,ACTIVE,2023-10-14 00:00:00,2023-10-14 00:00:00,2026-06-10 15:36:00
3983,user_3983@test.com,$2a$10$7zB3qQzEcbB7mU5eL2n9fO0xH98o2tYpM.2s5lR7wE.2F8u7y6X1.,송민혁,010-2085-9507,2003-08-19,ROLE_USER,ACTIVE,2026-05-02 00:00:00,2026-05-02 00:00:00,2026-06-03 14:23:00
3984,user_3984@test.com,$2a$10$7zB3qQzEcbB7mU5eL2n9fO0xH98o2tYpM.2s5lR7wE.2F8u7y6X1.,오승율,010-5922-9519,1999-04-18,ROLE_USER,ACTIVE,2025-07-23 00:00:00,2025-07-23 00:00:00,2026-06-30 16:03:00
3985,user_3985@test.com,$2a$10$7zB3qQzEcbB7mU5eL2n9fO0xH98o2tYpM.2s5lR7wE.2F8u7y6X1.,정예율,010-4966-1572,1971-02-22,ROLE_USER,ACTIVE,2025-11-14 00:00:00,2025-11-14 00:00:00,2026-06-11 13:56:00
3986,user_3986@test.com,$2a$10$7zB3qQzEcbB7mU5eL2n9fO0xH98o2tYpM.2s5lR7wE.2F8u7y6X1.,홍승인,010-7813-1471,1981-02-12,ROLE_USER,ACTIVE,2026-04-01 00:00:00,2026-04-01 00:00:00,2026-06-04 20:18:00
3987,user_3987@test.com,$2a$10$7zB3qQzEcbB7mU5eL2n9fO0xH98o2tYpM.2s5lR7wE.2F8u7y6X1.,박주우,010-5870-5503,1978-05-12,ROLE_USER,ACTIVE,2025-05-28 00:00:00,2025-05-28 00:00:00,2026-06-19 20:20:00
3988,user_3988@test.com,$2a$10$7zB3qQzEcbB7mU5eL2n9fO0xH98o2tYpM.2s5lR7wE.2F8u7y6X1.,박예인,010-4934-9228,2002-04-24,ROLE_USER,ACTIVE,2025-05-12 00:00:00,2025-05-12 00:00:00,2026-06-22 17:26:00
3989,user_3989@test.com,$2a$10$7zB3qQzEcbB7mU5eL2n9fO0xH98o2tYpM.2s5lR7wE.2F8u7y6X1.,오지빈,010-3052-4071,1976-11-02,ROLE_USER,ACTIVE,2024-11-05 00:00:00,2024-11-05 00:00:00,2026-06-25 15:42:00
3990,user_3990@test.com,$2a$10$7zB3qQzEcbB7mU5eL2n9fO0xH98o2tYpM.2s5lR7wE.2F8u7y6X1.,전태원,010-9487-8913,1982-05-26,ROLE_USER,ACTIVE,2024-09-14 00:00:00,2024-09-14 00:00:00,2026-06-19 13:26:00
3991,user_3991@test.com,$2a$10$7zB3qQzEcbB7mU5eL2n9fO0xH98o2tYpM.2s5lR7wE.2F8u7y6X1.,임시인,010-7600-4408,1989-12-28,ROLE_USER,ACTIVE,2023-11-20 00:00:00,2023-11-20 00:00:00,2026-06-26 10:58:00
3992,user_3992@test.com,$2a$10$7zB3qQzEcbB7mU5eL2n9fO0xH98o2tYpM.2s5lR7wE.2F8u7y6X1.,윤지율,010-5739-7496,1990-12-01,ROLE_USER,ACTIVE,2026-05-15 00:00:00,2026-05-15 00:00:00,2026-06-05 15:30:00
3993,user_3993@test.com,$2a$10$7zB3qQzEcbB7mU5eL2n9fO0xH98o2tYpM.2s5lR7wE.2F8u7y6X1.,윤태아,010-3060-7514,1977-08-21,ROLE_USER,ACTIVE,2025-08-20 00:00:00,2025-08-20 00:00:00,2026-06-23 13:30:00
3994,user_3994@test.com,$2a$10$7zB3qQzEcbB7mU5eL2n9fO0xH98o2tYpM.2s5lR7wE.2F8u7y6X1.,안주인,010-5843-9105,1975-05-03,ROLE_USER,ACTIVE,2023-11-26 00:00:00,2023-11-26 00:00:00,2026-06-28 15:29:00
3995,user_3995@test.com,$2a$10$7zB3qQzEcbB7mU5eL2n9fO0xH98o2tYpM.2s5lR7wE.2F8u7y6X1.,한은수,010-9510-6071,1989-03-13,ROLE_USER,ACTIVE,2026-05-26 00:00:00,2026-05-26 00:00:00,2026-05-28 11:24:00
3996,user_3996@test.com,$2a$10$7zB3qQzEcbB7mU5eL2n9fO0xH98o2tYpM.2s5lR7wE.2F8u7y6X1.,황서아,010-2846-2222,1981-01-03,ROLE_USER,ACTIVE,2024-01-31 00:00:00,2024-01-31 00:00:00,2026-06-18 22:16:00
3997,user_3997@test.com,$2a$10$7zB3qQzEcbB7mU5eL2n9fO0xH98o2tYpM.2s5lR7wE.2F8u7y6X1.,송서빈,010-4751-8379,1985-01-24,ROLE_USER,ACTIVE,2023-10-22 00:00:00,2023-10-22 00:00:00,2026-06-18 10:54:00
3998,user_3998@test.com,$2a$10$7zB3qQzEcbB7mU5eL2n9fO0xH98o2tYpM.2s5lR7wE.2F8u7y6X1.,윤태혁,010-7547-4219,1994-01-24,ROLE_USER,ACTIVE,2025-02-04 00:00:00,2025-02-04 00:00:00,2026-07-01 22:50:00
3999,user_3999@test.com,$2a$10$7zB3qQzEcbB7mU5eL2n9fO0xH98o2tYpM.2s5lR7wE.2F8u7y6X1.,홍민아,010-5059-7619,1977-08-17,ROLE_USER,ACTIVE,2025-08-24 00:00:00,2025-08-24 00:00:00,2026-06-25 21:31:00
4000,user_4000@test.com,$2a$10$7zB3qQzEcbB7mU5eL2n9fO0xH98o2tYpM.2s5lR7wE.2F8u7y6X1.,전은영,010-3001-8227,1997-04-14,ROLE_USER,ACTIVE,2023-11-13 00:00:00,2023-11-13 00:00:00,2026-07-01 16:28:00
4001,admin@kopang.com,$2a$10$7zB3qQzEcbB7mU5eL2n9fO0xH98o2tYpM.2s5lR7wE.2F8u7y6X1.,관리자,010-0000-0000,1990-01-01,ROLE_ADMIN,ACTIVE,2025-07-02 00:00:00,2025-07-02 00:00:00,2026-07-02 09:00:00
