product_id,category_id,name,description,price,discount_price,stock,image_url,status,created_at
1001,101,프리미엄 포기김치 (모델-1),이 상품은 식품 - 간편식 카테고리의 프리미엄 포기김치 (모델-1) 입니다. 최고의 품질을 보장합니다.,42000,37800,277,https://images.unsplash.com/photo-1546069901-ba9599a7e63c?q=80&w=300,FOR_SALE,2024-08-17 00:00:00
1002,105,신선한 캡슐 커피 (모델-2),이 상품은 식품 - 음료 카테고리의 신선한 캡슐 커피 (모델-2) 입니다. 최고의 품질을 보장합니다.,24000,,178,https://images.unsplash.com/photo-1514432324607-a09d9b4aefdd?q=80&w=300,FOR_SALE,2026-02-08 00:00:00
1003,104,산지직송 제주 갈치 (모델-3),이 상품은 식품 - 신선식품 카테고리의 산지직송 제주 갈치 (모델-3) 입니다. 최고의 품질을 보장합니다.,16000,15200,241,https://images.unsplash.com/photo-1519708227418-c8fd9a32b7a2?q=80&w=300,FOR_SALE,2026-05-08 00:00:00
1004,101,당도보장 수제 아몬드 견과 (모델-4),이 상품은 식품 - 간편식 카테고리의 당도보장 수제 아몬드 견과 (모델-4) 입니다. 최고의 품질을 보장합니다.,11000,,279,https://images.unsplash.com/photo-1599599810769-bcde5a160d32?q=80&w=300,FOR_SALE,2025-08-25 00:00:00
1005,105,프리미엄 수제 아몬드 견과 (모델-5),이 상품은 식품 - 음료 카테고리의 프리미엄 수제 아몬드 견과 (모델-5) 입니다. 최고의 품질을 보장합니다.,48000,,180,https://images.unsplash.com/photo-1599599810769-bcde5a160d32?q=80&w=300,FOR_SALE,2025-09-25 00:00:00
1006,104,자연산 통밀 식빵 (모델-6),이 상품은 식품 - 신선식품 카테고리의 자연산 통밀 식빵 (모델-6) 입니다. 최고의 품질을 보장합니다.,39000,,192,https://images.unsplash.com/photo-1509440159596-0249088772ff?q=80&w=300,FOR_SALE,2025-10-17 00:00:00
1007,100,국내산 밀키트 부대찌개 (모델-7),이 상품은 식품 - 가공식품 카테고리의 국내산 밀키트 부대찌개 (모델-7) 입니다. 최고의 품질을 보장합니다.,42000,,74,https://images.unsplash.com/photo-1565299624946-b28f40a0ae38?q=80&w=300,FOR_SALE,2026-01-11 00:00:00
1008,102,국내산 햇반 즉석밥 (모델-8),이 상품은 식품 - 건강식품 카테고리의 국내산 햇반 즉석밥 (모델-8) 입니다. 최고의 품질을 보장합니다.,26000,23400,247,https://images.unsplash.com/photo-1586201375761-83865001e31c?q=80&w=300,FOR_SALE,2026-02-18 00:00:00
1009,101,프리미엄 한우 등심 (모델-9),이 상품은 식품 - 간편식 카테고리의 프리미엄 한우 등심 (모델-9) 입니다. 최고의 품질을 보장합니다.,30000,25500,262,https://images.unsplash.com/photo-1603048588665-791ca8aea617?q=80&w=300,FOR_SALE,2024-11-21 00:00:00
1010,104,당도보장 포기김치 (모델-10),이 상품은 식품 - 신선식품 카테고리의 당도보장 포기김치 (모델-10) 입니다. 최고의 품질을 보장합니다.,27000,23000,24,https://images.unsplash.com/photo-1546069901-ba9599a7e63c?q=80&w=300,FOR_SALE,2026-03-05 00:00:00
1011,100,자연산 캡슐 커피 (모델-11),이 상품은 식품 - 가공식품 카테고리의 자연산 캡슐 커피 (모델-11) 입니다. 최고의 품질을 보장합니다.,21000,,207,https://images.unsplash.com/photo-1514432324607-a09d9b4aefdd?q=80&w=300,FOR_SALE,2024-10-06 00:00:00
1012,104,신선한 포기김치 (모델-12),이 상품은 식품 - 신선식품 카테고리의 신선한 포기김치 (모델-12) 입니다. 최고의 품질을 보장합니다.,35000,29800,196,https://images.unsplash.com/photo-1546069901-ba9599a7e63c?q=80&w=300,FOR_SALE,2025-03-27 00:00:00
1013,100,프리미엄 햇반 즉석밥 (모델-13),이 상품은 식품 - 가공식품 카테고리의 프리미엄 햇반 즉석밥 (모델-13) 입니다. 최고의 품질을 보장합니다.,28000,22400,154,https://images.unsplash.com/photo-1586201375761-83865001e31c?q=80&w=300,FOR_SALE,2026-05-01 00:00:00
1014,101,당도보장 통밀 식빵 (모델-14),이 상품은 식품 - 간편식 카테고리의 당도보장 통밀 식빵 (모델-14) 입니다. 최고의 품질을 보장합니다.,44000,37400,56,https://images.unsplash.com/photo-1509440159596-0249088772ff?q=80&w=300,FOR_SALE,2026-05-03 00:00:00
1015,104,급속냉동 제주 갈치 (모델-15),이 상품은 식품 - 신선식품 카테고리의 급속냉동 제주 갈치 (모델-15) 입니다. 최고의 품질을 보장합니다.,49000,,182,https://images.unsplash.com/photo-1519708227418-c8fd9a32b7a2?q=80&w=300,FOR_SALE,2026-02-27 00:00:00
1016,101,당도보장 유기농 생수 (모델-16),이 상품은 식품 - 간편식 카테고리의 당도보장 유기농 생수 (모델-16) 입니다. 최고의 품질을 보장합니다.,49000,,192,https://images.unsplash.com/photo-1602143407151-7111542de6e8?q=80&w=300,FOR_SALE,2025-10-22 00:00:00
1017,102,유기농 제주 갈치 (모델-17),이 상품은 식품 - 건강식품 카테고리의 유기농 제주 갈치 (모델-17) 입니다. 최고의 품질을 보장합니다.,22000,,111,https://images.unsplash.com/photo-1519708227418-c8fd9a32b7a2?q=80&w=300,FOR_SALE,2025-10-07 00:00:00
1018,105,당도보장 수제 아몬드 견과 (모델-18),이 상품은 식품 - 음료 카테고리의 당도보장 수제 아몬드 견과 (모델-18) 입니다. 최고의 품질을 보장합니다.,30000,,293,https://images.unsplash.com/photo-1599599810769-bcde5a160d32?q=80&w=300,FOR_SALE,2025-01-01 00:00:00
1019,100,당도보장 수제 아몬드 견과 (모델-19),이 상품은 식품 - 가공식품 카테고리의 당도보장 수제 아몬드 견과 (모델-19) 입니다. 최고의 품질을 보장합니다.,26000,,47,https://images.unsplash.com/photo-1599599810769-bcde5a160d32?q=80&w=300,FOR_SALE,2024-09-24 00:00:00
1020,105,유기농 유기농 생수 (모델-20),이 상품은 식품 - 음료 카테고리의 유기농 유기농 생수 (모델-20) 입니다. 최고의 품질을 보장합니다.,7000,5600,191,https://images.unsplash.com/photo-1602143407151-7111542de6e8?q=80&w=300,FOR_SALE,2026-05-06 00:00:00
1021,101,유기농 유기농 생수 (모델-21),이 상품은 식품 - 간편식 카테고리의 유기농 유기농 생수 (모델-21) 입니다. 최고의 품질을 보장합니다.,37000,,101,https://images.unsplash.com/photo-1602143407151-7111542de6e8?q=80&w=300,FOR_SALE,2024-11-05 00:00:00
1022,103,급속냉동 밀키트 부대찌개 (모델-22),이 상품은 식품 - 베이커리/간식 카테고리의 급속냉동 밀키트 부대찌개 (모델-22) 입니다. 최고의 품질을 보장합니다.,8000,,84,https://images.unsplash.com/photo-1565299624946-b28f40a0ae38?q=80&w=300,FOR_SALE,2025-11-11 00:00:00
1023,102,당도보장 제주 갈치 (모델-23),이 상품은 식품 - 건강식품 카테고리의 당도보장 제주 갈치 (모델-23) 입니다. 최고의 품질을 보장합니다.,35000,33200,204,https://images.unsplash.com/photo-1519708227418-c8fd9a32b7a2?q=80&w=300,FOR_SALE,2024-08-06 00:00:00
1024,101,신선한 포기김치 (모델-24),이 상품은 식품 - 간편식 카테고리의 신선한 포기김치 (모델-24) 입니다. 최고의 품질을 보장합니다.,28000,26600,74,https://images.unsplash.com/photo-1546069901-ba9599a7e63c?q=80&w=300,FOR_SALE,2024-11-21 00:00:00
1025,100,프리미엄 포기김치 (모델-25),이 상품은 식품 - 가공식품 카테고리의 프리미엄 포기김치 (모델-25) 입니다. 최고의 품질을 보장합니다.,17000,16200,40,https://images.unsplash.com/photo-1546069901-ba9599a7e63c?q=80&w=300,FOR_SALE,2025-03-30 00:00:00
1026,100,국내산 제주 갈치 (모델-26),이 상품은 식품 - 가공식품 카테고리의 국내산 제주 갈치 (모델-26) 입니다. 최고의 품질을 보장합니다.,47000,37600,46,https://images.unsplash.com/photo-1519708227418-c8fd9a32b7a2?q=80&w=300,FOR_SALE,2025-10-20 00:00:00
1027,102,국내산 제주 갈치 (모델-27),이 상품은 식품 - 건강식품 카테고리의 국내산 제주 갈치 (모델-27) 입니다. 최고의 품질을 보장합니다.,8000,6400,255,https://images.unsplash.com/photo-1519708227418-c8fd9a32b7a2?q=80&w=300,FOR_SALE,2025-02-28 00:00:00
1028,105,산지직송 유기농 생수 (모델-28),이 상품은 식품 - 음료 카테고리의 산지직송 유기농 생수 (모델-28) 입니다. 최고의 품질을 보장합니다.,22000,,114,https://images.unsplash.com/photo-1602143407151-7111542de6e8?q=80&w=300,FOR_SALE,2024-10-07 00:00:00
1029,105,산지직송 햇반 즉석밥 (모델-29),이 상품은 식품 - 음료 카테고리의 산지직송 햇반 즉석밥 (모델-29) 입니다. 최고의 품질을 보장합니다.,15000,,80,https://images.unsplash.com/photo-1586201375761-83865001e31c?q=80&w=300,FOR_SALE,2025-08-22 00:00:00
1030,104,급속냉동 햇반 즉석밥 (모델-30),이 상품은 식품 - 신선식품 카테고리의 급속냉동 햇반 즉석밥 (모델-30) 입니다. 최고의 품질을 보장합니다.,18000,,140,https://images.unsplash.com/photo-1586201375761-83865001e31c?q=80&w=300,FOR_SALE,2026-05-27 00:00:00
1031,105,국내산 밀키트 부대찌개 (모델-31),이 상품은 식품 - 음료 카테고리의 국내산 밀키트 부대찌개 (모델-31) 입니다. 최고의 품질을 보장합니다.,9000,,174,https://images.unsplash.com/photo-1565299624946-b28f40a0ae38?q=80&w=300,FOR_SALE,2025-12-21 00:00:00
1032,105,자연산 햇반 즉석밥 (모델-32),이 상품은 식품 - 음료 카테고리의 자연산 햇반 즉석밥 (모델-32) 입니다. 최고의 품질을 보장합니다.,28000,,290,https://images.unsplash.com/photo-1586201375761-83865001e31c?q=80&w=300,FOR_SALE,2025-03-27 00:00:00
1033,103,프리미엄 제주 갈치 (모델-33),이 상품은 식품 - 베이커리/간식 카테고리의 프리미엄 제주 갈치 (모델-33) 입니다. 최고의 품질을 보장합니다.,29000,,178,https://images.unsplash.com/photo-1519708227418-c8fd9a32b7a2?q=80&w=300,FOR_SALE,2025-06-19 00:00:00
1034,102,신선한 통밀 식빵 (모델-34),이 상품은 식품 - 건강식품 카테고리의 신선한 통밀 식빵 (모델-34) 입니다. 최고의 품질을 보장합니다.,45000,40500,95,https://images.unsplash.com/photo-1509440159596-0249088772ff?q=80&w=300,FOR_SALE,2025-08-22 00:00:00
1035,104,급속냉동 사과 (모델-35),이 상품은 식품 - 신선식품 카테고리의 급속냉동 사과 (모델-35) 입니다. 최고의 품질을 보장합니다.,48000,38400,282,https://images.unsplash.com/photo-1560806887-1e4cd0b6cbd6?q=80&w=300,FOR_SALE,2025-12-25 00:00:00
1036,101,신선한 포기김치 (모델-36),이 상품은 식품 - 간편식 카테고리의 신선한 포기김치 (모델-36) 입니다. 최고의 품질을 보장합니다.,21000,18900,35,https://images.unsplash.com/photo-1546069901-ba9599a7e63c?q=80&w=300,FOR_SALE,2025-10-25 00:00:00
1037,101,국내산 한우 등심 (모델-37),이 상품은 식품 - 간편식 카테고리의 국내산 한우 등심 (모델-37) 입니다. 최고의 품질을 보장합니다.,26000,24700,281,https://images.unsplash.com/photo-1603048588665-791ca8aea617?q=80&w=300,FOR_SALE,2025-06-23 00:00:00
1038,103,산지직송 사과 (모델-38),이 상품은 식품 - 베이커리/간식 카테고리의 산지직송 사과 (모델-38) 입니다. 최고의 품질을 보장합니다.,43000,,212,https://images.unsplash.com/photo-1560806887-1e4cd0b6cbd6?q=80&w=300,FOR_SALE,2026-02-18 00:00:00
1039,101,프리미엄 포기김치 (모델-39),이 상품은 식품 - 간편식 카테고리의 프리미엄 포기김치 (모델-39) 입니다. 최고의 품질을 보장합니다.,5000,4500,121,https://images.unsplash.com/photo-1546069901-ba9599a7e63c?q=80&w=300,FOR_SALE,2026-02-28 00:00:00
1040,102,산지직송 수제 아몬드 견과 (모델-40),이 상품은 식품 - 건강식품 카테고리의 산지직송 수제 아몬드 견과 (모델-40) 입니다. 최고의 품질을 보장합니다.,18000,,193,https://images.unsplash.com/photo-1599599810769-bcde5a160d32?q=80&w=300,FOR_SALE,2025-05-09 00:00:00
1041,105,당도보장 수제 아몬드 견과 (모델-41),이 상품은 식품 - 음료 카테고리의 당도보장 수제 아몬드 견과 (모델-41) 입니다. 최고의 품질을 보장합니다.,29000,27600,258,https://images.unsplash.com/photo-1599599810769-bcde5a160d32?q=80&w=300,FOR_SALE,2026-02-23 00:00:00
1042,105,국내산 캡슐 커피 (모델-42),이 상품은 식품 - 음료 카테고리의 국내산 캡슐 커피 (모델-42) 입니다. 최고의 품질을 보장합니다.,41000,,14,https://images.unsplash.com/photo-1514432324607-a09d9b4aefdd?q=80&w=300,FOR_SALE,2025-05-31 00:00:00
1043,103,산지직송 유기농 생수 (모델-43),이 상품은 식품 - 베이커리/간식 카테고리의 산지직송 유기농 생수 (모델-43) 입니다. 최고의 품질을 보장합니다.,24000,22800,165,https://images.unsplash.com/photo-1602143407151-7111542de6e8?q=80&w=300,FOR_SALE,2025-06-15 00:00:00
1044,101,프리미엄 통밀 식빵 (모델-44),이 상품은 식품 - 간편식 카테고리의 프리미엄 통밀 식빵 (모델-44) 입니다. 최고의 품질을 보장합니다.,21000,,192,https://images.unsplash.com/photo-1509440159596-0249088772ff?q=80&w=300,FOR_SALE,2024-09-22 00:00:00
1045,100,신선한 캡슐 커피 (모델-45),이 상품은 식품 - 가공식품 카테고리의 신선한 캡슐 커피 (모델-45) 입니다. 최고의 품질을 보장합니다.,38000,,72,https://images.unsplash.com/photo-1514432324607-a09d9b4aefdd?q=80&w=300,FOR_SALE,2025-09-05 00:00:00
1046,100,유기농 햇반 즉석밥 (모델-46),이 상품은 식품 - 가공식품 카테고리의 유기농 햇반 즉석밥 (모델-46) 입니다. 최고의 품질을 보장합니다.,44000,35200,182,https://images.unsplash.com/photo-1586201375761-83865001e31c?q=80&w=300,FOR_SALE,2026-04-19 00:00:00
1047,103,산지직송 밀키트 부대찌개 (모델-47),이 상품은 식품 - 베이커리/간식 카테고리의 산지직송 밀키트 부대찌개 (모델-47) 입니다. 최고의 품질을 보장합니다.,46000,39100,227,https://images.unsplash.com/photo-1565299624946-b28f40a0ae38?q=80&w=300,FOR_SALE,2025-02-17 00:00:00
1048,103,급속냉동 밀키트 부대찌개 (모델-48),이 상품은 식품 - 베이커리/간식 카테고리의 급속냉동 밀키트 부대찌개 (모델-48) 입니다. 최고의 품질을 보장합니다.,38000,32300,208,https://images.unsplash.com/photo-1565299624946-b28f40a0ae38?q=80&w=300,FOR_SALE,2024-11-30 00:00:00
1049,104,국내산 통밀 식빵 (모델-49),이 상품은 식품 - 신선식품 카테고리의 국내산 통밀 식빵 (모델-49) 입니다. 최고의 품질을 보장합니다.,35000,,28,https://images.unsplash.com/photo-1509440159596-0249088772ff?q=80&w=300,FOR_SALE,2026-01-26 00:00:00
1050,104,산지직송 통밀 식빵 (모델-50),이 상품은 식품 - 신선식품 카테고리의 산지직송 통밀 식빵 (모델-50) 입니다. 최고의 품질을 보장합니다.,33000,,169,https://images.unsplash.com/photo-1509440159596-0249088772ff?q=80&w=300,FOR_SALE,2025-05-11 00:00:00
1051,102,신선한 제주 갈치 (모델-51),이 상품은 식품 - 건강식품 카테고리의 신선한 제주 갈치 (모델-51) 입니다. 최고의 품질을 보장합니다.,21000,18900,96,https://images.unsplash.com/photo-1519708227418-c8fd9a32b7a2?q=80&w=300,FOR_SALE,2026-03-14 00:00:00
1052,102,프리미엄 캡슐 커피 (모델-52),이 상품은 식품 - 건강식품 카테고리의 프리미엄 캡슐 커피 (모델-52) 입니다. 최고의 품질을 보장합니다.,24000,,118,https://images.unsplash.com/photo-1514432324607-a09d9b4aefdd?q=80&w=300,FOR_SALE,2024-11-14 00:00:00
1053,102,국내산 통밀 식빵 (모델-53),이 상품은 식품 - 건강식품 카테고리의 국내산 통밀 식빵 (모델-53) 입니다. 최고의 품질을 보장합니다.,46000,43700,146,https://images.unsplash.com/photo-1509440159596-0249088772ff?q=80&w=300,FOR_SALE,2025-08-06 00:00:00
1054,103,자연산 사과 (모델-54),이 상품은 식품 - 베이커리/간식 카테고리의 자연산 사과 (모델-54) 입니다. 최고의 품질을 보장합니다.,15000,13500,238,https://images.unsplash.com/photo-1560806887-1e4cd0b6cbd6?q=80&w=300,FOR_SALE,2024-08-28 00:00:00
1055,105,유기농 수제 아몬드 견과 (모델-55),이 상품은 식품 - 음료 카테고리의 유기농 수제 아몬드 견과 (모델-55) 입니다. 최고의 품질을 보장합니다.,5000,4500,221,https://images.unsplash.com/photo-1599599810769-bcde5a160d32?q=80&w=300,FOR_SALE,2024-09-07 00:00:00
1056,101,유기농 포기김치 (모델-56),이 상품은 식품 - 간편식 카테고리의 유기농 포기김치 (모델-56) 입니다. 최고의 품질을 보장합니다.,39000,31200,84,https://images.unsplash.com/photo-1546069901-ba9599a7e63c?q=80&w=300,FOR_SALE,2025-05-28 00:00:00
1057,104,산지직송 제주 갈치 (모델-57),이 상품은 식품 - 신선식품 카테고리의 산지직송 제주 갈치 (모델-57) 입니다. 최고의 품질을 보장합니다.,41000,,172,https://images.unsplash.com/photo-1519708227418-c8fd9a32b7a2?q=80&w=300,FOR_SALE,2024-10-19 00:00:00
1058,103,자연산 밀키트 부대찌개 (모델-58),이 상품은 식품 - 베이커리/간식 카테고리의 자연산 밀키트 부대찌개 (모델-58) 입니다. 최고의 품질을 보장합니다.,40000,34000,161,https://images.unsplash.com/photo-1565299624946-b28f40a0ae38?q=80&w=300,FOR_SALE,2025-11-18 00:00:00
1059,102,산지직송 제주 갈치 (모델-59),이 상품은 식품 - 건강식품 카테고리의 산지직송 제주 갈치 (모델-59) 입니다. 최고의 품질을 보장합니다.,34000,,127,https://images.unsplash.com/photo-1519708227418-c8fd9a32b7a2?q=80&w=300,FOR_SALE,2026-03-23 00:00:00
1060,100,신선한 사과 (모델-60),이 상품은 식품 - 가공식품 카테고리의 신선한 사과 (모델-60) 입니다. 최고의 품질을 보장합니다.,13000,11700,281,https://images.unsplash.com/photo-1560806887-1e4cd0b6cbd6?q=80&w=300,FOR_SALE,2026-04-17 00:00:00
1061,103,급속냉동 캡슐 커피 (모델-61),이 상품은 식품 - 베이커리/간식 카테고리의 급속냉동 캡슐 커피 (모델-61) 입니다. 최고의 품질을 보장합니다.,13000,,278,https://images.unsplash.com/photo-1514432324607-a09d9b4aefdd?q=80&w=300,FOR_SALE,2024-07-25 00:00:00
1062,101,유기농 캡슐 커피 (모델-62),이 상품은 식품 - 간편식 카테고리의 유기농 캡슐 커피 (모델-62) 입니다. 최고의 품질을 보장합니다.,10000,9500,297,https://images.unsplash.com/photo-1514432324607-a09d9b4aefdd?q=80&w=300,FOR_SALE,2025-10-12 00:00:00
1063,103,산지직송 한우 등심 (모델-63),이 상품은 식품 - 베이커리/간식 카테고리의 산지직송 한우 등심 (모델-63) 입니다. 최고의 품질을 보장합니다.,29000,23200,131,https://images.unsplash.com/photo-1603048588665-791ca8aea617?q=80&w=300,FOR_SALE,2025-08-10 00:00:00
1064,103,프리미엄 제주 갈치 (모델-64),이 상품은 식품 - 베이커리/간식 카테고리의 프리미엄 제주 갈치 (모델-64) 입니다. 최고의 품질을 보장합니다.,36000,34200,105,https://images.unsplash.com/photo-1519708227418-c8fd9a32b7a2?q=80&w=300,FOR_SALE,2026-03-13 00:00:00
1065,103,급속냉동 제주 갈치 (모델-65),이 상품은 식품 - 베이커리/간식 카테고리의 급속냉동 제주 갈치 (모델-65) 입니다. 최고의 품질을 보장합니다.,24000,22800,89,https://images.unsplash.com/photo-1519708227418-c8fd9a32b7a2?q=80&w=300,FOR_SALE,2025-10-07 00:00:00
1066,100,산지직송 한우 등심 (모델-66),이 상품은 식품 - 가공식품 카테고리의 산지직송 한우 등심 (모델-66) 입니다. 최고의 품질을 보장합니다.,26000,,253,https://images.unsplash.com/photo-1603048588665-791ca8aea617?q=80&w=300,FOR_SALE,2026-02-19 00:00:00
1067,103,신선한 통밀 식빵 (모델-67),이 상품은 식품 - 베이커리/간식 카테고리의 신선한 통밀 식빵 (모델-67) 입니다. 최고의 품질을 보장합니다.,10000,9500,170,https://images.unsplash.com/photo-1509440159596-0249088772ff?q=80&w=300,FOR_SALE,2025-05-09 00:00:00
1068,102,국내산 포기김치 (모델-68),이 상품은 식품 - 건강식품 카테고리의 국내산 포기김치 (모델-68) 입니다. 최고의 품질을 보장합니다.,38000,,265,https://images.unsplash.com/photo-1546069901-ba9599a7e63c?q=80&w=300,FOR_SALE,2025-08-22 00:00:00
1069,102,산지직송 사과 (모델-69),이 상품은 식품 - 건강식품 카테고리의 산지직송 사과 (모델-69) 입니다. 최고의 품질을 보장합니다.,28000,,91,https://images.unsplash.com/photo-1560806887-1e4cd0b6cbd6?q=80&w=300,FOR_SALE,2025-02-23 00:00:00
1070,104,프리미엄 제주 갈치 (모델-70),이 상품은 식품 - 신선식품 카테고리의 프리미엄 제주 갈치 (모델-70) 입니다. 최고의 품질을 보장합니다.,34000,27200,108,https://images.unsplash.com/photo-1519708227418-c8fd9a32b7a2?q=80&w=300,FOR_SALE,2024-08-21 00:00:00
1071,105,신선한 포기김치 (모델-71),이 상품은 식품 - 음료 카테고리의 신선한 포기김치 (모델-71) 입니다. 최고의 품질을 보장합니다.,9000,,148,https://images.unsplash.com/photo-1546069901-ba9599a7e63c?q=80&w=300,FOR_SALE,2025-05-25 00:00:00
1072,103,국내산 사과 (모델-72),이 상품은 식품 - 베이커리/간식 카테고리의 국내산 사과 (모델-72) 입니다. 최고의 품질을 보장합니다.,45000,,190,https://images.unsplash.com/photo-1560806887-1e4cd0b6cbd6?q=80&w=300,FOR_SALE,2025-12-18 00:00:00
1073,105,산지직송 유기농 생수 (모델-73),이 상품은 식품 - 음료 카테고리의 산지직송 유기농 생수 (모델-73) 입니다. 최고의 품질을 보장합니다.,30000,24000,255,https://images.unsplash.com/photo-1602143407151-7111542de6e8?q=80&w=300,FOR_SALE,2025-05-19 00:00:00
1074,104,국내산 밀키트 부대찌개 (모델-74),이 상품은 식품 - 신선식품 카테고리의 국내산 밀키트 부대찌개 (모델-74) 입니다. 최고의 품질을 보장합니다.,34000,,73,https://images.unsplash.com/photo-1565299624946-b28f40a0ae38?q=80&w=300,FOR_SALE,2025-06-04 00:00:00
1075,103,유기농 한우 등심 (모델-75),이 상품은 식품 - 베이커리/간식 카테고리의 유기농 한우 등심 (모델-75) 입니다. 최고의 품질을 보장합니다.,36000,32400,145,https://images.unsplash.com/photo-1603048588665-791ca8aea617?q=80&w=300,FOR_SALE,2025-10-31 00:00:00
1076,103,급속냉동 햇반 즉석밥 (모델-76),이 상품은 식품 - 베이커리/간식 카테고리의 급속냉동 햇반 즉석밥 (모델-76) 입니다. 최고의 품질을 보장합니다.,33000,,45,https://images.unsplash.com/photo-1586201375761-83865001e31c?q=80&w=300,FOR_SALE,2024-07-16 00:00:00
1077,103,자연산 햇반 즉석밥 (모델-77),이 상품은 식품 - 베이커리/간식 카테고리의 자연산 햇반 즉석밥 (모델-77) 입니다. 최고의 품질을 보장합니다.,36000,,99,https://images.unsplash.com/photo-1586201375761-83865001e31c?q=80&w=300,FOR_SALE,2025-09-02 00:00:00
1078,105,프리미엄 사과 (모델-78),이 상품은 식품 - 음료 카테고리의 프리미엄 사과 (모델-78) 입니다. 최고의 품질을 보장합니다.,8000,7600,195,https://images.unsplash.com/photo-1560806887-1e4cd0b6cbd6?q=80&w=300,FOR_SALE,2024-08-08 00:00:00
1079,105,급속냉동 한우 등심 (모델-79),이 상품은 식품 - 음료 카테고리의 급속냉동 한우 등심 (모델-79) 입니다. 최고의 품질을 보장합니다.,43000,40800,71,https://images.unsplash.com/photo-1603048588665-791ca8aea617?q=80&w=300,FOR_SALE,2026-03-21 00:00:00
1080,103,유기농 밀키트 부대찌개 (모델-80),이 상품은 식품 - 베이커리/간식 카테고리의 유기농 밀키트 부대찌개 (모델-80) 입니다. 최고의 품질을 보장합니다.,24000,22800,284,https://images.unsplash.com/photo-1565299624946-b28f40a0ae38?q=80&w=300,FOR_SALE,2024-09-17 00:00:00
1081,100,산지직송 통밀 식빵 (모델-81),이 상품은 식품 - 가공식품 카테고리의 산지직송 통밀 식빵 (모델-81) 입니다. 최고의 품질을 보장합니다.,44000,,111,https://images.unsplash.com/photo-1509440159596-0249088772ff?q=80&w=300,FOR_SALE,2024-08-21 00:00:00
1082,104,자연산 사과 (모델-82),이 상품은 식품 - 신선식품 카테고리의 자연산 사과 (모델-82) 입니다. 최고의 품질을 보장합니다.,18000,,215,https://images.unsplash.com/photo-1560806887-1e4cd0b6cbd6?q=80&w=300,FOR_SALE,2025-12-09 00:00:00
1083,100,급속냉동 사과 (모델-83),이 상품은 식품 - 가공식품 카테고리의 급속냉동 사과 (모델-83) 입니다. 최고의 품질을 보장합니다.,15000,14200,30,https://images.unsplash.com/photo-1560806887-1e4cd0b6cbd6?q=80&w=300,FOR_SALE,2024-12-03 00:00:00
1084,100,산지직송 수제 아몬드 견과 (모델-84),이 상품은 식품 - 가공식품 카테고리의 산지직송 수제 아몬드 견과 (모델-84) 입니다. 최고의 품질을 보장합니다.,16000,14400,50,https://images.unsplash.com/photo-1599599810769-bcde5a160d32?q=80&w=300,FOR_SALE,2025-09-25 00:00:00
1085,101,국내산 통밀 식빵 (모델-85),이 상품은 식품 - 간편식 카테고리의 국내산 통밀 식빵 (모델-85) 입니다. 최고의 품질을 보장합니다.,22000,,276,https://images.unsplash.com/photo-1509440159596-0249088772ff?q=80&w=300,FOR_SALE,2025-12-17 00:00:00
1086,103,급속냉동 캡슐 커피 (모델-86),이 상품은 식품 - 베이커리/간식 카테고리의 급속냉동 캡슐 커피 (모델-86) 입니다. 최고의 품질을 보장합니다.,31000,29400,253,https://images.unsplash.com/photo-1514432324607-a09d9b4aefdd?q=80&w=300,FOR_SALE,2025-02-14 00:00:00
1087,105,국내산 밀키트 부대찌개 (모델-87),이 상품은 식품 - 음료 카테고리의 국내산 밀키트 부대찌개 (모델-87) 입니다. 최고의 품질을 보장합니다.,22000,19800,10,https://images.unsplash.com/photo-1565299624946-b28f40a0ae38?q=80&w=300,FOR_SALE,2025-05-10 00:00:00
1088,100,산지직송 수제 아몬드 견과 (모델-88),이 상품은 식품 - 가공식품 카테고리의 산지직송 수제 아몬드 견과 (모델-88) 입니다. 최고의 품질을 보장합니다.,41000,,10,https://images.unsplash.com/photo-1599599810769-bcde5a160d32?q=80&w=300,FOR_SALE,2025-08-30 00:00:00
1089,105,산지직송 캡슐 커피 (모델-89),이 상품은 식품 - 음료 카테고리의 산지직송 캡슐 커피 (모델-89) 입니다. 최고의 품질을 보장합니다.,25000,23800,209,https://images.unsplash.com/photo-1514432324607-a09d9b4aefdd?q=80&w=300,FOR_SALE,2024-08-16 00:00:00
1090,103,신선한 사과 (모델-90),이 상품은 식품 - 베이커리/간식 카테고리의 신선한 사과 (모델-90) 입니다. 최고의 품질을 보장합니다.,38000,,163,https://images.unsplash.com/photo-1560806887-1e4cd0b6cbd6?q=80&w=300,FOR_SALE,2024-11-09 00:00:00
1091,101,신선한 한우 등심 (모델-91),이 상품은 식품 - 간편식 카테고리의 신선한 한우 등심 (모델-91) 입니다. 최고의 품질을 보장합니다.,45000,40500,297,https://images.unsplash.com/photo-1603048588665-791ca8aea617?q=80&w=300,FOR_SALE,2025-10-21 00:00:00
1092,100,당도보장 수제 아몬드 견과 (모델-92),이 상품은 식품 - 가공식품 카테고리의 당도보장 수제 아몬드 견과 (모델-92) 입니다. 최고의 품질을 보장합니다.,39000,33200,10,https://images.unsplash.com/photo-1599599810769-bcde5a160d32?q=80&w=300,FOR_SALE,2025-07-05 00:00:00
1093,105,급속냉동 사과 (모델-93),이 상품은 식품 - 음료 카테고리의 급속냉동 사과 (모델-93) 입니다. 최고의 품질을 보장합니다.,30000,24000,135,https://images.unsplash.com/photo-1560806887-1e4cd0b6cbd6?q=80&w=300,FOR_SALE,2026-04-06 00:00:00
1094,104,국내산 한우 등심 (모델-94),이 상품은 식품 - 신선식품 카테고리의 국내산 한우 등심 (모델-94) 입니다. 최고의 품질을 보장합니다.,14000,11200,66,https://images.unsplash.com/photo-1603048588665-791ca8aea617?q=80&w=300,FOR_SALE,2025-10-11 00:00:00
1095,100,산지직송 수제 아몬드 견과 (모델-95),이 상품은 식품 - 가공식품 카테고리의 산지직송 수제 아몬드 견과 (모델-95) 입니다. 최고의 품질을 보장합니다.,25000,,15,https://images.unsplash.com/photo-1599599810769-bcde5a160d32?q=80&w=300,FOR_SALE,2026-05-01 00:00:00
1096,103,신선한 한우 등심 (모델-96),이 상품은 식품 - 베이커리/간식 카테고리의 신선한 한우 등심 (모델-96) 입니다. 최고의 품질을 보장합니다.,14000,,228,https://images.unsplash.com/photo-1603048588665-791ca8aea617?q=80&w=300,FOR_SALE,2025-07-14 00:00:00
1097,105,급속냉동 제주 갈치 (모델-97),이 상품은 식품 - 음료 카테고리의 급속냉동 제주 갈치 (모델-97) 입니다. 최고의 품질을 보장합니다.,11000,,84,https://images.unsplash.com/photo-1519708227418-c8fd9a32b7a2?q=80&w=300,FOR_SALE,2025-04-18 00:00:00
1098,102,유기농 캡슐 커피 (모델-98),이 상품은 식품 - 건강식품 카테고리의 유기농 캡슐 커피 (모델-98) 입니다. 최고의 품질을 보장합니다.,25000,,273,https://images.unsplash.com/photo-1514432324607-a09d9b4aefdd?q=80&w=300,FOR_SALE,2025-09-01 00:00:00
1099,100,산지직송 한우 등심 (모델-99),이 상품은 식품 - 가공식품 카테고리의 산지직송 한우 등심 (모델-99) 입니다. 최고의 품질을 보장합니다.,49000,44100,41,https://images.unsplash.com/photo-1603048588665-791ca8aea617?q=80&w=300,FOR_SALE,2026-03-27 00:00:00
1100,102,자연산 밀키트 부대찌개 (모델-100),이 상품은 식품 - 건강식품 카테고리의 자연산 밀키트 부대찌개 (모델-100) 입니다. 최고의 품질을 보장합니다.,19000,,65,https://images.unsplash.com/photo-1565299624946-b28f40a0ae38?q=80&w=300,FOR_SALE,2025-10-29 00:00:00
1101,103,프리미엄 햇반 즉석밥 (모델-101),이 상품은 식품 - 베이커리/간식 카테고리의 프리미엄 햇반 즉석밥 (모델-101) 입니다. 최고의 품질을 보장합니다.,15000,12800,77,https://images.unsplash.com/photo-1586201375761-83865001e31c?q=80&w=300,FOR_SALE,2024-10-30 00:00:00
1102,101,유기농 포기김치 (모델-102),이 상품은 식품 - 간편식 카테고리의 유기농 포기김치 (모델-102) 입니다. 최고의 품질을 보장합니다.,21000,,270,https://images.unsplash.com/photo-1546069901-ba9599a7e63c?q=80&w=300,FOR_SALE,2025-07-15 00:00:00
1103,100,신선한 사과 (모델-103),이 상품은 식품 - 가공식품 카테고리의 신선한 사과 (모델-103) 입니다. 최고의 품질을 보장합니다.,8000,6800,220,https://images.unsplash.com/photo-1560806887-1e4cd0b6cbd6?q=80&w=300,FOR_SALE,2025-10-28 00:00:00
1104,104,국내산 포기김치 (모델-104),이 상품은 식품 - 신선식품 카테고리의 국내산 포기김치 (모델-104) 입니다. 최고의 품질을 보장합니다.,33000,,151,https://images.unsplash.com/photo-1546069901-ba9599a7e63c?q=80&w=300,FOR_SALE,2024-07-31 00:00:00
1105,105,프리미엄 포기김치 (모델-105),이 상품은 식품 - 음료 카테고리의 프리미엄 포기김치 (모델-105) 입니다. 최고의 품질을 보장합니다.,21000,,36,https://images.unsplash.com/photo-1546069901-ba9599a7e63c?q=80&w=300,FOR_SALE,2025-01-07 00:00:00
1106,105,당도보장 한우 등심 (모델-106),이 상품은 식품 - 음료 카테고리의 당도보장 한우 등심 (모델-106) 입니다. 최고의 품질을 보장합니다.,48000,45600,200,https://images.unsplash.com/photo-1603048588665-791ca8aea617?q=80&w=300,FOR_SALE,2025-04-23 00:00:00
1107,104,프리미엄 햇반 즉석밥 (모델-107),이 상품은 식품 - 신선식품 카테고리의 프리미엄 햇반 즉석밥 (모델-107) 입니다. 최고의 품질을 보장합니다.,23000,,90,https://images.unsplash.com/photo-1586201375761-83865001e31c?q=80&w=300,FOR_SALE,2024-08-13 00:00:00
1108,100,당도보장 밀키트 부대찌개 (모델-108),이 상품은 식품 - 가공식품 카테고리의 당도보장 밀키트 부대찌개 (모델-108) 입니다. 최고의 품질을 보장합니다.,16000,14400,66,https://images.unsplash.com/photo-1565299624946-b28f40a0ae38?q=80&w=300,FOR_SALE,2025-02-18 00:00:00
1109,105,프리미엄 한우 등심 (모델-109),이 상품은 식품 - 음료 카테고리의 프리미엄 한우 등심 (모델-109) 입니다. 최고의 품질을 보장합니다.,29000,24600,240,https://images.unsplash.com/photo-1603048588665-791ca8aea617?q=80&w=300,FOR_SALE,2026-01-07 00:00:00
1110,100,당도보장 수제 아몬드 견과 (모델-110),이 상품은 식품 - 가공식품 카테고리의 당도보장 수제 아몬드 견과 (모델-110) 입니다. 최고의 품질을 보장합니다.,45000,38200,262,https://images.unsplash.com/photo-1599599810769-bcde5a160d32?q=80&w=300,FOR_SALE,2025-09-04 00:00:00
1111,105,유기농 포기김치 (모델-111),이 상품은 식품 - 음료 카테고리의 유기농 포기김치 (모델-111) 입니다. 최고의 품질을 보장합니다.,45000,38200,94,https://images.unsplash.com/photo-1546069901-ba9599a7e63c?q=80&w=300,FOR_SALE,2026-01-11 00:00:00
1112,101,유기농 한우 등심 (모델-112),이 상품은 식품 - 간편식 카테고리의 유기농 한우 등심 (모델-112) 입니다. 최고의 품질을 보장합니다.,43000,40800,292,https://images.unsplash.com/photo-1603048588665-791ca8aea617?q=80&w=300,FOR_SALE,2025-09-23 00:00:00
1113,101,자연산 제주 갈치 (모델-113),이 상품은 식품 - 간편식 카테고리의 자연산 제주 갈치 (모델-113) 입니다. 최고의 품질을 보장합니다.,24000,22800,289,https://images.unsplash.com/photo-1519708227418-c8fd9a32b7a2?q=80&w=300,FOR_SALE,2024-11-05 00:00:00
1114,104,자연산 수제 아몬드 견과 (모델-114),이 상품은 식품 - 신선식품 카테고리의 자연산 수제 아몬드 견과 (모델-114) 입니다. 최고의 품질을 보장합니다.,13000,,122,https://images.unsplash.com/photo-1599599810769-bcde5a160d32?q=80&w=300,FOR_SALE,2024-11-28 00:00:00
1115,103,급속냉동 캡슐 커피 (모델-115),이 상품은 식품 - 베이커리/간식 카테고리의 급속냉동 캡슐 커피 (모델-115) 입니다. 최고의 품질을 보장합니다.,34000,32300,217,https://images.unsplash.com/photo-1514432324607-a09d9b4aefdd?q=80&w=300,FOR_SALE,2025-09-06 00:00:00
1116,102,신선한 캡슐 커피 (모델-116),이 상품은 식품 - 건강식품 카테고리의 신선한 캡슐 커피 (모델-116) 입니다. 최고의 품질을 보장합니다.,11000,,49,https://images.unsplash.com/photo-1514432324607-a09d9b4aefdd?q=80&w=300,FOR_SALE,2024-10-12 00:00:00
1117,101,당도보장 한우 등심 (모델-117),이 상품은 식품 - 간편식 카테고리의 당도보장 한우 등심 (모델-117) 입니다. 최고의 품질을 보장합니다.,14000,13300,297,https://images.unsplash.com/photo-1603048588665-791ca8aea617?q=80&w=300,FOR_SALE,2025-03-21 00:00:00
1118,102,산지직송 제주 갈치 (모델-118),이 상품은 식품 - 건강식품 카테고리의 산지직송 제주 갈치 (모델-118) 입니다. 최고의 품질을 보장합니다.,42000,35700,38,https://images.unsplash.com/photo-1519708227418-c8fd9a32b7a2?q=80&w=300,FOR_SALE,2024-10-13 00:00:00
1119,102,프리미엄 제주 갈치 (모델-119),이 상품은 식품 - 건강식품 카테고리의 프리미엄 제주 갈치 (모델-119) 입니다. 최고의 품질을 보장합니다.,24000,21600,44,https://images.unsplash.com/photo-1519708227418-c8fd9a32b7a2?q=80&w=300,FOR_SALE,2025-04-20 00:00:00
1120,104,프리미엄 제주 갈치 (모델-120),이 상품은 식품 - 신선식품 카테고리의 프리미엄 제주 갈치 (모델-120) 입니다. 최고의 품질을 보장합니다.,21000,,260,https://images.unsplash.com/photo-1519708227418-c8fd9a32b7a2?q=80&w=300,FOR_SALE,2025-05-28 00:00:00
1121,102,자연산 햇반 즉석밥 (모델-121),이 상품은 식품 - 건강식품 카테고리의 자연산 햇반 즉석밥 (모델-121) 입니다. 최고의 품질을 보장합니다.,16000,,198,https://images.unsplash.com/photo-1586201375761-83865001e31c?q=80&w=300,FOR_SALE,2025-10-21 00:00:00
1122,101,당도보장 사과 (모델-122),이 상품은 식품 - 간편식 카테고리의 당도보장 사과 (모델-122) 입니다. 최고의 품질을 보장합니다.,43000,,31,https://images.unsplash.com/photo-1560806887-1e4cd0b6cbd6?q=80&w=300,FOR_SALE,2026-01-12 00:00:00
1123,101,산지직송 포기김치 (모델-123),이 상품은 식품 - 간편식 카테고리의 산지직송 포기김치 (모델-123) 입니다. 최고의 품질을 보장합니다.,25000,,128,https://images.unsplash.com/photo-1546069901-ba9599a7e63c?q=80&w=300,FOR_SALE,2024-12-28 00:00:00
1124,101,산지직송 햇반 즉석밥 (모델-124),이 상품은 식품 - 간편식 카테고리의 산지직송 햇반 즉석밥 (모델-124) 입니다. 최고의 품질을 보장합니다.,24000,19200,213,https://images.unsplash.com/photo-1586201375761-83865001e31c?q=80&w=300,FOR_SALE,2025-01-13 00:00:00
1125,101,국내산 포기김치 (모델-125),이 상품은 식품 - 간편식 카테고리의 국내산 포기김치 (모델-125) 입니다. 최고의 품질을 보장합니다.,46000,39100,265,https://images.unsplash.com/photo-1546069901-ba9599a7e63c?q=80&w=300,FOR_SALE,2026-03-01 00:00:00
1126,105,당도보장 사과 (모델-126),이 상품은 식품 - 음료 카테고리의 당도보장 사과 (모델-126) 입니다. 최고의 품질을 보장합니다.,39000,,71,https://images.unsplash.com/photo-1560806887-1e4cd0b6cbd6?q=80&w=300,FOR_SALE,2026-04-15 00:00:00
1127,102,유기농 사과 (모델-127),이 상품은 식품 - 건강식품 카테고리의 유기농 사과 (모델-127) 입니다. 최고의 품질을 보장합니다.,43000,,238,https://images.unsplash.com/photo-1560806887-1e4cd0b6cbd6?q=80&w=300,FOR_SALE,2026-02-10 00:00:00
1128,105,자연산 제주 갈치 (모델-128),이 상품은 식품 - 음료 카테고리의 자연산 제주 갈치 (모델-128) 입니다. 최고의 품질을 보장합니다.,25000,22500,90,https://images.unsplash.com/photo-1519708227418-c8fd9a32b7a2?q=80&w=300,FOR_SALE,2025-12-28 00:00:00
1129,104,자연산 포기김치 (모델-129),이 상품은 식품 - 신선식품 카테고리의 자연산 포기김치 (모델-129) 입니다. 최고의 품질을 보장합니다.,49000,44100,32,https://images.unsplash.com/photo-1546069901-ba9599a7e63c?q=80&w=300,FOR_SALE,2024-08-29 00:00:00
1130,102,산지직송 수제 아몬드 견과 (모델-130),이 상품은 식품 - 건강식품 카테고리의 산지직송 수제 아몬드 견과 (모델-130) 입니다. 최고의 품질을 보장합니다.,36000,34200,18,https://images.unsplash.com/photo-1599599810769-bcde5a160d32?q=80&w=300,FOR_SALE,2025-12-21 00:00:00
1131,100,자연산 수제 아몬드 견과 (모델-131),이 상품은 식품 - 가공식품 카테고리의 자연산 수제 아몬드 견과 (모델-131) 입니다. 최고의 품질을 보장합니다.,8000,6800,39,https://images.unsplash.com/photo-1599599810769-bcde5a160d32?q=80&w=300,FOR_SALE,2025-03-27 00:00:00
1132,102,당도보장 통밀 식빵 (모델-132),이 상품은 식품 - 건강식품 카테고리의 당도보장 통밀 식빵 (모델-132) 입니다. 최고의 품질을 보장합니다.,35000,,32,https://images.unsplash.com/photo-1509440159596-0249088772ff?q=80&w=300,FOR_SALE,2024-09-30 00:00:00
1133,105,자연산 통밀 식빵 (모델-133),이 상품은 식품 - 음료 카테고리의 자연산 통밀 식빵 (모델-133) 입니다. 최고의 품질을 보장합니다.,8000,7600,271,https://images.unsplash.com/photo-1509440159596-0249088772ff?q=80&w=300,FOR_SALE,2026-03-29 00:00:00
1134,103,당도보장 포기김치 (모델-134),이 상품은 식품 - 베이커리/간식 카테고리의 당도보장 포기김치 (모델-134) 입니다. 최고의 품질을 보장합니다.,33000,28000,161,https://images.unsplash.com/photo-1546069901-ba9599a7e63c?q=80&w=300,FOR_SALE,2025-05-04 00:00:00
1135,103,급속냉동 햇반 즉석밥 (모델-135),이 상품은 식품 - 베이커리/간식 카테고리의 급속냉동 햇반 즉석밥 (모델-135) 입니다. 최고의 품질을 보장합니다.,7000,6600,155,https://images.unsplash.com/photo-1586201375761-83865001e31c?q=80&w=300,FOR_SALE,2025-05-08 00:00:00
1136,103,국내산 사과 (모델-136),이 상품은 식품 - 베이커리/간식 카테고리의 국내산 사과 (모델-136) 입니다. 최고의 품질을 보장합니다.,18000,16200,135,https://images.unsplash.com/photo-1560806887-1e4cd0b6cbd6?q=80&w=300,FOR_SALE,2024-09-30 00:00:00
1137,103,국내산 유기농 생수 (모델-137),이 상품은 식품 - 베이커리/간식 카테고리의 국내산 유기농 생수 (모델-137) 입니다. 최고의 품질을 보장합니다.,23000,21800,188,https://images.unsplash.com/photo-1602143407151-7111542de6e8?q=80&w=300,FOR_SALE,2025-02-08 00:00:00
1138,101,급속냉동 유기농 생수 (모델-138),이 상품은 식품 - 간편식 카테고리의 급속냉동 유기농 생수 (모델-138) 입니다. 최고의 품질을 보장합니다.,44000,41800,160,https://images.unsplash.com/photo-1602143407151-7111542de6e8?q=80&w=300,FOR_SALE,2024-12-08 00:00:00
1139,105,국내산 제주 갈치 (모델-139),이 상품은 식품 - 음료 카테고리의 국내산 제주 갈치 (모델-139) 입니다. 최고의 품질을 보장합니다.,9000,7200,77,https://images.unsplash.com/photo-1519708227418-c8fd9a32b7a2?q=80&w=300,FOR_SALE,2025-09-18 00:00:00
1140,101,유기농 햇반 즉석밥 (모델-140),이 상품은 식품 - 간편식 카테고리의 유기농 햇반 즉석밥 (모델-140) 입니다. 최고의 품질을 보장합니다.,47000,,297,https://images.unsplash.com/photo-1586201375761-83865001e31c?q=80&w=300,FOR_SALE,2024-11-13 00:00:00
1141,102,유기농 유기농 생수 (모델-141),이 상품은 식품 - 건강식품 카테고리의 유기농 유기농 생수 (모델-141) 입니다. 최고의 품질을 보장합니다.,28000,,112,https://images.unsplash.com/photo-1602143407151-7111542de6e8?q=80&w=300,FOR_SALE,2026-05-22 00:00:00
1142,102,당도보장 수제 아몬드 견과 (모델-142),이 상품은 식품 - 건강식품 카테고리의 당도보장 수제 아몬드 견과 (모델-142) 입니다. 최고의 품질을 보장합니다.,49000,,87,https://images.unsplash.com/photo-1599599810769-bcde5a160d32?q=80&w=300,FOR_SALE,2026-02-05 00:00:00
1143,103,유기농 햇반 즉석밥 (모델-143),이 상품은 식품 - 베이커리/간식 카테고리의 유기농 햇반 즉석밥 (모델-143) 입니다. 최고의 품질을 보장합니다.,39000,35100,14,https://images.unsplash.com/photo-1586201375761-83865001e31c?q=80&w=300,FOR_SALE,2024-11-30 00:00:00
1144,102,당도보장 캡슐 커피 (모델-144),이 상품은 식품 - 건강식품 카테고리의 당도보장 캡슐 커피 (모델-144) 입니다. 최고의 품질을 보장합니다.,17000,,74,https://images.unsplash.com/photo-1514432324607-a09d9b4aefdd?q=80&w=300,FOR_SALE,2025-09-02 00:00:00
1145,103,급속냉동 사과 (모델-145),이 상품은 식품 - 베이커리/간식 카테고리의 급속냉동 사과 (모델-145) 입니다. 최고의 품질을 보장합니다.,38000,,94,https://images.unsplash.com/photo-1560806887-1e4cd0b6cbd6?q=80&w=300,FOR_SALE,2024-08-15 00:00:00
1146,105,국내산 사과 (모델-146),이 상품은 식품 - 음료 카테고리의 국내산 사과 (모델-146) 입니다. 최고의 품질을 보장합니다.,45000,42800,226,https://images.unsplash.com/photo-1560806887-1e4cd0b6cbd6?q=80&w=300,FOR_SALE,2025-06-19 00:00:00
1147,104,프리미엄 통밀 식빵 (모델-147),이 상품은 식품 - 신선식품 카테고리의 프리미엄 통밀 식빵 (모델-147) 입니다. 최고의 품질을 보장합니다.,45000,40500,246,https://images.unsplash.com/photo-1509440159596-0249088772ff?q=80&w=300,FOR_SALE,2026-02-08 00:00:00
1148,103,산지직송 밀키트 부대찌개 (모델-148),이 상품은 식품 - 베이커리/간식 카테고리의 산지직송 밀키트 부대찌개 (모델-148) 입니다. 최고의 품질을 보장합니다.,43000,,289,https://images.unsplash.com/photo-1565299624946-b28f40a0ae38?q=80&w=300,FOR_SALE,2025-08-06 00:00:00
1149,100,신선한 한우 등심 (모델-149),이 상품은 식품 - 가공식품 카테고리의 신선한 한우 등심 (모델-149) 입니다. 최고의 품질을 보장합니다.,35000,,297,https://images.unsplash.com/photo-1603048588665-791ca8aea617?q=80&w=300,FOR_SALE,2025-03-14 00:00:00
1150,101,신선한 수제 아몬드 견과 (모델-150),이 상품은 식품 - 간편식 카테고리의 신선한 수제 아몬드 견과 (모델-150) 입니다. 최고의 품질을 보장합니다.,42000,39900,11,https://images.unsplash.com/photo-1599599810769-bcde5a160d32?q=80&w=300,FOR_SALE,2025-12-23 00:00:00
1151,100,급속냉동 사과 (모델-151),이 상품은 식품 - 가공식품 카테고리의 급속냉동 사과 (모델-151) 입니다. 최고의 품질을 보장합니다.,32000,27200,242,https://images.unsplash.com/photo-1560806887-1e4cd0b6cbd6?q=80&w=300,FOR_SALE,2025-02-23 00:00:00
1152,103,급속냉동 유기농 생수 (모델-152),이 상품은 식품 - 베이커리/간식 카테고리의 급속냉동 유기농 생수 (모델-152) 입니다. 최고의 품질을 보장합니다.,32000,27200,208,https://images.unsplash.com/photo-1602143407151-7111542de6e8?q=80&w=300,FOR_SALE,2026-05-30 00:00:00
1153,101,국내산 한우 등심 (모델-153),이 상품은 식품 - 간편식 카테고리의 국내산 한우 등심 (모델-153) 입니다. 최고의 품질을 보장합니다.,43000,,271,https://images.unsplash.com/photo-1603048588665-791ca8aea617?q=80&w=300,FOR_SALE,2025-09-06 00:00:00
1154,103,신선한 사과 (모델-154),이 상품은 식품 - 베이커리/간식 카테고리의 신선한 사과 (모델-154) 입니다. 최고의 품질을 보장합니다.,23000,,188,https://images.unsplash.com/photo-1560806887-1e4cd0b6cbd6?q=80&w=300,FOR_SALE,2025-01-06 00:00:00
1155,104,프리미엄 캡슐 커피 (모델-155),이 상품은 식품 - 신선식품 카테고리의 프리미엄 캡슐 커피 (모델-155) 입니다. 최고의 품질을 보장합니다.,44000,37400,208,https://images.unsplash.com/photo-1514432324607-a09d9b4aefdd?q=80&w=300,FOR_SALE,2025-12-02 00:00:00
1156,103,당도보장 수제 아몬드 견과 (모델-156),이 상품은 식품 - 베이커리/간식 카테고리의 당도보장 수제 아몬드 견과 (모델-156) 입니다. 최고의 품질을 보장합니다.,35000,,236,https://images.unsplash.com/photo-1599599810769-bcde5a160d32?q=80&w=300,FOR_SALE,2024-12-30 00:00:00
1157,105,신선한 통밀 식빵 (모델-157),이 상품은 식품 - 음료 카테고리의 신선한 통밀 식빵 (모델-157) 입니다. 최고의 품질을 보장합니다.,27000,24300,221,https://images.unsplash.com/photo-1509440159596-0249088772ff?q=80&w=300,FOR_SALE,2026-02-14 00:00:00
1158,100,프리미엄 포기김치 (모델-158),이 상품은 식품 - 가공식품 카테고리의 프리미엄 포기김치 (모델-158) 입니다. 최고의 품질을 보장합니다.,11000,9400,118,https://images.unsplash.com/photo-1546069901-ba9599a7e63c?q=80&w=300,FOR_SALE,2024-08-31 00:00:00
1159,101,국내산 제주 갈치 (모델-159),이 상품은 식품 - 간편식 카테고리의 국내산 제주 갈치 (모델-159) 입니다. 최고의 품질을 보장합니다.,38000,,172,https://images.unsplash.com/photo-1519708227418-c8fd9a32b7a2?q=80&w=300,FOR_SALE,2025-08-01 00:00:00
1160,100,자연산 캡슐 커피 (모델-160),이 상품은 식품 - 가공식품 카테고리의 자연산 캡슐 커피 (모델-160) 입니다. 최고의 품질을 보장합니다.,15000,,292,https://images.unsplash.com/photo-1514432324607-a09d9b4aefdd?q=80&w=300,FOR_SALE,2024-08-17 00:00:00
1161,100,프리미엄 통밀 식빵 (모델-161),이 상품은 식품 - 가공식품 카테고리의 프리미엄 통밀 식빵 (모델-161) 입니다. 최고의 품질을 보장합니다.,41000,,75,https://images.unsplash.com/photo-1509440159596-0249088772ff?q=80&w=300,FOR_SALE,2024-12-30 00:00:00
1162,101,국내산 제주 갈치 (모델-162),이 상품은 식품 - 간편식 카테고리의 국내산 제주 갈치 (모델-162) 입니다. 최고의 품질을 보장합니다.,36000,,21,https://images.unsplash.com/photo-1519708227418-c8fd9a32b7a2?q=80&w=300,FOR_SALE,2024-09-17 00:00:00
1163,100,프리미엄 한우 등심 (모델-163),이 상품은 식품 - 가공식품 카테고리의 프리미엄 한우 등심 (모델-163) 입니다. 최고의 품질을 보장합니다.,31000,29400,132,https://images.unsplash.com/photo-1603048588665-791ca8aea617?q=80&w=300,FOR_SALE,2025-11-11 00:00:00
1164,100,당도보장 한우 등심 (모델-164),이 상품은 식품 - 가공식품 카테고리의 당도보장 한우 등심 (모델-164) 입니다. 최고의 품질을 보장합니다.,49000,,142,https://images.unsplash.com/photo-1603048588665-791ca8aea617?q=80&w=300,FOR_SALE,2025-12-28 00:00:00
1165,104,프리미엄 수제 아몬드 견과 (모델-165),이 상품은 식품 - 신선식품 카테고리의 프리미엄 수제 아몬드 견과 (모델-165) 입니다. 최고의 품질을 보장합니다.,43000,34400,97,https://images.unsplash.com/photo-1599599810769-bcde5a160d32?q=80&w=300,FOR_SALE,2025-05-16 00:00:00
1166,102,산지직송 한우 등심 (모델-166),이 상품은 식품 - 건강식품 카테고리의 산지직송 한우 등심 (모델-166) 입니다. 최고의 품질을 보장합니다.,21000,16800,77,https://images.unsplash.com/photo-1603048588665-791ca8aea617?q=80&w=300,FOR_SALE,2025-12-19 00:00:00
1167,104,자연산 사과 (모델-167),이 상품은 식품 - 신선식품 카테고리의 자연산 사과 (모델-167) 입니다. 최고의 품질을 보장합니다.,23000,21800,275,https://images.unsplash.com/photo-1560806887-1e4cd0b6cbd6?q=80&w=300,FOR_SALE,2024-11-27 00:00:00
1168,104,자연산 사과 (모델-168),이 상품은 식품 - 신선식품 카테고리의 자연산 사과 (모델-168) 입니다. 최고의 품질을 보장합니다.,37000,35200,33,https://images.unsplash.com/photo-1560806887-1e4cd0b6cbd6?q=80&w=300,FOR_SALE,2024-12-06 00:00:00
1169,103,유기농 수제 아몬드 견과 (모델-169),이 상품은 식품 - 베이커리/간식 카테고리의 유기농 수제 아몬드 견과 (모델-169) 입니다. 최고의 품질을 보장합니다.,11000,9400,192,https://images.unsplash.com/photo-1599599810769-bcde5a160d32?q=80&w=300,FOR_SALE,2026-06-02 00:00:00
1170,103,신선한 햇반 즉석밥 (모델-170),이 상품은 식품 - 베이커리/간식 카테고리의 신선한 햇반 즉석밥 (모델-170) 입니다. 최고의 품질을 보장합니다.,25000,,29,https://images.unsplash.com/photo-1586201375761-83865001e31c?q=80&w=300,FOR_SALE,2024-09-27 00:00:00
1171,103,유기농 유기농 생수 (모델-171),이 상품은 식품 - 베이커리/간식 카테고리의 유기농 유기농 생수 (모델-171) 입니다. 최고의 품질을 보장합니다.,31000,26400,113,https://images.unsplash.com/photo-1602143407151-7111542de6e8?q=80&w=300,FOR_SALE,2025-07-06 00:00:00
1172,102,산지직송 수제 아몬드 견과 (모델-172),이 상품은 식품 - 건강식품 카테고리의 산지직송 수제 아몬드 견과 (모델-172) 입니다. 최고의 품질을 보장합니다.,16000,,276,https://images.unsplash.com/photo-1599599810769-bcde5a160d32?q=80&w=300,FOR_SALE,2025-01-18 00:00:00
1173,103,유기농 제주 갈치 (모델-173),이 상품은 식품 - 베이커리/간식 카테고리의 유기농 제주 갈치 (모델-173) 입니다. 최고의 품질을 보장합니다.,35000,29800,56,https://images.unsplash.com/photo-1519708227418-c8fd9a32b7a2?q=80&w=300,FOR_SALE,2026-05-14 00:00:00
1174,100,산지직송 햇반 즉석밥 (모델-174),이 상품은 식품 - 가공식품 카테고리의 산지직송 햇반 즉석밥 (모델-174) 입니다. 최고의 품질을 보장합니다.,22000,,130,https://images.unsplash.com/photo-1586201375761-83865001e31c?q=80&w=300,FOR_SALE,2026-02-08 00:00:00
1175,103,당도보장 한우 등심 (모델-175),이 상품은 식품 - 베이커리/간식 카테고리의 당도보장 한우 등심 (모델-175) 입니다. 최고의 품질을 보장합니다.,35000,,83,https://images.unsplash.com/photo-1603048588665-791ca8aea617?q=80&w=300,FOR_SALE,2025-05-27 00:00:00
1176,103,유기농 캡슐 커피 (모델-176),이 상품은 식품 - 베이커리/간식 카테고리의 유기농 캡슐 커피 (모델-176) 입니다. 최고의 품질을 보장합니다.,11000,,210,https://images.unsplash.com/photo-1514432324607-a09d9b4aefdd?q=80&w=300,FOR_SALE,2025-07-23 00:00:00
1177,101,프리미엄 밀키트 부대찌개 (모델-177),이 상품은 식품 - 간편식 카테고리의 프리미엄 밀키트 부대찌개 (모델-177) 입니다. 최고의 품질을 보장합니다.,17000,15300,77,https://images.unsplash.com/photo-1565299624946-b28f40a0ae38?q=80&w=300,FOR_SALE,2025-09-30 00:00:00
1178,105,산지직송 수제 아몬드 견과 (모델-178),이 상품은 식품 - 음료 카테고리의 산지직송 수제 아몬드 견과 (모델-178) 입니다. 최고의 품질을 보장합니다.,16000,,295,https://images.unsplash.com/photo-1599599810769-bcde5a160d32?q=80&w=300,FOR_SALE,2026-04-04 00:00:00
1179,102,프리미엄 통밀 식빵 (모델-179),이 상품은 식품 - 건강식품 카테고리의 프리미엄 통밀 식빵 (모델-179) 입니다. 최고의 품질을 보장합니다.,16000,12800,36,https://images.unsplash.com/photo-1509440159596-0249088772ff?q=80&w=300,FOR_SALE,2025-09-29 00:00:00
1180,104,산지직송 제주 갈치 (모델-180),이 상품은 식품 - 신선식품 카테고리의 산지직송 제주 갈치 (모델-180) 입니다. 최고의 품질을 보장합니다.,21000,18900,176,https://images.unsplash.com/photo-1519708227418-c8fd9a32b7a2?q=80&w=300,FOR_SALE,2024-10-30 00:00:00
1181,104,국내산 햇반 즉석밥 (모델-181),이 상품은 식품 - 신선식품 카테고리의 국내산 햇반 즉석밥 (모델-181) 입니다. 최고의 품질을 보장합니다.,22000,18700,114,https://images.unsplash.com/photo-1586201375761-83865001e31c?q=80&w=300,FOR_SALE,2026-03-14 00:00:00
1182,102,급속냉동 수제 아몬드 견과 (모델-182),이 상품은 식품 - 건강식품 카테고리의 급속냉동 수제 아몬드 견과 (모델-182) 입니다. 최고의 품질을 보장합니다.,18000,,54,https://images.unsplash.com/photo-1599599810769-bcde5a160d32?q=80&w=300,FOR_SALE,2026-03-07 00:00:00
1183,103,프리미엄 통밀 식빵 (모델-183),이 상품은 식품 - 베이커리/간식 카테고리의 프리미엄 통밀 식빵 (모델-183) 입니다. 최고의 품질을 보장합니다.,17000,15300,136,https://images.unsplash.com/photo-1509440159596-0249088772ff?q=80&w=300,FOR_SALE,2025-01-21 00:00:00
1184,105,급속냉동 한우 등심 (모델-184),이 상품은 식품 - 음료 카테고리의 급속냉동 한우 등심 (모델-184) 입니다. 최고의 품질을 보장합니다.,47000,37600,106,https://images.unsplash.com/photo-1603048588665-791ca8aea617?q=80&w=300,FOR_SALE,2026-03-24 00:00:00
1185,101,유기농 포기김치 (모델-185),이 상품은 식품 - 간편식 카테고리의 유기농 포기김치 (모델-185) 입니다. 최고의 품질을 보장합니다.,47000,,73,https://images.unsplash.com/photo-1546069901-ba9599a7e63c?q=80&w=300,FOR_SALE,2024-12-04 00:00:00
1186,102,자연산 유기농 생수 (모델-186),이 상품은 식품 - 건강식품 카테고리의 자연산 유기농 생수 (모델-186) 입니다. 최고의 품질을 보장합니다.,44000,,280,https://images.unsplash.com/photo-1602143407151-7111542de6e8?q=80&w=300,FOR_SALE,2026-01-25 00:00:00
1187,100,자연산 통밀 식빵 (모델-187),이 상품은 식품 - 가공식품 카테고리의 자연산 통밀 식빵 (모델-187) 입니다. 최고의 품질을 보장합니다.,21000,,73,https://images.unsplash.com/photo-1509440159596-0249088772ff?q=80&w=300,FOR_SALE,2026-01-22 00:00:00
1188,105,자연산 유기농 생수 (모델-188),이 상품은 식품 - 음료 카테고리의 자연산 유기농 생수 (모델-188) 입니다. 최고의 품질을 보장합니다.,41000,,249,https://images.unsplash.com/photo-1602143407151-7111542de6e8?q=80&w=300,FOR_SALE,2024-07-27 00:00:00
1189,102,유기농 밀키트 부대찌개 (모델-189),이 상품은 식품 - 건강식품 카테고리의 유기농 밀키트 부대찌개 (모델-189) 입니다. 최고의 품질을 보장합니다.,18000,16200,128,https://images.unsplash.com/photo-1565299624946-b28f40a0ae38?q=80&w=300,FOR_SALE,2025-02-01 00:00:00
1190,105,급속냉동 사과 (모델-190),이 상품은 식품 - 음료 카테고리의 급속냉동 사과 (모델-190) 입니다. 최고의 품질을 보장합니다.,34000,30600,252,https://images.unsplash.com/photo-1560806887-1e4cd0b6cbd6?q=80&w=300,FOR_SALE,2024-11-17 00:00:00
1191,101,프리미엄 햇반 즉석밥 (모델-191),이 상품은 식품 - 간편식 카테고리의 프리미엄 햇반 즉석밥 (모델-191) 입니다. 최고의 품질을 보장합니다.,46000,41400,142,https://images.unsplash.com/photo-1586201375761-83865001e31c?q=80&w=300,FOR_SALE,2025-12-15 00:00:00
1192,104,유기농 햇반 즉석밥 (모델-192),이 상품은 식품 - 신선식품 카테고리의 유기농 햇반 즉석밥 (모델-192) 입니다. 최고의 품질을 보장합니다.,13000,12400,218,https://images.unsplash.com/photo-1586201375761-83865001e31c?q=80&w=300,FOR_SALE,2025-09-04 00:00:00
1193,105,신선한 한우 등심 (모델-193),이 상품은 식품 - 음료 카테고리의 신선한 한우 등심 (모델-193) 입니다. 최고의 품질을 보장합니다.,16000,14400,286,https://images.unsplash.com/photo-1603048588665-791ca8aea617?q=80&w=300,FOR_SALE,2024-12-09 00:00:00
1194,105,유기농 밀키트 부대찌개 (모델-194),이 상품은 식품 - 음료 카테고리의 유기농 밀키트 부대찌개 (모델-194) 입니다. 최고의 품질을 보장합니다.,48000,38400,127,https://images.unsplash.com/photo-1565299624946-b28f40a0ae38?q=80&w=300,FOR_SALE,2024-09-19 00:00:00
1195,102,당도보장 유기농 생수 (모델-195),이 상품은 식품 - 건강식품 카테고리의 당도보장 유기농 생수 (모델-195) 입니다. 최고의 품질을 보장합니다.,48000,45600,36,https://images.unsplash.com/photo-1602143407151-7111542de6e8?q=80&w=300,FOR_SALE,2025-03-26 00:00:00
1196,104,급속냉동 한우 등심 (모델-196),이 상품은 식품 - 신선식품 카테고리의 급속냉동 한우 등심 (모델-196) 입니다. 최고의 품질을 보장합니다.,25000,,287,https://images.unsplash.com/photo-1603048588665-791ca8aea617?q=80&w=300,FOR_SALE,2025-10-29 00:00:00
1197,105,당도보장 제주 갈치 (모델-197),이 상품은 식품 - 음료 카테고리의 당도보장 제주 갈치 (모델-197) 입니다. 최고의 품질을 보장합니다.,12000,,58,https://images.unsplash.com/photo-1519708227418-c8fd9a32b7a2?q=80&w=300,FOR_SALE,2024-11-27 00:00:00
1198,104,자연산 밀키트 부대찌개 (모델-198),이 상품은 식품 - 신선식품 카테고리의 자연산 밀키트 부대찌개 (모델-198) 입니다. 최고의 품질을 보장합니다.,40000,32000,141,https://images.unsplash.com/photo-1565299624946-b28f40a0ae38?q=80&w=300,FOR_SALE,2025-11-09 00:00:00
1199,100,급속냉동 통밀 식빵 (모델-199),이 상품은 식품 - 가공식품 카테고리의 급속냉동 통밀 식빵 (모델-199) 입니다. 최고의 품질을 보장합니다.,12000,10800,163,https://images.unsplash.com/photo-1509440159596-0249088772ff?q=80&w=300,FOR_SALE,2025-07-18 00:00:00
1200,103,신선한 햇반 즉석밥 (모델-200),이 상품은 식품 - 베이커리/간식 카테고리의 신선한 햇반 즉석밥 (모델-200) 입니다. 최고의 품질을 보장합니다.,39000,33200,269,https://images.unsplash.com/photo-1586201375761-83865001e31c?q=80&w=300,FOR_SALE,2025-04-20 00:00:00
1201,107,친환경 실리콘 주방 도구 (모델-1),이 상품은 생활용품 - 세탁/세제 카테고리의 친환경 실리콘 주방 도구 (모델-1) 입니다. 최고의 품질을 보장합니다.,141000,134000,70,https://images.unsplash.com/photo-1584269600464-37b1b58a9fe7?q=80&w=300,FOR_SALE,2024-07-15 00:00:00
1202,111,원터치 친환경 주방세제 (모델-2),이 상품은 생활용품 - 청소 카테고리의 원터치 친환경 주방세제 (모델-2) 입니다. 최고의 품질을 보장합니다.,142000,,282,https://images.unsplash.com/photo-1583947215259-38e31be8751f?q=80&w=300,FOR_SALE,2024-08-06 00:00:00
1203,106,초강력 수납함 (모델-3),이 상품은 생활용품 - 생활잡화 카테고리의 초강력 수납함 (모델-3) 입니다. 최고의 품질을 보장합니다.,91000,81900,23,https://images.unsplash.com/photo-1616486338812-3dadae4b4ace?q=80&w=300,FOR_SALE,2025-05-16 00:00:00
1204,111,무독성 소독 스프레이 (모델-4),이 상품은 생활용품 - 청소 카테고리의 무독성 소독 스프레이 (모델-4) 입니다. 최고의 품질을 보장합니다.,142000,,90,https://images.unsplash.com/photo-1584622650111-993a426fbf0a?q=80&w=300,FOR_SALE,2025-03-11 00:00:00
1205,108,향기로운 소독 스프레이 (모델-5),이 상품은 생활용품 - 수납/정리 카테고리의 향기로운 소독 스프레이 (모델-5) 입니다. 최고의 품질을 보장합니다.,62000,,73,https://images.unsplash.com/photo-1584622650111-993a426fbf0a?q=80&w=300,FOR_SALE,2024-12-20 00:00:00
1206,110,대용량 드럼세탁 세제 (모델-6),이 상품은 생활용품 - 주방 카테고리의 대용량 드럼세탁 세제 (모델-6) 입니다. 최고의 품질을 보장합니다.,143000,,16,https://images.unsplash.com/photo-1607613009820-a29f7bb81c04?q=80&w=300,FOR_SALE,2025-02-25 00:00:00
1207,107,대용량 소독 스프레이 (모델-7),이 상품은 생활용품 - 세탁/세제 카테고리의 대용량 소독 스프레이 (모델-7) 입니다. 최고의 품질을 보장합니다.,92000,87400,275,https://images.unsplash.com/photo-1584622650111-993a426fbf0a?q=80&w=300,FOR_SALE,2026-01-30 00:00:00
1208,111,무독성 디퓨저 (모델-8),이 상품은 생활용품 - 청소 카테고리의 무독성 디퓨저 (모델-8) 입니다. 최고의 품질을 보장합니다.,15000,13500,104,https://images.unsplash.com/photo-1608571423902-eed4a5ad8108?q=80&w=300,FOR_SALE,2025-09-22 00:00:00
1209,108,초강력 소독 스프레이 (모델-9),이 상품은 생활용품 - 수납/정리 카테고리의 초강력 소독 스프레이 (모델-9) 입니다. 최고의 품질을 보장합니다.,94000,,23,https://images.unsplash.com/photo-1584622650111-993a426fbf0a?q=80&w=300,FOR_SALE,2025-10-15 00:00:00
1210,109,초강력 물티슈 (모델-10),이 상품은 생활용품 - 욕실 카테고리의 초강력 물티슈 (모델-10) 입니다. 최고의 품질을 보장합니다.,120000,96000,280,https://images.unsplash.com/photo-1584556812952-905ffd0c611a?q=80&w=300,FOR_SALE,2026-03-29 00:00:00
1211,106,초강력 수납함 (모델-11),이 상품은 생활용품 - 생활잡화 카테고리의 초강력 수납함 (모델-11) 입니다. 최고의 품질을 보장합니다.,18000,17100,272,https://images.unsplash.com/photo-1616486338812-3dadae4b4ace?q=80&w=300,FOR_SALE,2025-06-21 00:00:00
1212,111,향기로운 물티슈 (모델-12),이 상품은 생활용품 - 청소 카테고리의 향기로운 물티슈 (모델-12) 입니다. 최고의 품질을 보장합니다.,60000,,148,https://images.unsplash.com/photo-1584556812952-905ffd0c611a?q=80&w=300,FOR_SALE,2026-05-12 00:00:00
1213,109,초강력 디퓨저 (모델-13),이 상품은 생활용품 - 욕실 카테고리의 초강력 디퓨저 (모델-13) 입니다. 최고의 품질을 보장합니다.,26000,,10,https://images.unsplash.com/photo-1608571423902-eed4a5ad8108?q=80&w=300,FOR_SALE,2024-10-08 00:00:00
1214,107,무독성 소독 스프레이 (모델-14),이 상품은 생활용품 - 세탁/세제 카테고리의 무독성 소독 스프레이 (모델-14) 입니다. 최고의 품질을 보장합니다.,89000,80100,90,https://images.unsplash.com/photo-1584622650111-993a426fbf0a?q=80&w=300,FOR_SALE,2024-11-12 00:00:00
1215,107,친환경 드럼세탁 세제 (모델-15),이 상품은 생활용품 - 세탁/세제 카테고리의 친환경 드럼세탁 세제 (모델-15) 입니다. 최고의 품질을 보장합니다.,118000,,31,https://images.unsplash.com/photo-1607613009820-a29f7bb81c04?q=80&w=300,FOR_SALE,2025-10-10 00:00:00
1216,111,초강력 대나무 타올 (모델-16),이 상품은 생활용품 - 청소 카테고리의 초강력 대나무 타올 (모델-16) 입니다. 최고의 품질을 보장합니다.,14000,13300,239,https://images.unsplash.com/photo-1595425970377-c9703cf48b6d?q=80&w=300,FOR_SALE,2024-10-08 00:00:00
1217,109,정리정돈 수납함 (모델-17),이 상품은 생활용품 - 욕실 카테고리의 정리정돈 수납함 (모델-17) 입니다. 최고의 품질을 보장합니다.,31000,,263,https://images.unsplash.com/photo-1616486338812-3dadae4b4ace?q=80&w=300,FOR_SALE,2025-10-20 00:00:00
1218,107,대용량 디퓨저 (모델-18),이 상품은 생활용품 - 세탁/세제 카테고리의 대용량 디퓨저 (모델-18) 입니다. 최고의 품질을 보장합니다.,117000,,183,https://images.unsplash.com/photo-1608571423902-eed4a5ad8108?q=80&w=300,FOR_SALE,2026-05-26 00:00:00
1219,106,초강력 드럼세탁 세제 (모델-19),이 상품은 생활용품 - 생활잡화 카테고리의 초강력 드럼세탁 세제 (모델-19) 입니다. 최고의 품질을 보장합니다.,60000,,148,https://images.unsplash.com/photo-1607613009820-a29f7bb81c04?q=80&w=300,FOR_SALE,2026-03-22 00:00:00
1220,108,친환경 대나무 타올 (모델-20),이 상품은 생활용품 - 수납/정리 카테고리의 친환경 대나무 타올 (모델-20) 입니다. 최고의 품질을 보장합니다.,99000,,213,https://images.unsplash.com/photo-1595425970377-c9703cf48b6d?q=80&w=300,FOR_SALE,2024-08-25 00:00:00
1221,110,정리정돈 실리콘 주방 도구 (모델-21),이 상품은 생활용품 - 주방 카테고리의 정리정돈 실리콘 주방 도구 (모델-21) 입니다. 최고의 품질을 보장합니다.,44000,,220,https://images.unsplash.com/photo-1584269600464-37b1b58a9fe7?q=80&w=300,FOR_SALE,2026-04-03 00:00:00
1222,109,정리정돈 수납함 (모델-22),이 상품은 생활용품 - 욕실 카테고리의 정리정돈 수납함 (모델-22) 입니다. 최고의 품질을 보장합니다.,133000,126400,106,https://images.unsplash.com/photo-1616486338812-3dadae4b4ace?q=80&w=300,FOR_SALE,2025-10-11 00:00:00
1223,109,대용량 친환경 주방세제 (모델-23),이 상품은 생활용품 - 욕실 카테고리의 대용량 친환경 주방세제 (모델-23) 입니다. 최고의 품질을 보장합니다.,69000,58600,295,https://images.unsplash.com/photo-1583947215259-38e31be8751f?q=80&w=300,FOR_SALE,2026-03-25 00:00:00
1224,108,친환경 수납함 (모델-24),이 상품은 생활용품 - 수납/정리 카테고리의 친환경 수납함 (모델-24) 입니다. 최고의 품질을 보장합니다.,31000,26400,260,https://images.unsplash.com/photo-1616486338812-3dadae4b4ace?q=80&w=300,FOR_SALE,2026-05-01 00:00:00
1225,109,대용량 수납함 (모델-25),이 상품은 생활용품 - 욕실 카테고리의 대용량 수납함 (모델-25) 입니다. 최고의 품질을 보장합니다.,100000,90000,156,https://images.unsplash.com/photo-1616486338812-3dadae4b4ace?q=80&w=300,FOR_SALE,2025-06-29 00:00:00
1226,106,무독성 친환경 주방세제 (모델-26),이 상품은 생활용품 - 생활잡화 카테고리의 무독성 친환경 주방세제 (모델-26) 입니다. 최고의 품질을 보장합니다.,63000,,87,https://images.unsplash.com/photo-1583947215259-38e31be8751f?q=80&w=300,FOR_SALE,2026-03-22 00:00:00
1227,110,향기로운 친환경 주방세제 (모델-27),이 상품은 생활용품 - 주방 카테고리의 향기로운 친환경 주방세제 (모델-27) 입니다. 최고의 품질을 보장합니다.,88000,83600,60,https://images.unsplash.com/photo-1583947215259-38e31be8751f?q=80&w=300,FOR_SALE,2024-12-23 00:00:00
1228,110,무독성 친환경 주방세제 (모델-28),이 상품은 생활용품 - 주방 카테고리의 무독성 친환경 주방세제 (모델-28) 입니다. 최고의 품질을 보장합니다.,70000,,249,https://images.unsplash.com/photo-1583947215259-38e31be8751f?q=80&w=300,FOR_SALE,2025-10-02 00:00:00
1229,109,대용량 실리콘 주방 도구 (모델-29),이 상품은 생활용품 - 욕실 카테고리의 대용량 실리콘 주방 도구 (모델-29) 입니다. 최고의 품질을 보장합니다.,89000,84600,151,https://images.unsplash.com/photo-1584269600464-37b1b58a9fe7?q=80&w=300,FOR_SALE,2025-08-21 00:00:00
1230,106,친환경 수납함 (모델-30),이 상품은 생활용품 - 생활잡화 카테고리의 친환경 수납함 (모델-30) 입니다. 최고의 품질을 보장합니다.,48000,38400,45,https://images.unsplash.com/photo-1616486338812-3dadae4b4ace?q=80&w=300,FOR_SALE,2024-07-17 00:00:00
1231,107,대용량 대나무 타올 (모델-31),이 상품은 생활용품 - 세탁/세제 카테고리의 대용량 대나무 타올 (모델-31) 입니다. 최고의 품질을 보장합니다.,122000,97600,106,https://images.unsplash.com/photo-1595425970377-c9703cf48b6d?q=80&w=300,FOR_SALE,2025-01-21 00:00:00
1232,109,무독성 대나무 타올 (모델-32),이 상품은 생활용품 - 욕실 카테고리의 무독성 대나무 타올 (모델-32) 입니다. 최고의 품질을 보장합니다.,15000,14200,273,https://images.unsplash.com/photo-1595425970377-c9703cf48b6d?q=80&w=300,FOR_SALE,2025-10-26 00:00:00
1233,109,초강력 디퓨저 (모델-33),이 상품은 생활용품 - 욕실 카테고리의 초강력 디퓨저 (모델-33) 입니다. 최고의 품질을 보장합니다.,73000,,106,https://images.unsplash.com/photo-1608571423902-eed4a5ad8108?q=80&w=300,FOR_SALE,2024-11-27 00:00:00
1234,111,초강력 수납함 (모델-34),이 상품은 생활용품 - 청소 카테고리의 초강력 수납함 (모델-34) 입니다. 최고의 품질을 보장합니다.,25000,22500,140,https://images.unsplash.com/photo-1616486338812-3dadae4b4ace?q=80&w=300,FOR_SALE,2026-01-18 00:00:00
1235,107,정리정돈 수납함 (모델-35),이 상품은 생활용품 - 세탁/세제 카테고리의 정리정돈 수납함 (모델-35) 입니다. 최고의 품질을 보장합니다.,108000,,115,https://images.unsplash.com/photo-1616486338812-3dadae4b4ace?q=80&w=300,FOR_SALE,2024-10-26 00:00:00
1236,106,초강력 수납함 (모델-36),이 상품은 생활용품 - 생활잡화 카테고리의 초강력 수납함 (모델-36) 입니다. 최고의 품질을 보장합니다.,47000,44600,96,https://images.unsplash.com/photo-1616486338812-3dadae4b4ace?q=80&w=300,FOR_SALE,2024-10-20 00:00:00
1237,110,대용량 친환경 주방세제 (모델-37),이 상품은 생활용품 - 주방 카테고리의 대용량 친환경 주방세제 (모델-37) 입니다. 최고의 품질을 보장합니다.,149000,134100,57,https://images.unsplash.com/photo-1583947215259-38e31be8751f?q=80&w=300,FOR_SALE,2025-02-03 00:00:00
1238,108,초강력 물티슈 (모델-38),이 상품은 생활용품 - 수납/정리 카테고리의 초강력 물티슈 (모델-38) 입니다. 최고의 품질을 보장합니다.,38000,,187,https://images.unsplash.com/photo-1584556812952-905ffd0c611a?q=80&w=300,FOR_SALE,2025-09-27 00:00:00
1239,110,원터치 친환경 주방세제 (모델-39),이 상품은 생활용품 - 주방 카테고리의 원터치 친환경 주방세제 (모델-39) 입니다. 최고의 품질을 보장합니다.,124000,111600,165,https://images.unsplash.com/photo-1583947215259-38e31be8751f?q=80&w=300,FOR_SALE,2025-02-03 00:00:00
1240,107,대용량 친환경 주방세제 (모델-40),이 상품은 생활용품 - 세탁/세제 카테고리의 대용량 친환경 주방세제 (모델-40) 입니다. 최고의 품질을 보장합니다.,52000,,70,https://images.unsplash.com/photo-1583947215259-38e31be8751f?q=80&w=300,FOR_SALE,2025-04-12 00:00:00
1241,108,대용량 디퓨저 (모델-41),이 상품은 생활용품 - 수납/정리 카테고리의 대용량 디퓨저 (모델-41) 입니다. 최고의 품질을 보장합니다.,74000,,210,https://images.unsplash.com/photo-1608571423902-eed4a5ad8108?q=80&w=300,FOR_SALE,2025-11-20 00:00:00
1242,109,정리정돈 물티슈 (모델-42),이 상품은 생활용품 - 욕실 카테고리의 정리정돈 물티슈 (모델-42) 입니다. 최고의 품질을 보장합니다.,52000,49400,242,https://images.unsplash.com/photo-1584556812952-905ffd0c611a?q=80&w=300,FOR_SALE,2026-02-26 00:00:00
1243,111,정리정돈 친환경 주방세제 (모델-43),이 상품은 생활용품 - 청소 카테고리의 정리정돈 친환경 주방세제 (모델-43) 입니다. 최고의 품질을 보장합니다.,102000,,17,https://images.unsplash.com/photo-1583947215259-38e31be8751f?q=80&w=300,FOR_SALE,2026-02-23 00:00:00
1244,109,친환경 물티슈 (모델-44),이 상품은 생활용품 - 욕실 카테고리의 친환경 물티슈 (모델-44) 입니다. 최고의 품질을 보장합니다.,127000,114300,80,https://images.unsplash.com/photo-1584556812952-905ffd0c611a?q=80&w=300,FOR_SALE,2024-07-28 00:00:00
1245,108,무독성 드럼세탁 세제 (모델-45),이 상품은 생활용품 - 수납/정리 카테고리의 무독성 드럼세탁 세제 (모델-45) 입니다. 최고의 품질을 보장합니다.,83000,78800,164,https://images.unsplash.com/photo-1607613009820-a29f7bb81c04?q=80&w=300,FOR_SALE,2025-03-18 00:00:00
1246,107,초강력 디퓨저 (모델-46),이 상품은 생활용품 - 세탁/세제 카테고리의 초강력 디퓨저 (모델-46) 입니다. 최고의 품질을 보장합니다.,86000,,72,https://images.unsplash.com/photo-1608571423902-eed4a5ad8108?q=80&w=300,FOR_SALE,2025-06-05 00:00:00
1247,110,대용량 대나무 타올 (모델-47),이 상품은 생활용품 - 주방 카테고리의 대용량 대나무 타올 (모델-47) 입니다. 최고의 품질을 보장합니다.,50000,,62,https://images.unsplash.com/photo-1595425970377-c9703cf48b6d?q=80&w=300,FOR_SALE,2025-03-26 00:00:00
1248,108,정리정돈 물티슈 (모델-48),이 상품은 생활용품 - 수납/정리 카테고리의 정리정돈 물티슈 (모델-48) 입니다. 최고의 품질을 보장합니다.,22000,17600,279,https://images.unsplash.com/photo-1584556812952-905ffd0c611a?q=80&w=300,FOR_SALE,2025-04-08 00:00:00
1249,108,초강력 디퓨저 (모델-49),이 상품은 생활용품 - 수납/정리 카테고리의 초강력 디퓨저 (모델-49) 입니다. 최고의 품질을 보장합니다.,145000,137800,169,https://images.unsplash.com/photo-1608571423902-eed4a5ad8108?q=80&w=300,FOR_SALE,2025-02-09 00:00:00
1250,107,초강력 수납함 (모델-50),이 상품은 생활용품 - 세탁/세제 카테고리의 초강력 수납함 (모델-50) 입니다. 최고의 품질을 보장합니다.,148000,,90,https://images.unsplash.com/photo-1616486338812-3dadae4b4ace?q=80&w=300,FOR_SALE,2026-04-08 00:00:00
1251,108,대용량 대나무 타올 (모델-51),이 상품은 생활용품 - 수납/정리 카테고리의 대용량 대나무 타올 (모델-51) 입니다. 최고의 품질을 보장합니다.,125000,118800,33,https://images.unsplash.com/photo-1595425970377-c9703cf48b6d?q=80&w=300,FOR_SALE,2024-07-13 00:00:00
1252,107,원터치 친환경 주방세제 (모델-52),이 상품은 생활용품 - 세탁/세제 카테고리의 원터치 친환경 주방세제 (모델-52) 입니다. 최고의 품질을 보장합니다.,30000,,233,https://images.unsplash.com/photo-1583947215259-38e31be8751f?q=80&w=300,FOR_SALE,2024-08-02 00:00:00
1253,109,무독성 디퓨저 (모델-53),이 상품은 생활용품 - 욕실 카테고리의 무독성 디퓨저 (모델-53) 입니다. 최고의 품질을 보장합니다.,78000,74100,114,https://images.unsplash.com/photo-1608571423902-eed4a5ad8108?q=80&w=300,FOR_SALE,2024-08-10 00:00:00
1254,106,대용량 대나무 타올 (모델-54),이 상품은 생활용품 - 생활잡화 카테고리의 대용량 대나무 타올 (모델-54) 입니다. 최고의 품질을 보장합니다.,20000,17000,190,https://images.unsplash.com/photo-1595425970377-c9703cf48b6d?q=80&w=300,FOR_SALE,2026-02-22 00:00:00
1255,110,무독성 드럼세탁 세제 (모델-55),이 상품은 생활용품 - 주방 카테고리의 무독성 드럼세탁 세제 (모델-55) 입니다. 최고의 품질을 보장합니다.,81000,,198,https://images.unsplash.com/photo-1607613009820-a29f7bb81c04?q=80&w=300,FOR_SALE,2026-04-01 00:00:00
1256,109,정리정돈 소독 스프레이 (모델-56),이 상품은 생활용품 - 욕실 카테고리의 정리정돈 소독 스프레이 (모델-56) 입니다. 최고의 품질을 보장합니다.,129000,,46,https://images.unsplash.com/photo-1584622650111-993a426fbf0a?q=80&w=300,FOR_SALE,2025-04-16 00:00:00
1257,109,향기로운 디퓨저 (모델-57),이 상품은 생활용품 - 욕실 카테고리의 향기로운 디퓨저 (모델-57) 입니다. 최고의 품질을 보장합니다.,82000,,208,https://images.unsplash.com/photo-1608571423902-eed4a5ad8108?q=80&w=300,FOR_SALE,2025-06-20 00:00:00
1258,109,친환경 물티슈 (모델-58),이 상품은 생활용품 - 욕실 카테고리의 친환경 물티슈 (모델-58) 입니다. 최고의 품질을 보장합니다.,25000,,67,https://images.unsplash.com/photo-1584556812952-905ffd0c611a?q=80&w=300,FOR_SALE,2026-02-11 00:00:00
1259,107,친환경 물티슈 (모델-59),이 상품은 생활용품 - 세탁/세제 카테고리의 친환경 물티슈 (모델-59) 입니다. 최고의 품질을 보장합니다.,63000,59800,79,https://images.unsplash.com/photo-1584556812952-905ffd0c611a?q=80&w=300,FOR_SALE,2025-09-21 00:00:00
1260,108,향기로운 대나무 타올 (모델-60),이 상품은 생활용품 - 수납/정리 카테고리의 향기로운 대나무 타올 (모델-60) 입니다. 최고의 품질을 보장합니다.,54000,48600,44,https://images.unsplash.com/photo-1595425970377-c9703cf48b6d?q=80&w=300,FOR_SALE,2025-11-18 00:00:00
1261,110,친환경 실리콘 주방 도구 (모델-61),이 상품은 생활용품 - 주방 카테고리의 친환경 실리콘 주방 도구 (모델-61) 입니다. 최고의 품질을 보장합니다.,14000,12600,230,https://images.unsplash.com/photo-1584269600464-37b1b58a9fe7?q=80&w=300,FOR_SALE,2025-11-20 00:00:00
1262,106,무독성 수납함 (모델-62),이 상품은 생활용품 - 생활잡화 카테고리의 무독성 수납함 (모델-62) 입니다. 최고의 품질을 보장합니다.,11000,9400,130,https://images.unsplash.com/photo-1616486338812-3dadae4b4ace?q=80&w=300,FOR_SALE,2024-11-30 00:00:00
1263,111,친환경 친환경 주방세제 (모델-63),이 상품은 생활용품 - 청소 카테고리의 친환경 친환경 주방세제 (모델-63) 입니다. 최고의 품질을 보장합니다.,29000,,163,https://images.unsplash.com/photo-1583947215259-38e31be8751f?q=80&w=300,FOR_SALE,2025-02-28 00:00:00
1264,107,친환경 수납함 (모델-64),이 상품은 생활용품 - 세탁/세제 카테고리의 친환경 수납함 (모델-64) 입니다. 최고의 품질을 보장합니다.,94000,,200,https://images.unsplash.com/photo-1616486338812-3dadae4b4ace?q=80&w=300,FOR_SALE,2026-01-10 00:00:00
1265,110,친환경 대나무 타올 (모델-65),이 상품은 생활용품 - 주방 카테고리의 친환경 대나무 타올 (모델-65) 입니다. 최고의 품질을 보장합니다.,24000,,27,https://images.unsplash.com/photo-1595425970377-c9703cf48b6d?q=80&w=300,FOR_SALE,2025-03-27 00:00:00
1266,109,무독성 디퓨저 (모델-66),이 상품은 생활용품 - 욕실 카테고리의 무독성 디퓨저 (모델-66) 입니다. 최고의 품질을 보장합니다.,120000,,114,https://images.unsplash.com/photo-1608571423902-eed4a5ad8108?q=80&w=300,FOR_SALE,2025-11-27 00:00:00
1267,110,대용량 디퓨저 (모델-67),이 상품은 생활용품 - 주방 카테고리의 대용량 디퓨저 (모델-67) 입니다. 최고의 품질을 보장합니다.,77000,73200,62,https://images.unsplash.com/photo-1608571423902-eed4a5ad8108?q=80&w=300,FOR_SALE,2025-08-21 00:00:00
1268,107,친환경 소독 스프레이 (모델-68),이 상품은 생활용품 - 세탁/세제 카테고리의 친환경 소독 스프레이 (모델-68) 입니다. 최고의 품질을 보장합니다.,87000,,49,https://images.unsplash.com/photo-1584622650111-993a426fbf0a?q=80&w=300,FOR_SALE,2025-02-14 00:00:00
1269,107,원터치 디퓨저 (모델-69),이 상품은 생활용품 - 세탁/세제 카테고리의 원터치 디퓨저 (모델-69) 입니다. 최고의 품질을 보장합니다.,35000,31500,249,https://images.unsplash.com/photo-1608571423902-eed4a5ad8108?q=80&w=300,FOR_SALE,2025-09-20 00:00:00
1270,107,무독성 소독 스프레이 (모델-70),이 상품은 생활용품 - 세탁/세제 카테고리의 무독성 소독 스프레이 (모델-70) 입니다. 최고의 품질을 보장합니다.,55000,,100,https://images.unsplash.com/photo-1584622650111-993a426fbf0a?q=80&w=300,FOR_SALE,2026-03-17 00:00:00
1271,107,대용량 소독 스프레이 (모델-71),이 상품은 생활용품 - 세탁/세제 카테고리의 대용량 소독 스프레이 (모델-71) 입니다. 최고의 품질을 보장합니다.,40000,34000,245,https://images.unsplash.com/photo-1584622650111-993a426fbf0a?q=80&w=300,FOR_SALE,2025-03-06 00:00:00
1272,108,친환경 수납함 (모델-72),이 상품은 생활용품 - 수납/정리 카테고리의 친환경 수납함 (모델-72) 입니다. 최고의 품질을 보장합니다.,89000,80100,148,https://images.unsplash.com/photo-1616486338812-3dadae4b4ace?q=80&w=300,FOR_SALE,2024-11-16 00:00:00
1273,108,무독성 실리콘 주방 도구 (모델-73),이 상품은 생활용품 - 수납/정리 카테고리의 무독성 실리콘 주방 도구 (모델-73) 입니다. 최고의 품질을 보장합니다.,51000,48400,231,https://images.unsplash.com/photo-1584269600464-37b1b58a9fe7?q=80&w=300,FOR_SALE,2026-02-22 00:00:00
1274,106,초강력 드럼세탁 세제 (모델-74),이 상품은 생활용품 - 생활잡화 카테고리의 초강력 드럼세탁 세제 (모델-74) 입니다. 최고의 품질을 보장합니다.,126000,,203,https://images.unsplash.com/photo-1607613009820-a29f7bb81c04?q=80&w=300,FOR_SALE,2026-04-12 00:00:00
1275,108,원터치 물티슈 (모델-75),이 상품은 생활용품 - 수납/정리 카테고리의 원터치 물티슈 (모델-75) 입니다. 최고의 품질을 보장합니다.,147000,,168,https://images.unsplash.com/photo-1584556812952-905ffd0c611a?q=80&w=300,FOR_SALE,2024-08-04 00:00:00
1276,106,초강력 실리콘 주방 도구 (모델-76),이 상품은 생활용품 - 생활잡화 카테고리의 초강력 실리콘 주방 도구 (모델-76) 입니다. 최고의 품질을 보장합니다.,11000,9400,285,https://images.unsplash.com/photo-1584269600464-37b1b58a9fe7?q=80&w=300,FOR_SALE,2024-11-26 00:00:00
1277,111,무독성 대나무 타올 (모델-77),이 상품은 생활용품 - 청소 카테고리의 무독성 대나무 타올 (모델-77) 입니다. 최고의 품질을 보장합니다.,98000,88200,115,https://images.unsplash.com/photo-1595425970377-c9703cf48b6d?q=80&w=300,FOR_SALE,2026-05-18 00:00:00
1278,108,대용량 대나무 타올 (모델-78),이 상품은 생활용품 - 수납/정리 카테고리의 대용량 대나무 타올 (모델-78) 입니다. 최고의 품질을 보장합니다.,44000,41800,78,https://images.unsplash.com/photo-1595425970377-c9703cf48b6d?q=80&w=300,FOR_SALE,2026-02-27 00:00:00
1279,107,향기로운 디퓨저 (모델-79),이 상품은 생활용품 - 세탁/세제 카테고리의 향기로운 디퓨저 (모델-79) 입니다. 최고의 품질을 보장합니다.,75000,,278,https://images.unsplash.com/photo-1608571423902-eed4a5ad8108?q=80&w=300,FOR_SALE,2025-10-03 00:00:00
1280,110,무독성 드럼세탁 세제 (모델-80),이 상품은 생활용품 - 주방 카테고리의 무독성 드럼세탁 세제 (모델-80) 입니다. 최고의 품질을 보장합니다.,32000,,210,https://images.unsplash.com/photo-1607613009820-a29f7bb81c04?q=80&w=300,FOR_SALE,2025-12-14 00:00:00
1281,110,친환경 수납함 (모델-81),이 상품은 생활용품 - 주방 카테고리의 친환경 수납함 (모델-81) 입니다. 최고의 품질을 보장합니다.,34000,28900,38,https://images.unsplash.com/photo-1616486338812-3dadae4b4ace?q=80&w=300,FOR_SALE,2025-04-12 00:00:00
1282,111,초강력 실리콘 주방 도구 (모델-82),이 상품은 생활용품 - 청소 카테고리의 초강력 실리콘 주방 도구 (모델-82) 입니다. 최고의 품질을 보장합니다.,115000,97800,240,https://images.unsplash.com/photo-1584269600464-37b1b58a9fe7?q=80&w=300,FOR_SALE,2025-01-21 00:00:00
1283,107,친환경 친환경 주방세제 (모델-83),이 상품은 생활용품 - 세탁/세제 카테고리의 친환경 친환경 주방세제 (모델-83) 입니다. 최고의 품질을 보장합니다.,129000,116100,258,https://images.unsplash.com/photo-1583947215259-38e31be8751f?q=80&w=300,FOR_SALE,2025-01-26 00:00:00
1284,107,원터치 물티슈 (모델-84),이 상품은 생활용품 - 세탁/세제 카테고리의 원터치 물티슈 (모델-84) 입니다. 최고의 품질을 보장합니다.,109000,103600,255,https://images.unsplash.com/photo-1584556812952-905ffd0c611a?q=80&w=300,FOR_SALE,2025-10-27 00:00:00
1285,108,무독성 대나무 타올 (모델-85),이 상품은 생활용품 - 수납/정리 카테고리의 무독성 대나무 타올 (모델-85) 입니다. 최고의 품질을 보장합니다.,14000,,196,https://images.unsplash.com/photo-1595425970377-c9703cf48b6d?q=80&w=300,FOR_SALE,2025-04-18 00:00:00
1286,111,초강력 실리콘 주방 도구 (모델-86),이 상품은 생활용품 - 청소 카테고리의 초강력 실리콘 주방 도구 (모델-86) 입니다. 최고의 품질을 보장합니다.,27000,,240,https://images.unsplash.com/photo-1584269600464-37b1b58a9fe7?q=80&w=300,FOR_SALE,2026-04-03 00:00:00
1287,110,정리정돈 드럼세탁 세제 (모델-87),이 상품은 생활용품 - 주방 카테고리의 정리정돈 드럼세탁 세제 (모델-87) 입니다. 최고의 품질을 보장합니다.,148000,,239,https://images.unsplash.com/photo-1607613009820-a29f7bb81c04?q=80&w=300,FOR_SALE,2025-12-16 00:00:00
1288,107,친환경 친환경 주방세제 (모델-88),이 상품은 생활용품 - 세탁/세제 카테고리의 친환경 친환경 주방세제 (모델-88) 입니다. 최고의 품질을 보장합니다.,25000,21200,19,https://images.unsplash.com/photo-1583947215259-38e31be8751f?q=80&w=300,FOR_SALE,2025-05-10 00:00:00
1289,110,무독성 소독 스프레이 (모델-89),이 상품은 생활용품 - 주방 카테고리의 무독성 소독 스프레이 (모델-89) 입니다. 최고의 품질을 보장합니다.,51000,,259,https://images.unsplash.com/photo-1584622650111-993a426fbf0a?q=80&w=300,FOR_SALE,2026-05-31 00:00:00
1290,106,초강력 물티슈 (모델-90),이 상품은 생활용품 - 생활잡화 카테고리의 초강력 물티슈 (모델-90) 입니다. 최고의 품질을 보장합니다.,111000,,24,https://images.unsplash.com/photo-1584556812952-905ffd0c611a?q=80&w=300,FOR_SALE,2025-04-29 00:00:00
1291,109,초강력 드럼세탁 세제 (모델-91),이 상품은 생활용품 - 욕실 카테고리의 초강력 드럼세탁 세제 (모델-91) 입니다. 최고의 품질을 보장합니다.,10000,9000,239,https://images.unsplash.com/photo-1607613009820-a29f7bb81c04?q=80&w=300,FOR_SALE,2025-09-04 00:00:00
1292,107,향기로운 대나무 타올 (모델-92),이 상품은 생활용품 - 세탁/세제 카테고리의 향기로운 대나무 타올 (모델-92) 입니다. 최고의 품질을 보장합니다.,73000,,240,https://images.unsplash.com/photo-1595425970377-c9703cf48b6d?q=80&w=300,FOR_SALE,2025-02-22 00:00:00
1293,111,무독성 드럼세탁 세제 (모델-93),이 상품은 생활용품 - 청소 카테고리의 무독성 드럼세탁 세제 (모델-93) 입니다. 최고의 품질을 보장합니다.,144000,122400,289,https://images.unsplash.com/photo-1607613009820-a29f7bb81c04?q=80&w=300,FOR_SALE,2025-08-14 00:00:00
1294,107,대용량 소독 스프레이 (모델-94),이 상품은 생활용품 - 세탁/세제 카테고리의 대용량 소독 스프레이 (모델-94) 입니다. 최고의 품질을 보장합니다.,143000,135800,204,https://images.unsplash.com/photo-1584622650111-993a426fbf0a?q=80&w=300,FOR_SALE,2025-03-26 00:00:00
1295,108,원터치 물티슈 (모델-95),이 상품은 생활용품 - 수납/정리 카테고리의 원터치 물티슈 (모델-95) 입니다. 최고의 품질을 보장합니다.,41000,36900,75,https://images.unsplash.com/photo-1584556812952-905ffd0c611a?q=80&w=300,FOR_SALE,2024-11-10 00:00:00
1296,106,정리정돈 소독 스프레이 (모델-96),이 상품은 생활용품 - 생활잡화 카테고리의 정리정돈 소독 스프레이 (모델-96) 입니다. 최고의 품질을 보장합니다.,92000,87400,38,https://images.unsplash.com/photo-1584622650111-993a426fbf0a?q=80&w=300,FOR_SALE,2024-07-25 00:00:00
1297,109,대용량 물티슈 (모델-97),이 상품은 생활용품 - 욕실 카테고리의 대용량 물티슈 (모델-97) 입니다. 최고의 품질을 보장합니다.,71000,67400,20,https://images.unsplash.com/photo-1584556812952-905ffd0c611a?q=80&w=300,FOR_SALE,2025-01-20 00:00:00
1298,107,대용량 수납함 (모델-98),이 상품은 생활용품 - 세탁/세제 카테고리의 대용량 수납함 (모델-98) 입니다. 최고의 품질을 보장합니다.,62000,,26,https://images.unsplash.com/photo-1616486338812-3dadae4b4ace?q=80&w=300,FOR_SALE,2025-12-26 00:00:00
1299,107,대용량 물티슈 (모델-99),이 상품은 생활용품 - 세탁/세제 카테고리의 대용량 물티슈 (모델-99) 입니다. 최고의 품질을 보장합니다.,120000,,295,https://images.unsplash.com/photo-1584556812952-905ffd0c611a?q=80&w=300,FOR_SALE,2025-11-20 00:00:00
1300,109,향기로운 물티슈 (모델-100),이 상품은 생활용품 - 욕실 카테고리의 향기로운 물티슈 (모델-100) 입니다. 최고의 품질을 보장합니다.,140000,133000,182,https://images.unsplash.com/photo-1584556812952-905ffd0c611a?q=80&w=300,FOR_SALE,2025-08-03 00:00:00
1301,108,무독성 친환경 주방세제 (모델-101),이 상품은 생활용품 - 수납/정리 카테고리의 무독성 친환경 주방세제 (모델-101) 입니다. 최고의 품질을 보장합니다.,141000,112800,242,https://images.unsplash.com/photo-1583947215259-38e31be8751f?q=80&w=300,FOR_SALE,2025-10-23 00:00:00
1302,107,향기로운 소독 스프레이 (모델-102),이 상품은 생활용품 - 세탁/세제 카테고리의 향기로운 소독 스프레이 (모델-102) 입니다. 최고의 품질을 보장합니다.,65000,,137,https://images.unsplash.com/photo-1584622650111-993a426fbf0a?q=80&w=300,FOR_SALE,2026-04-04 00:00:00
1303,111,향기로운 친환경 주방세제 (모델-103),이 상품은 생활용품 - 청소 카테고리의 향기로운 친환경 주방세제 (모델-103) 입니다. 최고의 품질을 보장합니다.,32000,,63,https://images.unsplash.com/photo-1583947215259-38e31be8751f?q=80&w=300,FOR_SALE,2024-10-17 00:00:00
1304,107,친환경 디퓨저 (모델-104),이 상품은 생활용품 - 세탁/세제 카테고리의 친환경 디퓨저 (모델-104) 입니다. 최고의 품질을 보장합니다.,86000,81700,86,https://images.unsplash.com/photo-1608571423902-eed4a5ad8108?q=80&w=300,FOR_SALE,2024-11-24 00:00:00
1305,108,원터치 친환경 주방세제 (모델-105),이 상품은 생활용품 - 수납/정리 카테고리의 원터치 친환경 주방세제 (모델-105) 입니다. 최고의 품질을 보장합니다.,98000,93100,294,https://images.unsplash.com/photo-1583947215259-38e31be8751f?q=80&w=300,FOR_SALE,2026-04-01 00:00:00
1306,110,정리정돈 친환경 주방세제 (모델-106),이 상품은 생활용품 - 주방 카테고리의 정리정돈 친환경 주방세제 (모델-106) 입니다. 최고의 품질을 보장합니다.,60000,,206,https://images.unsplash.com/photo-1583947215259-38e31be8751f?q=80&w=300,FOR_SALE,2025-07-16 00:00:00
1307,107,대용량 실리콘 주방 도구 (모델-107),이 상품은 생활용품 - 세탁/세제 카테고리의 대용량 실리콘 주방 도구 (모델-107) 입니다. 최고의 품질을 보장합니다.,50000,45000,163,https://images.unsplash.com/photo-1584269600464-37b1b58a9fe7?q=80&w=300,FOR_SALE,2026-04-05 00:00:00
1308,108,대용량 드럼세탁 세제 (모델-108),이 상품은 생활용품 - 수납/정리 카테고리의 대용량 드럼세탁 세제 (모델-108) 입니다. 최고의 품질을 보장합니다.,91000,,267,https://images.unsplash.com/photo-1607613009820-a29f7bb81c04?q=80&w=300,FOR_SALE,2026-04-12 00:00:00
1309,110,정리정돈 물티슈 (모델-109),이 상품은 생활용품 - 주방 카테고리의 정리정돈 물티슈 (모델-109) 입니다. 최고의 품질을 보장합니다.,28000,,219,https://images.unsplash.com/photo-1584556812952-905ffd0c611a?q=80&w=300,FOR_SALE,2024-10-12 00:00:00
1310,109,친환경 드럼세탁 세제 (모델-110),이 상품은 생활용품 - 욕실 카테고리의 친환경 드럼세탁 세제 (모델-110) 입니다. 최고의 품질을 보장합니다.,112000,106400,194,https://images.unsplash.com/photo-1607613009820-a29f7bb81c04?q=80&w=300,FOR_SALE,2025-01-30 00:00:00
1311,111,향기로운 물티슈 (모델-111),이 상품은 생활용품 - 청소 카테고리의 향기로운 물티슈 (모델-111) 입니다. 최고의 품질을 보장합니다.,122000,97600,291,https://images.unsplash.com/photo-1584556812952-905ffd0c611a?q=80&w=300,FOR_SALE,2025-01-04 00:00:00
1312,108,무독성 디퓨저 (모델-112),이 상품은 생활용품 - 수납/정리 카테고리의 무독성 디퓨저 (모델-112) 입니다. 최고의 품질을 보장합니다.,87000,,30,https://images.unsplash.com/photo-1608571423902-eed4a5ad8108?q=80&w=300,FOR_SALE,2024-12-06 00:00:00
1313,110,원터치 소독 스프레이 (모델-113),이 상품은 생활용품 - 주방 카테고리의 원터치 소독 스프레이 (모델-113) 입니다. 최고의 품질을 보장합니다.,121000,102800,128,https://images.unsplash.com/photo-1584622650111-993a426fbf0a?q=80&w=300,FOR_SALE,2025-12-23 00:00:00
1314,108,대용량 친환경 주방세제 (모델-114),이 상품은 생활용품 - 수납/정리 카테고리의 대용량 친환경 주방세제 (모델-114) 입니다. 최고의 품질을 보장합니다.,144000,136800,152,https://images.unsplash.com/photo-1583947215259-38e31be8751f?q=80&w=300,FOR_SALE,2026-04-05 00:00:00
1315,111,정리정돈 물티슈 (모델-115),이 상품은 생활용품 - 청소 카테고리의 정리정돈 물티슈 (모델-115) 입니다. 최고의 품질을 보장합니다.,98000,,128,https://images.unsplash.com/photo-1584556812952-905ffd0c611a?q=80&w=300,FOR_SALE,2024-12-29 00:00:00
1316,107,정리정돈 실리콘 주방 도구 (모델-116),이 상품은 생활용품 - 세탁/세제 카테고리의 정리정돈 실리콘 주방 도구 (모델-116) 입니다. 최고의 품질을 보장합니다.,141000,134000,270,https://images.unsplash.com/photo-1584269600464-37b1b58a9fe7?q=80&w=300,FOR_SALE,2026-03-12 00:00:00
1317,108,무독성 실리콘 주방 도구 (모델-117),이 상품은 생활용품 - 수납/정리 카테고리의 무독성 실리콘 주방 도구 (모델-117) 입니다. 최고의 품질을 보장합니다.,108000,97200,244,https://images.unsplash.com/photo-1584269600464-37b1b58a9fe7?q=80&w=300,FOR_SALE,2025-11-24 00:00:00
1318,108,초강력 대나무 타올 (모델-118),이 상품은 생활용품 - 수납/정리 카테고리의 초강력 대나무 타올 (모델-118) 입니다. 최고의 품질을 보장합니다.,141000,112800,292,https://images.unsplash.com/photo-1595425970377-c9703cf48b6d?q=80&w=300,FOR_SALE,2026-03-24 00:00:00
1319,109,초강력 친환경 주방세제 (모델-119),이 상품은 생활용품 - 욕실 카테고리의 초강력 친환경 주방세제 (모델-119) 입니다. 최고의 품질을 보장합니다.,129000,122600,150,https://images.unsplash.com/photo-1583947215259-38e31be8751f?q=80&w=300,FOR_SALE,2024-10-01 00:00:00
1320,107,무독성 대나무 타올 (모델-120),이 상품은 생활용품 - 세탁/세제 카테고리의 무독성 대나무 타올 (모델-120) 입니다. 최고의 품질을 보장합니다.,112000,106400,123,https://images.unsplash.com/photo-1595425970377-c9703cf48b6d?q=80&w=300,FOR_SALE,2026-03-25 00:00:00
1321,108,향기로운 소독 스프레이 (모델-121),이 상품은 생활용품 - 수납/정리 카테고리의 향기로운 소독 스프레이 (모델-121) 입니다. 최고의 품질을 보장합니다.,89000,,132,https://images.unsplash.com/photo-1584622650111-993a426fbf0a?q=80&w=300,FOR_SALE,2025-10-05 00:00:00
1322,106,무독성 실리콘 주방 도구 (모델-122),이 상품은 생활용품 - 생활잡화 카테고리의 무독성 실리콘 주방 도구 (모델-122) 입니다. 최고의 품질을 보장합니다.,132000,112200,226,https://images.unsplash.com/photo-1584269600464-37b1b58a9fe7?q=80&w=300,FOR_SALE,2025-04-15 00:00:00
1323,111,원터치 대나무 타올 (모델-123),이 상품은 생활용품 - 청소 카테고리의 원터치 대나무 타올 (모델-123) 입니다. 최고의 품질을 보장합니다.,117000,,25,https://images.unsplash.com/photo-1595425970377-c9703cf48b6d?q=80&w=300,FOR_SALE,2026-01-31 00:00:00
1324,111,정리정돈 실리콘 주방 도구 (모델-124),이 상품은 생활용품 - 청소 카테고리의 정리정돈 실리콘 주방 도구 (모델-124) 입니다. 최고의 품질을 보장합니다.,60000,48000,282,https://images.unsplash.com/photo-1584269600464-37b1b58a9fe7?q=80&w=300,FOR_SALE,2024-10-27 00:00:00
1325,108,무독성 디퓨저 (모델-125),이 상품은 생활용품 - 수납/정리 카테고리의 무독성 디퓨저 (모델-125) 입니다. 최고의 품질을 보장합니다.,92000,,166,https://images.unsplash.com/photo-1608571423902-eed4a5ad8108?q=80&w=300,FOR_SALE,2025-09-23 00:00:00
1326,111,정리정돈 대나무 타올 (모델-126),이 상품은 생활용품 - 청소 카테고리의 정리정돈 대나무 타올 (모델-126) 입니다. 최고의 품질을 보장합니다.,101000,,183,https://images.unsplash.com/photo-1595425970377-c9703cf48b6d?q=80&w=300,FOR_SALE,2024-10-18 00:00:00
1327,107,대용량 수납함 (모델-127),이 상품은 생활용품 - 세탁/세제 카테고리의 대용량 수납함 (모델-127) 입니다. 최고의 품질을 보장합니다.,98000,,214,https://images.unsplash.com/photo-1616486338812-3dadae4b4ace?q=80&w=300,FOR_SALE,2024-10-02 00:00:00
1328,107,초강력 실리콘 주방 도구 (모델-128),이 상품은 생활용품 - 세탁/세제 카테고리의 초강력 실리콘 주방 도구 (모델-128) 입니다. 최고의 품질을 보장합니다.,90000,,264,https://images.unsplash.com/photo-1584269600464-37b1b58a9fe7?q=80&w=300,FOR_SALE,2026-04-23 00:00:00
1329,107,정리정돈 물티슈 (모델-129),이 상품은 생활용품 - 세탁/세제 카테고리의 정리정돈 물티슈 (모델-129) 입니다. 최고의 품질을 보장합니다.,121000,115000,225,https://images.unsplash.com/photo-1584556812952-905ffd0c611a?q=80&w=300,FOR_SALE,2024-09-06 00:00:00
1330,110,정리정돈 수납함 (모델-130),이 상품은 생활용품 - 주방 카테고리의 정리정돈 수납함 (모델-130) 입니다. 최고의 품질을 보장합니다.,55000,52200,19,https://images.unsplash.com/photo-1616486338812-3dadae4b4ace?q=80&w=300,FOR_SALE,2026-03-11 00:00:00
1331,108,향기로운 실리콘 주방 도구 (모델-131),이 상품은 생활용품 - 수납/정리 카테고리의 향기로운 실리콘 주방 도구 (모델-131) 입니다. 최고의 품질을 보장합니다.,16000,,282,https://images.unsplash.com/photo-1584269600464-37b1b58a9fe7?q=80&w=300,FOR_SALE,2025-03-30 00:00:00
1332,110,향기로운 대나무 타올 (모델-132),이 상품은 생활용품 - 주방 카테고리의 향기로운 대나무 타올 (모델-132) 입니다. 최고의 품질을 보장합니다.,143000,128700,257,https://images.unsplash.com/photo-1595425970377-c9703cf48b6d?q=80&w=300,FOR_SALE,2024-07-29 00:00:00
1333,106,친환경 실리콘 주방 도구 (모델-133),이 상품은 생활용품 - 생활잡화 카테고리의 친환경 실리콘 주방 도구 (모델-133) 입니다. 최고의 품질을 보장합니다.,131000,,95,https://images.unsplash.com/photo-1584269600464-37b1b58a9fe7?q=80&w=300,FOR_SALE,2024-10-13 00:00:00
1334,106,초강력 디퓨저 (모델-134),이 상품은 생활용품 - 생활잡화 카테고리의 초강력 디퓨저 (모델-134) 입니다. 최고의 품질을 보장합니다.,26000,24700,243,https://images.unsplash.com/photo-1608571423902-eed4a5ad8108?q=80&w=300,FOR_SALE,2024-11-01 00:00:00
1335,107,초강력 소독 스프레이 (모델-135),이 상품은 생활용품 - 세탁/세제 카테고리의 초강력 소독 스프레이 (모델-135) 입니다. 최고의 품질을 보장합니다.,74000,,199,https://images.unsplash.com/photo-1584622650111-993a426fbf0a?q=80&w=300,FOR_SALE,2024-12-14 00:00:00
1336,110,향기로운 드럼세탁 세제 (모델-136),이 상품은 생활용품 - 주방 카테고리의 향기로운 드럼세탁 세제 (모델-136) 입니다. 최고의 품질을 보장합니다.,90000,,148,https://images.unsplash.com/photo-1607613009820-a29f7bb81c04?q=80&w=300,FOR_SALE,2025-07-14 00:00:00
1337,107,친환경 실리콘 주방 도구 (모델-137),이 상품은 생활용품 - 세탁/세제 카테고리의 친환경 실리콘 주방 도구 (모델-137) 입니다. 최고의 품질을 보장합니다.,129000,,297,https://images.unsplash.com/photo-1584269600464-37b1b58a9fe7?q=80&w=300,FOR_SALE,2025-09-08 00:00:00
1338,110,무독성 수납함 (모델-138),이 상품은 생활용품 - 주방 카테고리의 무독성 수납함 (모델-138) 입니다. 최고의 품질을 보장합니다.,109000,98100,233,https://images.unsplash.com/photo-1616486338812-3dadae4b4ace?q=80&w=300,FOR_SALE,2025-11-05 00:00:00
1339,108,대용량 대나무 타올 (모델-139),이 상품은 생활용품 - 수납/정리 카테고리의 대용량 대나무 타올 (모델-139) 입니다. 최고의 품질을 보장합니다.,91000,,175,https://images.unsplash.com/photo-1595425970377-c9703cf48b6d?q=80&w=300,FOR_SALE,2024-07-17 00:00:00
1340,108,친환경 친환경 주방세제 (모델-140),이 상품은 생활용품 - 수납/정리 카테고리의 친환경 친환경 주방세제 (모델-140) 입니다. 최고의 품질을 보장합니다.,124000,,17,https://images.unsplash.com/photo-1583947215259-38e31be8751f?q=80&w=300,FOR_SALE,2025-07-16 00:00:00
1341,119,고속충전 무풍 에어컨 (모델-1),이 상품은 가전/디지털 - 컴퓨터/노트북 카테고리의 고속충전 무풍 에어컨 (모델-1) 입니다. 최고의 품질을 보장합니다.,780000,702000,206,https://images.unsplash.com/photo-1585338107529-13afc5f02586?q=80&w=300,FOR_SALE,2025-10-01 00:00:00
1342,113,스마트 무풍 에어컨 (모델-2),이 상품은 가전/디지털 - 계절가전 카테고리의 스마트 무풍 에어컨 (모델-2) 입니다. 최고의 품질을 보장합니다.,820000,779000,65,https://images.unsplash.com/photo-1585338107529-13afc5f02586?q=80&w=300,FOR_SALE,2025-09-04 00:00:00
1343,112,스마트 4도어 냉장고 (모델-3),이 상품은 가전/디지털 - 게임/콘솔 카테고리의 스마트 4도어 냉장고 (모델-3) 입니다. 최고의 품질을 보장합니다.,350000,315000,182,https://images.unsplash.com/photo-1588854337236-6889d631faa8?q=80&w=300,FOR_SALE,2025-04-23 00:00:00
1344,115,초고화질 OLED TV (모델-4),이 상품은 가전/디지털 - 모바일/태블릿 카테고리의 초고화질 OLED TV (모델-4) 입니다. 최고의 품질을 보장합니다.,770000,731500,101,https://images.unsplash.com/photo-1593305841991-05c297ba4575?q=80&w=300,FOR_SALE,2026-01-19 00:00:00
1345,117,초고화질 무풍 에어컨 (모델-5),이 상품은 가전/디지털 - 음향/영상 카테고리의 초고화질 무풍 에어컨 (모델-5) 입니다. 최고의 품질을 보장합니다.,10000,8500,294,https://images.unsplash.com/photo-1585338107529-13afc5f02586?q=80&w=300,FOR_SALE,2024-07-15 00:00:00
1346,117,스마트 스마트폰 (모델-6),이 상품은 가전/디지털 - 음향/영상 카테고리의 스마트 스마트폰 (모델-6) 입니다. 최고의 품질을 보장합니다.,1100000,990000,171,https://images.unsplash.com/photo-1511707171634-5f897ff02aa9?q=80&w=300,FOR_SALE,2024-08-11 00:00:00
1347,118,초고화질 블루투스 이어폰 (모델-7),이 상품은 가전/디지털 - 주방가전 카테고리의 초고화질 블루투스 이어폰 (모델-7) 입니다. 최고의 품질을 보장합니다.,1400000,1330000,152,https://images.unsplash.com/photo-1590658268037-6bf12165a8df?q=80&w=300,FOR_SALE,2025-07-30 00:00:00
1348,117,스마트 OLED TV (모델-8),이 상품은 가전/디지털 - 음향/영상 카테고리의 스마트 OLED TV (모델-8) 입니다. 최고의 품질을 보장합니다.,78000,,163,https://images.unsplash.com/photo-1593305841991-05c297ba4575?q=80&w=300,FOR_SALE,2025-02-19 00:00:00
1349,118,스마트 블루투스 이어폰 (모델-9),이 상품은 가전/디지털 - 주방가전 카테고리의 스마트 블루투스 이어폰 (모델-9) 입니다. 최고의 품질을 보장합니다.,1030000,875500,101,https://images.unsplash.com/photo-1590658268037-6bf12165a8df?q=80&w=300,FOR_SALE,2025-07-14 00:00:00
1350,114,초고화질 블루투스 이어폰 (모델-10),이 상품은 가전/디지털 - 대형가전 카테고리의 초고화질 블루투스 이어폰 (모델-10) 입니다. 최고의 품질을 보장합니다.,78000,74100,41,https://images.unsplash.com/photo-1590658268037-6bf12165a8df?q=80&w=300,FOR_SALE,2026-03-20 00:00:00
1351,115,무소음 4도어 냉장고 (모델-11),이 상품은 가전/디지털 - 모바일/태블릿 카테고리의 무소음 4도어 냉장고 (모델-11) 입니다. 최고의 품질을 보장합니다.,30000,,138,https://images.unsplash.com/photo-1588854337236-6889d631faa8?q=80&w=300,FOR_SALE,2026-05-24 00:00:00
1352,116,무소음 게이밍 모니터 (모델-12),이 상품은 가전/디지털 - 생활가전 카테고리의 무소음 게이밍 모니터 (모델-12) 입니다. 최고의 품질을 보장합니다.,95000,,53,https://images.unsplash.com/photo-1527443224154-c4a3942d3acf?q=80&w=300,FOR_SALE,2025-02-18 00:00:00
1353,115,스마트 OLED TV (모델-13),이 상품은 가전/디지털 - 모바일/태블릿 카테고리의 스마트 OLED TV (모델-13) 입니다. 최고의 품질을 보장합니다.,1480000,1406000,231,https://images.unsplash.com/photo-1593305841991-05c297ba4575?q=80&w=300,FOR_SALE,2024-09-04 00:00:00
1354,114,LG 오브제 스마트폰 (모델-14),이 상품은 가전/디지털 - 대형가전 카테고리의 LG 오브제 스마트폰 (모델-14) 입니다. 최고의 품질을 보장합니다.,900000,720000,152,https://images.unsplash.com/photo-1511707171634-5f897ff02aa9?q=80&w=300,FOR_SALE,2024-11-03 00:00:00
1355,113,무소음 4도어 냉장고 (모델-15),이 상품은 가전/디지털 - 계절가전 카테고리의 무소음 4도어 냉장고 (모델-15) 입니다. 최고의 품질을 보장합니다.,270000,216000,168,https://images.unsplash.com/photo-1588854337236-6889d631faa8?q=80&w=300,FOR_SALE,2026-02-20 00:00:00
1356,116,고속충전 블루투스 이어폰 (모델-16),이 상품은 가전/디지털 - 생활가전 카테고리의 고속충전 블루투스 이어폰 (모델-16) 입니다. 최고의 품질을 보장합니다.,12000,10200,171,https://images.unsplash.com/photo-1590658268037-6bf12165a8df?q=80&w=300,FOR_SALE,2026-03-19 00:00:00
1357,118,삼성 비스포크 블루투스 이어폰 (모델-17),이 상품은 가전/디지털 - 주방가전 카테고리의 삼성 비스포크 블루투스 이어폰 (모델-17) 입니다. 최고의 품질을 보장합니다.,410000,,290,https://images.unsplash.com/photo-1590658268037-6bf12165a8df?q=80&w=300,FOR_SALE,2024-11-29 00:00:00
1358,115,에너지 1등급 드럼 세탁기 (모델-18),이 상품은 가전/디지털 - 모바일/태블릿 카테고리의 에너지 1등급 드럼 세탁기 (모델-18) 입니다. 최고의 품질을 보장합니다.,16000,,69,https://images.unsplash.com/photo-1626806787461-102c1bfaaea1?q=80&w=300,FOR_SALE,2025-10-27 00:00:00
1359,119,무소음 블루투스 이어폰 (모델-19),이 상품은 가전/디지털 - 컴퓨터/노트북 카테고리의 무소음 블루투스 이어폰 (모델-19) 입니다. 최고의 품질을 보장합니다.,500000,,10,https://images.unsplash.com/photo-1590658268037-6bf12165a8df?q=80&w=300,FOR_SALE,2024-12-31 00:00:00
1360,119,삼성 비스포크 게이밍 모니터 (모델-20),이 상품은 가전/디지털 - 컴퓨터/노트북 카테고리의 삼성 비스포크 게이밍 모니터 (모델-20) 입니다. 최고의 품질을 보장합니다.,98000,,37,https://images.unsplash.com/photo-1527443224154-c4a3942d3acf?q=80&w=300,FOR_SALE,2025-09-04 00:00:00
1361,117,에너지 1등급 무풍 에어컨 (모델-21),이 상품은 가전/디지털 - 음향/영상 카테고리의 에너지 1등급 무풍 에어컨 (모델-21) 입니다. 최고의 품질을 보장합니다.,46000,,193,https://images.unsplash.com/photo-1585338107529-13afc5f02586?q=80&w=300,FOR_SALE,2026-01-18 00:00:00
1362,112,무소음 무풍 에어컨 (모델-22),이 상품은 가전/디지털 - 게임/콘솔 카테고리의 무소음 무풍 에어컨 (모델-22) 입니다. 최고의 품질을 보장합니다.,210000,,73,https://images.unsplash.com/photo-1585338107529-13afc5f02586?q=80&w=300,FOR_SALE,2025-06-10 00:00:00
1363,112,에너지 1등급 무풍 에어컨 (모델-23),이 상품은 가전/디지털 - 게임/콘솔 카테고리의 에너지 1등급 무풍 에어컨 (모델-23) 입니다. 최고의 품질을 보장합니다.,67000,63600,244,https://images.unsplash.com/photo-1585338107529-13afc5f02586?q=80&w=300,FOR_SALE,2026-03-24 00:00:00
1364,115,삼성 비스포크 OLED TV (모델-24),이 상품은 가전/디지털 - 모바일/태블릿 카테고리의 삼성 비스포크 OLED TV (모델-24) 입니다. 최고의 품질을 보장합니다.,44000,39600,207,https://images.unsplash.com/photo-1593305841991-05c297ba4575?q=80&w=300,FOR_SALE,2025-09-25 00:00:00
1365,115,에너지 1등급 맥북 프로 노트북 (모델-25),이 상품은 가전/디지털 - 모바일/태블릿 카테고리의 에너지 1등급 맥북 프로 노트북 (모델-25) 입니다. 최고의 품질을 보장합니다.,75000,,202,https://images.unsplash.com/photo-1517336714731-489689fd1ca8?q=80&w=300,FOR_SALE,2025-05-20 00:00:00
1366,114,에너지 1등급 스마트폰 (모델-26),이 상품은 가전/디지털 - 대형가전 카테고리의 에너지 1등급 스마트폰 (모델-26) 입니다. 최고의 품질을 보장합니다.,1400000,1330000,36,https://images.unsplash.com/photo-1511707171634-5f897ff02aa9?q=80&w=300,FOR_SALE,2025-08-15 00:00:00
1367,117,에너지 1등급 게이밍 모니터 (모델-27),이 상품은 가전/디지털 - 음향/영상 카테고리의 에너지 1등급 게이밍 모니터 (모델-27) 입니다. 최고의 품질을 보장합니다.,380000,361000,258,https://images.unsplash.com/photo-1527443224154-c4a3942d3acf?q=80&w=300,FOR_SALE,2025-12-23 00:00:00
1368,114,LG 오브제 드럼 세탁기 (모델-28),이 상품은 가전/디지털 - 대형가전 카테고리의 LG 오브제 드럼 세탁기 (모델-28) 입니다. 최고의 품질을 보장합니다.,37000,33300,110,https://images.unsplash.com/photo-1626806787461-102c1bfaaea1?q=80&w=300,FOR_SALE,2025-03-11 00:00:00
1369,117,고속충전 무풍 에어컨 (모델-29),이 상품은 가전/디지털 - 음향/영상 카테고리의 고속충전 무풍 에어컨 (모델-29) 입니다. 최고의 품질을 보장합니다.,64000,60800,125,https://images.unsplash.com/photo-1585338107529-13afc5f02586?q=80&w=300,FOR_SALE,2024-11-23 00:00:00
1370,118,삼성 비스포크 드럼 세탁기 (모델-30),이 상품은 가전/디지털 - 주방가전 카테고리의 삼성 비스포크 드럼 세탁기 (모델-30) 입니다. 최고의 품질을 보장합니다.,1090000,1035500,212,https://images.unsplash.com/photo-1626806787461-102c1bfaaea1?q=80&w=300,FOR_SALE,2025-07-28 00:00:00
1371,115,초고화질 무풍 에어컨 (모델-31),이 상품은 가전/디지털 - 모바일/태블릿 카테고리의 초고화질 무풍 에어컨 (모델-31) 입니다. 최고의 품질을 보장합니다.,75000,71200,186,https://images.unsplash.com/photo-1585338107529-13afc5f02586?q=80&w=300,FOR_SALE,2024-09-14 00:00:00
1372,115,삼성 비스포크 OLED TV (모델-32),이 상품은 가전/디지털 - 모바일/태블릿 카테고리의 삼성 비스포크 OLED TV (모델-32) 입니다. 최고의 품질을 보장합니다.,1140000,969000,229,https://images.unsplash.com/photo-1593305841991-05c297ba4575?q=80&w=300,FOR_SALE,2024-08-02 00:00:00
1373,116,무소음 OLED TV (모델-33),이 상품은 가전/디지털 - 생활가전 카테고리의 무소음 OLED TV (모델-33) 입니다. 최고의 품질을 보장합니다.,1450000,1377500,85,https://images.unsplash.com/photo-1593305841991-05c297ba4575?q=80&w=300,FOR_SALE,2024-12-08 00:00:00
1374,116,무소음 OLED TV (모델-34),이 상품은 가전/디지털 - 생활가전 카테고리의 무소음 OLED TV (모델-34) 입니다. 최고의 품질을 보장합니다.,11000,,14,https://images.unsplash.com/photo-1593305841991-05c297ba4575?q=80&w=300,FOR_SALE,2026-05-25 00:00:00
1375,117,LG 오브제 무풍 에어컨 (모델-35),이 상품은 가전/디지털 - 음향/영상 카테고리의 LG 오브제 무풍 에어컨 (모델-35) 입니다. 최고의 품질을 보장합니다.,85000,80800,156,https://images.unsplash.com/photo-1585338107529-13afc5f02586?q=80&w=300,FOR_SALE,2024-07-19 00:00:00
1376,115,에너지 1등급 맥북 프로 노트북 (모델-36),이 상품은 가전/디지털 - 모바일/태블릿 카테고리의 에너지 1등급 맥북 프로 노트북 (모델-36) 입니다. 최고의 품질을 보장합니다.,18000,15300,103,https://images.unsplash.com/photo-1517336714731-489689fd1ca8?q=80&w=300,FOR_SALE,2024-11-12 00:00:00
1377,117,초고화질 드럼 세탁기 (모델-37),이 상품은 가전/디지털 - 음향/영상 카테고리의 초고화질 드럼 세탁기 (모델-37) 입니다. 최고의 품질을 보장합니다.,1220000,,262,https://images.unsplash.com/photo-1626806787461-102c1bfaaea1?q=80&w=300,FOR_SALE,2025-07-31 00:00:00
1378,115,에너지 1등급 스마트폰 (모델-38),이 상품은 가전/디지털 - 모바일/태블릿 카테고리의 에너지 1등급 스마트폰 (모델-38) 입니다. 최고의 품질을 보장합니다.,61000,58000,19,https://images.unsplash.com/photo-1511707171634-5f897ff02aa9?q=80&w=300,FOR_SALE,2024-07-23 00:00:00
1379,115,무소음 4도어 냉장고 (모델-39),이 상품은 가전/디지털 - 모바일/태블릿 카테고리의 무소음 4도어 냉장고 (모델-39) 입니다. 최고의 품질을 보장합니다.,64000,,171,https://images.unsplash.com/photo-1588854337236-6889d631faa8?q=80&w=300,FOR_SALE,2026-02-16 00:00:00
1380,113,LG 오브제 무풍 에어컨 (모델-40),이 상품은 가전/디지털 - 계절가전 카테고리의 LG 오브제 무풍 에어컨 (모델-40) 입니다. 최고의 품질을 보장합니다.,310000,,232,https://images.unsplash.com/photo-1585338107529-13afc5f02586?q=80&w=300,FOR_SALE,2026-01-16 00:00:00
1381,118,초고화질 4도어 냉장고 (모델-41),이 상품은 가전/디지털 - 주방가전 카테고리의 초고화질 4도어 냉장고 (모델-41) 입니다. 최고의 품질을 보장합니다.,1470000,1323000,252,https://images.unsplash.com/photo-1588854337236-6889d631faa8?q=80&w=300,FOR_SALE,2025-09-05 00:00:00
1382,119,에너지 1등급 블루투스 이어폰 (모델-42),이 상품은 가전/디지털 - 컴퓨터/노트북 카테고리의 에너지 1등급 블루투스 이어폰 (모델-42) 입니다. 최고의 품질을 보장합니다.,82000,73800,94,https://images.unsplash.com/photo-1590658268037-6bf12165a8df?q=80&w=300,FOR_SALE,2026-02-04 00:00:00
1383,119,LG 오브제 게이밍 모니터 (모델-43),이 상품은 가전/디지털 - 컴퓨터/노트북 카테고리의 LG 오브제 게이밍 모니터 (모델-43) 입니다. 최고의 품질을 보장합니다.,88000,74800,31,https://images.unsplash.com/photo-1527443224154-c4a3942d3acf?q=80&w=300,FOR_SALE,2026-02-13 00:00:00
1384,118,에너지 1등급 무풍 에어컨 (모델-44),이 상품은 가전/디지털 - 주방가전 카테고리의 에너지 1등급 무풍 에어컨 (모델-44) 입니다. 최고의 품질을 보장합니다.,800000,680000,142,https://images.unsplash.com/photo-1585338107529-13afc5f02586?q=80&w=300,FOR_SALE,2024-11-13 00:00:00
1385,116,삼성 비스포크 4도어 냉장고 (모델-45),이 상품은 가전/디지털 - 생활가전 카테고리의 삼성 비스포크 4도어 냉장고 (모델-45) 입니다. 최고의 품질을 보장합니다.,30000,24000,186,https://images.unsplash.com/photo-1588854337236-6889d631faa8?q=80&w=300,FOR_SALE,2025-12-25 00:00:00
1386,117,스마트 무풍 에어컨 (모델-46),이 상품은 가전/디지털 - 음향/영상 카테고리의 스마트 무풍 에어컨 (모델-46) 입니다. 최고의 품질을 보장합니다.,55000,,159,https://images.unsplash.com/photo-1585338107529-13afc5f02586?q=80&w=300,FOR_SALE,2025-08-28 00:00:00
1387,114,삼성 비스포크 무풍 에어컨 (모델-47),이 상품은 가전/디지털 - 대형가전 카테고리의 삼성 비스포크 무풍 에어컨 (모델-47) 입니다. 최고의 품질을 보장합니다.,720000,,252,https://images.unsplash.com/photo-1585338107529-13afc5f02586?q=80&w=300,FOR_SALE,2025-08-18 00:00:00
1388,119,에너지 1등급 게이밍 모니터 (모델-48),이 상품은 가전/디지털 - 컴퓨터/노트북 카테고리의 에너지 1등급 게이밍 모니터 (모델-48) 입니다. 최고의 품질을 보장합니다.,1290000,,227,https://images.unsplash.com/photo-1527443224154-c4a3942d3acf?q=80&w=300,FOR_SALE,2024-09-21 00:00:00
1389,115,삼성 비스포크 스마트폰 (모델-49),이 상품은 가전/디지털 - 모바일/태블릿 카테고리의 삼성 비스포크 스마트폰 (모델-49) 입니다. 최고의 품질을 보장합니다.,82000,65600,83,https://images.unsplash.com/photo-1511707171634-5f897ff02aa9?q=80&w=300,FOR_SALE,2025-10-30 00:00:00
1390,114,스마트 맥북 프로 노트북 (모델-50),이 상품은 가전/디지털 - 대형가전 카테고리의 스마트 맥북 프로 노트북 (모델-50) 입니다. 최고의 품질을 보장합니다.,1200000,960000,155,https://images.unsplash.com/photo-1517336714731-489689fd1ca8?q=80&w=300,FOR_SALE,2025-06-16 00:00:00
1391,116,고속충전 블루투스 이어폰 (모델-51),이 상품은 가전/디지털 - 생활가전 카테고리의 고속충전 블루투스 이어폰 (모델-51) 입니다. 최고의 품질을 보장합니다.,130000,,135,https://images.unsplash.com/photo-1590658268037-6bf12165a8df?q=80&w=300,FOR_SALE,2025-11-06 00:00:00
1392,113,무소음 스마트폰 (모델-52),이 상품은 가전/디지털 - 계절가전 카테고리의 무소음 스마트폰 (모델-52) 입니다. 최고의 품질을 보장합니다.,94000,79900,155,https://images.unsplash.com/photo-1511707171634-5f897ff02aa9?q=80&w=300,FOR_SALE,2024-08-22 00:00:00
1393,116,LG 오브제 드럼 세탁기 (모델-53),이 상품은 가전/디지털 - 생활가전 카테고리의 LG 오브제 드럼 세탁기 (모델-53) 입니다. 최고의 품질을 보장합니다.,31000,26400,231,https://images.unsplash.com/photo-1626806787461-102c1bfaaea1?q=80&w=300,FOR_SALE,2025-09-05 00:00:00
1394,117,고속충전 블루투스 이어폰 (모델-54),이 상품은 가전/디지털 - 음향/영상 카테고리의 고속충전 블루투스 이어폰 (모델-54) 입니다. 최고의 품질을 보장합니다.,710000,674500,222,https://images.unsplash.com/photo-1590658268037-6bf12165a8df?q=80&w=300,FOR_SALE,2025-01-01 00:00:00
1395,119,스마트 맥북 프로 노트북 (모델-55),이 상품은 가전/디지털 - 컴퓨터/노트북 카테고리의 스마트 맥북 프로 노트북 (모델-55) 입니다. 최고의 품질을 보장합니다.,40000,,172,https://images.unsplash.com/photo-1517336714731-489689fd1ca8?q=80&w=300,FOR_SALE,2025-01-18 00:00:00
1396,113,초고화질 게이밍 모니터 (모델-56),이 상품은 가전/디지털 - 계절가전 카테고리의 초고화질 게이밍 모니터 (모델-56) 입니다. 최고의 품질을 보장합니다.,780000,,170,https://images.unsplash.com/photo-1527443224154-c4a3942d3acf?q=80&w=300,FOR_SALE,2025-09-18 00:00:00
1397,115,고속충전 게이밍 모니터 (모델-57),이 상품은 가전/디지털 - 모바일/태블릿 카테고리의 고속충전 게이밍 모니터 (모델-57) 입니다. 최고의 품질을 보장합니다.,67000,,149,https://images.unsplash.com/photo-1527443224154-c4a3942d3acf?q=80&w=300,FOR_SALE,2026-04-11 00:00:00
1398,117,무소음 OLED TV (모델-58),이 상품은 가전/디지털 - 음향/영상 카테고리의 무소음 OLED TV (모델-58) 입니다. 최고의 품질을 보장합니다.,43000,,260,https://images.unsplash.com/photo-1593305841991-05c297ba4575?q=80&w=300,FOR_SALE,2026-02-28 00:00:00
1399,114,LG 오브제 맥북 프로 노트북 (모델-59),이 상품은 가전/디지털 - 대형가전 카테고리의 LG 오브제 맥북 프로 노트북 (모델-59) 입니다. 최고의 품질을 보장합니다.,60000,54000,121,https://images.unsplash.com/photo-1517336714731-489689fd1ca8?q=80&w=300,FOR_SALE,2024-08-22 00:00:00
1400,119,고속충전 4도어 냉장고 (모델-60),이 상품은 가전/디지털 - 컴퓨터/노트북 카테고리의 고속충전 4도어 냉장고 (모델-60) 입니다. 최고의 품질을 보장합니다.,29000,23200,92,https://images.unsplash.com/photo-1588854337236-6889d631faa8?q=80&w=300,FOR_SALE,2025-03-26 00:00:00
1401,117,삼성 비스포크 드럼 세탁기 (모델-61),이 상품은 가전/디지털 - 음향/영상 카테고리의 삼성 비스포크 드럼 세탁기 (모델-61) 입니다. 최고의 품질을 보장합니다.,160000,136000,68,https://images.unsplash.com/photo-1626806787461-102c1bfaaea1?q=80&w=300,FOR_SALE,2025-08-23 00:00:00
1402,114,에너지 1등급 스마트폰 (모델-62),이 상품은 가전/디지털 - 대형가전 카테고리의 에너지 1등급 스마트폰 (모델-62) 입니다. 최고의 품질을 보장합니다.,1430000,1358500,198,https://images.unsplash.com/photo-1511707171634-5f897ff02aa9?q=80&w=300,FOR_SALE,2026-04-18 00:00:00
1403,115,스마트 4도어 냉장고 (모델-63),이 상품은 가전/디지털 - 모바일/태블릿 카테고리의 스마트 4도어 냉장고 (모델-63) 입니다. 최고의 품질을 보장합니다.,1170000,,137,https://images.unsplash.com/photo-1588854337236-6889d631faa8?q=80&w=300,FOR_SALE,2026-05-30 00:00:00
1404,113,삼성 비스포크 4도어 냉장고 (모델-64),이 상품은 가전/디지털 - 계절가전 카테고리의 삼성 비스포크 4도어 냉장고 (모델-64) 입니다. 최고의 품질을 보장합니다.,16000,,128,https://images.unsplash.com/photo-1588854337236-6889d631faa8?q=80&w=300,FOR_SALE,2025-06-26 00:00:00
1405,117,무소음 무풍 에어컨 (모델-65),이 상품은 가전/디지털 - 음향/영상 카테고리의 무소음 무풍 에어컨 (모델-65) 입니다. 최고의 품질을 보장합니다.,72000,,58,https://images.unsplash.com/photo-1585338107529-13afc5f02586?q=80&w=300,FOR_SALE,2026-01-20 00:00:00
1406,117,고속충전 스마트폰 (모델-66),이 상품은 가전/디지털 - 음향/영상 카테고리의 고속충전 스마트폰 (모델-66) 입니다. 최고의 품질을 보장합니다.,770000,616000,78,https://images.unsplash.com/photo-1511707171634-5f897ff02aa9?q=80&w=300,FOR_SALE,2024-08-19 00:00:00
1407,118,LG 오브제 게이밍 모니터 (모델-67),이 상품은 가전/디지털 - 주방가전 카테고리의 LG 오브제 게이밍 모니터 (모델-67) 입니다. 최고의 품질을 보장합니다.,1450000,,125,https://images.unsplash.com/photo-1527443224154-c4a3942d3acf?q=80&w=300,FOR_SALE,2025-09-07 00:00:00
1408,112,삼성 비스포크 4도어 냉장고 (모델-68),이 상품은 가전/디지털 - 게임/콘솔 카테고리의 삼성 비스포크 4도어 냉장고 (모델-68) 입니다. 최고의 품질을 보장합니다.,79000,67200,45,https://images.unsplash.com/photo-1588854337236-6889d631faa8?q=80&w=300,FOR_SALE,2025-12-19 00:00:00
1409,115,에너지 1등급 맥북 프로 노트북 (모델-69),이 상품은 가전/디지털 - 모바일/태블릿 카테고리의 에너지 1등급 맥북 프로 노트북 (모델-69) 입니다. 최고의 품질을 보장합니다.,100000,95000,231,https://images.unsplash.com/photo-1517336714731-489689fd1ca8?q=80&w=300,FOR_SALE,2025-03-07 00:00:00
1410,112,무소음 OLED TV (모델-70),이 상품은 가전/디지털 - 게임/콘솔 카테고리의 무소음 OLED TV (모델-70) 입니다. 최고의 품질을 보장합니다.,1160000,1044000,43,https://images.unsplash.com/photo-1593305841991-05c297ba4575?q=80&w=300,FOR_SALE,2024-11-15 00:00:00
1411,118,무소음 OLED TV (모델-71),이 상품은 가전/디지털 - 주방가전 카테고리의 무소음 OLED TV (모델-71) 입니다. 최고의 품질을 보장합니다.,17000,,167,https://images.unsplash.com/photo-1593305841991-05c297ba4575?q=80&w=300,FOR_SALE,2025-03-22 00:00:00
1412,119,에너지 1등급 OLED TV (모델-72),이 상품은 가전/디지털 - 컴퓨터/노트북 카테고리의 에너지 1등급 OLED TV (모델-72) 입니다. 최고의 품질을 보장합니다.,630000,,27,https://images.unsplash.com/photo-1593305841991-05c297ba4575?q=80&w=300,FOR_SALE,2024-11-05 00:00:00
1413,113,고속충전 스마트폰 (모델-73),이 상품은 가전/디지털 - 계절가전 카테고리의 고속충전 스마트폰 (모델-73) 입니다. 최고의 품질을 보장합니다.,34000,32300,249,https://images.unsplash.com/photo-1511707171634-5f897ff02aa9?q=80&w=300,FOR_SALE,2026-05-24 00:00:00
1414,112,에너지 1등급 4도어 냉장고 (모델-74),이 상품은 가전/디지털 - 게임/콘솔 카테고리의 에너지 1등급 4도어 냉장고 (모델-74) 입니다. 최고의 품질을 보장합니다.,75000,,100,https://images.unsplash.com/photo-1588854337236-6889d631faa8?q=80&w=300,FOR_SALE,2026-02-08 00:00:00
1415,113,스마트 게이밍 모니터 (모델-75),이 상품은 가전/디지털 - 계절가전 카테고리의 스마트 게이밍 모니터 (모델-75) 입니다. 최고의 품질을 보장합니다.,53000,,80,https://images.unsplash.com/photo-1527443224154-c4a3942d3acf?q=80&w=300,FOR_SALE,2026-03-17 00:00:00
1416,112,삼성 비스포크 4도어 냉장고 (모델-76),이 상품은 가전/디지털 - 게임/콘솔 카테고리의 삼성 비스포크 4도어 냉장고 (모델-76) 입니다. 최고의 품질을 보장합니다.,41000,39000,18,https://images.unsplash.com/photo-1588854337236-6889d631faa8?q=80&w=300,FOR_SALE,2026-01-01 00:00:00
1417,117,에너지 1등급 맥북 프로 노트북 (모델-77),이 상품은 가전/디지털 - 음향/영상 카테고리의 에너지 1등급 맥북 프로 노트북 (모델-77) 입니다. 최고의 품질을 보장합니다.,600000,510000,40,https://images.unsplash.com/photo-1517336714731-489689fd1ca8?q=80&w=300,FOR_SALE,2024-11-21 00:00:00
1418,115,초고화질 4도어 냉장고 (모델-78),이 상품은 가전/디지털 - 모바일/태블릿 카테고리의 초고화질 4도어 냉장고 (모델-78) 입니다. 최고의 품질을 보장합니다.,34000,28900,108,https://images.unsplash.com/photo-1588854337236-6889d631faa8?q=80&w=300,FOR_SALE,2026-04-27 00:00:00
1419,119,초고화질 드럼 세탁기 (모델-79),이 상품은 가전/디지털 - 컴퓨터/노트북 카테고리의 초고화질 드럼 세탁기 (모델-79) 입니다. 최고의 품질을 보장합니다.,1310000,1048000,103,https://images.unsplash.com/photo-1626806787461-102c1bfaaea1?q=80&w=300,FOR_SALE,2025-05-20 00:00:00
1420,112,LG 오브제 스마트폰 (모델-80),이 상품은 가전/디지털 - 게임/콘솔 카테고리의 LG 오브제 스마트폰 (모델-80) 입니다. 최고의 품질을 보장합니다.,97000,92200,176,https://images.unsplash.com/photo-1511707171634-5f897ff02aa9?q=80&w=300,FOR_SALE,2024-10-14 00:00:00
1421,118,초고화질 4도어 냉장고 (모델-81),이 상품은 가전/디지털 - 주방가전 카테고리의 초고화질 4도어 냉장고 (모델-81) 입니다. 최고의 품질을 보장합니다.,240000,,250,https://images.unsplash.com/photo-1588854337236-6889d631faa8?q=80&w=300,FOR_SALE,2024-11-14 00:00:00
1422,113,에너지 1등급 게이밍 모니터 (모델-82),이 상품은 가전/디지털 - 계절가전 카테고리의 에너지 1등급 게이밍 모니터 (모델-82) 입니다. 최고의 품질을 보장합니다.,99000,89100,138,https://images.unsplash.com/photo-1527443224154-c4a3942d3acf?q=80&w=300,FOR_SALE,2026-01-02 00:00:00
1423,114,LG 오브제 게이밍 모니터 (모델-83),이 상품은 가전/디지털 - 대형가전 카테고리의 LG 오브제 게이밍 모니터 (모델-83) 입니다. 최고의 품질을 보장합니다.,910000,,145,https://images.unsplash.com/photo-1527443224154-c4a3942d3acf?q=80&w=300,FOR_SALE,2025-03-19 00:00:00
1424,113,삼성 비스포크 4도어 냉장고 (모델-84),이 상품은 가전/디지털 - 계절가전 카테고리의 삼성 비스포크 4도어 냉장고 (모델-84) 입니다. 최고의 품질을 보장합니다.,27000,24300,88,https://images.unsplash.com/photo-1588854337236-6889d631faa8?q=80&w=300,FOR_SALE,2026-01-23 00:00:00
1425,113,LG 오브제 게이밍 모니터 (모델-85),이 상품은 가전/디지털 - 계절가전 카테고리의 LG 오브제 게이밍 모니터 (모델-85) 입니다. 최고의 품질을 보장합니다.,870000,,105,https://images.unsplash.com/photo-1527443224154-c4a3942d3acf?q=80&w=300,FOR_SALE,2026-04-21 00:00:00
1426,114,고속충전 드럼 세탁기 (모델-86),이 상품은 가전/디지털 - 대형가전 카테고리의 고속충전 드럼 세탁기 (모델-86) 입니다. 최고의 품질을 보장합니다.,300000,,86,https://images.unsplash.com/photo-1626806787461-102c1bfaaea1?q=80&w=300,FOR_SALE,2025-07-22 00:00:00
1427,117,삼성 비스포크 4도어 냉장고 (모델-87),이 상품은 가전/디지털 - 음향/영상 카테고리의 삼성 비스포크 4도어 냉장고 (모델-87) 입니다. 최고의 품질을 보장합니다.,940000,893000,59,https://images.unsplash.com/photo-1588854337236-6889d631faa8?q=80&w=300,FOR_SALE,2025-05-25 00:00:00
1428,117,스마트 맥북 프로 노트북 (모델-88),이 상품은 가전/디지털 - 음향/영상 카테고리의 스마트 맥북 프로 노트북 (모델-88) 입니다. 최고의 품질을 보장합니다.,290000,275500,50,https://images.unsplash.com/photo-1517336714731-489689fd1ca8?q=80&w=300,FOR_SALE,2026-04-23 00:00:00
1429,117,LG 오브제 4도어 냉장고 (모델-89),이 상품은 가전/디지털 - 음향/영상 카테고리의 LG 오브제 4도어 냉장고 (모델-89) 입니다. 최고의 품질을 보장합니다.,1020000,,259,https://images.unsplash.com/photo-1588854337236-6889d631faa8?q=80&w=300,FOR_SALE,2025-06-01 00:00:00
1430,114,에너지 1등급 게이밍 모니터 (모델-90),이 상품은 가전/디지털 - 대형가전 카테고리의 에너지 1등급 게이밍 모니터 (모델-90) 입니다. 최고의 품질을 보장합니다.,30000,,23,https://images.unsplash.com/photo-1527443224154-c4a3942d3acf?q=80&w=300,FOR_SALE,2025-10-30 00:00:00
1431,113,삼성 비스포크 드럼 세탁기 (모델-91),이 상품은 가전/디지털 - 계절가전 카테고리의 삼성 비스포크 드럼 세탁기 (모델-91) 입니다. 최고의 품질을 보장합니다.,78000,,273,https://images.unsplash.com/photo-1626806787461-102c1bfaaea1?q=80&w=300,FOR_SALE,2025-09-20 00:00:00
1432,114,고속충전 맥북 프로 노트북 (모델-92),이 상품은 가전/디지털 - 대형가전 카테고리의 고속충전 맥북 프로 노트북 (모델-92) 입니다. 최고의 품질을 보장합니다.,33000,29700,284,https://images.unsplash.com/photo-1517336714731-489689fd1ca8?q=80&w=300,FOR_SALE,2024-07-20 00:00:00
1433,114,무소음 게이밍 모니터 (모델-93),이 상품은 가전/디지털 - 대형가전 카테고리의 무소음 게이밍 모니터 (모델-93) 입니다. 최고의 품질을 보장합니다.,25000,,273,https://images.unsplash.com/photo-1527443224154-c4a3942d3acf?q=80&w=300,FOR_SALE,2026-02-17 00:00:00
1434,113,초고화질 스마트폰 (모델-94),이 상품은 가전/디지털 - 계절가전 카테고리의 초고화질 스마트폰 (모델-94) 입니다. 최고의 품질을 보장합니다.,170000,,114,https://images.unsplash.com/photo-1511707171634-5f897ff02aa9?q=80&w=300,FOR_SALE,2025-06-05 00:00:00
1435,115,초고화질 블루투스 이어폰 (모델-95),이 상품은 가전/디지털 - 모바일/태블릿 카테고리의 초고화질 블루투스 이어폰 (모델-95) 입니다. 최고의 품질을 보장합니다.,510000,,36,https://images.unsplash.com/photo-1590658268037-6bf12165a8df?q=80&w=300,FOR_SALE,2024-11-06 00:00:00
1436,113,에너지 1등급 스마트폰 (모델-96),이 상품은 가전/디지털 - 계절가전 카테고리의 에너지 1등급 스마트폰 (모델-96) 입니다. 최고의 품질을 보장합니다.,540000,459000,114,https://images.unsplash.com/photo-1511707171634-5f897ff02aa9?q=80&w=300,FOR_SALE,2025-04-12 00:00:00
1437,114,LG 오브제 드럼 세탁기 (모델-97),이 상품은 가전/디지털 - 대형가전 카테고리의 LG 오브제 드럼 세탁기 (모델-97) 입니다. 최고의 품질을 보장합니다.,83000,,255,https://images.unsplash.com/photo-1626806787461-102c1bfaaea1?q=80&w=300,FOR_SALE,2024-09-05 00:00:00
1438,113,에너지 1등급 맥북 프로 노트북 (모델-98),이 상품은 가전/디지털 - 계절가전 카테고리의 에너지 1등급 맥북 프로 노트북 (모델-98) 입니다. 최고의 품질을 보장합니다.,88000,,287,https://images.unsplash.com/photo-1517336714731-489689fd1ca8?q=80&w=300,FOR_SALE,2025-12-26 00:00:00
1439,112,스마트 스마트폰 (모델-99),이 상품은 가전/디지털 - 게임/콘솔 카테고리의 스마트 스마트폰 (모델-99) 입니다. 최고의 품질을 보장합니다.,300000,270000,289,https://images.unsplash.com/photo-1511707171634-5f897ff02aa9?q=80&w=300,FOR_SALE,2025-10-03 00:00:00
1440,116,무소음 4도어 냉장고 (모델-100),이 상품은 가전/디지털 - 생활가전 카테고리의 무소음 4도어 냉장고 (모델-100) 입니다. 최고의 품질을 보장합니다.,97000,,132,https://images.unsplash.com/photo-1588854337236-6889d631faa8?q=80&w=300,FOR_SALE,2025-12-18 00:00:00
1441,116,스마트 4도어 냉장고 (모델-101),이 상품은 가전/디지털 - 생활가전 카테고리의 스마트 4도어 냉장고 (모델-101) 입니다. 최고의 품질을 보장합니다.,90000,85500,18,https://images.unsplash.com/photo-1588854337236-6889d631faa8?q=80&w=300,FOR_SALE,2025-12-03 00:00:00
1442,113,LG 오브제 맥북 프로 노트북 (모델-102),이 상품은 가전/디지털 - 계절가전 카테고리의 LG 오브제 맥북 프로 노트북 (모델-102) 입니다. 최고의 품질을 보장합니다.,300000,,139,https://images.unsplash.com/photo-1517336714731-489689fd1ca8?q=80&w=300,FOR_SALE,2025-04-06 00:00:00
1443,118,LG 오브제 맥북 프로 노트북 (모델-103),이 상품은 가전/디지털 - 주방가전 카테고리의 LG 오브제 맥북 프로 노트북 (모델-103) 입니다. 최고의 품질을 보장합니다.,15000,14200,208,https://images.unsplash.com/photo-1517336714731-489689fd1ca8?q=80&w=300,FOR_SALE,2026-05-08 00:00:00
1444,117,LG 오브제 OLED TV (모델-104),이 상품은 가전/디지털 - 음향/영상 카테고리의 LG 오브제 OLED TV (모델-104) 입니다. 최고의 품질을 보장합니다.,10000,,61,https://images.unsplash.com/photo-1593305841991-05c297ba4575?q=80&w=300,FOR_SALE,2025-12-01 00:00:00
1445,117,LG 오브제 OLED TV (모델-105),이 상품은 가전/디지털 - 음향/영상 카테고리의 LG 오브제 OLED TV (모델-105) 입니다. 최고의 품질을 보장합니다.,45000,,78,https://images.unsplash.com/photo-1593305841991-05c297ba4575?q=80&w=300,FOR_SALE,2025-06-27 00:00:00
1446,117,무소음 블루투스 이어폰 (모델-106),이 상품은 가전/디지털 - 음향/영상 카테고리의 무소음 블루투스 이어폰 (모델-106) 입니다. 최고의 품질을 보장합니다.,80000,76000,81,https://images.unsplash.com/photo-1590658268037-6bf12165a8df?q=80&w=300,FOR_SALE,2025-04-07 00:00:00
1447,119,초고화질 OLED TV (모델-107),이 상품은 가전/디지털 - 컴퓨터/노트북 카테고리의 초고화질 OLED TV (모델-107) 입니다. 최고의 품질을 보장합니다.,760000,,260,https://images.unsplash.com/photo-1593305841991-05c297ba4575?q=80&w=300,FOR_SALE,2024-07-17 00:00:00
1448,119,스마트 드럼 세탁기 (모델-108),이 상품은 가전/디지털 - 컴퓨터/노트북 카테고리의 스마트 드럼 세탁기 (모델-108) 입니다. 최고의 품질을 보장합니다.,1410000,,14,https://images.unsplash.com/photo-1626806787461-102c1bfaaea1?q=80&w=300,FOR_SALE,2025-09-21 00:00:00
1449,118,에너지 1등급 스마트폰 (모델-109),이 상품은 가전/디지털 - 주방가전 카테고리의 에너지 1등급 스마트폰 (모델-109) 입니다. 최고의 품질을 보장합니다.,23000,20700,85,https://images.unsplash.com/photo-1511707171634-5f897ff02aa9?q=80&w=300,FOR_SALE,2025-09-02 00:00:00
1450,118,초고화질 블루투스 이어폰 (모델-110),이 상품은 가전/디지털 - 주방가전 카테고리의 초고화질 블루투스 이어폰 (모델-110) 입니다. 최고의 품질을 보장합니다.,1070000,,61,https://images.unsplash.com/photo-1590658268037-6bf12165a8df?q=80&w=300,FOR_SALE,2025-12-21 00:00:00
1451,112,초고화질 블루투스 이어폰 (모델-111),이 상품은 가전/디지털 - 게임/콘솔 카테고리의 초고화질 블루투스 이어폰 (모델-111) 입니다. 최고의 품질을 보장합니다.,46000,41400,236,https://images.unsplash.com/photo-1590658268037-6bf12165a8df?q=80&w=300,FOR_SALE,2026-02-12 00:00:00
1452,118,스마트 4도어 냉장고 (모델-112),이 상품은 가전/디지털 - 주방가전 카테고리의 스마트 4도어 냉장고 (모델-112) 입니다. 최고의 품질을 보장합니다.,190000,,283,https://images.unsplash.com/photo-1588854337236-6889d631faa8?q=80&w=300,FOR_SALE,2025-05-07 00:00:00
1453,114,무소음 맥북 프로 노트북 (모델-113),이 상품은 가전/디지털 - 대형가전 카테고리의 무소음 맥북 프로 노트북 (모델-113) 입니다. 최고의 품질을 보장합니다.,940000,,23,https://images.unsplash.com/photo-1517336714731-489689fd1ca8?q=80&w=300,FOR_SALE,2026-04-24 00:00:00
1454,118,고속충전 스마트폰 (모델-114),이 상품은 가전/디지털 - 주방가전 카테고리의 고속충전 스마트폰 (모델-114) 입니다. 최고의 품질을 보장합니다.,79000,75000,18,https://images.unsplash.com/photo-1511707171634-5f897ff02aa9?q=80&w=300,FOR_SALE,2025-02-06 00:00:00
1455,114,삼성 비스포크 게이밍 모니터 (모델-115),이 상품은 가전/디지털 - 대형가전 카테고리의 삼성 비스포크 게이밍 모니터 (모델-115) 입니다. 최고의 품질을 보장합니다.,17000,16200,222,https://images.unsplash.com/photo-1527443224154-c4a3942d3acf?q=80&w=300,FOR_SALE,2025-10-18 00:00:00
1456,117,스마트 OLED TV (모델-116),이 상품은 가전/디지털 - 음향/영상 카테고리의 스마트 OLED TV (모델-116) 입니다. 최고의 품질을 보장합니다.,360000,,109,https://images.unsplash.com/photo-1593305841991-05c297ba4575?q=80&w=300,FOR_SALE,2025-11-10 00:00:00
1457,119,고속충전 4도어 냉장고 (모델-117),이 상품은 가전/디지털 - 컴퓨터/노트북 카테고리의 고속충전 4도어 냉장고 (모델-117) 입니다. 최고의 품질을 보장합니다.,16000,,220,https://images.unsplash.com/photo-1588854337236-6889d631faa8?q=80&w=300,FOR_SALE,2025-02-16 00:00:00
1458,114,고속충전 게이밍 모니터 (모델-118),이 상품은 가전/디지털 - 대형가전 카테고리의 고속충전 게이밍 모니터 (모델-118) 입니다. 최고의 품질을 보장합니다.,340000,306000,126,https://images.unsplash.com/photo-1527443224154-c4a3942d3acf?q=80&w=300,FOR_SALE,2025-06-09 00:00:00
1459,117,LG 오브제 맥북 프로 노트북 (모델-119),이 상품은 가전/디지털 - 음향/영상 카테고리의 LG 오브제 맥북 프로 노트북 (모델-119) 입니다. 최고의 품질을 보장합니다.,420000,,294,https://images.unsplash.com/photo-1517336714731-489689fd1ca8?q=80&w=300,FOR_SALE,2025-07-25 00:00:00
1460,117,초고화질 무풍 에어컨 (모델-120),이 상품은 가전/디지털 - 음향/영상 카테고리의 초고화질 무풍 에어컨 (모델-120) 입니다. 최고의 품질을 보장합니다.,87000,,215,https://images.unsplash.com/photo-1585338107529-13afc5f02586?q=80&w=300,FOR_SALE,2025-10-12 00:00:00
1461,114,에너지 1등급 드럼 세탁기 (모델-121),이 상품은 가전/디지털 - 대형가전 카테고리의 에너지 1등급 드럼 세탁기 (모델-121) 입니다. 최고의 품질을 보장합니다.,470000,,246,https://images.unsplash.com/photo-1626806787461-102c1bfaaea1?q=80&w=300,FOR_SALE,2025-10-17 00:00:00
1462,112,에너지 1등급 게이밍 모니터 (모델-122),이 상품은 가전/디지털 - 게임/콘솔 카테고리의 에너지 1등급 게이밍 모니터 (모델-122) 입니다. 최고의 품질을 보장합니다.,50000,45000,230,https://images.unsplash.com/photo-1527443224154-c4a3942d3acf?q=80&w=300,FOR_SALE,2026-05-09 00:00:00
1463,116,스마트 OLED TV (모델-123),이 상품은 가전/디지털 - 생활가전 카테고리의 스마트 OLED TV (모델-123) 입니다. 최고의 품질을 보장합니다.,940000,893000,175,https://images.unsplash.com/photo-1593305841991-05c297ba4575?q=80&w=300,FOR_SALE,2024-07-27 00:00:00
1464,113,고속충전 맥북 프로 노트북 (모델-124),이 상품은 가전/디지털 - 계절가전 카테고리의 고속충전 맥북 프로 노트북 (모델-124) 입니다. 최고의 품질을 보장합니다.,910000,,50,https://images.unsplash.com/photo-1517336714731-489689fd1ca8?q=80&w=300,FOR_SALE,2025-11-17 00:00:00
1465,118,스마트 OLED TV (모델-125),이 상품은 가전/디지털 - 주방가전 카테고리의 스마트 OLED TV (모델-125) 입니다. 최고의 품질을 보장합니다.,940000,,98,https://images.unsplash.com/photo-1593305841991-05c297ba4575?q=80&w=300,FOR_SALE,2025-04-20 00:00:00
1466,114,LG 오브제 맥북 프로 노트북 (모델-126),이 상품은 가전/디지털 - 대형가전 카테고리의 LG 오브제 맥북 프로 노트북 (모델-126) 입니다. 최고의 품질을 보장합니다.,13000,11000,217,https://images.unsplash.com/photo-1517336714731-489689fd1ca8?q=80&w=300,FOR_SALE,2025-07-01 00:00:00
1467,118,초고화질 맥북 프로 노트북 (모델-127),이 상품은 가전/디지털 - 주방가전 카테고리의 초고화질 맥북 프로 노트북 (모델-127) 입니다. 최고의 품질을 보장합니다.,170000,,99,https://images.unsplash.com/photo-1517336714731-489689fd1ca8?q=80&w=300,FOR_SALE,2025-08-21 00:00:00
1468,117,LG 오브제 스마트폰 (모델-128),이 상품은 가전/디지털 - 음향/영상 카테고리의 LG 오브제 스마트폰 (모델-128) 입니다. 최고의 품질을 보장합니다.,51000,45900,175,https://images.unsplash.com/photo-1511707171634-5f897ff02aa9?q=80&w=300,FOR_SALE,2026-03-23 00:00:00
1469,112,고속충전 OLED TV (모델-129),이 상품은 가전/디지털 - 게임/콘솔 카테고리의 고속충전 OLED TV (모델-129) 입니다. 최고의 품질을 보장합니다.,1250000,1187500,60,https://images.unsplash.com/photo-1593305841991-05c297ba4575?q=80&w=300,FOR_SALE,2025-08-21 00:00:00
1470,119,무소음 OLED TV (모델-130),이 상품은 가전/디지털 - 컴퓨터/노트북 카테고리의 무소음 OLED TV (모델-130) 입니다. 최고의 품질을 보장합니다.,42000,,163,https://images.unsplash.com/photo-1593305841991-05c297ba4575?q=80&w=300,FOR_SALE,2025-06-08 00:00:00
1471,118,고속충전 드럼 세탁기 (모델-131),이 상품은 가전/디지털 - 주방가전 카테고리의 고속충전 드럼 세탁기 (모델-131) 입니다. 최고의 품질을 보장합니다.,80000,72000,89,https://images.unsplash.com/photo-1626806787461-102c1bfaaea1?q=80&w=300,FOR_SALE,2024-08-15 00:00:00
1472,119,LG 오브제 드럼 세탁기 (모델-132),이 상품은 가전/디지털 - 컴퓨터/노트북 카테고리의 LG 오브제 드럼 세탁기 (모델-132) 입니다. 최고의 품질을 보장합니다.,260000,247000,196,https://images.unsplash.com/photo-1626806787461-102c1bfaaea1?q=80&w=300,FOR_SALE,2024-12-28 00:00:00
1473,118,삼성 비스포크 OLED TV (모델-133),이 상품은 가전/디지털 - 주방가전 카테고리의 삼성 비스포크 OLED TV (모델-133) 입니다. 최고의 품질을 보장합니다.,76000,,11,https://images.unsplash.com/photo-1593305841991-05c297ba4575?q=80&w=300,FOR_SALE,2025-04-19 00:00:00
1474,118,LG 오브제 맥북 프로 노트북 (모델-134),이 상품은 가전/디지털 - 주방가전 카테고리의 LG 오브제 맥북 프로 노트북 (모델-134) 입니다. 최고의 품질을 보장합니다.,590000,531000,261,https://images.unsplash.com/photo-1517336714731-489689fd1ca8?q=80&w=300,FOR_SALE,2024-11-30 00:00:00
1475,116,무소음 스마트폰 (모델-135),이 상품은 가전/디지털 - 생활가전 카테고리의 무소음 스마트폰 (모델-135) 입니다. 최고의 품질을 보장합니다.,41000,,290,https://images.unsplash.com/photo-1511707171634-5f897ff02aa9?q=80&w=300,FOR_SALE,2025-06-28 00:00:00
1476,112,에너지 1등급 OLED TV (모델-136),이 상품은 가전/디지털 - 게임/콘솔 카테고리의 에너지 1등급 OLED TV (모델-136) 입니다. 최고의 품질을 보장합니다.,94000,89300,153,https://images.unsplash.com/photo-1593305841991-05c297ba4575?q=80&w=300,FOR_SALE,2026-05-05 00:00:00
1477,117,고속충전 블루투스 이어폰 (모델-137),이 상품은 가전/디지털 - 음향/영상 카테고리의 고속충전 블루투스 이어폰 (모델-137) 입니다. 최고의 품질을 보장합니다.,68000,,240,https://images.unsplash.com/photo-1590658268037-6bf12165a8df?q=80&w=300,FOR_SALE,2026-02-04 00:00:00
1478,119,고속충전 4도어 냉장고 (모델-138),이 상품은 가전/디지털 - 컴퓨터/노트북 카테고리의 고속충전 4도어 냉장고 (모델-138) 입니다. 최고의 품질을 보장합니다.,1300000,,125,https://images.unsplash.com/photo-1588854337236-6889d631faa8?q=80&w=300,FOR_SALE,2025-09-08 00:00:00
1479,113,삼성 비스포크 4도어 냉장고 (모델-139),이 상품은 가전/디지털 - 계절가전 카테고리의 삼성 비스포크 4도어 냉장고 (모델-139) 입니다. 최고의 품질을 보장합니다.,810000,,86,https://images.unsplash.com/photo-1588854337236-6889d631faa8?q=80&w=300,FOR_SALE,2025-12-02 00:00:00
1480,115,초고화질 게이밍 모니터 (모델-140),이 상품은 가전/디지털 - 모바일/태블릿 카테고리의 초고화질 게이밍 모니터 (모델-140) 입니다. 최고의 품질을 보장합니다.,1170000,1111500,154,https://images.unsplash.com/photo-1527443224154-c4a3942d3acf?q=80&w=300,FOR_SALE,2024-10-16 00:00:00
1481,116,에너지 1등급 드럼 세탁기 (모델-141),이 상품은 가전/디지털 - 생활가전 카테고리의 에너지 1등급 드럼 세탁기 (모델-141) 입니다. 최고의 품질을 보장합니다.,150000,135000,249,https://images.unsplash.com/photo-1626806787461-102c1bfaaea1?q=80&w=300,FOR_SALE,2025-09-04 00:00:00
1482,118,무소음 스마트폰 (모델-142),이 상품은 가전/디지털 - 주방가전 카테고리의 무소음 스마트폰 (모델-142) 입니다. 최고의 품질을 보장합니다.,98000,88200,114,https://images.unsplash.com/photo-1511707171634-5f897ff02aa9?q=80&w=300,FOR_SALE,2026-04-24 00:00:00
1483,113,삼성 비스포크 OLED TV (모델-143),이 상품은 가전/디지털 - 계절가전 카테고리의 삼성 비스포크 OLED TV (모델-143) 입니다. 최고의 품질을 보장합니다.,35000,33200,163,https://images.unsplash.com/photo-1593305841991-05c297ba4575?q=80&w=300,FOR_SALE,2026-02-11 00:00:00
1484,112,LG 오브제 맥북 프로 노트북 (모델-144),이 상품은 가전/디지털 - 게임/콘솔 카테고리의 LG 오브제 맥북 프로 노트북 (모델-144) 입니다. 최고의 품질을 보장합니다.,810000,729000,64,https://images.unsplash.com/photo-1517336714731-489689fd1ca8?q=80&w=300,FOR_SALE,2024-09-30 00:00:00
1485,114,고속충전 드럼 세탁기 (모델-145),이 상품은 가전/디지털 - 대형가전 카테고리의 고속충전 드럼 세탁기 (모델-145) 입니다. 최고의 품질을 보장합니다.,39000,37000,195,https://images.unsplash.com/photo-1626806787461-102c1bfaaea1?q=80&w=300,FOR_SALE,2025-03-15 00:00:00
1486,119,LG 오브제 맥북 프로 노트북 (모델-146),이 상품은 가전/디지털 - 컴퓨터/노트북 카테고리의 LG 오브제 맥북 프로 노트북 (모델-146) 입니다. 최고의 품질을 보장합니다.,75000,,87,https://images.unsplash.com/photo-1517336714731-489689fd1ca8?q=80&w=300,FOR_SALE,2025-06-14 00:00:00
1487,114,스마트 게이밍 모니터 (모델-147),이 상품은 가전/디지털 - 대형가전 카테고리의 스마트 게이밍 모니터 (모델-147) 입니다. 최고의 품질을 보장합니다.,1350000,1147500,186,https://images.unsplash.com/photo-1527443224154-c4a3942d3acf?q=80&w=300,FOR_SALE,2025-07-16 00:00:00
1488,113,LG 오브제 게이밍 모니터 (모델-148),이 상품은 가전/디지털 - 계절가전 카테고리의 LG 오브제 게이밍 모니터 (모델-148) 입니다. 최고의 품질을 보장합니다.,71000,67400,232,https://images.unsplash.com/photo-1527443224154-c4a3942d3acf?q=80&w=300,FOR_SALE,2025-03-13 00:00:00
1489,118,삼성 비스포크 OLED TV (모델-149),이 상품은 가전/디지털 - 주방가전 카테고리의 삼성 비스포크 OLED TV (모델-149) 입니다. 최고의 품질을 보장합니다.,18000,,79,https://images.unsplash.com/photo-1593305841991-05c297ba4575?q=80&w=300,FOR_SALE,2024-09-20 00:00:00
1490,119,LG 오브제 드럼 세탁기 (모델-150),이 상품은 가전/디지털 - 컴퓨터/노트북 카테고리의 LG 오브제 드럼 세탁기 (모델-150) 입니다. 최고의 품질을 보장합니다.,13000,,134,https://images.unsplash.com/photo-1626806787461-102c1bfaaea1?q=80&w=300,FOR_SALE,2024-12-26 00:00:00
1491,115,초고화질 게이밍 모니터 (모델-151),이 상품은 가전/디지털 - 모바일/태블릿 카테고리의 초고화질 게이밍 모니터 (모델-151) 입니다. 최고의 품질을 보장합니다.,570000,,26,https://images.unsplash.com/photo-1527443224154-c4a3942d3acf?q=80&w=300,FOR_SALE,2026-02-04 00:00:00
1492,115,삼성 비스포크 게이밍 모니터 (모델-152),이 상품은 가전/디지털 - 모바일/태블릿 카테고리의 삼성 비스포크 게이밍 모니터 (모델-152) 입니다. 최고의 품질을 보장합니다.,310000,,255,https://images.unsplash.com/photo-1527443224154-c4a3942d3acf?q=80&w=300,FOR_SALE,2025-05-04 00:00:00
1493,113,스마트 무풍 에어컨 (모델-153),이 상품은 가전/디지털 - 계절가전 카테고리의 스마트 무풍 에어컨 (모델-153) 입니다. 최고의 품질을 보장합니다.,970000,921500,98,https://images.unsplash.com/photo-1585338107529-13afc5f02586?q=80&w=300,FOR_SALE,2024-10-20 00:00:00
1494,118,초고화질 4도어 냉장고 (모델-154),이 상품은 가전/디지털 - 주방가전 카테고리의 초고화질 4도어 냉장고 (모델-154) 입니다. 최고의 품질을 보장합니다.,870000,783000,290,https://images.unsplash.com/photo-1588854337236-6889d631faa8?q=80&w=300,FOR_SALE,2025-11-20 00:00:00
1495,113,고속충전 4도어 냉장고 (모델-155),이 상품은 가전/디지털 - 계절가전 카테고리의 고속충전 4도어 냉장고 (모델-155) 입니다. 최고의 품질을 보장합니다.,71000,,272,https://images.unsplash.com/photo-1588854337236-6889d631faa8?q=80&w=300,FOR_SALE,2025-09-15 00:00:00
1496,119,에너지 1등급 OLED TV (모델-156),이 상품은 가전/디지털 - 컴퓨터/노트북 카테고리의 에너지 1등급 OLED TV (모델-156) 입니다. 최고의 품질을 보장합니다.,780000,741000,277,https://images.unsplash.com/photo-1593305841991-05c297ba4575?q=80&w=300,FOR_SALE,2026-04-18 00:00:00
1497,116,초고화질 무풍 에어컨 (모델-157),이 상품은 가전/디지털 - 생활가전 카테고리의 초고화질 무풍 에어컨 (모델-157) 입니다. 최고의 품질을 보장합니다.,11000,,51,https://images.unsplash.com/photo-1585338107529-13afc5f02586?q=80&w=300,FOR_SALE,2025-03-13 00:00:00
1498,116,LG 오브제 게이밍 모니터 (모델-158),이 상품은 가전/디지털 - 생활가전 카테고리의 LG 오브제 게이밍 모니터 (모델-158) 입니다. 최고의 품질을 보장합니다.,57000,54200,215,https://images.unsplash.com/photo-1527443224154-c4a3942d3acf?q=80&w=300,FOR_SALE,2026-06-01 00:00:00
1499,113,스마트 맥북 프로 노트북 (모델-159),이 상품은 가전/디지털 - 계절가전 카테고리의 스마트 맥북 프로 노트북 (모델-159) 입니다. 최고의 품질을 보장합니다.,15000,12800,78,https://images.unsplash.com/photo-1517336714731-489689fd1ca8?q=80&w=300,FOR_SALE,2024-12-17 00:00:00
1500,119,고속충전 드럼 세탁기 (모델-160),이 상품은 가전/디지털 - 컴퓨터/노트북 카테고리의 고속충전 드럼 세탁기 (모델-160) 입니다. 최고의 품질을 보장합니다.,19000,18000,186,https://images.unsplash.com/photo-1626806787461-102c1bfaaea1?q=80&w=300,FOR_SALE,2024-11-28 00:00:00
1501,116,초고화질 게이밍 모니터 (모델-161),이 상품은 가전/디지털 - 생활가전 카테고리의 초고화질 게이밍 모니터 (모델-161) 입니다. 최고의 품질을 보장합니다.,260000,,39,https://images.unsplash.com/photo-1527443224154-c4a3942d3acf?q=80&w=300,FOR_SALE,2024-07-16 00:00:00
1502,118,삼성 비스포크 OLED TV (모델-162),이 상품은 가전/디지털 - 주방가전 카테고리의 삼성 비스포크 OLED TV (모델-162) 입니다. 최고의 품질을 보장합니다.,30000,,41,https://images.unsplash.com/photo-1593305841991-05c297ba4575?q=80&w=300,FOR_SALE,2025-11-13 00:00:00
1503,118,초고화질 4도어 냉장고 (모델-163),이 상품은 가전/디지털 - 주방가전 카테고리의 초고화질 4도어 냉장고 (모델-163) 입니다. 최고의 품질을 보장합니다.,61000,,171,https://images.unsplash.com/photo-1588854337236-6889d631faa8?q=80&w=300,FOR_SALE,2025-05-26 00:00:00
1504,116,삼성 비스포크 OLED TV (모델-164),이 상품은 가전/디지털 - 생활가전 카테고리의 삼성 비스포크 OLED TV (모델-164) 입니다. 최고의 품질을 보장합니다.,25000,,88,https://images.unsplash.com/photo-1593305841991-05c297ba4575?q=80&w=300,FOR_SALE,2025-03-18 00:00:00
1505,114,초고화질 4도어 냉장고 (모델-165),이 상품은 가전/디지털 - 대형가전 카테고리의 초고화질 4도어 냉장고 (모델-165) 입니다. 최고의 품질을 보장합니다.,69000,,155,https://images.unsplash.com/photo-1588854337236-6889d631faa8?q=80&w=300,FOR_SALE,2026-03-23 00:00:00
1506,116,스마트 무풍 에어컨 (모델-166),이 상품은 가전/디지털 - 생활가전 카테고리의 스마트 무풍 에어컨 (모델-166) 입니다. 최고의 품질을 보장합니다.,1190000,1071000,145,https://images.unsplash.com/photo-1585338107529-13afc5f02586?q=80&w=300,FOR_SALE,2024-07-22 00:00:00
1507,119,LG 오브제 스마트폰 (모델-167),이 상품은 가전/디지털 - 컴퓨터/노트북 카테고리의 LG 오브제 스마트폰 (모델-167) 입니다. 최고의 품질을 보장합니다.,490000,441000,143,https://images.unsplash.com/photo-1511707171634-5f897ff02aa9?q=80&w=300,FOR_SALE,2025-06-29 00:00:00
1508,115,고속충전 무풍 에어컨 (모델-168),이 상품은 가전/디지털 - 모바일/태블릿 카테고리의 고속충전 무풍 에어컨 (모델-168) 입니다. 최고의 품질을 보장합니다.,98000,88200,236,https://images.unsplash.com/photo-1585338107529-13afc5f02586?q=80&w=300,FOR_SALE,2024-09-02 00:00:00
1509,118,에너지 1등급 블루투스 이어폰 (모델-169),이 상품은 가전/디지털 - 주방가전 카테고리의 에너지 1등급 블루투스 이어폰 (모델-169) 입니다. 최고의 품질을 보장합니다.,630000,,33,https://images.unsplash.com/photo-1590658268037-6bf12165a8df?q=80&w=300,FOR_SALE,2025-07-16 00:00:00
1510,118,에너지 1등급 드럼 세탁기 (모델-170),이 상품은 가전/디지털 - 주방가전 카테고리의 에너지 1등급 드럼 세탁기 (모델-170) 입니다. 최고의 품질을 보장합니다.,320000,,216,https://images.unsplash.com/photo-1626806787461-102c1bfaaea1?q=80&w=300,FOR_SALE,2024-07-23 00:00:00
1511,117,스마트 4도어 냉장고 (모델-171),이 상품은 가전/디지털 - 음향/영상 카테고리의 스마트 4도어 냉장고 (모델-171) 입니다. 최고의 품질을 보장합니다.,21000,,98,https://images.unsplash.com/photo-1588854337236-6889d631faa8?q=80&w=300,FOR_SALE,2026-01-26 00:00:00
1512,114,초고화질 게이밍 모니터 (모델-172),이 상품은 가전/디지털 - 대형가전 카테고리의 초고화질 게이밍 모니터 (모델-172) 입니다. 최고의 품질을 보장합니다.,75000,,170,https://images.unsplash.com/photo-1527443224154-c4a3942d3acf?q=80&w=300,FOR_SALE,2025-07-30 00:00:00
1513,118,에너지 1등급 블루투스 이어폰 (모델-173),이 상품은 가전/디지털 - 주방가전 카테고리의 에너지 1등급 블루투스 이어폰 (모델-173) 입니다. 최고의 품질을 보장합니다.,1070000,,253,https://images.unsplash.com/photo-1590658268037-6bf12165a8df?q=80&w=300,FOR_SALE,2024-12-30 00:00:00
1514,117,무소음 스마트폰 (모델-174),이 상품은 가전/디지털 - 음향/영상 카테고리의 무소음 스마트폰 (모델-174) 입니다. 최고의 품질을 보장합니다.,1300000,,141,https://images.unsplash.com/photo-1511707171634-5f897ff02aa9?q=80&w=300,FOR_SALE,2025-07-21 00:00:00
1515,112,LG 오브제 OLED TV (모델-175),이 상품은 가전/디지털 - 게임/콘솔 카테고리의 LG 오브제 OLED TV (모델-175) 입니다. 최고의 품질을 보장합니다.,1270000,,84,https://images.unsplash.com/photo-1593305841991-05c297ba4575?q=80&w=300,FOR_SALE,2024-07-20 00:00:00
1516,113,초고화질 게이밍 모니터 (모델-176),이 상품은 가전/디지털 - 계절가전 카테고리의 초고화질 게이밍 모니터 (모델-176) 입니다. 최고의 품질을 보장합니다.,450000,,125,https://images.unsplash.com/photo-1527443224154-c4a3942d3acf?q=80&w=300,FOR_SALE,2025-04-10 00:00:00
1517,113,스마트 맥북 프로 노트북 (모델-177),이 상품은 가전/디지털 - 계절가전 카테고리의 스마트 맥북 프로 노트북 (모델-177) 입니다. 최고의 품질을 보장합니다.,930000,790500,182,https://images.unsplash.com/photo-1517336714731-489689fd1ca8?q=80&w=300,FOR_SALE,2025-07-03 00:00:00
1518,112,에너지 1등급 맥북 프로 노트북 (모델-178),이 상품은 가전/디지털 - 게임/콘솔 카테고리의 에너지 1등급 맥북 프로 노트북 (모델-178) 입니다. 최고의 품질을 보장합니다.,35000,,264,https://images.unsplash.com/photo-1517336714731-489689fd1ca8?q=80&w=300,FOR_SALE,2025-04-16 00:00:00
1519,117,무소음 OLED TV (모델-179),이 상품은 가전/디지털 - 음향/영상 카테고리의 무소음 OLED TV (모델-179) 입니다. 최고의 품질을 보장합니다.,98000,,47,https://images.unsplash.com/photo-1593305841991-05c297ba4575?q=80&w=300,FOR_SALE,2025-08-04 00:00:00
1520,119,초고화질 OLED TV (모델-180),이 상품은 가전/디지털 - 컴퓨터/노트북 카테고리의 초고화질 OLED TV (모델-180) 입니다. 최고의 품질을 보장합니다.,36000,,185,https://images.unsplash.com/photo-1593305841991-05c297ba4575?q=80&w=300,FOR_SALE,2024-11-12 00:00:00
1521,116,삼성 비스포크 드럼 세탁기 (모델-181),이 상품은 가전/디지털 - 생활가전 카테고리의 삼성 비스포크 드럼 세탁기 (모델-181) 입니다. 최고의 품질을 보장합니다.,930000,,267,https://images.unsplash.com/photo-1626806787461-102c1bfaaea1?q=80&w=300,FOR_SALE,2026-01-23 00:00:00
1522,118,무소음 드럼 세탁기 (모델-182),이 상품은 가전/디지털 - 주방가전 카테고리의 무소음 드럼 세탁기 (모델-182) 입니다. 최고의 품질을 보장합니다.,460000,414000,184,https://images.unsplash.com/photo-1626806787461-102c1bfaaea1?q=80&w=300,FOR_SALE,2025-11-18 00:00:00
1523,114,고속충전 드럼 세탁기 (모델-183),이 상품은 가전/디지털 - 대형가전 카테고리의 고속충전 드럼 세탁기 (모델-183) 입니다. 최고의 품질을 보장합니다.,35000,33200,20,https://images.unsplash.com/photo-1626806787461-102c1bfaaea1?q=80&w=300,FOR_SALE,2025-03-29 00:00:00
1524,115,삼성 비스포크 맥북 프로 노트북 (모델-184),이 상품은 가전/디지털 - 모바일/태블릿 카테고리의 삼성 비스포크 맥북 프로 노트북 (모델-184) 입니다. 최고의 품질을 보장합니다.,65000,61800,291,https://images.unsplash.com/photo-1517336714731-489689fd1ca8?q=80&w=300,FOR_SALE,2024-07-22 00:00:00
1525,114,스마트 4도어 냉장고 (모델-185),이 상품은 가전/디지털 - 대형가전 카테고리의 스마트 4도어 냉장고 (모델-185) 입니다. 최고의 품질을 보장합니다.,1470000,,283,https://images.unsplash.com/photo-1588854337236-6889d631faa8?q=80&w=300,FOR_SALE,2025-05-10 00:00:00
1526,117,에너지 1등급 4도어 냉장고 (모델-186),이 상품은 가전/디지털 - 음향/영상 카테고리의 에너지 1등급 4도어 냉장고 (모델-186) 입니다. 최고의 품질을 보장합니다.,360000,,27,https://images.unsplash.com/photo-1588854337236-6889d631faa8?q=80&w=300,FOR_SALE,2025-12-06 00:00:00
1527,112,스마트 게이밍 모니터 (모델-187),이 상품은 가전/디지털 - 게임/콘솔 카테고리의 스마트 게이밍 모니터 (모델-187) 입니다. 최고의 품질을 보장합니다.,530000,,117,https://images.unsplash.com/photo-1527443224154-c4a3942d3acf?q=80&w=300,FOR_SALE,2024-09-10 00:00:00
1528,115,초고화질 무풍 에어컨 (모델-188),이 상품은 가전/디지털 - 모바일/태블릿 카테고리의 초고화질 무풍 에어컨 (모델-188) 입니다. 최고의 품질을 보장합니다.,1160000,1102000,245,https://images.unsplash.com/photo-1585338107529-13afc5f02586?q=80&w=300,FOR_SALE,2024-10-28 00:00:00
1529,112,고속충전 블루투스 이어폰 (모델-189),이 상품은 가전/디지털 - 게임/콘솔 카테고리의 고속충전 블루투스 이어폰 (모델-189) 입니다. 최고의 품질을 보장합니다.,28000,22400,71,https://images.unsplash.com/photo-1590658268037-6bf12165a8df?q=80&w=300,FOR_SALE,2025-07-29 00:00:00
1530,113,초고화질 4도어 냉장고 (모델-190),이 상품은 가전/디지털 - 계절가전 카테고리의 초고화질 4도어 냉장고 (모델-190) 입니다. 최고의 품질을 보장합니다.,450000,382500,32,https://images.unsplash.com/photo-1588854337236-6889d631faa8?q=80&w=300,FOR_SALE,2025-04-13 00:00:00
1531,114,삼성 비스포크 맥북 프로 노트북 (모델-191),이 상품은 가전/디지털 - 대형가전 카테고리의 삼성 비스포크 맥북 프로 노트북 (모델-191) 입니다. 최고의 품질을 보장합니다.,1450000,,267,https://images.unsplash.com/photo-1517336714731-489689fd1ca8?q=80&w=300,FOR_SALE,2024-11-18 00:00:00
1532,117,초고화질 맥북 프로 노트북 (모델-192),이 상품은 가전/디지털 - 음향/영상 카테고리의 초고화질 맥북 프로 노트북 (모델-192) 입니다. 최고의 품질을 보장합니다.,22000,20900,148,https://images.unsplash.com/photo-1517336714731-489689fd1ca8?q=80&w=300,FOR_SALE,2026-06-02 00:00:00
1533,119,에너지 1등급 OLED TV (모델-193),이 상품은 가전/디지털 - 컴퓨터/노트북 카테고리의 에너지 1등급 OLED TV (모델-193) 입니다. 최고의 품질을 보장합니다.,1070000,,292,https://images.unsplash.com/photo-1593305841991-05c297ba4575?q=80&w=300,FOR_SALE,2025-07-26 00:00:00
1534,116,삼성 비스포크 4도어 냉장고 (모델-194),이 상품은 가전/디지털 - 생활가전 카테고리의 삼성 비스포크 4도어 냉장고 (모델-194) 입니다. 최고의 품질을 보장합니다.,96000,,81,https://images.unsplash.com/photo-1588854337236-6889d631faa8?q=80&w=300,FOR_SALE,2025-08-13 00:00:00
1535,112,초고화질 맥북 프로 노트북 (모델-195),이 상품은 가전/디지털 - 게임/콘솔 카테고리의 초고화질 맥북 프로 노트북 (모델-195) 입니다. 최고의 품질을 보장합니다.,16000,14400,195,https://images.unsplash.com/photo-1517336714731-489689fd1ca8?q=80&w=300,FOR_SALE,2025-10-30 00:00:00
1536,115,고속충전 맥북 프로 노트북 (모델-196),이 상품은 가전/디지털 - 모바일/태블릿 카테고리의 고속충전 맥북 프로 노트북 (모델-196) 입니다. 최고의 품질을 보장합니다.,51000,,273,https://images.unsplash.com/photo-1517336714731-489689fd1ca8?q=80&w=300,FOR_SALE,2025-03-19 00:00:00
1537,113,삼성 비스포크 게이밍 모니터 (모델-197),이 상품은 가전/디지털 - 계절가전 카테고리의 삼성 비스포크 게이밍 모니터 (모델-197) 입니다. 최고의 품질을 보장합니다.,240000,204000,253,https://images.unsplash.com/photo-1527443224154-c4a3942d3acf?q=80&w=300,FOR_SALE,2024-10-17 00:00:00
1538,117,LG 오브제 드럼 세탁기 (모델-198),이 상품은 가전/디지털 - 음향/영상 카테고리의 LG 오브제 드럼 세탁기 (모델-198) 입니다. 최고의 품질을 보장합니다.,870000,,63,https://images.unsplash.com/photo-1626806787461-102c1bfaaea1?q=80&w=300,FOR_SALE,2024-09-19 00:00:00
1539,113,초고화질 블루투스 이어폰 (모델-199),이 상품은 가전/디지털 - 계절가전 카테고리의 초고화질 블루투스 이어폰 (모델-199) 입니다. 최고의 품질을 보장합니다.,1040000,,184,https://images.unsplash.com/photo-1590658268037-6bf12165a8df?q=80&w=300,FOR_SALE,2024-08-01 00:00:00
1540,114,스마트 맥북 프로 노트북 (모델-200),이 상품은 가전/디지털 - 대형가전 카테고리의 스마트 맥북 프로 노트북 (모델-200) 입니다. 최고의 품질을 보장합니다.,74000,,211,https://images.unsplash.com/photo-1517336714731-489689fd1ca8?q=80&w=300,FOR_SALE,2025-07-08 00:00:00
1541,125,쿨링 린넨 셔츠 (모델-1),이 상품은 패션 - 여성의류 카테고리의 쿨링 린넨 셔츠 (모델-1) 입니다. 최고의 품질을 보장합니다.,74000,70300,122,https://images.unsplash.com/photo-1596755094514-f87e34085b2c?q=80&w=300,FOR_SALE,2025-02-11 00:00:00
1542,122,쿨링 러닝화 (모델-2),이 상품은 패션 - 시계/주얼리 카테고리의 쿨링 러닝화 (모델-2) 입니다. 최고의 품질을 보장합니다.,86000,77400,221,https://images.unsplash.com/photo-1491553895911-0055eca6402d?q=80&w=300,FOR_SALE,2025-03-07 00:00:00
1543,124,데일리 가죽 크로스백 (모델-3),이 상품은 패션 - 언더웨어/홈웨어 카테고리의 데일리 가죽 크로스백 (모델-3) 입니다. 최고의 품질을 보장합니다.,51000,45900,191,https://images.unsplash.com/photo-1548036328-c9fa89d128fa?q=80&w=300,FOR_SALE,2025-03-07 00:00:00
1544,123,프리미엄 실크 파자마 (모델-4),이 상품은 패션 - 신발 카테고리의 프리미엄 실크 파자마 (모델-4) 입니다. 최고의 품질을 보장합니다.,69000,,87,https://images.unsplash.com/photo-1608248597279-f99d160bfcbc?q=80&w=300,FOR_SALE,2025-10-27 00:00:00
1545,121,방수 린넨 셔츠 (모델-5),이 상품은 패션 - 남성의류 카테고리의 방수 린넨 셔츠 (모델-5) 입니다. 최고의 품질을 보장합니다.,115000,,258,https://images.unsplash.com/photo-1596755094514-f87e34085b2c?q=80&w=300,FOR_SALE,2024-12-26 00:00:00
1546,126,오버핏 린넨 셔츠 (모델-6),이 상품은 패션 - 패션잡화 카테고리의 오버핏 린넨 셔츠 (모델-6) 입니다. 최고의 품질을 보장합니다.,134000,107200,247,https://images.unsplash.com/photo-1596755094514-f87e34085b2c?q=80&w=300,FOR_SALE,2025-02-03 00:00:00
1547,124,프리미엄 실크 파자마 (모델-7),이 상품은 패션 - 언더웨어/홈웨어 카테고리의 프리미엄 실크 파자마 (모델-7) 입니다. 최고의 품질을 보장합니다.,100000,,44,https://images.unsplash.com/photo-1608248597279-f99d160bfcbc?q=80&w=300,FOR_SALE,2025-12-11 00:00:00
1548,124,쿨링 패션 모자 (모델-8),이 상품은 패션 - 언더웨어/홈웨어 카테고리의 쿨링 패션 모자 (모델-8) 입니다. 최고의 품질을 보장합니다.,61000,,48,https://images.unsplash.com/photo-1534215754734-18e55d13e346?q=80&w=300,FOR_SALE,2024-07-28 00:00:00
1549,121,방수 러닝화 (모델-9),이 상품은 패션 - 남성의류 카테고리의 방수 러닝화 (모델-9) 입니다. 최고의 품질을 보장합니다.,38000,,200,https://images.unsplash.com/photo-1491553895911-0055eca6402d?q=80&w=300,FOR_SALE,2026-03-08 00:00:00
1550,120,오버핏 가죽 크로스백 (모델-10),이 상품은 패션 - 가방 카테고리의 오버핏 가죽 크로스백 (모델-10) 입니다. 최고의 품질을 보장합니다.,21000,,220,https://images.unsplash.com/photo-1548036328-c9fa89d128fa?q=80&w=300,FOR_SALE,2025-08-16 00:00:00
1551,121,방수 실크 파자마 (모델-11),이 상품은 패션 - 남성의류 카테고리의 방수 실크 파자마 (모델-11) 입니다. 최고의 품질을 보장합니다.,149000,,25,https://images.unsplash.com/photo-1608248597279-f99d160bfcbc?q=80&w=300,FOR_SALE,2024-12-22 00:00:00
1552,125,트렌디 실크 파자마 (모델-12),이 상품은 패션 - 여성의류 카테고리의 트렌디 실크 파자마 (모델-12) 입니다. 최고의 품질을 보장합니다.,72000,,157,https://images.unsplash.com/photo-1608248597279-f99d160bfcbc?q=80&w=300,FOR_SALE,2024-07-23 00:00:00
1553,120,프리미엄 가죽 벨트 (모델-13),이 상품은 패션 - 가방 카테고리의 프리미엄 가죽 벨트 (모델-13) 입니다. 최고의 품질을 보장합니다.,148000,140600,285,https://images.unsplash.com/photo-1614162692292-7ac56d7f7f1e?q=80&w=300,FOR_SALE,2024-08-23 00:00:00
1554,124,트렌디 실크 파자마 (모델-14),이 상품은 패션 - 언더웨어/홈웨어 카테고리의 트렌디 실크 파자마 (모델-14) 입니다. 최고의 품질을 보장합니다.,138000,,58,https://images.unsplash.com/photo-1608248597279-f99d160bfcbc?q=80&w=300,FOR_SALE,2024-09-06 00:00:00
1555,120,오버핏 패션 모자 (모델-15),이 상품은 패션 - 가방 카테고리의 오버핏 패션 모자 (모델-15) 입니다. 최고의 품질을 보장합니다.,60000,,51,https://images.unsplash.com/photo-1534215754734-18e55d13e346?q=80&w=300,FOR_SALE,2025-06-24 00:00:00
1556,124,트렌디 패션 모자 (모델-16),이 상품은 패션 - 언더웨어/홈웨어 카테고리의 트렌디 패션 모자 (모델-16) 입니다. 최고의 품질을 보장합니다.,105000,89200,22,https://images.unsplash.com/photo-1534215754734-18e55d13e346?q=80&w=300,FOR_SALE,2026-02-27 00:00:00
1557,120,프리미엄 스포츠 양말 (모델-17),이 상품은 패션 - 가방 카테고리의 프리미엄 스포츠 양말 (모델-17) 입니다. 최고의 품질을 보장합니다.,36000,,196,https://images.unsplash.com/photo-1582966772680-860e372bb558?q=80&w=300,FOR_SALE,2025-10-05 00:00:00
1558,123,데일리 러닝화 (모델-18),이 상품은 패션 - 신발 카테고리의 데일리 러닝화 (모델-18) 입니다. 최고의 품질을 보장합니다.,76000,64600,68,https://images.unsplash.com/photo-1491553895911-0055eca6402d?q=80&w=300,FOR_SALE,2024-07-14 00:00:00
1559,124,트렌디 러닝화 (모델-19),이 상품은 패션 - 언더웨어/홈웨어 카테고리의 트렌디 러닝화 (모델-19) 입니다. 최고의 품질을 보장합니다.,105000,94500,99,https://images.unsplash.com/photo-1491553895911-0055eca6402d?q=80&w=300,FOR_SALE,2025-07-20 00:00:00
1560,120,프리미엄 실크 파자마 (모델-20),이 상품은 패션 - 가방 카테고리의 프리미엄 실크 파자마 (모델-20) 입니다. 최고의 품질을 보장합니다.,55000,49500,19,https://images.unsplash.com/photo-1608248597279-f99d160bfcbc?q=80&w=300,FOR_SALE,2025-10-15 00:00:00
1561,126,린넨 실크 파자마 (모델-21),이 상품은 패션 - 패션잡화 카테고리의 린넨 실크 파자마 (모델-21) 입니다. 최고의 품질을 보장합니다.,145000,137800,263,https://images.unsplash.com/photo-1608248597279-f99d160bfcbc?q=80&w=300,FOR_SALE,2025-11-11 00:00:00
1562,121,방수 패션 모자 (모델-22),이 상품은 패션 - 남성의류 카테고리의 방수 패션 모자 (모델-22) 입니다. 최고의 품질을 보장합니다.,100000,80000,77,https://images.unsplash.com/photo-1534215754734-18e55d13e346?q=80&w=300,FOR_SALE,2026-01-03 00:00:00
1563,126,쿨링 데님 팬츠 (모델-23),이 상품은 패션 - 패션잡화 카테고리의 쿨링 데님 팬츠 (모델-23) 입니다. 최고의 품질을 보장합니다.,114000,,39,https://images.unsplash.com/photo-1542272604-787c3835535d?q=80&w=300,FOR_SALE,2026-05-08 00:00:00
1564,125,방수 데님 팬츠 (모델-24),이 상품은 패션 - 여성의류 카테고리의 방수 데님 팬츠 (모델-24) 입니다. 최고의 품질을 보장합니다.,98000,,131,https://images.unsplash.com/photo-1542272604-787c3835535d?q=80&w=300,FOR_SALE,2026-04-16 00:00:00
1565,121,트렌디 데님 팬츠 (모델-25),이 상품은 패션 - 남성의류 카테고리의 트렌디 데님 팬츠 (모델-25) 입니다. 최고의 품질을 보장합니다.,95000,,158,https://images.unsplash.com/photo-1542272604-787c3835535d?q=80&w=300,FOR_SALE,2025-09-25 00:00:00
1566,126,프리미엄 실크 파자마 (모델-26),이 상품은 패션 - 패션잡화 카테고리의 프리미엄 실크 파자마 (모델-26) 입니다. 최고의 품질을 보장합니다.,80000,,10,https://images.unsplash.com/photo-1608248597279-f99d160bfcbc?q=80&w=300,FOR_SALE,2025-02-01 00:00:00
1567,122,트렌디 가죽 벨트 (모델-27),이 상품은 패션 - 시계/주얼리 카테고리의 트렌디 가죽 벨트 (모델-27) 입니다. 최고의 품질을 보장합니다.,33000,,164,https://images.unsplash.com/photo-1614162692292-7ac56d7f7f1e?q=80&w=300,FOR_SALE,2024-09-15 00:00:00
1568,124,쿨링 데님 팬츠 (모델-28),이 상품은 패션 - 언더웨어/홈웨어 카테고리의 쿨링 데님 팬츠 (모델-28) 입니다. 최고의 품질을 보장합니다.,132000,,102,https://images.unsplash.com/photo-1542272604-787c3835535d?q=80&w=300,FOR_SALE,2026-03-20 00:00:00
1569,126,트렌디 데님 팬츠 (모델-29),이 상품은 패션 - 패션잡화 카테고리의 트렌디 데님 팬츠 (모델-29) 입니다. 최고의 품질을 보장합니다.,57000,54200,281,https://images.unsplash.com/photo-1542272604-787c3835535d?q=80&w=300,FOR_SALE,2025-02-21 00:00:00
1570,122,트렌디 가죽 크로스백 (모델-30),이 상품은 패션 - 시계/주얼리 카테고리의 트렌디 가죽 크로스백 (모델-30) 입니다. 최고의 품질을 보장합니다.,33000,28000,39,https://images.unsplash.com/photo-1548036328-c9fa89d128fa?q=80&w=300,FOR_SALE,2025-04-04 00:00:00
1571,124,린넨 가죽 크로스백 (모델-31),이 상품은 패션 - 언더웨어/홈웨어 카테고리의 린넨 가죽 크로스백 (모델-31) 입니다. 최고의 품질을 보장합니다.,33000,28000,65,https://images.unsplash.com/photo-1548036328-c9fa89d128fa?q=80&w=300,FOR_SALE,2024-08-27 00:00:00
1572,121,프리미엄 스포츠 양말 (모델-32),이 상품은 패션 - 남성의류 카테고리의 프리미엄 스포츠 양말 (모델-32) 입니다. 최고의 품질을 보장합니다.,131000,117900,70,https://images.unsplash.com/photo-1582966772680-860e372bb558?q=80&w=300,FOR_SALE,2024-10-21 00:00:00
1573,122,오버핏 가죽 크로스백 (모델-33),이 상품은 패션 - 시계/주얼리 카테고리의 오버핏 가죽 크로스백 (모델-33) 입니다. 최고의 품질을 보장합니다.,131000,124400,98,https://images.unsplash.com/photo-1548036328-c9fa89d128fa?q=80&w=300,FOR_SALE,2025-11-15 00:00:00
1574,121,오버핏 러닝화 (모델-34),이 상품은 패션 - 남성의류 카테고리의 오버핏 러닝화 (모델-34) 입니다. 최고의 품질을 보장합니다.,11000,9900,171,https://images.unsplash.com/photo-1491553895911-0055eca6402d?q=80&w=300,FOR_SALE,2025-05-05 00:00:00
1575,121,오버핏 데님 팬츠 (모델-35),이 상품은 패션 - 남성의류 카테고리의 오버핏 데님 팬츠 (모델-35) 입니다. 최고의 품질을 보장합니다.,87000,,178,https://images.unsplash.com/photo-1542272604-787c3835535d?q=80&w=300,FOR_SALE,2025-01-12 00:00:00
1576,122,쿨링 데님 팬츠 (모델-36),이 상품은 패션 - 시계/주얼리 카테고리의 쿨링 데님 팬츠 (모델-36) 입니다. 최고의 품질을 보장합니다.,63000,59800,256,https://images.unsplash.com/photo-1542272604-787c3835535d?q=80&w=300,FOR_SALE,2025-04-19 00:00:00
1577,124,쿨링 실크 파자마 (모델-37),이 상품은 패션 - 언더웨어/홈웨어 카테고리의 쿨링 실크 파자마 (모델-37) 입니다. 최고의 품질을 보장합니다.,136000,115600,12,https://images.unsplash.com/photo-1608248597279-f99d160bfcbc?q=80&w=300,FOR_SALE,2025-09-26 00:00:00
1578,122,트렌디 스포츠 양말 (모델-38),이 상품은 패션 - 시계/주얼리 카테고리의 트렌디 스포츠 양말 (모델-38) 입니다. 최고의 품질을 보장합니다.,82000,73800,209,https://images.unsplash.com/photo-1582966772680-860e372bb558?q=80&w=300,FOR_SALE,2026-01-02 00:00:00
1579,125,프리미엄 패션 모자 (모델-39),이 상품은 패션 - 여성의류 카테고리의 프리미엄 패션 모자 (모델-39) 입니다. 최고의 품질을 보장합니다.,37000,,101,https://images.unsplash.com/photo-1534215754734-18e55d13e346?q=80&w=300,FOR_SALE,2024-07-31 00:00:00
1580,124,쿨링 실크 파자마 (모델-40),이 상품은 패션 - 언더웨어/홈웨어 카테고리의 쿨링 실크 파자마 (모델-40) 입니다. 최고의 품질을 보장합니다.,71000,,157,https://images.unsplash.com/photo-1608248597279-f99d160bfcbc?q=80&w=300,FOR_SALE,2026-05-28 00:00:00
1581,126,트렌디 실크 파자마 (모델-41),이 상품은 패션 - 패션잡화 카테고리의 트렌디 실크 파자마 (모델-41) 입니다. 최고의 품질을 보장합니다.,37000,33300,285,https://images.unsplash.com/photo-1608248597279-f99d160bfcbc?q=80&w=300,FOR_SALE,2026-02-13 00:00:00
1582,124,프리미엄 실크 파자마 (모델-42),이 상품은 패션 - 언더웨어/홈웨어 카테고리의 프리미엄 실크 파자마 (모델-42) 입니다. 최고의 품질을 보장합니다.,36000,34200,101,https://images.unsplash.com/photo-1608248597279-f99d160bfcbc?q=80&w=300,FOR_SALE,2025-03-24 00:00:00
1583,124,프리미엄 실크 파자마 (모델-43),이 상품은 패션 - 언더웨어/홈웨어 카테고리의 프리미엄 실크 파자마 (모델-43) 입니다. 최고의 품질을 보장합니다.,62000,,69,https://images.unsplash.com/photo-1608248597279-f99d160bfcbc?q=80&w=300,FOR_SALE,2025-10-21 00:00:00
1584,124,쿨링 가죽 크로스백 (모델-44),이 상품은 패션 - 언더웨어/홈웨어 카테고리의 쿨링 가죽 크로스백 (모델-44) 입니다. 최고의 품질을 보장합니다.,18000,,14,https://images.unsplash.com/photo-1548036328-c9fa89d128fa?q=80&w=300,FOR_SALE,2025-12-04 00:00:00
1585,124,방수 가죽 크로스백 (모델-45),이 상품은 패션 - 언더웨어/홈웨어 카테고리의 방수 가죽 크로스백 (모델-45) 입니다. 최고의 품질을 보장합니다.,66000,,14,https://images.unsplash.com/photo-1548036328-c9fa89d128fa?q=80&w=300,FOR_SALE,2024-12-19 00:00:00
1586,125,프리미엄 가죽 크로스백 (모델-46),이 상품은 패션 - 여성의류 카테고리의 프리미엄 가죽 크로스백 (모델-46) 입니다. 최고의 품질을 보장합니다.,29000,27600,179,https://images.unsplash.com/photo-1548036328-c9fa89d128fa?q=80&w=300,FOR_SALE,2025-02-12 00:00:00
1587,120,방수 실크 파자마 (모델-47),이 상품은 패션 - 가방 카테고리의 방수 실크 파자마 (모델-47) 입니다. 최고의 품질을 보장합니다.,21000,,174,https://images.unsplash.com/photo-1608248597279-f99d160bfcbc?q=80&w=300,FOR_SALE,2026-04-12 00:00:00
1588,120,트렌디 패션 모자 (모델-48),이 상품은 패션 - 가방 카테고리의 트렌디 패션 모자 (모델-48) 입니다. 최고의 품질을 보장합니다.,95000,85500,134,https://images.unsplash.com/photo-1534215754734-18e55d13e346?q=80&w=300,FOR_SALE,2024-11-09 00:00:00
1589,122,트렌디 패션 모자 (모델-49),이 상품은 패션 - 시계/주얼리 카테고리의 트렌디 패션 모자 (모델-49) 입니다. 최고의 품질을 보장합니다.,81000,77000,283,https://images.unsplash.com/photo-1534215754734-18e55d13e346?q=80&w=300,FOR_SALE,2025-09-20 00:00:00
1590,126,쿨링 가죽 크로스백 (모델-50),이 상품은 패션 - 패션잡화 카테고리의 쿨링 가죽 크로스백 (모델-50) 입니다. 최고의 품질을 보장합니다.,22000,,229,https://images.unsplash.com/photo-1548036328-c9fa89d128fa?q=80&w=300,FOR_SALE,2026-01-29 00:00:00
1591,126,데일리 패션 모자 (모델-51),이 상품은 패션 - 패션잡화 카테고리의 데일리 패션 모자 (모델-51) 입니다. 최고의 품질을 보장합니다.,109000,92600,150,https://images.unsplash.com/photo-1534215754734-18e55d13e346?q=80&w=300,FOR_SALE,2025-02-20 00:00:00
1592,123,트렌디 데님 팬츠 (모델-52),이 상품은 패션 - 신발 카테고리의 트렌디 데님 팬츠 (모델-52) 입니다. 최고의 품질을 보장합니다.,28000,,230,https://images.unsplash.com/photo-1542272604-787c3835535d?q=80&w=300,FOR_SALE,2026-01-17 00:00:00
1593,121,데일리 가죽 크로스백 (모델-53),이 상품은 패션 - 남성의류 카테고리의 데일리 가죽 크로스백 (모델-53) 입니다. 최고의 품질을 보장합니다.,123000,,214,https://images.unsplash.com/photo-1548036328-c9fa89d128fa?q=80&w=300,FOR_SALE,2025-02-12 00:00:00
1594,121,데일리 린넨 셔츠 (모델-54),이 상품은 패션 - 남성의류 카테고리의 데일리 린넨 셔츠 (모델-54) 입니다. 최고의 품질을 보장합니다.,98000,88200,93,https://images.unsplash.com/photo-1596755094514-f87e34085b2c?q=80&w=300,FOR_SALE,2024-07-19 00:00:00
1595,122,오버핏 패션 모자 (모델-55),이 상품은 패션 - 시계/주얼리 카테고리의 오버핏 패션 모자 (모델-55) 입니다. 최고의 품질을 보장합니다.,70000,,116,https://images.unsplash.com/photo-1534215754734-18e55d13e346?q=80&w=300,FOR_SALE,2024-12-06 00:00:00
1596,123,트렌디 가죽 크로스백 (모델-56),이 상품은 패션 - 신발 카테고리의 트렌디 가죽 크로스백 (모델-56) 입니다. 최고의 품질을 보장합니다.,55000,,136,https://images.unsplash.com/photo-1548036328-c9fa89d128fa?q=80&w=300,FOR_SALE,2024-11-07 00:00:00
1597,124,린넨 스포츠 양말 (모델-57),이 상품은 패션 - 언더웨어/홈웨어 카테고리의 린넨 스포츠 양말 (모델-57) 입니다. 최고의 품질을 보장합니다.,86000,,25,https://images.unsplash.com/photo-1582966772680-860e372bb558?q=80&w=300,FOR_SALE,2024-10-01 00:00:00
1598,124,데일리 린넨 셔츠 (모델-58),이 상품은 패션 - 언더웨어/홈웨어 카테고리의 데일리 린넨 셔츠 (모델-58) 입니다. 최고의 품질을 보장합니다.,42000,39900,175,https://images.unsplash.com/photo-1596755094514-f87e34085b2c?q=80&w=300,FOR_SALE,2025-07-13 00:00:00
1599,126,쿨링 스포츠 양말 (모델-59),이 상품은 패션 - 패션잡화 카테고리의 쿨링 스포츠 양말 (모델-59) 입니다. 최고의 품질을 보장합니다.,49000,46600,65,https://images.unsplash.com/photo-1582966772680-860e372bb558?q=80&w=300,FOR_SALE,2025-03-06 00:00:00
1600,122,방수 러닝화 (모델-60),이 상품은 패션 - 시계/주얼리 카테고리의 방수 러닝화 (모델-60) 입니다. 최고의 품질을 보장합니다.,83000,70600,131,https://images.unsplash.com/photo-1491553895911-0055eca6402d?q=80&w=300,FOR_SALE,2024-09-13 00:00:00
1601,120,방수 가죽 벨트 (모델-61),이 상품은 패션 - 가방 카테고리의 방수 가죽 벨트 (모델-61) 입니다. 최고의 품질을 보장합니다.,137000,,263,https://images.unsplash.com/photo-1614162692292-7ac56d7f7f1e?q=80&w=300,FOR_SALE,2025-01-02 00:00:00
1602,121,쿨링 실크 파자마 (모델-62),이 상품은 패션 - 남성의류 카테고리의 쿨링 실크 파자마 (모델-62) 입니다. 최고의 품질을 보장합니다.,105000,99800,180,https://images.unsplash.com/photo-1608248597279-f99d160bfcbc?q=80&w=300,FOR_SALE,2025-03-23 00:00:00
1603,122,린넨 스포츠 양말 (모델-63),이 상품은 패션 - 시계/주얼리 카테고리의 린넨 스포츠 양말 (모델-63) 입니다. 최고의 품질을 보장합니다.,71000,60400,126,https://images.unsplash.com/photo-1582966772680-860e372bb558?q=80&w=300,FOR_SALE,2024-11-18 00:00:00
1604,120,데일리 린넨 셔츠 (모델-64),이 상품은 패션 - 가방 카테고리의 데일리 린넨 셔츠 (모델-64) 입니다. 최고의 품질을 보장합니다.,52000,46800,68,https://images.unsplash.com/photo-1596755094514-f87e34085b2c?q=80&w=300,FOR_SALE,2025-03-03 00:00:00
1605,126,데일리 패션 모자 (모델-65),이 상품은 패션 - 패션잡화 카테고리의 데일리 패션 모자 (모델-65) 입니다. 최고의 품질을 보장합니다.,79000,71100,217,https://images.unsplash.com/photo-1534215754734-18e55d13e346?q=80&w=300,FOR_SALE,2025-12-22 00:00:00
1606,126,오버핏 가죽 크로스백 (모델-66),이 상품은 패션 - 패션잡화 카테고리의 오버핏 가죽 크로스백 (모델-66) 입니다. 최고의 품질을 보장합니다.,32000,,286,https://images.unsplash.com/photo-1548036328-c9fa89d128fa?q=80&w=300,FOR_SALE,2025-02-01 00:00:00
1607,125,트렌디 패션 모자 (모델-67),이 상품은 패션 - 여성의류 카테고리의 트렌디 패션 모자 (모델-67) 입니다. 최고의 품질을 보장합니다.,50000,45000,27,https://images.unsplash.com/photo-1534215754734-18e55d13e346?q=80&w=300,FOR_SALE,2025-02-27 00:00:00
1608,121,린넨 스포츠 양말 (모델-68),이 상품은 패션 - 남성의류 카테고리의 린넨 스포츠 양말 (모델-68) 입니다. 최고의 품질을 보장합니다.,73000,,212,https://images.unsplash.com/photo-1582966772680-860e372bb558?q=80&w=300,FOR_SALE,2025-09-10 00:00:00
1609,125,프리미엄 러닝화 (모델-69),이 상품은 패션 - 여성의류 카테고리의 프리미엄 러닝화 (모델-69) 입니다. 최고의 품질을 보장합니다.,42000,,287,https://images.unsplash.com/photo-1491553895911-0055eca6402d?q=80&w=300,FOR_SALE,2025-09-22 00:00:00
1610,123,린넨 린넨 셔츠 (모델-70),이 상품은 패션 - 신발 카테고리의 린넨 린넨 셔츠 (모델-70) 입니다. 최고의 품질을 보장합니다.,55000,,185,https://images.unsplash.com/photo-1596755094514-f87e34085b2c?q=80&w=300,FOR_SALE,2024-08-19 00:00:00
1611,121,트렌디 가죽 크로스백 (모델-71),이 상품은 패션 - 남성의류 카테고리의 트렌디 가죽 크로스백 (모델-71) 입니다. 최고의 품질을 보장합니다.,24000,21600,89,https://images.unsplash.com/photo-1548036328-c9fa89d128fa?q=80&w=300,FOR_SALE,2025-08-23 00:00:00
1612,124,데일리 스포츠 양말 (모델-72),이 상품은 패션 - 언더웨어/홈웨어 카테고리의 데일리 스포츠 양말 (모델-72) 입니다. 최고의 품질을 보장합니다.,66000,62700,105,https://images.unsplash.com/photo-1582966772680-860e372bb558?q=80&w=300,FOR_SALE,2024-12-16 00:00:00
1613,123,트렌디 가죽 크로스백 (모델-73),이 상품은 패션 - 신발 카테고리의 트렌디 가죽 크로스백 (모델-73) 입니다. 최고의 품질을 보장합니다.,69000,65600,295,https://images.unsplash.com/photo-1548036328-c9fa89d128fa?q=80&w=300,FOR_SALE,2025-01-22 00:00:00
1614,121,프리미엄 데님 팬츠 (모델-74),이 상품은 패션 - 남성의류 카테고리의 프리미엄 데님 팬츠 (모델-74) 입니다. 최고의 품질을 보장합니다.,21000,,100,https://images.unsplash.com/photo-1542272604-787c3835535d?q=80&w=300,FOR_SALE,2024-08-30 00:00:00
1615,123,트렌디 가죽 벨트 (모델-75),이 상품은 패션 - 신발 카테고리의 트렌디 가죽 벨트 (모델-75) 입니다. 최고의 품질을 보장합니다.,123000,116800,139,https://images.unsplash.com/photo-1614162692292-7ac56d7f7f1e?q=80&w=300,FOR_SALE,2025-10-01 00:00:00
1616,122,방수 실크 파자마 (모델-76),이 상품은 패션 - 시계/주얼리 카테고리의 방수 실크 파자마 (모델-76) 입니다. 최고의 품질을 보장합니다.,128000,102400,111,https://images.unsplash.com/photo-1608248597279-f99d160bfcbc?q=80&w=300,FOR_SALE,2025-08-25 00:00:00
1617,124,방수 린넨 셔츠 (모델-77),이 상품은 패션 - 언더웨어/홈웨어 카테고리의 방수 린넨 셔츠 (모델-77) 입니다. 최고의 품질을 보장합니다.,141000,134000,150,https://images.unsplash.com/photo-1596755094514-f87e34085b2c?q=80&w=300,FOR_SALE,2025-03-09 00:00:00
1618,121,오버핏 실크 파자마 (모델-78),이 상품은 패션 - 남성의류 카테고리의 오버핏 실크 파자마 (모델-78) 입니다. 최고의 품질을 보장합니다.,11000,,22,https://images.unsplash.com/photo-1608248597279-f99d160bfcbc?q=80&w=300,FOR_SALE,2026-03-15 00:00:00
1619,126,방수 가죽 크로스백 (모델-79),이 상품은 패션 - 패션잡화 카테고리의 방수 가죽 크로스백 (모델-79) 입니다. 최고의 품질을 보장합니다.,22000,,87,https://images.unsplash.com/photo-1548036328-c9fa89d128fa?q=80&w=300,FOR_SALE,2025-08-14 00:00:00
1620,126,데일리 러닝화 (모델-80),이 상품은 패션 - 패션잡화 카테고리의 데일리 러닝화 (모델-80) 입니다. 최고의 품질을 보장합니다.,90000,76500,256,https://images.unsplash.com/photo-1491553895911-0055eca6402d?q=80&w=300,FOR_SALE,2025-10-05 00:00:00
1621,120,프리미엄 실크 파자마 (모델-81),이 상품은 패션 - 가방 카테고리의 프리미엄 실크 파자마 (모델-81) 입니다. 최고의 품질을 보장합니다.,69000,65600,278,https://images.unsplash.com/photo-1608248597279-f99d160bfcbc?q=80&w=300,FOR_SALE,2025-08-28 00:00:00
1622,125,쿨링 스포츠 양말 (모델-82),이 상품은 패션 - 여성의류 카테고리의 쿨링 스포츠 양말 (모델-82) 입니다. 최고의 품질을 보장합니다.,47000,42300,53,https://images.unsplash.com/photo-1582966772680-860e372bb558?q=80&w=300,FOR_SALE,2025-06-24 00:00:00
1623,122,방수 가죽 크로스백 (모델-83),이 상품은 패션 - 시계/주얼리 카테고리의 방수 가죽 크로스백 (모델-83) 입니다. 최고의 품질을 보장합니다.,19000,17100,118,https://images.unsplash.com/photo-1548036328-c9fa89d128fa?q=80&w=300,FOR_SALE,2025-07-10 00:00:00
1624,125,린넨 린넨 셔츠 (모델-84),이 상품은 패션 - 여성의류 카테고리의 린넨 린넨 셔츠 (모델-84) 입니다. 최고의 품질을 보장합니다.,113000,107400,126,https://images.unsplash.com/photo-1596755094514-f87e34085b2c?q=80&w=300,FOR_SALE,2024-11-26 00:00:00
1625,122,트렌디 스포츠 양말 (모델-85),이 상품은 패션 - 시계/주얼리 카테고리의 트렌디 스포츠 양말 (모델-85) 입니다. 최고의 품질을 보장합니다.,90000,,182,https://images.unsplash.com/photo-1582966772680-860e372bb558?q=80&w=300,FOR_SALE,2026-03-12 00:00:00
1626,125,프리미엄 스포츠 양말 (모델-86),이 상품은 패션 - 여성의류 카테고리의 프리미엄 스포츠 양말 (모델-86) 입니다. 최고의 품질을 보장합니다.,102000,96900,256,https://images.unsplash.com/photo-1582966772680-860e372bb558?q=80&w=300,FOR_SALE,2026-01-12 00:00:00
1627,121,쿨링 스포츠 양말 (모델-87),이 상품은 패션 - 남성의류 카테고리의 쿨링 스포츠 양말 (모델-87) 입니다. 최고의 품질을 보장합니다.,17000,15300,200,https://images.unsplash.com/photo-1582966772680-860e372bb558?q=80&w=300,FOR_SALE,2025-12-30 00:00:00
1628,120,데일리 실크 파자마 (모델-88),이 상품은 패션 - 가방 카테고리의 데일리 실크 파자마 (모델-88) 입니다. 최고의 품질을 보장합니다.,131000,,142,https://images.unsplash.com/photo-1608248597279-f99d160bfcbc?q=80&w=300,FOR_SALE,2025-10-09 00:00:00
1629,121,오버핏 가죽 벨트 (모델-89),이 상품은 패션 - 남성의류 카테고리의 오버핏 가죽 벨트 (모델-89) 입니다. 최고의 품질을 보장합니다.,143000,135800,197,https://images.unsplash.com/photo-1614162692292-7ac56d7f7f1e?q=80&w=300,FOR_SALE,2025-05-06 00:00:00
1630,125,트렌디 패션 모자 (모델-90),이 상품은 패션 - 여성의류 카테고리의 트렌디 패션 모자 (모델-90) 입니다. 최고의 품질을 보장합니다.,47000,,99,https://images.unsplash.com/photo-1534215754734-18e55d13e346?q=80&w=300,FOR_SALE,2025-12-28 00:00:00
1631,125,오버핏 스포츠 양말 (모델-91),이 상품은 패션 - 여성의류 카테고리의 오버핏 스포츠 양말 (모델-91) 입니다. 최고의 품질을 보장합니다.,79000,71100,286,https://images.unsplash.com/photo-1582966772680-860e372bb558?q=80&w=300,FOR_SALE,2025-10-26 00:00:00
1632,126,쿨링 린넨 셔츠 (모델-92),이 상품은 패션 - 패션잡화 카테고리의 쿨링 린넨 셔츠 (모델-92) 입니다. 최고의 품질을 보장합니다.,91000,,112,https://images.unsplash.com/photo-1596755094514-f87e34085b2c?q=80&w=300,FOR_SALE,2026-03-29 00:00:00
1633,120,프리미엄 가죽 벨트 (모델-93),이 상품은 패션 - 가방 카테고리의 프리미엄 가죽 벨트 (모델-93) 입니다. 최고의 품질을 보장합니다.,139000,132000,220,https://images.unsplash.com/photo-1614162692292-7ac56d7f7f1e?q=80&w=300,FOR_SALE,2025-04-04 00:00:00
1634,126,트렌디 가죽 크로스백 (모델-94),이 상품은 패션 - 패션잡화 카테고리의 트렌디 가죽 크로스백 (모델-94) 입니다. 최고의 품질을 보장합니다.,89000,,187,https://images.unsplash.com/photo-1548036328-c9fa89d128fa?q=80&w=300,FOR_SALE,2025-04-11 00:00:00
1635,124,쿨링 러닝화 (모델-95),이 상품은 패션 - 언더웨어/홈웨어 카테고리의 쿨링 러닝화 (모델-95) 입니다. 최고의 품질을 보장합니다.,136000,,63,https://images.unsplash.com/photo-1491553895911-0055eca6402d?q=80&w=300,FOR_SALE,2025-06-29 00:00:00
1636,124,트렌디 가죽 크로스백 (모델-96),이 상품은 패션 - 언더웨어/홈웨어 카테고리의 트렌디 가죽 크로스백 (모델-96) 입니다. 최고의 품질을 보장합니다.,59000,47200,13,https://images.unsplash.com/photo-1548036328-c9fa89d128fa?q=80&w=300,FOR_SALE,2024-11-24 00:00:00
1637,125,데일리 데님 팬츠 (모델-97),이 상품은 패션 - 여성의류 카테고리의 데일리 데님 팬츠 (모델-97) 입니다. 최고의 품질을 보장합니다.,105000,99800,88,https://images.unsplash.com/photo-1542272604-787c3835535d?q=80&w=300,FOR_SALE,2025-02-10 00:00:00
1638,120,오버핏 가죽 크로스백 (모델-98),이 상품은 패션 - 가방 카테고리의 오버핏 가죽 크로스백 (모델-98) 입니다. 최고의 품질을 보장합니다.,107000,,299,https://images.unsplash.com/photo-1548036328-c9fa89d128fa?q=80&w=300,FOR_SALE,2025-04-03 00:00:00
1639,122,프리미엄 데님 팬츠 (모델-99),이 상품은 패션 - 시계/주얼리 카테고리의 프리미엄 데님 팬츠 (모델-99) 입니다. 최고의 품질을 보장합니다.,32000,30400,212,https://images.unsplash.com/photo-1542272604-787c3835535d?q=80&w=300,FOR_SALE,2026-03-31 00:00:00
1640,123,프리미엄 패션 모자 (모델-100),이 상품은 패션 - 신발 카테고리의 프리미엄 패션 모자 (모델-100) 입니다. 최고의 품질을 보장합니다.,100000,85000,89,https://images.unsplash.com/photo-1534215754734-18e55d13e346?q=80&w=300,FOR_SALE,2025-11-03 00:00:00
1641,120,데일리 데님 팬츠 (모델-101),이 상품은 패션 - 가방 카테고리의 데일리 데님 팬츠 (모델-101) 입니다. 최고의 품질을 보장합니다.,53000,50400,85,https://images.unsplash.com/photo-1542272604-787c3835535d?q=80&w=300,FOR_SALE,2025-03-29 00:00:00
1642,122,프리미엄 러닝화 (모델-102),이 상품은 패션 - 시계/주얼리 카테고리의 프리미엄 러닝화 (모델-102) 입니다. 최고의 품질을 보장합니다.,124000,,210,https://images.unsplash.com/photo-1491553895911-0055eca6402d?q=80&w=300,FOR_SALE,2025-04-30 00:00:00
1643,120,프리미엄 실크 파자마 (모델-103),이 상품은 패션 - 가방 카테고리의 프리미엄 실크 파자마 (모델-103) 입니다. 최고의 품질을 보장합니다.,144000,129600,92,https://images.unsplash.com/photo-1608248597279-f99d160bfcbc?q=80&w=300,FOR_SALE,2024-10-12 00:00:00
1644,120,쿨링 린넨 셔츠 (모델-104),이 상품은 패션 - 가방 카테고리의 쿨링 린넨 셔츠 (모델-104) 입니다. 최고의 품질을 보장합니다.,122000,115900,59,https://images.unsplash.com/photo-1596755094514-f87e34085b2c?q=80&w=300,FOR_SALE,2026-05-13 00:00:00
1645,123,프리미엄 스포츠 양말 (모델-105),이 상품은 패션 - 신발 카테고리의 프리미엄 스포츠 양말 (모델-105) 입니다. 최고의 품질을 보장합니다.,75000,71200,143,https://images.unsplash.com/photo-1582966772680-860e372bb558?q=80&w=300,FOR_SALE,2024-10-21 00:00:00
1646,124,방수 러닝화 (모델-106),이 상품은 패션 - 언더웨어/홈웨어 카테고리의 방수 러닝화 (모델-106) 입니다. 최고의 품질을 보장합니다.,113000,,271,https://images.unsplash.com/photo-1491553895911-0055eca6402d?q=80&w=300,FOR_SALE,2025-05-09 00:00:00
1647,122,프리미엄 패션 모자 (모델-107),이 상품은 패션 - 시계/주얼리 카테고리의 프리미엄 패션 모자 (모델-107) 입니다. 최고의 품질을 보장합니다.,91000,,31,https://images.unsplash.com/photo-1534215754734-18e55d13e346?q=80&w=300,FOR_SALE,2025-01-30 00:00:00
1648,121,트렌디 린넨 셔츠 (모델-108),이 상품은 패션 - 남성의류 카테고리의 트렌디 린넨 셔츠 (모델-108) 입니다. 최고의 품질을 보장합니다.,101000,,107,https://images.unsplash.com/photo-1596755094514-f87e34085b2c?q=80&w=300,FOR_SALE,2026-05-27 00:00:00
1649,120,데일리 러닝화 (모델-109),이 상품은 패션 - 가방 카테고리의 데일리 러닝화 (모델-109) 입니다. 최고의 품질을 보장합니다.,69000,65600,52,https://images.unsplash.com/photo-1491553895911-0055eca6402d?q=80&w=300,FOR_SALE,2025-06-07 00:00:00
1650,120,쿨링 린넨 셔츠 (모델-110),이 상품은 패션 - 가방 카테고리의 쿨링 린넨 셔츠 (모델-110) 입니다. 최고의 품질을 보장합니다.,99000,,21,https://images.unsplash.com/photo-1596755094514-f87e34085b2c?q=80&w=300,FOR_SALE,2025-08-01 00:00:00
1651,120,쿨링 가죽 크로스백 (모델-111),이 상품은 패션 - 가방 카테고리의 쿨링 가죽 크로스백 (모델-111) 입니다. 최고의 품질을 보장합니다.,89000,,284,https://images.unsplash.com/photo-1548036328-c9fa89d128fa?q=80&w=300,FOR_SALE,2025-04-29 00:00:00
1652,122,쿨링 가죽 크로스백 (모델-112),이 상품은 패션 - 시계/주얼리 카테고리의 쿨링 가죽 크로스백 (모델-112) 입니다. 최고의 품질을 보장합니다.,78000,70200,39,https://images.unsplash.com/photo-1548036328-c9fa89d128fa?q=80&w=300,FOR_SALE,2025-03-30 00:00:00
1653,123,트렌디 린넨 셔츠 (모델-113),이 상품은 패션 - 신발 카테고리의 트렌디 린넨 셔츠 (모델-113) 입니다. 최고의 품질을 보장합니다.,125000,,23,https://images.unsplash.com/photo-1596755094514-f87e34085b2c?q=80&w=300,FOR_SALE,2024-11-28 00:00:00
1654,126,오버핏 데님 팬츠 (모델-114),이 상품은 패션 - 패션잡화 카테고리의 오버핏 데님 팬츠 (모델-114) 입니다. 최고의 품질을 보장합니다.,140000,,258,https://images.unsplash.com/photo-1542272604-787c3835535d?q=80&w=300,FOR_SALE,2024-11-20 00:00:00
1655,123,프리미엄 데님 팬츠 (모델-115),이 상품은 패션 - 신발 카테고리의 프리미엄 데님 팬츠 (모델-115) 입니다. 최고의 품질을 보장합니다.,77000,61600,159,https://images.unsplash.com/photo-1542272604-787c3835535d?q=80&w=300,FOR_SALE,2024-09-23 00:00:00
1656,122,쿨링 스포츠 양말 (모델-116),이 상품은 패션 - 시계/주얼리 카테고리의 쿨링 스포츠 양말 (모델-116) 입니다. 최고의 품질을 보장합니다.,68000,,192,https://images.unsplash.com/photo-1582966772680-860e372bb558?q=80&w=300,FOR_SALE,2025-10-20 00:00:00
1657,124,트렌디 데님 팬츠 (모델-117),이 상품은 패션 - 언더웨어/홈웨어 카테고리의 트렌디 데님 팬츠 (모델-117) 입니다. 최고의 품질을 보장합니다.,99000,,89,https://images.unsplash.com/photo-1542272604-787c3835535d?q=80&w=300,FOR_SALE,2025-01-19 00:00:00
1658,121,데일리 가죽 벨트 (모델-118),이 상품은 패션 - 남성의류 카테고리의 데일리 가죽 벨트 (모델-118) 입니다. 최고의 품질을 보장합니다.,108000,102600,82,https://images.unsplash.com/photo-1614162692292-7ac56d7f7f1e?q=80&w=300,FOR_SALE,2025-10-21 00:00:00
1659,120,쿨링 스포츠 양말 (모델-119),이 상품은 패션 - 가방 카테고리의 쿨링 스포츠 양말 (모델-119) 입니다. 최고의 품질을 보장합니다.,98000,93100,287,https://images.unsplash.com/photo-1582966772680-860e372bb558?q=80&w=300,FOR_SALE,2025-08-27 00:00:00
1660,120,오버핏 패션 모자 (모델-120),이 상품은 패션 - 가방 카테고리의 오버핏 패션 모자 (모델-120) 입니다. 최고의 품질을 보장합니다.,51000,,282,https://images.unsplash.com/photo-1534215754734-18e55d13e346?q=80&w=300,FOR_SALE,2025-03-13 00:00:00
1661,125,린넨 가죽 벨트 (모델-121),이 상품은 패션 - 여성의류 카테고리의 린넨 가죽 벨트 (모델-121) 입니다. 최고의 품질을 보장합니다.,132000,112200,282,https://images.unsplash.com/photo-1614162692292-7ac56d7f7f1e?q=80&w=300,FOR_SALE,2025-01-21 00:00:00
1662,122,쿨링 스포츠 양말 (모델-122),이 상품은 패션 - 시계/주얼리 카테고리의 쿨링 스포츠 양말 (모델-122) 입니다. 최고의 품질을 보장합니다.,130000,123500,41,https://images.unsplash.com/photo-1582966772680-860e372bb558?q=80&w=300,FOR_SALE,2026-05-04 00:00:00
1663,120,방수 데님 팬츠 (모델-123),이 상품은 패션 - 가방 카테고리의 방수 데님 팬츠 (모델-123) 입니다. 최고의 품질을 보장합니다.,28000,,277,https://images.unsplash.com/photo-1542272604-787c3835535d?q=80&w=300,FOR_SALE,2025-04-30 00:00:00
1664,120,데일리 러닝화 (모델-124),이 상품은 패션 - 가방 카테고리의 데일리 러닝화 (모델-124) 입니다. 최고의 품질을 보장합니다.,77000,65400,181,https://images.unsplash.com/photo-1491553895911-0055eca6402d?q=80&w=300,FOR_SALE,2025-06-23 00:00:00
1665,122,방수 실크 파자마 (모델-125),이 상품은 패션 - 시계/주얼리 카테고리의 방수 실크 파자마 (모델-125) 입니다. 최고의 품질을 보장합니다.,32000,,155,https://images.unsplash.com/photo-1608248597279-f99d160bfcbc?q=80&w=300,FOR_SALE,2024-07-18 00:00:00
1666,125,데일리 데님 팬츠 (모델-126),이 상품은 패션 - 여성의류 카테고리의 데일리 데님 팬츠 (모델-126) 입니다. 최고의 품질을 보장합니다.,41000,,175,https://images.unsplash.com/photo-1542272604-787c3835535d?q=80&w=300,FOR_SALE,2025-04-14 00:00:00
1667,122,쿨링 린넨 셔츠 (모델-127),이 상품은 패션 - 시계/주얼리 카테고리의 쿨링 린넨 셔츠 (모델-127) 입니다. 최고의 품질을 보장합니다.,110000,93500,42,https://images.unsplash.com/photo-1596755094514-f87e34085b2c?q=80&w=300,FOR_SALE,2025-12-15 00:00:00
1668,124,데일리 가죽 벨트 (모델-128),이 상품은 패션 - 언더웨어/홈웨어 카테고리의 데일리 가죽 벨트 (모델-128) 입니다. 최고의 품질을 보장합니다.,65000,61800,175,https://images.unsplash.com/photo-1614162692292-7ac56d7f7f1e?q=80&w=300,FOR_SALE,2025-02-09 00:00:00
1669,126,트렌디 실크 파자마 (모델-129),이 상품은 패션 - 패션잡화 카테고리의 트렌디 실크 파자마 (모델-129) 입니다. 최고의 품질을 보장합니다.,47000,,229,https://images.unsplash.com/photo-1608248597279-f99d160bfcbc?q=80&w=300,FOR_SALE,2026-01-23 00:00:00
1670,122,린넨 가죽 벨트 (모델-130),이 상품은 패션 - 시계/주얼리 카테고리의 린넨 가죽 벨트 (모델-130) 입니다. 최고의 품질을 보장합니다.,123000,,233,https://images.unsplash.com/photo-1614162692292-7ac56d7f7f1e?q=80&w=300,FOR_SALE,2024-09-03 00:00:00
1671,126,프리미엄 스포츠 양말 (모델-131),이 상품은 패션 - 패션잡화 카테고리의 프리미엄 스포츠 양말 (모델-131) 입니다. 최고의 품질을 보장합니다.,33000,29700,17,https://images.unsplash.com/photo-1582966772680-860e372bb558?q=80&w=300,FOR_SALE,2024-12-03 00:00:00
1672,126,프리미엄 러닝화 (모델-132),이 상품은 패션 - 패션잡화 카테고리의 프리미엄 러닝화 (모델-132) 입니다. 최고의 품질을 보장합니다.,126000,,241,https://images.unsplash.com/photo-1491553895911-0055eca6402d?q=80&w=300,FOR_SALE,2026-05-06 00:00:00
1673,121,쿨링 데님 팬츠 (모델-133),이 상품은 패션 - 남성의류 카테고리의 쿨링 데님 팬츠 (모델-133) 입니다. 최고의 품질을 보장합니다.,39000,37000,13,https://images.unsplash.com/photo-1542272604-787c3835535d?q=80&w=300,FOR_SALE,2025-04-25 00:00:00
1674,124,방수 가죽 벨트 (모델-134),이 상품은 패션 - 언더웨어/홈웨어 카테고리의 방수 가죽 벨트 (모델-134) 입니다. 최고의 품질을 보장합니다.,44000,,220,https://images.unsplash.com/photo-1614162692292-7ac56d7f7f1e?q=80&w=300,FOR_SALE,2024-10-04 00:00:00
1675,123,프리미엄 스포츠 양말 (모델-135),이 상품은 패션 - 신발 카테고리의 프리미엄 스포츠 양말 (모델-135) 입니다. 최고의 품질을 보장합니다.,22000,18700,140,https://images.unsplash.com/photo-1582966772680-860e372bb558?q=80&w=300,FOR_SALE,2024-11-02 00:00:00
1676,123,쿨링 패션 모자 (모델-136),이 상품은 패션 - 신발 카테고리의 쿨링 패션 모자 (모델-136) 입니다. 최고의 품질을 보장합니다.,139000,,299,https://images.unsplash.com/photo-1534215754734-18e55d13e346?q=80&w=300,FOR_SALE,2024-07-24 00:00:00
1677,120,쿨링 린넨 셔츠 (모델-137),이 상품은 패션 - 가방 카테고리의 쿨링 린넨 셔츠 (모델-137) 입니다. 최고의 품질을 보장합니다.,115000,103500,59,https://images.unsplash.com/photo-1596755094514-f87e34085b2c?q=80&w=300,FOR_SALE,2026-05-06 00:00:00
1678,121,트렌디 실크 파자마 (모델-138),이 상품은 패션 - 남성의류 카테고리의 트렌디 실크 파자마 (모델-138) 입니다. 최고의 품질을 보장합니다.,23000,,138,https://images.unsplash.com/photo-1608248597279-f99d160bfcbc?q=80&w=300,FOR_SALE,2026-03-09 00:00:00
1679,123,쿨링 실크 파자마 (모델-139),이 상품은 패션 - 신발 카테고리의 쿨링 실크 파자마 (모델-139) 입니다. 최고의 품질을 보장합니다.,11000,9900,203,https://images.unsplash.com/photo-1608248597279-f99d160bfcbc?q=80&w=300,FOR_SALE,2024-08-13 00:00:00
1680,121,오버핏 실크 파자마 (모델-140),이 상품은 패션 - 남성의류 카테고리의 오버핏 실크 파자마 (모델-140) 입니다. 최고의 품질을 보장합니다.,116000,110200,269,https://images.unsplash.com/photo-1608248597279-f99d160bfcbc?q=80&w=300,FOR_SALE,2025-03-21 00:00:00
1681,123,린넨 가죽 벨트 (모델-141),이 상품은 패션 - 신발 카테고리의 린넨 가죽 벨트 (모델-141) 입니다. 최고의 품질을 보장합니다.,69000,,229,https://images.unsplash.com/photo-1614162692292-7ac56d7f7f1e?q=80&w=300,FOR_SALE,2026-01-15 00:00:00
1682,123,프리미엄 스포츠 양말 (모델-142),이 상품은 패션 - 신발 카테고리의 프리미엄 스포츠 양말 (모델-142) 입니다. 최고의 품질을 보장합니다.,103000,82400,114,https://images.unsplash.com/photo-1582966772680-860e372bb558?q=80&w=300,FOR_SALE,2025-02-15 00:00:00
1683,125,트렌디 가죽 벨트 (모델-143),이 상품은 패션 - 여성의류 카테고리의 트렌디 가죽 벨트 (모델-143) 입니다. 최고의 품질을 보장합니다.,134000,127300,295,https://images.unsplash.com/photo-1614162692292-7ac56d7f7f1e?q=80&w=300,FOR_SALE,2025-11-28 00:00:00
1684,121,트렌디 러닝화 (모델-144),이 상품은 패션 - 남성의류 카테고리의 트렌디 러닝화 (모델-144) 입니다. 최고의 품질을 보장합니다.,118000,,37,https://images.unsplash.com/photo-1491553895911-0055eca6402d?q=80&w=300,FOR_SALE,2026-04-12 00:00:00
1685,120,데일리 가죽 벨트 (모델-145),이 상품은 패션 - 가방 카테고리의 데일리 가죽 벨트 (모델-145) 입니다. 최고의 품질을 보장합니다.,67000,,236,https://images.unsplash.com/photo-1614162692292-7ac56d7f7f1e?q=80&w=300,FOR_SALE,2025-09-09 00:00:00
1686,123,프리미엄 린넨 셔츠 (모델-146),이 상품은 패션 - 신발 카테고리의 프리미엄 린넨 셔츠 (모델-146) 입니다. 최고의 품질을 보장합니다.,111000,99900,162,https://images.unsplash.com/photo-1596755094514-f87e34085b2c?q=80&w=300,FOR_SALE,2025-05-10 00:00:00
1687,122,방수 린넨 셔츠 (모델-147),이 상품은 패션 - 시계/주얼리 카테고리의 방수 린넨 셔츠 (모델-147) 입니다. 최고의 품질을 보장합니다.,69000,65600,78,https://images.unsplash.com/photo-1596755094514-f87e34085b2c?q=80&w=300,FOR_SALE,2025-07-02 00:00:00
1688,121,프리미엄 가죽 크로스백 (모델-148),이 상품은 패션 - 남성의류 카테고리의 프리미엄 가죽 크로스백 (모델-148) 입니다. 최고의 품질을 보장합니다.,12000,,250,https://images.unsplash.com/photo-1548036328-c9fa89d128fa?q=80&w=300,FOR_SALE,2025-10-29 00:00:00
1689,126,오버핏 린넨 셔츠 (모델-149),이 상품은 패션 - 패션잡화 카테고리의 오버핏 린넨 셔츠 (모델-149) 입니다. 최고의 품질을 보장합니다.,129000,116100,189,https://images.unsplash.com/photo-1596755094514-f87e34085b2c?q=80&w=300,FOR_SALE,2025-02-22 00:00:00
1690,121,방수 린넨 셔츠 (모델-150),이 상품은 패션 - 남성의류 카테고리의 방수 린넨 셔츠 (모델-150) 입니다. 최고의 품질을 보장합니다.,80000,76000,52,https://images.unsplash.com/photo-1596755094514-f87e34085b2c?q=80&w=300,FOR_SALE,2025-07-03 00:00:00
1691,122,쿨링 가죽 벨트 (모델-151),이 상품은 패션 - 시계/주얼리 카테고리의 쿨링 가죽 벨트 (모델-151) 입니다. 최고의 품질을 보장합니다.,117000,,107,https://images.unsplash.com/photo-1614162692292-7ac56d7f7f1e?q=80&w=300,FOR_SALE,2025-06-22 00:00:00
1692,124,린넨 가죽 크로스백 (모델-152),이 상품은 패션 - 언더웨어/홈웨어 카테고리의 린넨 가죽 크로스백 (모델-152) 입니다. 최고의 품질을 보장합니다.,61000,,213,https://images.unsplash.com/photo-1548036328-c9fa89d128fa?q=80&w=300,FOR_SALE,2025-05-10 00:00:00
1693,122,쿨링 데님 팬츠 (모델-153),이 상품은 패션 - 시계/주얼리 카테고리의 쿨링 데님 팬츠 (모델-153) 입니다. 최고의 품질을 보장합니다.,149000,,291,https://images.unsplash.com/photo-1542272604-787c3835535d?q=80&w=300,FOR_SALE,2025-08-22 00:00:00
1694,120,방수 스포츠 양말 (모델-154),이 상품은 패션 - 가방 카테고리의 방수 스포츠 양말 (모델-154) 입니다. 최고의 품질을 보장합니다.,42000,37800,157,https://images.unsplash.com/photo-1582966772680-860e372bb558?q=80&w=300,FOR_SALE,2025-03-28 00:00:00
1695,121,방수 러닝화 (모델-155),이 상품은 패션 - 남성의류 카테고리의 방수 러닝화 (모델-155) 입니다. 최고의 품질을 보장합니다.,60000,,178,https://images.unsplash.com/photo-1491553895911-0055eca6402d?q=80&w=300,FOR_SALE,2025-09-17 00:00:00
1696,123,프리미엄 패션 모자 (모델-156),이 상품은 패션 - 신발 카테고리의 프리미엄 패션 모자 (모델-156) 입니다. 최고의 품질을 보장합니다.,115000,,207,https://images.unsplash.com/photo-1534215754734-18e55d13e346?q=80&w=300,FOR_SALE,2026-03-11 00:00:00
1697,121,트렌디 러닝화 (모델-157),이 상품은 패션 - 남성의류 카테고리의 트렌디 러닝화 (모델-157) 입니다. 최고의 품질을 보장합니다.,147000,,156,https://images.unsplash.com/photo-1491553895911-0055eca6402d?q=80&w=300,FOR_SALE,2025-02-06 00:00:00
1698,124,린넨 가죽 벨트 (모델-158),이 상품은 패션 - 언더웨어/홈웨어 카테고리의 린넨 가죽 벨트 (모델-158) 입니다. 최고의 품질을 보장합니다.,71000,67400,25,https://images.unsplash.com/photo-1614162692292-7ac56d7f7f1e?q=80&w=300,FOR_SALE,2026-05-14 00:00:00
1699,122,쿨링 린넨 셔츠 (모델-159),이 상품은 패션 - 시계/주얼리 카테고리의 쿨링 린넨 셔츠 (모델-159) 입니다. 최고의 품질을 보장합니다.,16000,15200,108,https://images.unsplash.com/photo-1596755094514-f87e34085b2c?q=80&w=300,FOR_SALE,2024-11-27 00:00:00
1700,121,오버핏 실크 파자마 (모델-160),이 상품은 패션 - 남성의류 카테고리의 오버핏 실크 파자마 (모델-160) 입니다. 최고의 품질을 보장합니다.,100000,85000,185,https://images.unsplash.com/photo-1608248597279-f99d160bfcbc?q=80&w=300,FOR_SALE,2026-04-10 00:00:00
1701,120,프리미엄 린넨 셔츠 (모델-161),이 상품은 패션 - 가방 카테고리의 프리미엄 린넨 셔츠 (모델-161) 입니다. 최고의 품질을 보장합니다.,147000,132300,132,https://images.unsplash.com/photo-1596755094514-f87e34085b2c?q=80&w=300,FOR_SALE,2025-06-09 00:00:00
1702,125,린넨 린넨 셔츠 (모델-162),이 상품은 패션 - 여성의류 카테고리의 린넨 린넨 셔츠 (모델-162) 입니다. 최고의 품질을 보장합니다.,83000,,211,https://images.unsplash.com/photo-1596755094514-f87e34085b2c?q=80&w=300,FOR_SALE,2025-10-16 00:00:00
1703,126,데일리 데님 팬츠 (모델-163),이 상품은 패션 - 패션잡화 카테고리의 데일리 데님 팬츠 (모델-163) 입니다. 최고의 품질을 보장합니다.,120000,114000,284,https://images.unsplash.com/photo-1542272604-787c3835535d?q=80&w=300,FOR_SALE,2024-08-06 00:00:00
1704,124,트렌디 데님 팬츠 (모델-164),이 상품은 패션 - 언더웨어/홈웨어 카테고리의 트렌디 데님 팬츠 (모델-164) 입니다. 최고의 품질을 보장합니다.,125000,,142,https://images.unsplash.com/photo-1542272604-787c3835535d?q=80&w=300,FOR_SALE,2026-03-24 00:00:00
1705,123,쿨링 패션 모자 (모델-165),이 상품은 패션 - 신발 카테고리의 쿨링 패션 모자 (모델-165) 입니다. 최고의 품질을 보장합니다.,18000,14400,186,https://images.unsplash.com/photo-1534215754734-18e55d13e346?q=80&w=300,FOR_SALE,2024-08-04 00:00:00
1706,124,프리미엄 린넨 셔츠 (모델-166),이 상품은 패션 - 언더웨어/홈웨어 카테고리의 프리미엄 린넨 셔츠 (모델-166) 입니다. 최고의 품질을 보장합니다.,125000,112500,182,https://images.unsplash.com/photo-1596755094514-f87e34085b2c?q=80&w=300,FOR_SALE,2026-04-22 00:00:00
1707,120,프리미엄 러닝화 (모델-167),이 상품은 패션 - 가방 카테고리의 프리미엄 러닝화 (모델-167) 입니다. 최고의 품질을 보장합니다.,92000,,42,https://images.unsplash.com/photo-1491553895911-0055eca6402d?q=80&w=300,FOR_SALE,2026-05-02 00:00:00
1708,126,데일리 스포츠 양말 (모델-168),이 상품은 패션 - 패션잡화 카테고리의 데일리 스포츠 양말 (모델-168) 입니다. 최고의 품질을 보장합니다.,105000,84000,63,https://images.unsplash.com/photo-1582966772680-860e372bb558?q=80&w=300,FOR_SALE,2025-09-22 00:00:00
1709,126,린넨 러닝화 (모델-169),이 상품은 패션 - 패션잡화 카테고리의 린넨 러닝화 (모델-169) 입니다. 최고의 품질을 보장합니다.,48000,45600,288,https://images.unsplash.com/photo-1491553895911-0055eca6402d?q=80&w=300,FOR_SALE,2025-11-10 00:00:00
1710,122,린넨 스포츠 양말 (모델-170),이 상품은 패션 - 시계/주얼리 카테고리의 린넨 스포츠 양말 (모델-170) 입니다. 최고의 품질을 보장합니다.,16000,14400,42,https://images.unsplash.com/photo-1582966772680-860e372bb558?q=80&w=300,FOR_SALE,2026-05-13 00:00:00
1711,122,트렌디 실크 파자마 (모델-171),이 상품은 패션 - 시계/주얼리 카테고리의 트렌디 실크 파자마 (모델-171) 입니다. 최고의 품질을 보장합니다.,72000,,176,https://images.unsplash.com/photo-1608248597279-f99d160bfcbc?q=80&w=300,FOR_SALE,2024-09-04 00:00:00
1712,121,프리미엄 실크 파자마 (모델-172),이 상품은 패션 - 남성의류 카테고리의 프리미엄 실크 파자마 (모델-172) 입니다. 최고의 품질을 보장합니다.,107000,,239,https://images.unsplash.com/photo-1608248597279-f99d160bfcbc?q=80&w=300,FOR_SALE,2025-12-28 00:00:00
1713,122,쿨링 가죽 크로스백 (모델-173),이 상품은 패션 - 시계/주얼리 카테고리의 쿨링 가죽 크로스백 (모델-173) 입니다. 최고의 품질을 보장합니다.,131000,111400,193,https://images.unsplash.com/photo-1548036328-c9fa89d128fa?q=80&w=300,FOR_SALE,2025-10-01 00:00:00
1714,122,쿨링 린넨 셔츠 (모델-174),이 상품은 패션 - 시계/주얼리 카테고리의 쿨링 린넨 셔츠 (모델-174) 입니다. 최고의 품질을 보장합니다.,121000,115000,253,https://images.unsplash.com/photo-1596755094514-f87e34085b2c?q=80&w=300,FOR_SALE,2026-01-24 00:00:00
1715,123,방수 스포츠 양말 (모델-175),이 상품은 패션 - 신발 카테고리의 방수 스포츠 양말 (모델-175) 입니다. 최고의 품질을 보장합니다.,28000,23800,254,https://images.unsplash.com/photo-1582966772680-860e372bb558?q=80&w=300,FOR_SALE,2025-02-03 00:00:00
1716,124,트렌디 린넨 셔츠 (모델-176),이 상품은 패션 - 언더웨어/홈웨어 카테고리의 트렌디 린넨 셔츠 (모델-176) 입니다. 최고의 품질을 보장합니다.,15000,,177,https://images.unsplash.com/photo-1596755094514-f87e34085b2c?q=80&w=300,FOR_SALE,2024-07-17 00:00:00
1717,123,린넨 데님 팬츠 (모델-177),이 상품은 패션 - 신발 카테고리의 린넨 데님 팬츠 (모델-177) 입니다. 최고의 품질을 보장합니다.,72000,61200,129,https://images.unsplash.com/photo-1542272604-787c3835535d?q=80&w=300,FOR_SALE,2026-02-05 00:00:00
1718,126,프리미엄 패션 모자 (모델-178),이 상품은 패션 - 패션잡화 카테고리의 프리미엄 패션 모자 (모델-178) 입니다. 최고의 품질을 보장합니다.,36000,,225,https://images.unsplash.com/photo-1534215754734-18e55d13e346?q=80&w=300,FOR_SALE,2024-11-02 00:00:00
1719,126,데일리 가죽 벨트 (모델-179),이 상품은 패션 - 패션잡화 카테고리의 데일리 가죽 벨트 (모델-179) 입니다. 최고의 품질을 보장합니다.,111000,,258,https://images.unsplash.com/photo-1614162692292-7ac56d7f7f1e?q=80&w=300,FOR_SALE,2025-10-22 00:00:00
1720,124,린넨 스포츠 양말 (모델-180),이 상품은 패션 - 언더웨어/홈웨어 카테고리의 린넨 스포츠 양말 (모델-180) 입니다. 최고의 품질을 보장합니다.,79000,67200,19,https://images.unsplash.com/photo-1582966772680-860e372bb558?q=80&w=300,FOR_SALE,2025-02-11 00:00:00
1721,124,데일리 실크 파자마 (모델-181),이 상품은 패션 - 언더웨어/홈웨어 카테고리의 데일리 실크 파자마 (모델-181) 입니다. 최고의 품질을 보장합니다.,106000,100700,83,https://images.unsplash.com/photo-1608248597279-f99d160bfcbc?q=80&w=300,FOR_SALE,2025-09-13 00:00:00
1722,125,데일리 실크 파자마 (모델-182),이 상품은 패션 - 여성의류 카테고리의 데일리 실크 파자마 (모델-182) 입니다. 최고의 품질을 보장합니다.,149000,,214,https://images.unsplash.com/photo-1608248597279-f99d160bfcbc?q=80&w=300,FOR_SALE,2025-05-21 00:00:00
1723,124,린넨 데님 팬츠 (모델-183),이 상품은 패션 - 언더웨어/홈웨어 카테고리의 린넨 데님 팬츠 (모델-183) 입니다. 최고의 품질을 보장합니다.,105000,99800,205,https://images.unsplash.com/photo-1542272604-787c3835535d?q=80&w=300,FOR_SALE,2025-12-13 00:00:00
1724,126,오버핏 러닝화 (모델-184),이 상품은 패션 - 패션잡화 카테고리의 오버핏 러닝화 (모델-184) 입니다. 최고의 품질을 보장합니다.,75000,71200,221,https://images.unsplash.com/photo-1491553895911-0055eca6402d?q=80&w=300,FOR_SALE,2024-09-20 00:00:00
1725,124,방수 스포츠 양말 (모델-185),이 상품은 패션 - 언더웨어/홈웨어 카테고리의 방수 스포츠 양말 (모델-185) 입니다. 최고의 품질을 보장합니다.,71000,67400,110,https://images.unsplash.com/photo-1582966772680-860e372bb558?q=80&w=300,FOR_SALE,2024-09-19 00:00:00
1726,123,오버핏 스포츠 양말 (모델-186),이 상품은 패션 - 신발 카테고리의 오버핏 스포츠 양말 (모델-186) 입니다. 최고의 품질을 보장합니다.,71000,,214,https://images.unsplash.com/photo-1582966772680-860e372bb558?q=80&w=300,FOR_SALE,2026-02-05 00:00:00
1727,122,린넨 가죽 벨트 (모델-187),이 상품은 패션 - 시계/주얼리 카테고리의 린넨 가죽 벨트 (모델-187) 입니다. 최고의 품질을 보장합니다.,146000,138700,133,https://images.unsplash.com/photo-1614162692292-7ac56d7f7f1e?q=80&w=300,FOR_SALE,2025-12-17 00:00:00
1728,120,린넨 가죽 크로스백 (모델-188),이 상품은 패션 - 가방 카테고리의 린넨 가죽 크로스백 (모델-188) 입니다. 최고의 품질을 보장합니다.,60000,,162,https://images.unsplash.com/photo-1548036328-c9fa89d128fa?q=80&w=300,FOR_SALE,2025-07-19 00:00:00
1729,125,린넨 러닝화 (모델-189),이 상품은 패션 - 여성의류 카테고리의 린넨 러닝화 (모델-189) 입니다. 최고의 품질을 보장합니다.,87000,78300,141,https://images.unsplash.com/photo-1491553895911-0055eca6402d?q=80&w=300,FOR_SALE,2026-02-12 00:00:00
1730,120,방수 린넨 셔츠 (모델-190),이 상품은 패션 - 가방 카테고리의 방수 린넨 셔츠 (모델-190) 입니다. 최고의 품질을 보장합니다.,96000,91200,67,https://images.unsplash.com/photo-1596755094514-f87e34085b2c?q=80&w=300,FOR_SALE,2024-10-18 00:00:00
1731,122,트렌디 스포츠 양말 (모델-191),이 상품은 패션 - 시계/주얼리 카테고리의 트렌디 스포츠 양말 (모델-191) 입니다. 최고의 품질을 보장합니다.,118000,,70,https://images.unsplash.com/photo-1582966772680-860e372bb558?q=80&w=300,FOR_SALE,2026-05-07 00:00:00
1732,125,방수 패션 모자 (모델-192),이 상품은 패션 - 여성의류 카테고리의 방수 패션 모자 (모델-192) 입니다. 최고의 품질을 보장합니다.,104000,,143,https://images.unsplash.com/photo-1534215754734-18e55d13e346?q=80&w=300,FOR_SALE,2025-07-18 00:00:00
1733,124,쿨링 실크 파자마 (모델-193),이 상품은 패션 - 언더웨어/홈웨어 카테고리의 쿨링 실크 파자마 (모델-193) 입니다. 최고의 품질을 보장합니다.,34000,32300,33,https://images.unsplash.com/photo-1608248597279-f99d160bfcbc?q=80&w=300,FOR_SALE,2024-10-21 00:00:00
1734,122,트렌디 가죽 벨트 (모델-194),이 상품은 패션 - 시계/주얼리 카테고리의 트렌디 가죽 벨트 (모델-194) 입니다. 최고의 품질을 보장합니다.,118000,,283,https://images.unsplash.com/photo-1614162692292-7ac56d7f7f1e?q=80&w=300,FOR_SALE,2025-05-14 00:00:00
1735,126,트렌디 가죽 벨트 (모델-195),이 상품은 패션 - 패션잡화 카테고리의 트렌디 가죽 벨트 (모델-195) 입니다. 최고의 품질을 보장합니다.,141000,126900,129,https://images.unsplash.com/photo-1614162692292-7ac56d7f7f1e?q=80&w=300,FOR_SALE,2025-04-22 00:00:00
1736,120,쿨링 가죽 벨트 (모델-196),이 상품은 패션 - 가방 카테고리의 쿨링 가죽 벨트 (모델-196) 입니다. 최고의 품질을 보장합니다.,48000,,278,https://images.unsplash.com/photo-1614162692292-7ac56d7f7f1e?q=80&w=300,FOR_SALE,2025-11-11 00:00:00
1737,124,쿨링 스포츠 양말 (모델-197),이 상품은 패션 - 언더웨어/홈웨어 카테고리의 쿨링 스포츠 양말 (모델-197) 입니다. 최고의 품질을 보장합니다.,55000,,261,https://images.unsplash.com/photo-1582966772680-860e372bb558?q=80&w=300,FOR_SALE,2026-03-17 00:00:00
1738,123,방수 가죽 벨트 (모델-198),이 상품은 패션 - 신발 카테고리의 방수 가죽 벨트 (모델-198) 입니다. 최고의 품질을 보장합니다.,76000,,131,https://images.unsplash.com/photo-1614162692292-7ac56d7f7f1e?q=80&w=300,FOR_SALE,2024-10-04 00:00:00
1739,120,오버핏 패션 모자 (모델-199),이 상품은 패션 - 가방 카테고리의 오버핏 패션 모자 (모델-199) 입니다. 최고의 품질을 보장합니다.,103000,,157,https://images.unsplash.com/photo-1534215754734-18e55d13e346?q=80&w=300,FOR_SALE,2024-08-29 00:00:00
1740,121,방수 가죽 벨트 (모델-200),이 상품은 패션 - 남성의류 카테고리의 방수 가죽 벨트 (모델-200) 입니다. 최고의 품질을 보장합니다.,107000,101600,116,https://images.unsplash.com/photo-1614162692292-7ac56d7f7f1e?q=80&w=300,FOR_SALE,2025-09-27 00:00:00
1741,128,딥클렌징 퍼퓸 바디워시 (모델-1),이 상품은 뷰티 - 메이크업 카테고리의 딥클렌징 퍼퓸 바디워시 (모델-1) 입니다. 최고의 품질을 보장합니다.,94000,84600,228,https://images.unsplash.com/photo-1608248597279-f99d160bfcbc?q=80&w=300,FOR_SALE,2026-02-18 00:00:00
1742,128,딥클렌징 퍼퓸 바디워시 (모델-2),이 상품은 뷰티 - 메이크업 카테고리의 딥클렌징 퍼퓸 바디워시 (모델-2) 입니다. 최고의 품질을 보장합니다.,78000,,264,https://images.unsplash.com/photo-1608248597279-f99d160bfcbc?q=80&w=300,FOR_SALE,2025-07-29 00:00:00
1743,128,딥클렌징 클렌징 오일 (모델-3),이 상품은 뷰티 - 메이크업 카테고리의 딥클렌징 클렌징 오일 (모델-3) 입니다. 최고의 품질을 보장합니다.,58000,55100,115,https://images.unsplash.com/photo-1556228720-195a672e8a03?q=80&w=300,FOR_SALE,2024-09-26 00:00:00
1744,128,수분가득 퍼퓸 바디워시 (모델-4),이 상품은 뷰티 - 메이크업 카테고리의 수분가득 퍼퓸 바디워시 (모델-4) 입니다. 최고의 품질을 보장합니다.,101000,,128,https://images.unsplash.com/photo-1608248597279-f99d160bfcbc?q=80&w=300,FOR_SALE,2026-01-30 00:00:00
1745,127,고보습 아이섀도우 팔레트 (모델-5),이 상품은 뷰티 - 네일 카테고리의 고보습 아이섀도우 팔레트 (모델-5) 입니다. 최고의 품질을 보장합니다.,98000,93100,94,https://images.unsplash.com/photo-1596462502278-27bfdc403348?q=80&w=300,FOR_SALE,2024-10-31 00:00:00
1746,131,딥클렌징 히알루론산 토너 (모델-6),이 상품은 뷰티 - 클렌징 카테고리의 딥클렌징 히알루론산 토너 (모델-6) 입니다. 최고의 품질을 보장합니다.,109000,,25,https://images.unsplash.com/photo-1612817288484-6f916006741a?q=80&w=300,FOR_SALE,2026-04-21 00:00:00
1747,127,비건 히알루론산 토너 (모델-7),이 상품은 뷰티 - 네일 카테고리의 비건 히알루론산 토너 (모델-7) 입니다. 최고의 품질을 보장합니다.,126000,,17,https://images.unsplash.com/photo-1612817288484-6f916006741a?q=80&w=300,FOR_SALE,2025-06-12 00:00:00
1748,132,저자극 히알루론산 토너 (모델-8),이 상품은 뷰티 - 향수 카테고리의 저자극 히알루론산 토너 (모델-8) 입니다. 최고의 품질을 보장합니다.,64000,57600,133,https://images.unsplash.com/photo-1612817288484-6f916006741a?q=80&w=300,FOR_SALE,2024-12-04 00:00:00
1749,133,고보습 매트 립스틱 (모델-9),이 상품은 뷰티 - 헤어/바디 카테고리의 고보습 매트 립스틱 (모델-9) 입니다. 최고의 품질을 보장합니다.,143000,,189,https://images.unsplash.com/photo-1586495777744-4413f21062fa?q=80&w=300,FOR_SALE,2025-03-21 00:00:00
1750,127,딥클렌징 클렌징 오일 (모델-10),이 상품은 뷰티 - 네일 카테고리의 딥클렌징 클렌징 오일 (모델-10) 입니다. 최고의 품질을 보장합니다.,88000,74800,244,https://images.unsplash.com/photo-1556228720-195a672e8a03?q=80&w=300,FOR_SALE,2024-07-25 00:00:00
1751,129,내추럴 퍼퓸 바디워시 (모델-11),이 상품은 뷰티 - 뷰티소품/도구 카테고리의 내추럴 퍼퓸 바디워시 (모델-11) 입니다. 최고의 품질을 보장합니다.,99000,94000,243,https://images.unsplash.com/photo-1608248597279-f99d160bfcbc?q=80&w=300,FOR_SALE,2025-05-19 00:00:00
1752,131,딥클렌징 클렌징 오일 (모델-12),이 상품은 뷰티 - 클렌징 카테고리의 딥클렌징 클렌징 오일 (모델-12) 입니다. 최고의 품질을 보장합니다.,136000,122400,256,https://images.unsplash.com/photo-1556228720-195a672e8a03?q=80&w=300,FOR_SALE,2026-03-24 00:00:00
1753,129,비건 클렌징 오일 (모델-13),이 상품은 뷰티 - 뷰티소품/도구 카테고리의 비건 클렌징 오일 (모델-13) 입니다. 최고의 품질을 보장합니다.,97000,92200,106,https://images.unsplash.com/photo-1556228720-195a672e8a03?q=80&w=300,FOR_SALE,2024-12-31 00:00:00
1754,130,딥클렌징 시카 수분 크림 (모델-14),이 상품은 뷰티 - 스킨케어 카테고리의 딥클렌징 시카 수분 크림 (모델-14) 입니다. 최고의 품질을 보장합니다.,54000,,84,https://images.unsplash.com/photo-1601049541289-9b1b7bbbfe19?q=80&w=300,FOR_SALE,2024-08-08 00:00:00
1755,129,저자극 퍼퓸 바디워시 (모델-15),이 상품은 뷰티 - 뷰티소품/도구 카테고리의 저자극 퍼퓸 바디워시 (모델-15) 입니다. 최고의 품질을 보장합니다.,49000,46600,293,https://images.unsplash.com/photo-1608248597279-f99d160bfcbc?q=80&w=300,FOR_SALE,2025-06-18 00:00:00
1756,127,롱래스팅 퍼퓸 바디워시 (모델-16),이 상품은 뷰티 - 네일 카테고리의 롱래스팅 퍼퓸 바디워시 (모델-16) 입니다. 최고의 품질을 보장합니다.,90000,85500,54,https://images.unsplash.com/photo-1608248597279-f99d160bfcbc?q=80&w=300,FOR_SALE,2026-05-21 00:00:00
1757,129,내추럴 퍼퓸 바디워시 (모델-17),이 상품은 뷰티 - 뷰티소품/도구 카테고리의 내추럴 퍼퓸 바디워시 (모델-17) 입니다. 최고의 품질을 보장합니다.,134000,120600,26,https://images.unsplash.com/photo-1608248597279-f99d160bfcbc?q=80&w=300,FOR_SALE,2025-03-29 00:00:00
1758,133,수분가득 히알루론산 토너 (모델-18),이 상품은 뷰티 - 헤어/바디 카테고리의 수분가득 히알루론산 토너 (모델-18) 입니다. 최고의 품질을 보장합니다.,29000,,248,https://images.unsplash.com/photo-1612817288484-6f916006741a?q=80&w=300,FOR_SALE,2025-01-17 00:00:00
1759,132,수분가득 퍼퓸 바디워시 (모델-19),이 상품은 뷰티 - 향수 카테고리의 수분가득 퍼퓸 바디워시 (모델-19) 입니다. 최고의 품질을 보장합니다.,59000,56000,65,https://images.unsplash.com/photo-1608248597279-f99d160bfcbc?q=80&w=300,FOR_SALE,2026-02-14 00:00:00
1760,130,비건 클렌징 오일 (모델-20),이 상품은 뷰티 - 스킨케어 카테고리의 비건 클렌징 오일 (모델-20) 입니다. 최고의 품질을 보장합니다.,64000,60800,182,https://images.unsplash.com/photo-1556228720-195a672e8a03?q=80&w=300,FOR_SALE,2025-03-16 00:00:00
1761,131,저자극 클렌징 오일 (모델-21),이 상품은 뷰티 - 클렌징 카테고리의 저자극 클렌징 오일 (모델-21) 입니다. 최고의 품질을 보장합니다.,108000,,107,https://images.unsplash.com/photo-1556228720-195a672e8a03?q=80&w=300,FOR_SALE,2025-05-28 00:00:00
1762,131,저자극 히알루론산 토너 (모델-22),이 상품은 뷰티 - 클렌징 카테고리의 저자극 히알루론산 토너 (모델-22) 입니다. 최고의 품질을 보장합니다.,123000,,89,https://images.unsplash.com/photo-1612817288484-6f916006741a?q=80&w=300,FOR_SALE,2024-08-21 00:00:00
1763,128,고보습 매트 립스틱 (모델-23),이 상품은 뷰티 - 메이크업 카테고리의 고보습 매트 립스틱 (모델-23) 입니다. 최고의 품질을 보장합니다.,69000,62100,259,https://images.unsplash.com/photo-1586495777744-4413f21062fa?q=80&w=300,FOR_SALE,2025-02-17 00:00:00
1764,131,저자극 클렌징 오일 (모델-24),이 상품은 뷰티 - 클렌징 카테고리의 저자극 클렌징 오일 (모델-24) 입니다. 최고의 품질을 보장합니다.,60000,48000,89,https://images.unsplash.com/photo-1556228720-195a672e8a03?q=80&w=300,FOR_SALE,2025-12-28 00:00:00
1765,127,고보습 시카 수분 크림 (모델-25),이 상품은 뷰티 - 네일 카테고리의 고보습 시카 수분 크림 (모델-25) 입니다. 최고의 품질을 보장합니다.,148000,140600,64,https://images.unsplash.com/photo-1601049541289-9b1b7bbbfe19?q=80&w=300,FOR_SALE,2025-03-14 00:00:00
1766,132,비건 탈모 완화 샴푸 (모델-26),이 상품은 뷰티 - 향수 카테고리의 비건 탈모 완화 샴푸 (모델-26) 입니다. 최고의 품질을 보장합니다.,54000,,298,https://images.unsplash.com/photo-1535585209827-a15fcdbc4c2d?q=80&w=300,FOR_SALE,2025-12-04 00:00:00
1767,129,딥클렌징 탈모 완화 샴푸 (모델-27),이 상품은 뷰티 - 뷰티소품/도구 카테고리의 딥클렌징 탈모 완화 샴푸 (모델-27) 입니다. 최고의 품질을 보장합니다.,141000,,191,https://images.unsplash.com/photo-1535585209827-a15fcdbc4c2d?q=80&w=300,FOR_SALE,2024-12-15 00:00:00
1768,130,고보습 시카 수분 크림 (모델-28),이 상품은 뷰티 - 스킨케어 카테고리의 고보습 시카 수분 크림 (모델-28) 입니다. 최고의 품질을 보장합니다.,107000,101600,207,https://images.unsplash.com/photo-1601049541289-9b1b7bbbfe19?q=80&w=300,FOR_SALE,2024-08-05 00:00:00
1769,130,수분가득 클렌징 오일 (모델-29),이 상품은 뷰티 - 스킨케어 카테고리의 수분가득 클렌징 오일 (모델-29) 입니다. 최고의 품질을 보장합니다.,146000,,171,https://images.unsplash.com/photo-1556228720-195a672e8a03?q=80&w=300,FOR_SALE,2025-08-30 00:00:00
1770,128,비건 히알루론산 토너 (모델-30),이 상품은 뷰티 - 메이크업 카테고리의 비건 히알루론산 토너 (모델-30) 입니다. 최고의 품질을 보장합니다.,117000,,192,https://images.unsplash.com/photo-1612817288484-6f916006741a?q=80&w=300,FOR_SALE,2024-09-10 00:00:00
1771,127,고보습 매트 립스틱 (모델-31),이 상품은 뷰티 - 네일 카테고리의 고보습 매트 립스틱 (모델-31) 입니다. 최고의 품질을 보장합니다.,69000,62100,243,https://images.unsplash.com/photo-1586495777744-4413f21062fa?q=80&w=300,FOR_SALE,2024-11-28 00:00:00
1772,128,딥클렌징 탈모 완화 샴푸 (모델-32),이 상품은 뷰티 - 메이크업 카테고리의 딥클렌징 탈모 완화 샴푸 (모델-32) 입니다. 최고의 품질을 보장합니다.,93000,79000,248,https://images.unsplash.com/photo-1535585209827-a15fcdbc4c2d?q=80&w=300,FOR_SALE,2025-01-23 00:00:00
1773,133,비건 퍼퓸 바디워시 (모델-33),이 상품은 뷰티 - 헤어/바디 카테고리의 비건 퍼퓸 바디워시 (모델-33) 입니다. 최고의 품질을 보장합니다.,56000,53200,18,https://images.unsplash.com/photo-1608248597279-f99d160bfcbc?q=80&w=300,FOR_SALE,2025-02-11 00:00:00
1774,133,딥클렌징 탈모 완화 샴푸 (모델-34),이 상품은 뷰티 - 헤어/바디 카테고리의 딥클렌징 탈모 완화 샴푸 (모델-34) 입니다. 최고의 품질을 보장합니다.,25000,,119,https://images.unsplash.com/photo-1535585209827-a15fcdbc4c2d?q=80&w=300,FOR_SALE,2025-03-13 00:00:00
1775,132,롱래스팅 히알루론산 토너 (모델-35),이 상품은 뷰티 - 향수 카테고리의 롱래스팅 히알루론산 토너 (모델-35) 입니다. 최고의 품질을 보장합니다.,103000,,206,https://images.unsplash.com/photo-1612817288484-6f916006741a?q=80&w=300,FOR_SALE,2024-10-04 00:00:00
1776,129,수분가득 시카 수분 크림 (모델-36),이 상품은 뷰티 - 뷰티소품/도구 카테고리의 수분가득 시카 수분 크림 (모델-36) 입니다. 최고의 품질을 보장합니다.,51000,40800,151,https://images.unsplash.com/photo-1601049541289-9b1b7bbbfe19?q=80&w=300,FOR_SALE,2025-09-01 00:00:00
1777,128,수분가득 아이섀도우 팔레트 (모델-37),이 상품은 뷰티 - 메이크업 카테고리의 수분가득 아이섀도우 팔레트 (모델-37) 입니다. 최고의 품질을 보장합니다.,62000,49600,104,https://images.unsplash.com/photo-1596462502278-27bfdc403348?q=80&w=300,FOR_SALE,2025-07-07 00:00:00
1778,127,저자극 매트 립스틱 (모델-38),이 상품은 뷰티 - 네일 카테고리의 저자극 매트 립스틱 (모델-38) 입니다. 최고의 품질을 보장합니다.,40000,36000,31,https://images.unsplash.com/photo-1586495777744-4413f21062fa?q=80&w=300,FOR_SALE,2025-09-24 00:00:00
1779,131,저자극 퍼퓸 바디워시 (모델-39),이 상품은 뷰티 - 클렌징 카테고리의 저자극 퍼퓸 바디워시 (모델-39) 입니다. 최고의 품질을 보장합니다.,47000,44600,43,https://images.unsplash.com/photo-1608248597279-f99d160bfcbc?q=80&w=300,FOR_SALE,2026-03-06 00:00:00
1780,128,롱래스팅 아이섀도우 팔레트 (모델-40),이 상품은 뷰티 - 메이크업 카테고리의 롱래스팅 아이섀도우 팔레트 (모델-40) 입니다. 최고의 품질을 보장합니다.,95000,,129,https://images.unsplash.com/photo-1596462502278-27bfdc403348?q=80&w=300,FOR_SALE,2025-08-21 00:00:00
1781,129,수분가득 히알루론산 토너 (모델-41),이 상품은 뷰티 - 뷰티소품/도구 카테고리의 수분가득 히알루론산 토너 (모델-41) 입니다. 최고의 품질을 보장합니다.,57000,51300,227,https://images.unsplash.com/photo-1612817288484-6f916006741a?q=80&w=300,FOR_SALE,2025-02-26 00:00:00
1782,130,비건 클렌징 오일 (모델-42),이 상품은 뷰티 - 스킨케어 카테고리의 비건 클렌징 오일 (모델-42) 입니다. 최고의 품질을 보장합니다.,12000,10200,85,https://images.unsplash.com/photo-1556228720-195a672e8a03?q=80&w=300,FOR_SALE,2025-09-26 00:00:00
1783,130,저자극 매트 립스틱 (모델-43),이 상품은 뷰티 - 스킨케어 카테고리의 저자극 매트 립스틱 (모델-43) 입니다. 최고의 품질을 보장합니다.,141000,,157,https://images.unsplash.com/photo-1586495777744-4413f21062fa?q=80&w=300,FOR_SALE,2025-02-12 00:00:00
1784,128,저자극 퍼퓸 바디워시 (모델-44),이 상품은 뷰티 - 메이크업 카테고리의 저자극 퍼퓸 바디워시 (모델-44) 입니다. 최고의 품질을 보장합니다.,45000,,44,https://images.unsplash.com/photo-1608248597279-f99d160bfcbc?q=80&w=300,FOR_SALE,2024-10-27 00:00:00
1785,128,수분가득 매트 립스틱 (모델-45),이 상품은 뷰티 - 메이크업 카테고리의 수분가득 매트 립스틱 (모델-45) 입니다. 최고의 품질을 보장합니다.,27000,,168,https://images.unsplash.com/photo-1586495777744-4413f21062fa?q=80&w=300,FOR_SALE,2024-09-16 00:00:00
1786,132,내추럴 히알루론산 토너 (모델-46),이 상품은 뷰티 - 향수 카테고리의 내추럴 히알루론산 토너 (모델-46) 입니다. 최고의 품질을 보장합니다.,32000,,222,https://images.unsplash.com/photo-1612817288484-6f916006741a?q=80&w=300,FOR_SALE,2024-07-18 00:00:00
1787,130,고보습 아이섀도우 팔레트 (모델-47),이 상품은 뷰티 - 스킨케어 카테고리의 고보습 아이섀도우 팔레트 (모델-47) 입니다. 최고의 품질을 보장합니다.,100000,,249,https://images.unsplash.com/photo-1596462502278-27bfdc403348?q=80&w=300,FOR_SALE,2025-05-10 00:00:00
1788,127,롱래스팅 아이섀도우 팔레트 (모델-48),이 상품은 뷰티 - 네일 카테고리의 롱래스팅 아이섀도우 팔레트 (모델-48) 입니다. 최고의 품질을 보장합니다.,73000,,200,https://images.unsplash.com/photo-1596462502278-27bfdc403348?q=80&w=300,FOR_SALE,2025-06-23 00:00:00
1789,133,저자극 탈모 완화 샴푸 (모델-49),이 상품은 뷰티 - 헤어/바디 카테고리의 저자극 탈모 완화 샴푸 (모델-49) 입니다. 최고의 품질을 보장합니다.,82000,69700,282,https://images.unsplash.com/photo-1535585209827-a15fcdbc4c2d?q=80&w=300,FOR_SALE,2026-05-04 00:00:00
1790,128,저자극 아이섀도우 팔레트 (모델-50),이 상품은 뷰티 - 메이크업 카테고리의 저자극 아이섀도우 팔레트 (모델-50) 입니다. 최고의 품질을 보장합니다.,27000,24300,225,https://images.unsplash.com/photo-1596462502278-27bfdc403348?q=80&w=300,FOR_SALE,2025-01-12 00:00:00
1791,127,딥클렌징 퍼퓸 바디워시 (모델-51),이 상품은 뷰티 - 네일 카테고리의 딥클렌징 퍼퓸 바디워시 (모델-51) 입니다. 최고의 품질을 보장합니다.,82000,77900,111,https://images.unsplash.com/photo-1608248597279-f99d160bfcbc?q=80&w=300,FOR_SALE,2025-07-05 00:00:00
1792,128,저자극 매트 립스틱 (모델-52),이 상품은 뷰티 - 메이크업 카테고리의 저자극 매트 립스틱 (모델-52) 입니다. 최고의 품질을 보장합니다.,49000,,210,https://images.unsplash.com/photo-1586495777744-4413f21062fa?q=80&w=300,FOR_SALE,2025-11-28 00:00:00
1793,130,롱래스팅 히알루론산 토너 (모델-53),이 상품은 뷰티 - 스킨케어 카테고리의 롱래스팅 히알루론산 토너 (모델-53) 입니다. 최고의 품질을 보장합니다.,53000,45000,295,https://images.unsplash.com/photo-1612817288484-6f916006741a?q=80&w=300,FOR_SALE,2025-01-19 00:00:00
1794,127,비건 탈모 완화 샴푸 (모델-54),이 상품은 뷰티 - 네일 카테고리의 비건 탈모 완화 샴푸 (모델-54) 입니다. 최고의 품질을 보장합니다.,130000,123500,117,https://images.unsplash.com/photo-1535585209827-a15fcdbc4c2d?q=80&w=300,FOR_SALE,2025-10-28 00:00:00
1795,129,비건 히알루론산 토너 (모델-55),이 상품은 뷰티 - 뷰티소품/도구 카테고리의 비건 히알루론산 토너 (모델-55) 입니다. 최고의 품질을 보장합니다.,102000,91800,67,https://images.unsplash.com/photo-1612817288484-6f916006741a?q=80&w=300,FOR_SALE,2025-06-04 00:00:00
1796,130,롱래스팅 히알루론산 토너 (모델-56),이 상품은 뷰티 - 스킨케어 카테고리의 롱래스팅 히알루론산 토너 (모델-56) 입니다. 최고의 품질을 보장합니다.,144000,122400,136,https://images.unsplash.com/photo-1612817288484-6f916006741a?q=80&w=300,FOR_SALE,2025-09-11 00:00:00
1797,132,비건 히알루론산 토너 (모델-57),이 상품은 뷰티 - 향수 카테고리의 비건 히알루론산 토너 (모델-57) 입니다. 최고의 품질을 보장합니다.,73000,58400,252,https://images.unsplash.com/photo-1612817288484-6f916006741a?q=80&w=300,FOR_SALE,2025-06-19 00:00:00
1798,130,딥클렌징 퍼퓸 바디워시 (모델-58),이 상품은 뷰티 - 스킨케어 카테고리의 딥클렌징 퍼퓸 바디워시 (모델-58) 입니다. 최고의 품질을 보장합니다.,70000,,66,https://images.unsplash.com/photo-1608248597279-f99d160bfcbc?q=80&w=300,FOR_SALE,2025-08-20 00:00:00
1799,130,수분가득 퍼퓸 바디워시 (모델-59),이 상품은 뷰티 - 스킨케어 카테고리의 수분가득 퍼퓸 바디워시 (모델-59) 입니다. 최고의 품질을 보장합니다.,133000,,179,https://images.unsplash.com/photo-1608248597279-f99d160bfcbc?q=80&w=300,FOR_SALE,2024-09-30 00:00:00
1800,131,내추럴 히알루론산 토너 (모델-60),이 상품은 뷰티 - 클렌징 카테고리의 내추럴 히알루론산 토너 (모델-60) 입니다. 최고의 품질을 보장합니다.,57000,,65,https://images.unsplash.com/photo-1612817288484-6f916006741a?q=80&w=300,FOR_SALE,2025-08-24 00:00:00
1801,131,내추럴 시카 수분 크림 (모델-61),이 상품은 뷰티 - 클렌징 카테고리의 내추럴 시카 수분 크림 (모델-61) 입니다. 최고의 품질을 보장합니다.,47000,,197,https://images.unsplash.com/photo-1601049541289-9b1b7bbbfe19?q=80&w=300,FOR_SALE,2024-11-10 00:00:00
1802,129,고보습 아이섀도우 팔레트 (모델-62),이 상품은 뷰티 - 뷰티소품/도구 카테고리의 고보습 아이섀도우 팔레트 (모델-62) 입니다. 최고의 품질을 보장합니다.,69000,62100,299,https://images.unsplash.com/photo-1596462502278-27bfdc403348?q=80&w=300,FOR_SALE,2026-05-23 00:00:00
1803,128,저자극 아이섀도우 팔레트 (모델-63),이 상품은 뷰티 - 메이크업 카테고리의 저자극 아이섀도우 팔레트 (모델-63) 입니다. 최고의 품질을 보장합니다.,56000,,215,https://images.unsplash.com/photo-1596462502278-27bfdc403348?q=80&w=300,FOR_SALE,2024-12-20 00:00:00
1804,132,딥클렌징 시카 수분 크림 (모델-64),이 상품은 뷰티 - 향수 카테고리의 딥클렌징 시카 수분 크림 (모델-64) 입니다. 최고의 품질을 보장합니다.,21000,17800,138,https://images.unsplash.com/photo-1601049541289-9b1b7bbbfe19?q=80&w=300,FOR_SALE,2025-11-19 00:00:00
1805,127,비건 퍼퓸 바디워시 (모델-65),이 상품은 뷰티 - 네일 카테고리의 비건 퍼퓸 바디워시 (모델-65) 입니다. 최고의 품질을 보장합니다.,142000,127800,237,https://images.unsplash.com/photo-1608248597279-f99d160bfcbc?q=80&w=300,FOR_SALE,2026-03-07 00:00:00
1806,131,내추럴 히알루론산 토너 (모델-66),이 상품은 뷰티 - 클렌징 카테고리의 내추럴 히알루론산 토너 (모델-66) 입니다. 최고의 품질을 보장합니다.,115000,97800,132,https://images.unsplash.com/photo-1612817288484-6f916006741a?q=80&w=300,FOR_SALE,2025-09-28 00:00:00
1807,128,내추럴 매트 립스틱 (모델-67),이 상품은 뷰티 - 메이크업 카테고리의 내추럴 매트 립스틱 (모델-67) 입니다. 최고의 품질을 보장합니다.,27000,25600,86,https://images.unsplash.com/photo-1586495777744-4413f21062fa?q=80&w=300,FOR_SALE,2025-04-12 00:00:00
1808,131,롱래스팅 아이섀도우 팔레트 (모델-68),이 상품은 뷰티 - 클렌징 카테고리의 롱래스팅 아이섀도우 팔레트 (모델-68) 입니다. 최고의 품질을 보장합니다.,78000,74100,18,https://images.unsplash.com/photo-1596462502278-27bfdc403348?q=80&w=300,FOR_SALE,2025-01-18 00:00:00
1809,132,내추럴 탈모 완화 샴푸 (모델-69),이 상품은 뷰티 - 향수 카테고리의 내추럴 탈모 완화 샴푸 (모델-69) 입니다. 최고의 품질을 보장합니다.,146000,138700,73,https://images.unsplash.com/photo-1535585209827-a15fcdbc4c2d?q=80&w=300,FOR_SALE,2024-11-11 00:00:00
1810,128,고보습 퍼퓸 바디워시 (모델-70),이 상품은 뷰티 - 메이크업 카테고리의 고보습 퍼퓸 바디워시 (모델-70) 입니다. 최고의 품질을 보장합니다.,60000,51000,296,https://images.unsplash.com/photo-1608248597279-f99d160bfcbc?q=80&w=300,FOR_SALE,2025-09-29 00:00:00
1811,128,딥클렌징 탈모 완화 샴푸 (모델-71),이 상품은 뷰티 - 메이크업 카테고리의 딥클렌징 탈모 완화 샴푸 (모델-71) 입니다. 최고의 품질을 보장합니다.,14000,,170,https://images.unsplash.com/photo-1535585209827-a15fcdbc4c2d?q=80&w=300,FOR_SALE,2025-01-31 00:00:00
1812,130,내추럴 탈모 완화 샴푸 (모델-72),이 상품은 뷰티 - 스킨케어 카테고리의 내추럴 탈모 완화 샴푸 (모델-72) 입니다. 최고의 품질을 보장합니다.,110000,93500,251,https://images.unsplash.com/photo-1535585209827-a15fcdbc4c2d?q=80&w=300,FOR_SALE,2024-08-10 00:00:00
1813,129,딥클렌징 매트 립스틱 (모델-73),이 상품은 뷰티 - 뷰티소품/도구 카테고리의 딥클렌징 매트 립스틱 (모델-73) 입니다. 최고의 품질을 보장합니다.,117000,,103,https://images.unsplash.com/photo-1586495777744-4413f21062fa?q=80&w=300,FOR_SALE,2025-01-16 00:00:00
1814,127,저자극 히알루론산 토너 (모델-74),이 상품은 뷰티 - 네일 카테고리의 저자극 히알루론산 토너 (모델-74) 입니다. 최고의 품질을 보장합니다.,68000,64600,75,https://images.unsplash.com/photo-1612817288484-6f916006741a?q=80&w=300,FOR_SALE,2025-03-01 00:00:00
1815,130,내추럴 아이섀도우 팔레트 (모델-75),이 상품은 뷰티 - 스킨케어 카테고리의 내추럴 아이섀도우 팔레트 (모델-75) 입니다. 최고의 품질을 보장합니다.,32000,,109,https://images.unsplash.com/photo-1596462502278-27bfdc403348?q=80&w=300,FOR_SALE,2026-05-16 00:00:00
1816,129,수분가득 매트 립스틱 (모델-76),이 상품은 뷰티 - 뷰티소품/도구 카테고리의 수분가득 매트 립스틱 (모델-76) 입니다. 최고의 품질을 보장합니다.,100000,90000,240,https://images.unsplash.com/photo-1586495777744-4413f21062fa?q=80&w=300,FOR_SALE,2026-02-27 00:00:00
1817,131,수분가득 히알루론산 토너 (모델-77),이 상품은 뷰티 - 클렌징 카테고리의 수분가득 히알루론산 토너 (모델-77) 입니다. 최고의 품질을 보장합니다.,19000,18000,126,https://images.unsplash.com/photo-1612817288484-6f916006741a?q=80&w=300,FOR_SALE,2025-08-05 00:00:00
1818,128,저자극 히알루론산 토너 (모델-78),이 상품은 뷰티 - 메이크업 카테고리의 저자극 히알루론산 토너 (모델-78) 입니다. 최고의 품질을 보장합니다.,32000,,155,https://images.unsplash.com/photo-1612817288484-6f916006741a?q=80&w=300,FOR_SALE,2025-10-19 00:00:00
1819,132,딥클렌징 클렌징 오일 (모델-79),이 상품은 뷰티 - 향수 카테고리의 딥클렌징 클렌징 오일 (모델-79) 입니다. 최고의 품질을 보장합니다.,21000,16800,73,https://images.unsplash.com/photo-1556228720-195a672e8a03?q=80&w=300,FOR_SALE,2025-04-14 00:00:00
1820,129,딥클렌징 시카 수분 크림 (모델-80),이 상품은 뷰티 - 뷰티소품/도구 카테고리의 딥클렌징 시카 수분 크림 (모델-80) 입니다. 최고의 품질을 보장합니다.,80000,,158,https://images.unsplash.com/photo-1601049541289-9b1b7bbbfe19?q=80&w=300,FOR_SALE,2025-09-26 00:00:00
1821,133,저자극 히알루론산 토너 (모델-81),이 상품은 뷰티 - 헤어/바디 카테고리의 저자극 히알루론산 토너 (모델-81) 입니다. 최고의 품질을 보장합니다.,28000,26600,108,https://images.unsplash.com/photo-1612817288484-6f916006741a?q=80&w=300,FOR_SALE,2025-07-24 00:00:00
1822,129,딥클렌징 퍼퓸 바디워시 (모델-82),이 상품은 뷰티 - 뷰티소품/도구 카테고리의 딥클렌징 퍼퓸 바디워시 (모델-82) 입니다. 최고의 품질을 보장합니다.,149000,134100,60,https://images.unsplash.com/photo-1608248597279-f99d160bfcbc?q=80&w=300,FOR_SALE,2024-07-23 00:00:00
1823,128,롱래스팅 아이섀도우 팔레트 (모델-83),이 상품은 뷰티 - 메이크업 카테고리의 롱래스팅 아이섀도우 팔레트 (모델-83) 입니다. 최고의 품질을 보장합니다.,96000,,257,https://images.unsplash.com/photo-1596462502278-27bfdc403348?q=80&w=300,FOR_SALE,2024-10-15 00:00:00
1824,131,저자극 클렌징 오일 (모델-84),이 상품은 뷰티 - 클렌징 카테고리의 저자극 클렌징 오일 (모델-84) 입니다. 최고의 품질을 보장합니다.,140000,133000,284,https://images.unsplash.com/photo-1556228720-195a672e8a03?q=80&w=300,FOR_SALE,2025-05-21 00:00:00
1825,128,딥클렌징 클렌징 오일 (모델-85),이 상품은 뷰티 - 메이크업 카테고리의 딥클렌징 클렌징 오일 (모델-85) 입니다. 최고의 품질을 보장합니다.,75000,63800,138,https://images.unsplash.com/photo-1556228720-195a672e8a03?q=80&w=300,FOR_SALE,2025-02-03 00:00:00
1826,131,딥클렌징 시카 수분 크림 (모델-86),이 상품은 뷰티 - 클렌징 카테고리의 딥클렌징 시카 수분 크림 (모델-86) 입니다. 최고의 품질을 보장합니다.,99000,94000,205,https://images.unsplash.com/photo-1601049541289-9b1b7bbbfe19?q=80&w=300,FOR_SALE,2024-11-13 00:00:00
1827,129,수분가득 히알루론산 토너 (모델-87),이 상품은 뷰티 - 뷰티소품/도구 카테고리의 수분가득 히알루론산 토너 (모델-87) 입니다. 최고의 품질을 보장합니다.,132000,125400,251,https://images.unsplash.com/photo-1612817288484-6f916006741a?q=80&w=300,FOR_SALE,2024-12-06 00:00:00
1828,128,저자극 아이섀도우 팔레트 (모델-88),이 상품은 뷰티 - 메이크업 카테고리의 저자극 아이섀도우 팔레트 (모델-88) 입니다. 최고의 품질을 보장합니다.,121000,,83,https://images.unsplash.com/photo-1596462502278-27bfdc403348?q=80&w=300,FOR_SALE,2025-06-15 00:00:00
1829,133,내추럴 탈모 완화 샴푸 (모델-89),이 상품은 뷰티 - 헤어/바디 카테고리의 내추럴 탈모 완화 샴푸 (모델-89) 입니다. 최고의 품질을 보장합니다.,128000,121600,23,https://images.unsplash.com/photo-1535585209827-a15fcdbc4c2d?q=80&w=300,FOR_SALE,2025-03-24 00:00:00
1830,130,비건 아이섀도우 팔레트 (모델-90),이 상품은 뷰티 - 스킨케어 카테고리의 비건 아이섀도우 팔레트 (모델-90) 입니다. 최고의 품질을 보장합니다.,88000,74800,179,https://images.unsplash.com/photo-1596462502278-27bfdc403348?q=80&w=300,FOR_SALE,2024-11-16 00:00:00
1831,133,수분가득 클렌징 오일 (모델-91),이 상품은 뷰티 - 헤어/바디 카테고리의 수분가득 클렌징 오일 (모델-91) 입니다. 최고의 품질을 보장합니다.,72000,,66,https://images.unsplash.com/photo-1556228720-195a672e8a03?q=80&w=300,FOR_SALE,2025-06-29 00:00:00
1832,133,고보습 아이섀도우 팔레트 (모델-92),이 상품은 뷰티 - 헤어/바디 카테고리의 고보습 아이섀도우 팔레트 (모델-92) 입니다. 최고의 품질을 보장합니다.,22000,,146,https://images.unsplash.com/photo-1596462502278-27bfdc403348?q=80&w=300,FOR_SALE,2025-06-07 00:00:00
1833,132,수분가득 퍼퓸 바디워시 (모델-93),이 상품은 뷰티 - 향수 카테고리의 수분가득 퍼퓸 바디워시 (모델-93) 입니다. 최고의 품질을 보장합니다.,145000,130500,24,https://images.unsplash.com/photo-1608248597279-f99d160bfcbc?q=80&w=300,FOR_SALE,2025-02-23 00:00:00
1834,129,롱래스팅 시카 수분 크림 (모델-94),이 상품은 뷰티 - 뷰티소품/도구 카테고리의 롱래스팅 시카 수분 크림 (모델-94) 입니다. 최고의 품질을 보장합니다.,84000,75600,52,https://images.unsplash.com/photo-1601049541289-9b1b7bbbfe19?q=80&w=300,FOR_SALE,2025-08-29 00:00:00
1835,131,롱래스팅 아이섀도우 팔레트 (모델-95),이 상품은 뷰티 - 클렌징 카테고리의 롱래스팅 아이섀도우 팔레트 (모델-95) 입니다. 최고의 품질을 보장합니다.,86000,,132,https://images.unsplash.com/photo-1596462502278-27bfdc403348?q=80&w=300,FOR_SALE,2025-07-24 00:00:00
1836,128,고보습 시카 수분 크림 (모델-96),이 상품은 뷰티 - 메이크업 카테고리의 고보습 시카 수분 크림 (모델-96) 입니다. 최고의 품질을 보장합니다.,96000,,95,https://images.unsplash.com/photo-1601049541289-9b1b7bbbfe19?q=80&w=300,FOR_SALE,2025-09-18 00:00:00
1837,130,고보습 시카 수분 크림 (모델-97),이 상품은 뷰티 - 스킨케어 카테고리의 고보습 시카 수분 크림 (모델-97) 입니다. 최고의 품질을 보장합니다.,41000,36900,219,https://images.unsplash.com/photo-1601049541289-9b1b7bbbfe19?q=80&w=300,FOR_SALE,2025-10-09 00:00:00
1838,130,고보습 히알루론산 토너 (모델-98),이 상품은 뷰티 - 스킨케어 카테고리의 고보습 히알루론산 토너 (모델-98) 입니다. 최고의 품질을 보장합니다.,72000,,191,https://images.unsplash.com/photo-1612817288484-6f916006741a?q=80&w=300,FOR_SALE,2026-01-30 00:00:00
1839,130,내추럴 퍼퓸 바디워시 (모델-99),이 상품은 뷰티 - 스킨케어 카테고리의 내추럴 퍼퓸 바디워시 (모델-99) 입니다. 최고의 품질을 보장합니다.,76000,60800,137,https://images.unsplash.com/photo-1608248597279-f99d160bfcbc?q=80&w=300,FOR_SALE,2025-11-17 00:00:00
1840,129,수분가득 히알루론산 토너 (모델-100),이 상품은 뷰티 - 뷰티소품/도구 카테고리의 수분가득 히알루론산 토너 (모델-100) 입니다. 최고의 품질을 보장합니다.,70000,,185,https://images.unsplash.com/photo-1612817288484-6f916006741a?q=80&w=300,FOR_SALE,2025-07-14 00:00:00
1841,130,저자극 퍼퓸 바디워시 (모델-101),이 상품은 뷰티 - 스킨케어 카테고리의 저자극 퍼퓸 바디워시 (모델-101) 입니다. 최고의 품질을 보장합니다.,118000,,149,https://images.unsplash.com/photo-1608248597279-f99d160bfcbc?q=80&w=300,FOR_SALE,2026-01-31 00:00:00
1842,133,롱래스팅 히알루론산 토너 (모델-102),이 상품은 뷰티 - 헤어/바디 카테고리의 롱래스팅 히알루론산 토너 (모델-102) 입니다. 최고의 품질을 보장합니다.,148000,,41,https://images.unsplash.com/photo-1612817288484-6f916006741a?q=80&w=300,FOR_SALE,2024-12-01 00:00:00
1843,131,저자극 클렌징 오일 (모델-103),이 상품은 뷰티 - 클렌징 카테고리의 저자극 클렌징 오일 (모델-103) 입니다. 최고의 품질을 보장합니다.,108000,102600,268,https://images.unsplash.com/photo-1556228720-195a672e8a03?q=80&w=300,FOR_SALE,2025-11-25 00:00:00
1844,131,고보습 탈모 완화 샴푸 (모델-104),이 상품은 뷰티 - 클렌징 카테고리의 고보습 탈모 완화 샴푸 (모델-104) 입니다. 최고의 품질을 보장합니다.,148000,140600,30,https://images.unsplash.com/photo-1535585209827-a15fcdbc4c2d?q=80&w=300,FOR_SALE,2025-11-18 00:00:00
1845,128,고보습 매트 립스틱 (모델-105),이 상품은 뷰티 - 메이크업 카테고리의 고보습 매트 립스틱 (모델-105) 입니다. 최고의 품질을 보장합니다.,73000,69400,135,https://images.unsplash.com/photo-1586495777744-4413f21062fa?q=80&w=300,FOR_SALE,2025-10-24 00:00:00
1846,131,내추럴 매트 립스틱 (모델-106),이 상품은 뷰티 - 클렌징 카테고리의 내추럴 매트 립스틱 (모델-106) 입니다. 최고의 품질을 보장합니다.,58000,,41,https://images.unsplash.com/photo-1586495777744-4413f21062fa?q=80&w=300,FOR_SALE,2025-01-23 00:00:00
1847,131,내추럴 퍼퓸 바디워시 (모델-107),이 상품은 뷰티 - 클렌징 카테고리의 내추럴 퍼퓸 바디워시 (모델-107) 입니다. 최고의 품질을 보장합니다.,24000,22800,292,https://images.unsplash.com/photo-1608248597279-f99d160bfcbc?q=80&w=300,FOR_SALE,2025-08-23 00:00:00
1848,131,고보습 시카 수분 크림 (모델-108),이 상품은 뷰티 - 클렌징 카테고리의 고보습 시카 수분 크림 (모델-108) 입니다. 최고의 품질을 보장합니다.,17000,,56,https://images.unsplash.com/photo-1601049541289-9b1b7bbbfe19?q=80&w=300,FOR_SALE,2024-10-07 00:00:00
1849,127,내추럴 탈모 완화 샴푸 (모델-109),이 상품은 뷰티 - 네일 카테고리의 내추럴 탈모 완화 샴푸 (모델-109) 입니다. 최고의 품질을 보장합니다.,35000,,96,https://images.unsplash.com/photo-1535585209827-a15fcdbc4c2d?q=80&w=300,FOR_SALE,2024-12-12 00:00:00
1850,131,딥클렌징 퍼퓸 바디워시 (모델-110),이 상품은 뷰티 - 클렌징 카테고리의 딥클렌징 퍼퓸 바디워시 (모델-110) 입니다. 최고의 품질을 보장합니다.,49000,,218,https://images.unsplash.com/photo-1608248597279-f99d160bfcbc?q=80&w=300,FOR_SALE,2024-09-29 00:00:00
1851,127,비건 시카 수분 크림 (모델-111),이 상품은 뷰티 - 네일 카테고리의 비건 시카 수분 크림 (모델-111) 입니다. 최고의 품질을 보장합니다.,113000,101700,39,https://images.unsplash.com/photo-1601049541289-9b1b7bbbfe19?q=80&w=300,FOR_SALE,2025-08-17 00:00:00
1852,133,저자극 탈모 완화 샴푸 (모델-112),이 상품은 뷰티 - 헤어/바디 카테고리의 저자극 탈모 완화 샴푸 (모델-112) 입니다. 최고의 품질을 보장합니다.,131000,,24,https://images.unsplash.com/photo-1535585209827-a15fcdbc4c2d?q=80&w=300,FOR_SALE,2026-02-20 00:00:00
1853,131,내추럴 아이섀도우 팔레트 (모델-113),이 상품은 뷰티 - 클렌징 카테고리의 내추럴 아이섀도우 팔레트 (모델-113) 입니다. 최고의 품질을 보장합니다.,104000,98800,142,https://images.unsplash.com/photo-1596462502278-27bfdc403348?q=80&w=300,FOR_SALE,2025-11-16 00:00:00
1854,129,수분가득 히알루론산 토너 (모델-114),이 상품은 뷰티 - 뷰티소품/도구 카테고리의 수분가득 히알루론산 토너 (모델-114) 입니다. 최고의 품질을 보장합니다.,119000,,86,https://images.unsplash.com/photo-1612817288484-6f916006741a?q=80&w=300,FOR_SALE,2025-08-03 00:00:00
1855,132,딥클렌징 히알루론산 토너 (모델-115),이 상품은 뷰티 - 향수 카테고리의 딥클렌징 히알루론산 토너 (모델-115) 입니다. 최고의 품질을 보장합니다.,68000,,138,https://images.unsplash.com/photo-1612817288484-6f916006741a?q=80&w=300,FOR_SALE,2025-10-13 00:00:00
1856,128,고보습 아이섀도우 팔레트 (모델-116),이 상품은 뷰티 - 메이크업 카테고리의 고보습 아이섀도우 팔레트 (모델-116) 입니다. 최고의 품질을 보장합니다.,88000,,257,https://images.unsplash.com/photo-1596462502278-27bfdc403348?q=80&w=300,FOR_SALE,2025-05-29 00:00:00
1857,130,고보습 시카 수분 크림 (모델-117),이 상품은 뷰티 - 스킨케어 카테고리의 고보습 시카 수분 크림 (모델-117) 입니다. 최고의 품질을 보장합니다.,98000,78400,180,https://images.unsplash.com/photo-1601049541289-9b1b7bbbfe19?q=80&w=300,FOR_SALE,2025-12-01 00:00:00
1858,129,고보습 히알루론산 토너 (모델-118),이 상품은 뷰티 - 뷰티소품/도구 카테고리의 고보습 히알루론산 토너 (모델-118) 입니다. 최고의 품질을 보장합니다.,74000,70300,144,https://images.unsplash.com/photo-1612817288484-6f916006741a?q=80&w=300,FOR_SALE,2025-07-28 00:00:00
1859,129,수분가득 매트 립스틱 (모델-119),이 상품은 뷰티 - 뷰티소품/도구 카테고리의 수분가득 매트 립스틱 (모델-119) 입니다. 최고의 품질을 보장합니다.,93000,,192,https://images.unsplash.com/photo-1586495777744-4413f21062fa?q=80&w=300,FOR_SALE,2026-05-19 00:00:00
1860,133,롱래스팅 매트 립스틱 (모델-120),이 상품은 뷰티 - 헤어/바디 카테고리의 롱래스팅 매트 립스틱 (모델-120) 입니다. 최고의 품질을 보장합니다.,148000,,181,https://images.unsplash.com/photo-1586495777744-4413f21062fa?q=80&w=300,FOR_SALE,2024-12-03 00:00:00
1861,130,저자극 매트 립스틱 (모델-121),이 상품은 뷰티 - 스킨케어 카테고리의 저자극 매트 립스틱 (모델-121) 입니다. 최고의 품질을 보장합니다.,76000,,60,https://images.unsplash.com/photo-1586495777744-4413f21062fa?q=80&w=300,FOR_SALE,2026-01-24 00:00:00
1862,128,딥클렌징 매트 립스틱 (모델-122),이 상품은 뷰티 - 메이크업 카테고리의 딥클렌징 매트 립스틱 (모델-122) 입니다. 최고의 품질을 보장합니다.,52000,49400,127,https://images.unsplash.com/photo-1586495777744-4413f21062fa?q=80&w=300,FOR_SALE,2025-08-26 00:00:00
1863,133,저자극 매트 립스틱 (모델-123),이 상품은 뷰티 - 헤어/바디 카테고리의 저자극 매트 립스틱 (모델-123) 입니다. 최고의 품질을 보장합니다.,63000,59800,81,https://images.unsplash.com/photo-1586495777744-4413f21062fa?q=80&w=300,FOR_SALE,2026-04-17 00:00:00
1864,127,롱래스팅 시카 수분 크림 (모델-124),이 상품은 뷰티 - 네일 카테고리의 롱래스팅 시카 수분 크림 (모델-124) 입니다. 최고의 품질을 보장합니다.,128000,,143,https://images.unsplash.com/photo-1601049541289-9b1b7bbbfe19?q=80&w=300,FOR_SALE,2026-04-08 00:00:00
1865,131,비건 아이섀도우 팔레트 (모델-125),이 상품은 뷰티 - 클렌징 카테고리의 비건 아이섀도우 팔레트 (모델-125) 입니다. 최고의 품질을 보장합니다.,64000,54400,32,https://images.unsplash.com/photo-1596462502278-27bfdc403348?q=80&w=300,FOR_SALE,2024-11-13 00:00:00
1866,129,딥클렌징 클렌징 오일 (모델-126),이 상품은 뷰티 - 뷰티소품/도구 카테고리의 딥클렌징 클렌징 오일 (모델-126) 입니다. 최고의 품질을 보장합니다.,121000,,109,https://images.unsplash.com/photo-1556228720-195a672e8a03?q=80&w=300,FOR_SALE,2025-08-07 00:00:00
1867,132,고보습 클렌징 오일 (모델-127),이 상품은 뷰티 - 향수 카테고리의 고보습 클렌징 오일 (모델-127) 입니다. 최고의 품질을 보장합니다.,20000,18000,25,https://images.unsplash.com/photo-1556228720-195a672e8a03?q=80&w=300,FOR_SALE,2026-01-24 00:00:00
1868,129,비건 매트 립스틱 (모델-128),이 상품은 뷰티 - 뷰티소품/도구 카테고리의 비건 매트 립스틱 (모델-128) 입니다. 최고의 품질을 보장합니다.,49000,,185,https://images.unsplash.com/photo-1586495777744-4413f21062fa?q=80&w=300,FOR_SALE,2024-08-18 00:00:00
1869,127,딥클렌징 클렌징 오일 (모델-129),이 상품은 뷰티 - 네일 카테고리의 딥클렌징 클렌징 오일 (모델-129) 입니다. 최고의 품질을 보장합니다.,32000,25600,220,https://images.unsplash.com/photo-1556228720-195a672e8a03?q=80&w=300,FOR_SALE,2025-01-16 00:00:00
1870,130,딥클렌징 시카 수분 크림 (모델-130),이 상품은 뷰티 - 스킨케어 카테고리의 딥클렌징 시카 수분 크림 (모델-130) 입니다. 최고의 품질을 보장합니다.,112000,100800,183,https://images.unsplash.com/photo-1601049541289-9b1b7bbbfe19?q=80&w=300,FOR_SALE,2026-02-17 00:00:00
1871,127,내추럴 시카 수분 크림 (모델-131),이 상품은 뷰티 - 네일 카테고리의 내추럴 시카 수분 크림 (모델-131) 입니다. 최고의 품질을 보장합니다.,123000,116800,130,https://images.unsplash.com/photo-1601049541289-9b1b7bbbfe19?q=80&w=300,FOR_SALE,2026-05-21 00:00:00
1872,130,저자극 아이섀도우 팔레트 (모델-132),이 상품은 뷰티 - 스킨케어 카테고리의 저자극 아이섀도우 팔레트 (모델-132) 입니다. 최고의 품질을 보장합니다.,58000,,91,https://images.unsplash.com/photo-1596462502278-27bfdc403348?q=80&w=300,FOR_SALE,2024-10-23 00:00:00
1873,133,고보습 아이섀도우 팔레트 (모델-133),이 상품은 뷰티 - 헤어/바디 카테고리의 고보습 아이섀도우 팔레트 (모델-133) 입니다. 최고의 품질을 보장합니다.,73000,69400,80,https://images.unsplash.com/photo-1596462502278-27bfdc403348?q=80&w=300,FOR_SALE,2025-08-15 00:00:00
1874,130,수분가득 탈모 완화 샴푸 (모델-134),이 상품은 뷰티 - 스킨케어 카테고리의 수분가득 탈모 완화 샴푸 (모델-134) 입니다. 최고의 품질을 보장합니다.,98000,,215,https://images.unsplash.com/photo-1535585209827-a15fcdbc4c2d?q=80&w=300,FOR_SALE,2025-02-07 00:00:00
1875,128,롱래스팅 아이섀도우 팔레트 (모델-135),이 상품은 뷰티 - 메이크업 카테고리의 롱래스팅 아이섀도우 팔레트 (모델-135) 입니다. 최고의 품질을 보장합니다.,19000,18000,154,https://images.unsplash.com/photo-1596462502278-27bfdc403348?q=80&w=300,FOR_SALE,2025-01-28 00:00:00
1876,132,롱래스팅 히알루론산 토너 (모델-136),이 상품은 뷰티 - 향수 카테고리의 롱래스팅 히알루론산 토너 (모델-136) 입니다. 최고의 품질을 보장합니다.,135000,128200,275,https://images.unsplash.com/photo-1612817288484-6f916006741a?q=80&w=300,FOR_SALE,2025-03-08 00:00:00
1877,128,수분가득 아이섀도우 팔레트 (모델-137),이 상품은 뷰티 - 메이크업 카테고리의 수분가득 아이섀도우 팔레트 (모델-137) 입니다. 최고의 품질을 보장합니다.,43000,38700,48,https://images.unsplash.com/photo-1596462502278-27bfdc403348?q=80&w=300,FOR_SALE,2025-06-19 00:00:00
1878,130,내추럴 퍼퓸 바디워시 (모델-138),이 상품은 뷰티 - 스킨케어 카테고리의 내추럴 퍼퓸 바디워시 (모델-138) 입니다. 최고의 품질을 보장합니다.,144000,,92,https://images.unsplash.com/photo-1608248597279-f99d160bfcbc?q=80&w=300,FOR_SALE,2025-11-26 00:00:00
1879,133,딥클렌징 아이섀도우 팔레트 (모델-139),이 상품은 뷰티 - 헤어/바디 카테고리의 딥클렌징 아이섀도우 팔레트 (모델-139) 입니다. 최고의 품질을 보장합니다.,18000,17100,145,https://images.unsplash.com/photo-1596462502278-27bfdc403348?q=80&w=300,FOR_SALE,2026-04-11 00:00:00
1880,133,저자극 시카 수분 크림 (모델-140),이 상품은 뷰티 - 헤어/바디 카테고리의 저자극 시카 수분 크림 (모델-140) 입니다. 최고의 품질을 보장합니다.,53000,,271,https://images.unsplash.com/photo-1601049541289-9b1b7bbbfe19?q=80&w=300,FOR_SALE,2025-09-17 00:00:00
1881,140,캠핑용 하이브리드 자전거 (모델-1),이 상품은 스포츠 - 자전거 카테고리의 캠핑용 하이브리드 자전거 (모델-1) 입니다. 최고의 품질을 보장합니다.,125000,118800,214,https://images.unsplash.com/photo-1485965120184-e220f721d03e?q=80&w=300,FOR_SALE,2025-01-29 00:00:00
1882,135,경량 스포츠 티셔츠 (모델-2),이 상품은 스포츠 - 구기/라켓 카테고리의 경량 스포츠 티셔츠 (모델-2) 입니다. 최고의 품질을 보장합니다.,61000,48800,167,https://images.unsplash.com/photo-1581655353564-df123a1eb820?q=80&w=300,FOR_SALE,2026-02-06 00:00:00
1883,134,아웃도어 경량 덤벨 세트 (모델-3),이 상품은 스포츠 - 골프 카테고리의 아웃도어 경량 덤벨 세트 (모델-3) 입니다. 최고의 품질을 보장합니다.,38000,36100,31,https://images.unsplash.com/photo-1517838277536-f5f99be501cd?q=80&w=300,FOR_SALE,2026-03-28 00:00:00
1884,135,경량 하이브리드 자전거 (모델-4),이 상품은 스포츠 - 구기/라켓 카테고리의 경량 하이브리드 자전거 (모델-4) 입니다. 최고의 품질을 보장합니다.,126000,,83,https://images.unsplash.com/photo-1485965120184-e220f721d03e?q=80&w=300,FOR_SALE,2025-04-18 00:00:00
1885,134,충격흡수 경량 덤벨 세트 (모델-5),이 상품은 스포츠 - 골프 카테고리의 충격흡수 경량 덤벨 세트 (모델-5) 입니다. 최고의 품질을 보장합니다.,145000,137800,47,https://images.unsplash.com/photo-1517838277536-f5f99be501cd?q=80&w=300,FOR_SALE,2025-01-15 00:00:00
1886,140,경량 하이브리드 자전거 (모델-6),이 상품은 스포츠 - 자전거 카테고리의 경량 하이브리드 자전거 (모델-6) 입니다. 최고의 품질을 보장합니다.,125000,112500,235,https://images.unsplash.com/photo-1485965120184-e220f721d03e?q=80&w=300,FOR_SALE,2026-03-19 00:00:00
1887,137,고탄성 요가 매트 (모델-7),이 상품은 스포츠 - 수영/수상 카테고리의 고탄성 요가 매트 (모델-7) 입니다. 최고의 품질을 보장합니다.,21000,,245,https://images.unsplash.com/photo-1601925260368-ae2f83cf8b7f?q=80&w=300,FOR_SALE,2024-10-20 00:00:00
1888,135,고탄성 스포츠 티셔츠 (모델-8),이 상품은 스포츠 - 구기/라켓 카테고리의 고탄성 스포츠 티셔츠 (모델-8) 입니다. 최고의 품질을 보장합니다.,31000,29400,108,https://images.unsplash.com/photo-1581655353564-df123a1eb820?q=80&w=300,FOR_SALE,2024-08-27 00:00:00
1889,138,고탄성 캠핑 텐트 (모델-9),이 상품은 스포츠 - 운동복/스포츠웨어 카테고리의 고탄성 캠핑 텐트 (모델-9) 입니다. 최고의 품질을 보장합니다.,78000,,135,https://images.unsplash.com/photo-1504280390367-361c6d9f38f4?q=80&w=300,FOR_SALE,2026-04-09 00:00:00
1890,138,기능성 스포츠 티셔츠 (모델-10),이 상품은 스포츠 - 운동복/스포츠웨어 카테고리의 기능성 스포츠 티셔츠 (모델-10) 입니다. 최고의 품질을 보장합니다.,24000,,262,https://images.unsplash.com/photo-1581655353564-df123a1eb820?q=80&w=300,FOR_SALE,2025-12-29 00:00:00
1891,140,기능성 하이브리드 자전거 (모델-11),이 상품은 스포츠 - 자전거 카테고리의 기능성 하이브리드 자전거 (모델-11) 입니다. 최고의 품질을 보장합니다.,136000,115600,16,https://images.unsplash.com/photo-1485965120184-e220f721d03e?q=80&w=300,FOR_SALE,2026-01-01 00:00:00
1892,139,충격흡수 경량 덤벨 세트 (모델-12),이 상품은 스포츠 - 운동화 카테고리의 충격흡수 경량 덤벨 세트 (모델-12) 입니다. 최고의 품질을 보장합니다.,133000,,249,https://images.unsplash.com/photo-1517838277536-f5f99be501cd?q=80&w=300,FOR_SALE,2024-11-03 00:00:00
1893,138,캠핑용 스포츠 티셔츠 (모델-13),이 상품은 스포츠 - 운동복/스포츠웨어 카테고리의 캠핑용 스포츠 티셔츠 (모델-13) 입니다. 최고의 품질을 보장합니다.,66000,,114,https://images.unsplash.com/photo-1581655353564-df123a1eb820?q=80&w=300,FOR_SALE,2025-07-26 00:00:00
1894,140,아웃도어 스포츠 티셔츠 (모델-14),이 상품은 스포츠 - 자전거 카테고리의 아웃도어 스포츠 티셔츠 (모델-14) 입니다. 최고의 품질을 보장합니다.,68000,,97,https://images.unsplash.com/photo-1581655353564-df123a1eb820?q=80&w=300,FOR_SALE,2026-03-07 00:00:00
1895,139,아웃도어 캠핑 텐트 (모델-15),이 상품은 스포츠 - 운동화 카테고리의 아웃도어 캠핑 텐트 (모델-15) 입니다. 최고의 품질을 보장합니다.,55000,52200,167,https://images.unsplash.com/photo-1504280390367-361c6d9f38f4?q=80&w=300,FOR_SALE,2025-09-21 00:00:00
1896,136,기능성 하이브리드 자전거 (모델-16),이 상품은 스포츠 - 등산/캠핑/아웃도어 카테고리의 기능성 하이브리드 자전거 (모델-16) 입니다. 최고의 품질을 보장합니다.,134000,,165,https://images.unsplash.com/photo-1485965120184-e220f721d03e?q=80&w=300,FOR_SALE,2026-02-01 00:00:00
1897,139,충격흡수 스포츠 티셔츠 (모델-17),이 상품은 스포츠 - 운동화 카테고리의 충격흡수 스포츠 티셔츠 (모델-17) 입니다. 최고의 품질을 보장합니다.,149000,141600,108,https://images.unsplash.com/photo-1581655353564-df123a1eb820?q=80&w=300,FOR_SALE,2024-11-08 00:00:00
1898,139,기능성 캠핑 텐트 (모델-18),이 상품은 스포츠 - 운동화 카테고리의 기능성 캠핑 텐트 (모델-18) 입니다. 최고의 품질을 보장합니다.,37000,,130,https://images.unsplash.com/photo-1504280390367-361c6d9f38f4?q=80&w=300,FOR_SALE,2025-04-02 00:00:00
1899,138,기능성 하이브리드 자전거 (모델-19),이 상품은 스포츠 - 운동복/스포츠웨어 카테고리의 기능성 하이브리드 자전거 (모델-19) 입니다. 최고의 품질을 보장합니다.,139000,,65,https://images.unsplash.com/photo-1485965120184-e220f721d03e?q=80&w=300,FOR_SALE,2024-09-20 00:00:00
1900,137,캠핑용 요가 매트 (모델-20),이 상품은 스포츠 - 수영/수상 카테고리의 캠핑용 요가 매트 (모델-20) 입니다. 최고의 품질을 보장합니다.,55000,49500,228,https://images.unsplash.com/photo-1601925260368-ae2f83cf8b7f?q=80&w=300,FOR_SALE,2024-09-30 00:00:00
1901,137,캠핑용 경량 덤벨 세트 (모델-21),이 상품은 스포츠 - 수영/수상 카테고리의 캠핑용 경량 덤벨 세트 (모델-21) 입니다. 최고의 품질을 보장합니다.,17000,14400,248,https://images.unsplash.com/photo-1517838277536-f5f99be501cd?q=80&w=300,FOR_SALE,2024-09-07 00:00:00
1902,136,캠핑용 스포츠 티셔츠 (모델-22),이 상품은 스포츠 - 등산/캠핑/아웃도어 카테고리의 캠핑용 스포츠 티셔츠 (모델-22) 입니다. 최고의 품질을 보장합니다.,37000,,106,https://images.unsplash.com/photo-1581655353564-df123a1eb820?q=80&w=300,FOR_SALE,2025-10-14 00:00:00
1903,134,충격흡수 캠핑 텐트 (모델-23),이 상품은 스포츠 - 골프 카테고리의 충격흡수 캠핑 텐트 (모델-23) 입니다. 최고의 품질을 보장합니다.,112000,,268,https://images.unsplash.com/photo-1504280390367-361c6d9f38f4?q=80&w=300,FOR_SALE,2024-12-14 00:00:00
1904,140,기능성 요가 매트 (모델-24),이 상품은 스포츠 - 자전거 카테고리의 기능성 요가 매트 (모델-24) 입니다. 최고의 품질을 보장합니다.,112000,100800,241,https://images.unsplash.com/photo-1601925260368-ae2f83cf8b7f?q=80&w=300,FOR_SALE,2025-05-09 00:00:00
1905,141,기능성 스포츠 티셔츠 (모델-25),이 상품은 스포츠 - 헬스/피트니스 카테고리의 기능성 스포츠 티셔츠 (모델-25) 입니다. 최고의 품질을 보장합니다.,141000,,42,https://images.unsplash.com/photo-1581655353564-df123a1eb820?q=80&w=300,FOR_SALE,2025-02-26 00:00:00
1906,137,고탄성 경량 덤벨 세트 (모델-26),이 상품은 스포츠 - 수영/수상 카테고리의 고탄성 경량 덤벨 세트 (모델-26) 입니다. 최고의 품질을 보장합니다.,55000,,13,https://images.unsplash.com/photo-1517838277536-f5f99be501cd?q=80&w=300,FOR_SALE,2025-03-06 00:00:00
1907,136,캠핑용 하이브리드 자전거 (모델-27),이 상품은 스포츠 - 등산/캠핑/아웃도어 카테고리의 캠핑용 하이브리드 자전거 (모델-27) 입니다. 최고의 품질을 보장합니다.,111000,,88,https://images.unsplash.com/photo-1485965120184-e220f721d03e?q=80&w=300,FOR_SALE,2025-08-02 00:00:00
1908,137,기능성 요가 매트 (모델-28),이 상품은 스포츠 - 수영/수상 카테고리의 기능성 요가 매트 (모델-28) 입니다. 최고의 품질을 보장합니다.,27000,,205,https://images.unsplash.com/photo-1601925260368-ae2f83cf8b7f?q=80&w=300,FOR_SALE,2024-10-08 00:00:00
1909,141,고탄성 하이브리드 자전거 (모델-29),이 상품은 스포츠 - 헬스/피트니스 카테고리의 고탄성 하이브리드 자전거 (모델-29) 입니다. 최고의 품질을 보장합니다.,139000,125100,191,https://images.unsplash.com/photo-1485965120184-e220f721d03e?q=80&w=300,FOR_SALE,2025-03-20 00:00:00
1910,134,캠핑용 캠핑 텐트 (모델-30),이 상품은 스포츠 - 골프 카테고리의 캠핑용 캠핑 텐트 (모델-30) 입니다. 최고의 품질을 보장합니다.,21000,20000,102,https://images.unsplash.com/photo-1504280390367-361c6d9f38f4?q=80&w=300,FOR_SALE,2025-07-25 00:00:00
1911,139,경량 스포츠 티셔츠 (모델-31),이 상품은 스포츠 - 운동화 카테고리의 경량 스포츠 티셔츠 (모델-31) 입니다. 최고의 품질을 보장합니다.,117000,111200,287,https://images.unsplash.com/photo-1581655353564-df123a1eb820?q=80&w=300,FOR_SALE,2024-10-28 00:00:00
1912,136,경량 하이브리드 자전거 (모델-32),이 상품은 스포츠 - 등산/캠핑/아웃도어 카테고리의 경량 하이브리드 자전거 (모델-32) 입니다. 최고의 품질을 보장합니다.,36000,,158,https://images.unsplash.com/photo-1485965120184-e220f721d03e?q=80&w=300,FOR_SALE,2024-09-05 00:00:00
1913,138,충격흡수 캠핑 텐트 (모델-33),이 상품은 스포츠 - 운동복/스포츠웨어 카테고리의 충격흡수 캠핑 텐트 (모델-33) 입니다. 최고의 품질을 보장합니다.,67000,60300,130,https://images.unsplash.com/photo-1504280390367-361c6d9f38f4?q=80&w=300,FOR_SALE,2026-04-02 00:00:00
1914,140,고탄성 골프 장갑 (모델-34),이 상품은 스포츠 - 자전거 카테고리의 고탄성 골프 장갑 (모델-34) 입니다. 최고의 품질을 보장합니다.,145000,,88,https://images.unsplash.com/photo-1535131749006-b7f58c99034b?q=80&w=300,FOR_SALE,2024-09-16 00:00:00
1915,140,캠핑용 골프 장갑 (모델-35),이 상품은 스포츠 - 자전거 카테고리의 캠핑용 골프 장갑 (모델-35) 입니다. 최고의 품질을 보장합니다.,23000,18400,296,https://images.unsplash.com/photo-1535131749006-b7f58c99034b?q=80&w=300,FOR_SALE,2026-02-21 00:00:00
1916,135,고탄성 캠핑 텐트 (모델-36),이 상품은 스포츠 - 구기/라켓 카테고리의 고탄성 캠핑 텐트 (모델-36) 입니다. 최고의 품질을 보장합니다.,54000,45900,214,https://images.unsplash.com/photo-1504280390367-361c6d9f38f4?q=80&w=300,FOR_SALE,2025-11-02 00:00:00
1917,138,경량 스포츠 티셔츠 (모델-37),이 상품은 스포츠 - 운동복/스포츠웨어 카테고리의 경량 스포츠 티셔츠 (모델-37) 입니다. 최고의 품질을 보장합니다.,52000,,114,https://images.unsplash.com/photo-1581655353564-df123a1eb820?q=80&w=300,FOR_SALE,2024-08-31 00:00:00
1918,138,경량 경량 덤벨 세트 (모델-38),이 상품은 스포츠 - 운동복/스포츠웨어 카테고리의 경량 경량 덤벨 세트 (모델-38) 입니다. 최고의 품질을 보장합니다.,65000,,15,https://images.unsplash.com/photo-1517838277536-f5f99be501cd?q=80&w=300,FOR_SALE,2025-10-29 00:00:00
1919,138,고탄성 경량 덤벨 세트 (모델-39),이 상품은 스포츠 - 운동복/스포츠웨어 카테고리의 고탄성 경량 덤벨 세트 (모델-39) 입니다. 최고의 품질을 보장합니다.,67000,60300,20,https://images.unsplash.com/photo-1517838277536-f5f99be501cd?q=80&w=300,FOR_SALE,2025-09-05 00:00:00
1920,141,캠핑용 요가 매트 (모델-40),이 상품은 스포츠 - 헬스/피트니스 카테고리의 캠핑용 요가 매트 (모델-40) 입니다. 최고의 품질을 보장합니다.,34000,28900,154,https://images.unsplash.com/photo-1601925260368-ae2f83cf8b7f?q=80&w=300,FOR_SALE,2024-07-26 00:00:00
1921,137,아웃도어 요가 매트 (모델-41),이 상품은 스포츠 - 수영/수상 카테고리의 아웃도어 요가 매트 (모델-41) 입니다. 최고의 품질을 보장합니다.,73000,65700,188,https://images.unsplash.com/photo-1601925260368-ae2f83cf8b7f?q=80&w=300,FOR_SALE,2026-03-11 00:00:00
1922,134,충격흡수 하이브리드 자전거 (모델-42),이 상품은 스포츠 - 골프 카테고리의 충격흡수 하이브리드 자전거 (모델-42) 입니다. 최고의 품질을 보장합니다.,66000,59400,289,https://images.unsplash.com/photo-1485965120184-e220f721d03e?q=80&w=300,FOR_SALE,2025-12-24 00:00:00
1923,138,고탄성 요가 매트 (모델-43),이 상품은 스포츠 - 운동복/스포츠웨어 카테고리의 고탄성 요가 매트 (모델-43) 입니다. 최고의 품질을 보장합니다.,63000,53600,153,https://images.unsplash.com/photo-1601925260368-ae2f83cf8b7f?q=80&w=300,FOR_SALE,2025-09-30 00:00:00
1924,141,아웃도어 스노클링 마스크 (모델-44),이 상품은 스포츠 - 헬스/피트니스 카테고리의 아웃도어 스노클링 마스크 (모델-44) 입니다. 최고의 품질을 보장합니다.,20000,,291,https://images.unsplash.com/photo-1544551763-46a013bb70d5?q=80&w=300,FOR_SALE,2025-12-07 00:00:00
1925,139,충격흡수 스포츠 티셔츠 (모델-45),이 상품은 스포츠 - 운동화 카테고리의 충격흡수 스포츠 티셔츠 (모델-45) 입니다. 최고의 품질을 보장합니다.,58000,,280,https://images.unsplash.com/photo-1581655353564-df123a1eb820?q=80&w=300,FOR_SALE,2024-11-14 00:00:00
1926,135,고탄성 캠핑 텐트 (모델-46),이 상품은 스포츠 - 구기/라켓 카테고리의 고탄성 캠핑 텐트 (모델-46) 입니다. 최고의 품질을 보장합니다.,108000,,136,https://images.unsplash.com/photo-1504280390367-361c6d9f38f4?q=80&w=300,FOR_SALE,2026-03-18 00:00:00
1927,134,기능성 골프 장갑 (모델-47),이 상품은 스포츠 - 골프 카테고리의 기능성 골프 장갑 (모델-47) 입니다. 최고의 품질을 보장합니다.,89000,80100,35,https://images.unsplash.com/photo-1535131749006-b7f58c99034b?q=80&w=300,FOR_SALE,2025-12-24 00:00:00
1928,136,고탄성 골프 장갑 (모델-48),이 상품은 스포츠 - 등산/캠핑/아웃도어 카테고리의 고탄성 골프 장갑 (모델-48) 입니다. 최고의 품질을 보장합니다.,118000,112100,164,https://images.unsplash.com/photo-1535131749006-b7f58c99034b?q=80&w=300,FOR_SALE,2026-05-31 00:00:00
1929,135,기능성 스포츠 티셔츠 (모델-49),이 상품은 스포츠 - 구기/라켓 카테고리의 기능성 스포츠 티셔츠 (모델-49) 입니다. 최고의 품질을 보장합니다.,32000,,89,https://images.unsplash.com/photo-1581655353564-df123a1eb820?q=80&w=300,FOR_SALE,2025-04-10 00:00:00
1930,137,캠핑용 스포츠 티셔츠 (모델-50),이 상품은 스포츠 - 수영/수상 카테고리의 캠핑용 스포츠 티셔츠 (모델-50) 입니다. 최고의 품질을 보장합니다.,55000,52200,85,https://images.unsplash.com/photo-1581655353564-df123a1eb820?q=80&w=300,FOR_SALE,2025-02-26 00:00:00
1931,141,아웃도어 캠핑 텐트 (모델-51),이 상품은 스포츠 - 헬스/피트니스 카테고리의 아웃도어 캠핑 텐트 (모델-51) 입니다. 최고의 품질을 보장합니다.,66000,56100,209,https://images.unsplash.com/photo-1504280390367-361c6d9f38f4?q=80&w=300,FOR_SALE,2024-10-02 00:00:00
1932,140,아웃도어 스노클링 마스크 (모델-52),이 상품은 스포츠 - 자전거 카테고리의 아웃도어 스노클링 마스크 (모델-52) 입니다. 최고의 품질을 보장합니다.,19000,18000,199,https://images.unsplash.com/photo-1544551763-46a013bb70d5?q=80&w=300,FOR_SALE,2025-02-06 00:00:00
1933,136,고탄성 요가 매트 (모델-53),이 상품은 스포츠 - 등산/캠핑/아웃도어 카테고리의 고탄성 요가 매트 (모델-53) 입니다. 최고의 품질을 보장합니다.,138000,,107,https://images.unsplash.com/photo-1601925260368-ae2f83cf8b7f?q=80&w=300,FOR_SALE,2025-08-08 00:00:00
1934,139,고탄성 캠핑 텐트 (모델-54),이 상품은 스포츠 - 운동화 카테고리의 고탄성 캠핑 텐트 (모델-54) 입니다. 최고의 품질을 보장합니다.,68000,57800,196,https://images.unsplash.com/photo-1504280390367-361c6d9f38f4?q=80&w=300,FOR_SALE,2026-04-30 00:00:00
1935,134,고탄성 하이브리드 자전거 (모델-55),이 상품은 스포츠 - 골프 카테고리의 고탄성 하이브리드 자전거 (모델-55) 입니다. 최고의 품질을 보장합니다.,114000,,105,https://images.unsplash.com/photo-1485965120184-e220f721d03e?q=80&w=300,FOR_SALE,2025-10-08 00:00:00
1936,136,캠핑용 스노클링 마스크 (모델-56),이 상품은 스포츠 - 등산/캠핑/아웃도어 카테고리의 캠핑용 스노클링 마스크 (모델-56) 입니다. 최고의 품질을 보장합니다.,10000,,59,https://images.unsplash.com/photo-1544551763-46a013bb70d5?q=80&w=300,FOR_SALE,2025-08-11 00:00:00
1937,139,충격흡수 캠핑 텐트 (모델-57),이 상품은 스포츠 - 운동화 카테고리의 충격흡수 캠핑 텐트 (모델-57) 입니다. 최고의 품질을 보장합니다.,71000,67400,280,https://images.unsplash.com/photo-1504280390367-361c6d9f38f4?q=80&w=300,FOR_SALE,2025-08-17 00:00:00
1938,135,충격흡수 스노클링 마스크 (모델-58),이 상품은 스포츠 - 구기/라켓 카테고리의 충격흡수 스노클링 마스크 (모델-58) 입니다. 최고의 품질을 보장합니다.,147000,,34,https://images.unsplash.com/photo-1544551763-46a013bb70d5?q=80&w=300,FOR_SALE,2025-02-23 00:00:00
1939,140,캠핑용 스포츠 티셔츠 (모델-59),이 상품은 스포츠 - 자전거 카테고리의 캠핑용 스포츠 티셔츠 (모델-59) 입니다. 최고의 품질을 보장합니다.,34000,,121,https://images.unsplash.com/photo-1581655353564-df123a1eb820?q=80&w=300,FOR_SALE,2026-03-22 00:00:00
1940,134,아웃도어 하이브리드 자전거 (모델-60),이 상품은 스포츠 - 골프 카테고리의 아웃도어 하이브리드 자전거 (모델-60) 입니다. 최고의 품질을 보장합니다.,130000,123500,62,https://images.unsplash.com/photo-1485965120184-e220f721d03e?q=80&w=300,FOR_SALE,2025-10-06 00:00:00
1941,141,캠핑용 캠핑 텐트 (모델-61),이 상품은 스포츠 - 헬스/피트니스 카테고리의 캠핑용 캠핑 텐트 (모델-61) 입니다. 최고의 품질을 보장합니다.,132000,,117,https://images.unsplash.com/photo-1504280390367-361c6d9f38f4?q=80&w=300,FOR_SALE,2025-09-05 00:00:00
1942,138,고탄성 캠핑 텐트 (모델-62),이 상품은 스포츠 - 운동복/스포츠웨어 카테고리의 고탄성 캠핑 텐트 (모델-62) 입니다. 최고의 품질을 보장합니다.,119000,,232,https://images.unsplash.com/photo-1504280390367-361c6d9f38f4?q=80&w=300,FOR_SALE,2024-08-31 00:00:00
1943,137,캠핑용 스노클링 마스크 (모델-63),이 상품은 스포츠 - 수영/수상 카테고리의 캠핑용 스노클링 마스크 (모델-63) 입니다. 최고의 품질을 보장합니다.,85000,,186,https://images.unsplash.com/photo-1544551763-46a013bb70d5?q=80&w=300,FOR_SALE,2024-10-07 00:00:00
1944,134,충격흡수 골프 장갑 (모델-64),이 상품은 스포츠 - 골프 카테고리의 충격흡수 골프 장갑 (모델-64) 입니다. 최고의 품질을 보장합니다.,33000,,200,https://images.unsplash.com/photo-1535131749006-b7f58c99034b?q=80&w=300,FOR_SALE,2024-07-25 00:00:00
1945,134,아웃도어 스포츠 티셔츠 (모델-65),이 상품은 스포츠 - 골프 카테고리의 아웃도어 스포츠 티셔츠 (모델-65) 입니다. 최고의 품질을 보장합니다.,51000,48400,275,https://images.unsplash.com/photo-1581655353564-df123a1eb820?q=80&w=300,FOR_SALE,2025-11-12 00:00:00
1946,135,캠핑용 스포츠 티셔츠 (모델-66),이 상품은 스포츠 - 구기/라켓 카테고리의 캠핑용 스포츠 티셔츠 (모델-66) 입니다. 최고의 품질을 보장합니다.,122000,,228,https://images.unsplash.com/photo-1581655353564-df123a1eb820?q=80&w=300,FOR_SALE,2025-03-24 00:00:00
1947,140,아웃도어 하이브리드 자전거 (모델-67),이 상품은 스포츠 - 자전거 카테고리의 아웃도어 하이브리드 자전거 (모델-67) 입니다. 최고의 품질을 보장합니다.,52000,,81,https://images.unsplash.com/photo-1485965120184-e220f721d03e?q=80&w=300,FOR_SALE,2026-02-05 00:00:00
1948,134,기능성 스포츠 티셔츠 (모델-68),이 상품은 스포츠 - 골프 카테고리의 기능성 스포츠 티셔츠 (모델-68) 입니다. 최고의 품질을 보장합니다.,60000,,107,https://images.unsplash.com/photo-1581655353564-df123a1eb820?q=80&w=300,FOR_SALE,2024-11-22 00:00:00
1949,139,경량 요가 매트 (모델-69),이 상품은 스포츠 - 운동화 카테고리의 경량 요가 매트 (모델-69) 입니다. 최고의 품질을 보장합니다.,26000,,160,https://images.unsplash.com/photo-1601925260368-ae2f83cf8b7f?q=80&w=300,FOR_SALE,2025-10-15 00:00:00
1950,135,경량 골프 장갑 (모델-70),이 상품은 스포츠 - 구기/라켓 카테고리의 경량 골프 장갑 (모델-70) 입니다. 최고의 품질을 보장합니다.,92000,,76,https://images.unsplash.com/photo-1535131749006-b7f58c99034b?q=80&w=300,FOR_SALE,2024-08-08 00:00:00
1951,135,경량 요가 매트 (모델-71),이 상품은 스포츠 - 구기/라켓 카테고리의 경량 요가 매트 (모델-71) 입니다. 최고의 품질을 보장합니다.,104000,,270,https://images.unsplash.com/photo-1601925260368-ae2f83cf8b7f?q=80&w=300,FOR_SALE,2026-01-01 00:00:00
1952,135,아웃도어 요가 매트 (모델-72),이 상품은 스포츠 - 구기/라켓 카테고리의 아웃도어 요가 매트 (모델-72) 입니다. 최고의 품질을 보장합니다.,113000,90400,110,https://images.unsplash.com/photo-1601925260368-ae2f83cf8b7f?q=80&w=300,FOR_SALE,2025-09-03 00:00:00
1953,139,캠핑용 골프 장갑 (모델-73),이 상품은 스포츠 - 운동화 카테고리의 캠핑용 골프 장갑 (모델-73) 입니다. 최고의 품질을 보장합니다.,38000,,216,https://images.unsplash.com/photo-1535131749006-b7f58c99034b?q=80&w=300,FOR_SALE,2026-01-08 00:00:00
1954,140,기능성 골프 장갑 (모델-74),이 상품은 스포츠 - 자전거 카테고리의 기능성 골프 장갑 (모델-74) 입니다. 최고의 품질을 보장합니다.,11000,9900,51,https://images.unsplash.com/photo-1535131749006-b7f58c99034b?q=80&w=300,FOR_SALE,2026-03-21 00:00:00
1955,141,캠핑용 경량 덤벨 세트 (모델-75),이 상품은 스포츠 - 헬스/피트니스 카테고리의 캠핑용 경량 덤벨 세트 (모델-75) 입니다. 최고의 품질을 보장합니다.,102000,,219,https://images.unsplash.com/photo-1517838277536-f5f99be501cd?q=80&w=300,FOR_SALE,2026-04-02 00:00:00
1956,138,캠핑용 캠핑 텐트 (모델-76),이 상품은 스포츠 - 운동복/스포츠웨어 카테고리의 캠핑용 캠핑 텐트 (모델-76) 입니다. 최고의 품질을 보장합니다.,98000,93100,235,https://images.unsplash.com/photo-1504280390367-361c6d9f38f4?q=80&w=300,FOR_SALE,2025-12-15 00:00:00
1957,134,기능성 하이브리드 자전거 (모델-77),이 상품은 스포츠 - 골프 카테고리의 기능성 하이브리드 자전거 (모델-77) 입니다. 최고의 품질을 보장합니다.,130000,,211,https://images.unsplash.com/photo-1485965120184-e220f721d03e?q=80&w=300,FOR_SALE,2025-07-23 00:00:00
1958,135,캠핑용 골프 장갑 (모델-78),이 상품은 스포츠 - 구기/라켓 카테고리의 캠핑용 골프 장갑 (모델-78) 입니다. 최고의 품질을 보장합니다.,13000,,206,https://images.unsplash.com/photo-1535131749006-b7f58c99034b?q=80&w=300,FOR_SALE,2024-10-01 00:00:00
1959,135,충격흡수 하이브리드 자전거 (모델-79),이 상품은 스포츠 - 구기/라켓 카테고리의 충격흡수 하이브리드 자전거 (모델-79) 입니다. 최고의 품질을 보장합니다.,56000,53200,173,https://images.unsplash.com/photo-1485965120184-e220f721d03e?q=80&w=300,FOR_SALE,2024-10-28 00:00:00
1960,135,기능성 캠핑 텐트 (모델-80),이 상품은 스포츠 - 구기/라켓 카테고리의 기능성 캠핑 텐트 (모델-80) 입니다. 최고의 품질을 보장합니다.,13000,,115,https://images.unsplash.com/photo-1504280390367-361c6d9f38f4?q=80&w=300,FOR_SALE,2025-08-11 00:00:00
1961,137,충격흡수 캠핑 텐트 (모델-81),이 상품은 스포츠 - 수영/수상 카테고리의 충격흡수 캠핑 텐트 (모델-81) 입니다. 최고의 품질을 보장합니다.,132000,125400,150,https://images.unsplash.com/photo-1504280390367-361c6d9f38f4?q=80&w=300,FOR_SALE,2025-03-10 00:00:00
1962,140,아웃도어 캠핑 텐트 (모델-82),이 상품은 스포츠 - 자전거 카테고리의 아웃도어 캠핑 텐트 (모델-82) 입니다. 최고의 품질을 보장합니다.,139000,,136,https://images.unsplash.com/photo-1504280390367-361c6d9f38f4?q=80&w=300,FOR_SALE,2026-01-26 00:00:00
1963,139,충격흡수 스포츠 티셔츠 (모델-83),이 상품은 스포츠 - 운동화 카테고리의 충격흡수 스포츠 티셔츠 (모델-83) 입니다. 최고의 품질을 보장합니다.,60000,51000,125,https://images.unsplash.com/photo-1581655353564-df123a1eb820?q=80&w=300,FOR_SALE,2025-02-08 00:00:00
1964,139,기능성 스포츠 티셔츠 (모델-84),이 상품은 스포츠 - 운동화 카테고리의 기능성 스포츠 티셔츠 (모델-84) 입니다. 최고의 품질을 보장합니다.,85000,,117,https://images.unsplash.com/photo-1581655353564-df123a1eb820?q=80&w=300,FOR_SALE,2025-07-26 00:00:00
1965,137,고탄성 캠핑 텐트 (모델-85),이 상품은 스포츠 - 수영/수상 카테고리의 고탄성 캠핑 텐트 (모델-85) 입니다. 최고의 품질을 보장합니다.,133000,,247,https://images.unsplash.com/photo-1504280390367-361c6d9f38f4?q=80&w=300,FOR_SALE,2025-04-16 00:00:00
1966,141,충격흡수 캠핑 텐트 (모델-86),이 상품은 스포츠 - 헬스/피트니스 카테고리의 충격흡수 캠핑 텐트 (모델-86) 입니다. 최고의 품질을 보장합니다.,11000,,271,https://images.unsplash.com/photo-1504280390367-361c6d9f38f4?q=80&w=300,FOR_SALE,2025-08-28 00:00:00
1967,135,아웃도어 경량 덤벨 세트 (모델-87),이 상품은 스포츠 - 구기/라켓 카테고리의 아웃도어 경량 덤벨 세트 (모델-87) 입니다. 최고의 품질을 보장합니다.,54000,,76,https://images.unsplash.com/photo-1517838277536-f5f99be501cd?q=80&w=300,FOR_SALE,2025-01-06 00:00:00
1968,135,아웃도어 스노클링 마스크 (모델-88),이 상품은 스포츠 - 구기/라켓 카테고리의 아웃도어 스노클링 마스크 (모델-88) 입니다. 최고의 품질을 보장합니다.,13000,,39,https://images.unsplash.com/photo-1544551763-46a013bb70d5?q=80&w=300,FOR_SALE,2024-11-27 00:00:00
1969,135,캠핑용 하이브리드 자전거 (모델-89),이 상품은 스포츠 - 구기/라켓 카테고리의 캠핑용 하이브리드 자전거 (모델-89) 입니다. 최고의 품질을 보장합니다.,94000,,122,https://images.unsplash.com/photo-1485965120184-e220f721d03e?q=80&w=300,FOR_SALE,2025-01-13 00:00:00
1970,138,충격흡수 경량 덤벨 세트 (모델-90),이 상품은 스포츠 - 운동복/스포츠웨어 카테고리의 충격흡수 경량 덤벨 세트 (모델-90) 입니다. 최고의 품질을 보장합니다.,43000,40800,100,https://images.unsplash.com/photo-1517838277536-f5f99be501cd?q=80&w=300,FOR_SALE,2025-03-11 00:00:00
1971,135,캠핑용 경량 덤벨 세트 (모델-91),이 상품은 스포츠 - 구기/라켓 카테고리의 캠핑용 경량 덤벨 세트 (모델-91) 입니다. 최고의 품질을 보장합니다.,137000,123300,183,https://images.unsplash.com/photo-1517838277536-f5f99be501cd?q=80&w=300,FOR_SALE,2026-03-12 00:00:00
1972,137,아웃도어 스포츠 티셔츠 (모델-92),이 상품은 스포츠 - 수영/수상 카테고리의 아웃도어 스포츠 티셔츠 (모델-92) 입니다. 최고의 품질을 보장합니다.,32000,,150,https://images.unsplash.com/photo-1581655353564-df123a1eb820?q=80&w=300,FOR_SALE,2024-09-28 00:00:00
1973,136,캠핑용 경량 덤벨 세트 (모델-93),이 상품은 스포츠 - 등산/캠핑/아웃도어 카테고리의 캠핑용 경량 덤벨 세트 (모델-93) 입니다. 최고의 품질을 보장합니다.,136000,122400,250,https://images.unsplash.com/photo-1517838277536-f5f99be501cd?q=80&w=300,FOR_SALE,2026-04-23 00:00:00
1974,141,고탄성 스노클링 마스크 (모델-94),이 상품은 스포츠 - 헬스/피트니스 카테고리의 고탄성 스노클링 마스크 (모델-94) 입니다. 최고의 품질을 보장합니다.,22000,17600,103,https://images.unsplash.com/photo-1544551763-46a013bb70d5?q=80&w=300,FOR_SALE,2025-03-17 00:00:00
1975,138,아웃도어 요가 매트 (모델-95),이 상품은 스포츠 - 운동복/스포츠웨어 카테고리의 아웃도어 요가 매트 (모델-95) 입니다. 최고의 품질을 보장합니다.,57000,,47,https://images.unsplash.com/photo-1601925260368-ae2f83cf8b7f?q=80&w=300,FOR_SALE,2025-07-07 00:00:00
1976,134,고탄성 경량 덤벨 세트 (모델-96),이 상품은 스포츠 - 골프 카테고리의 고탄성 경량 덤벨 세트 (모델-96) 입니다. 최고의 품질을 보장합니다.,56000,,28,https://images.unsplash.com/photo-1517838277536-f5f99be501cd?q=80&w=300,FOR_SALE,2024-09-22 00:00:00
1977,139,충격흡수 하이브리드 자전거 (모델-97),이 상품은 스포츠 - 운동화 카테고리의 충격흡수 하이브리드 자전거 (모델-97) 입니다. 최고의 품질을 보장합니다.,18000,,57,https://images.unsplash.com/photo-1485965120184-e220f721d03e?q=80&w=300,FOR_SALE,2025-09-19 00:00:00
1978,137,충격흡수 요가 매트 (모델-98),이 상품은 스포츠 - 수영/수상 카테고리의 충격흡수 요가 매트 (모델-98) 입니다. 최고의 품질을 보장합니다.,19000,18000,82,https://images.unsplash.com/photo-1601925260368-ae2f83cf8b7f?q=80&w=300,FOR_SALE,2026-05-07 00:00:00
1979,141,캠핑용 하이브리드 자전거 (모델-99),이 상품은 스포츠 - 헬스/피트니스 카테고리의 캠핑용 하이브리드 자전거 (모델-99) 입니다. 최고의 품질을 보장합니다.,137000,130200,169,https://images.unsplash.com/photo-1485965120184-e220f721d03e?q=80&w=300,FOR_SALE,2026-03-01 00:00:00
1980,137,고탄성 경량 덤벨 세트 (모델-100),이 상품은 스포츠 - 수영/수상 카테고리의 고탄성 경량 덤벨 세트 (모델-100) 입니다. 최고의 품질을 보장합니다.,56000,53200,200,https://images.unsplash.com/photo-1517838277536-f5f99be501cd?q=80&w=300,FOR_SALE,2025-10-11 00:00:00
1981,135,기능성 하이브리드 자전거 (모델-101),이 상품은 스포츠 - 구기/라켓 카테고리의 기능성 하이브리드 자전거 (모델-101) 입니다. 최고의 품질을 보장합니다.,125000,112500,136,https://images.unsplash.com/photo-1485965120184-e220f721d03e?q=80&w=300,FOR_SALE,2024-07-12 00:00:00
1982,139,경량 스포츠 티셔츠 (모델-102),이 상품은 스포츠 - 운동화 카테고리의 경량 스포츠 티셔츠 (모델-102) 입니다. 최고의 품질을 보장합니다.,52000,,111,https://images.unsplash.com/photo-1581655353564-df123a1eb820?q=80&w=300,FOR_SALE,2024-10-21 00:00:00
1983,134,아웃도어 하이브리드 자전거 (모델-103),이 상품은 스포츠 - 골프 카테고리의 아웃도어 하이브리드 자전거 (모델-103) 입니다. 최고의 품질을 보장합니다.,41000,,278,https://images.unsplash.com/photo-1485965120184-e220f721d03e?q=80&w=300,FOR_SALE,2024-10-09 00:00:00
1984,134,기능성 골프 장갑 (모델-104),이 상품은 스포츠 - 골프 카테고리의 기능성 골프 장갑 (모델-104) 입니다. 최고의 품질을 보장합니다.,91000,,296,https://images.unsplash.com/photo-1535131749006-b7f58c99034b?q=80&w=300,FOR_SALE,2026-05-12 00:00:00
1985,140,캠핑용 스노클링 마스크 (모델-105),이 상품은 스포츠 - 자전거 카테고리의 캠핑용 스노클링 마스크 (모델-105) 입니다. 최고의 품질을 보장합니다.,13000,12400,295,https://images.unsplash.com/photo-1544551763-46a013bb70d5?q=80&w=300,FOR_SALE,2024-07-14 00:00:00
1986,139,고탄성 요가 매트 (모델-106),이 상품은 스포츠 - 운동화 카테고리의 고탄성 요가 매트 (모델-106) 입니다. 최고의 품질을 보장합니다.,41000,,225,https://images.unsplash.com/photo-1601925260368-ae2f83cf8b7f?q=80&w=300,FOR_SALE,2025-08-31 00:00:00
1987,140,고탄성 요가 매트 (모델-107),이 상품은 스포츠 - 자전거 카테고리의 고탄성 요가 매트 (모델-107) 입니다. 최고의 품질을 보장합니다.,142000,,232,https://images.unsplash.com/photo-1601925260368-ae2f83cf8b7f?q=80&w=300,FOR_SALE,2024-10-20 00:00:00
1988,135,기능성 요가 매트 (모델-108),이 상품은 스포츠 - 구기/라켓 카테고리의 기능성 요가 매트 (모델-108) 입니다. 최고의 품질을 보장합니다.,136000,122400,130,https://images.unsplash.com/photo-1601925260368-ae2f83cf8b7f?q=80&w=300,FOR_SALE,2026-04-22 00:00:00
1989,135,캠핑용 스노클링 마스크 (모델-109),이 상품은 스포츠 - 구기/라켓 카테고리의 캠핑용 스노클링 마스크 (모델-109) 입니다. 최고의 품질을 보장합니다.,146000,124100,290,https://images.unsplash.com/photo-1544551763-46a013bb70d5?q=80&w=300,FOR_SALE,2025-12-05 00:00:00
1990,138,충격흡수 경량 덤벨 세트 (모델-110),이 상품은 스포츠 - 운동복/스포츠웨어 카테고리의 충격흡수 경량 덤벨 세트 (모델-110) 입니다. 최고의 품질을 보장합니다.,87000,78300,256,https://images.unsplash.com/photo-1517838277536-f5f99be501cd?q=80&w=300,FOR_SALE,2025-02-06 00:00:00
1991,140,고탄성 골프 장갑 (모델-111),이 상품은 스포츠 - 자전거 카테고리의 고탄성 골프 장갑 (모델-111) 입니다. 최고의 품질을 보장합니다.,49000,,246,https://images.unsplash.com/photo-1535131749006-b7f58c99034b?q=80&w=300,FOR_SALE,2024-12-18 00:00:00
1992,141,충격흡수 하이브리드 자전거 (모델-112),이 상품은 스포츠 - 헬스/피트니스 카테고리의 충격흡수 하이브리드 자전거 (모델-112) 입니다. 최고의 품질을 보장합니다.,39000,,137,https://images.unsplash.com/photo-1485965120184-e220f721d03e?q=80&w=300,FOR_SALE,2024-08-04 00:00:00
1993,136,캠핑용 골프 장갑 (모델-113),이 상품은 스포츠 - 등산/캠핑/아웃도어 카테고리의 캠핑용 골프 장갑 (모델-113) 입니다. 최고의 품질을 보장합니다.,83000,78800,247,https://images.unsplash.com/photo-1535131749006-b7f58c99034b?q=80&w=300,FOR_SALE,2025-03-07 00:00:00
1994,140,아웃도어 요가 매트 (모델-114),이 상품은 스포츠 - 자전거 카테고리의 아웃도어 요가 매트 (모델-114) 입니다. 최고의 품질을 보장합니다.,76000,,184,https://images.unsplash.com/photo-1601925260368-ae2f83cf8b7f?q=80&w=300,FOR_SALE,2025-08-22 00:00:00
1995,140,충격흡수 골프 장갑 (모델-115),이 상품은 스포츠 - 자전거 카테고리의 충격흡수 골프 장갑 (모델-115) 입니다. 최고의 품질을 보장합니다.,91000,86400,36,https://images.unsplash.com/photo-1535131749006-b7f58c99034b?q=80&w=300,FOR_SALE,2025-11-29 00:00:00
1996,137,캠핑용 요가 매트 (모델-116),이 상품은 스포츠 - 수영/수상 카테고리의 캠핑용 요가 매트 (모델-116) 입니다. 최고의 품질을 보장합니다.,82000,,172,https://images.unsplash.com/photo-1601925260368-ae2f83cf8b7f?q=80&w=300,FOR_SALE,2024-10-11 00:00:00
1997,140,경량 하이브리드 자전거 (모델-117),이 상품은 스포츠 - 자전거 카테고리의 경량 하이브리드 자전거 (모델-117) 입니다. 최고의 품질을 보장합니다.,127000,108000,257,https://images.unsplash.com/photo-1485965120184-e220f721d03e?q=80&w=300,FOR_SALE,2025-03-13 00:00:00
1998,139,충격흡수 요가 매트 (모델-118),이 상품은 스포츠 - 운동화 카테고리의 충격흡수 요가 매트 (모델-118) 입니다. 최고의 품질을 보장합니다.,16000,13600,140,https://images.unsplash.com/photo-1601925260368-ae2f83cf8b7f?q=80&w=300,FOR_SALE,2024-08-21 00:00:00
1999,141,고탄성 캠핑 텐트 (모델-119),이 상품은 스포츠 - 헬스/피트니스 카테고리의 고탄성 캠핑 텐트 (모델-119) 입니다. 최고의 품질을 보장합니다.,30000,,251,https://images.unsplash.com/photo-1504280390367-361c6d9f38f4?q=80&w=300,FOR_SALE,2025-01-15 00:00:00
2000,135,아웃도어 요가 매트 (모델-120),이 상품은 스포츠 - 구기/라켓 카테고리의 아웃도어 요가 매트 (모델-120) 입니다. 최고의 품질을 보장합니다.,71000,,201,https://images.unsplash.com/photo-1601925260368-ae2f83cf8b7f?q=80&w=300,FOR_SALE,2026-03-01 00:00:00
2001,135,캠핑용 요가 매트 (모델-121),이 상품은 스포츠 - 구기/라켓 카테고리의 캠핑용 요가 매트 (모델-121) 입니다. 최고의 품질을 보장합니다.,123000,110700,171,https://images.unsplash.com/photo-1601925260368-ae2f83cf8b7f?q=80&w=300,FOR_SALE,2025-02-06 00:00:00
2002,138,경량 요가 매트 (모델-122),이 상품은 스포츠 - 운동복/스포츠웨어 카테고리의 경량 요가 매트 (모델-122) 입니다. 최고의 품질을 보장합니다.,122000,,227,https://images.unsplash.com/photo-1601925260368-ae2f83cf8b7f?q=80&w=300,FOR_SALE,2025-06-11 00:00:00
2003,140,경량 하이브리드 자전거 (모델-123),이 상품은 스포츠 - 자전거 카테고리의 경량 하이브리드 자전거 (모델-123) 입니다. 최고의 품질을 보장합니다.,25000,22500,124,https://images.unsplash.com/photo-1485965120184-e220f721d03e?q=80&w=300,FOR_SALE,2025-04-10 00:00:00
2004,139,캠핑용 요가 매트 (모델-124),이 상품은 스포츠 - 운동화 카테고리의 캠핑용 요가 매트 (모델-124) 입니다. 최고의 품질을 보장합니다.,55000,44000,102,https://images.unsplash.com/photo-1601925260368-ae2f83cf8b7f?q=80&w=300,FOR_SALE,2025-06-26 00:00:00
2005,134,고탄성 하이브리드 자전거 (모델-125),이 상품은 스포츠 - 골프 카테고리의 고탄성 하이브리드 자전거 (모델-125) 입니다. 최고의 품질을 보장합니다.,68000,64600,272,https://images.unsplash.com/photo-1485965120184-e220f721d03e?q=80&w=300,FOR_SALE,2025-07-09 00:00:00
2006,134,충격흡수 하이브리드 자전거 (모델-126),이 상품은 스포츠 - 골프 카테고리의 충격흡수 하이브리드 자전거 (모델-126) 입니다. 최고의 품질을 보장합니다.,121000,,111,https://images.unsplash.com/photo-1485965120184-e220f721d03e?q=80&w=300,FOR_SALE,2024-07-16 00:00:00
2007,134,아웃도어 경량 덤벨 세트 (모델-127),이 상품은 스포츠 - 골프 카테고리의 아웃도어 경량 덤벨 세트 (모델-127) 입니다. 최고의 품질을 보장합니다.,82000,77900,93,https://images.unsplash.com/photo-1517838277536-f5f99be501cd?q=80&w=300,FOR_SALE,2026-02-15 00:00:00
2008,141,캠핑용 경량 덤벨 세트 (모델-128),이 상품은 스포츠 - 헬스/피트니스 카테고리의 캠핑용 경량 덤벨 세트 (모델-128) 입니다. 최고의 품질을 보장합니다.,111000,94400,275,https://images.unsplash.com/photo-1517838277536-f5f99be501cd?q=80&w=300,FOR_SALE,2025-12-20 00:00:00
2009,134,아웃도어 스노클링 마스크 (모델-129),이 상품은 스포츠 - 골프 카테고리의 아웃도어 스노클링 마스크 (모델-129) 입니다. 최고의 품질을 보장합니다.,19000,16200,294,https://images.unsplash.com/photo-1544551763-46a013bb70d5?q=80&w=300,FOR_SALE,2025-06-30 00:00:00
2010,138,기능성 골프 장갑 (모델-130),이 상품은 스포츠 - 운동복/스포츠웨어 카테고리의 기능성 골프 장갑 (모델-130) 입니다. 최고의 품질을 보장합니다.,127000,101600,174,https://images.unsplash.com/photo-1535131749006-b7f58c99034b?q=80&w=300,FOR_SALE,2025-04-07 00:00:00
2011,134,충격흡수 캠핑 텐트 (모델-131),이 상품은 스포츠 - 골프 카테고리의 충격흡수 캠핑 텐트 (모델-131) 입니다. 최고의 품질을 보장합니다.,70000,,172,https://images.unsplash.com/photo-1504280390367-361c6d9f38f4?q=80&w=300,FOR_SALE,2025-01-11 00:00:00
2012,136,아웃도어 스노클링 마스크 (모델-132),이 상품은 스포츠 - 등산/캠핑/아웃도어 카테고리의 아웃도어 스노클링 마스크 (모델-132) 입니다. 최고의 품질을 보장합니다.,140000,133000,209,https://images.unsplash.com/photo-1544551763-46a013bb70d5?q=80&w=300,FOR_SALE,2025-08-11 00:00:00
2013,136,경량 캠핑 텐트 (모델-133),이 상품은 스포츠 - 등산/캠핑/아웃도어 카테고리의 경량 캠핑 텐트 (모델-133) 입니다. 최고의 품질을 보장합니다.,143000,128700,176,https://images.unsplash.com/photo-1504280390367-361c6d9f38f4?q=80&w=300,FOR_SALE,2024-07-24 00:00:00
2014,136,캠핑용 스노클링 마스크 (모델-134),이 상품은 스포츠 - 등산/캠핑/아웃도어 카테고리의 캠핑용 스노클링 마스크 (모델-134) 입니다. 최고의 품질을 보장합니다.,88000,,96,https://images.unsplash.com/photo-1544551763-46a013bb70d5?q=80&w=300,FOR_SALE,2025-04-18 00:00:00
2015,136,경량 경량 덤벨 세트 (모델-135),이 상품은 스포츠 - 등산/캠핑/아웃도어 카테고리의 경량 경량 덤벨 세트 (모델-135) 입니다. 최고의 품질을 보장합니다.,98000,,129,https://images.unsplash.com/photo-1517838277536-f5f99be501cd?q=80&w=300,FOR_SALE,2024-11-16 00:00:00
2016,136,고탄성 골프 장갑 (모델-136),이 상품은 스포츠 - 등산/캠핑/아웃도어 카테고리의 고탄성 골프 장갑 (모델-136) 입니다. 최고의 품질을 보장합니다.,43000,,85,https://images.unsplash.com/photo-1535131749006-b7f58c99034b?q=80&w=300,FOR_SALE,2026-04-26 00:00:00
2017,136,아웃도어 골프 장갑 (모델-137),이 상품은 스포츠 - 등산/캠핑/아웃도어 카테고리의 아웃도어 골프 장갑 (모델-137) 입니다. 최고의 품질을 보장합니다.,24000,20400,250,https://images.unsplash.com/photo-1535131749006-b7f58c99034b?q=80&w=300,FOR_SALE,2025-02-22 00:00:00
2018,139,경량 스포츠 티셔츠 (모델-138),이 상품은 스포츠 - 운동화 카테고리의 경량 스포츠 티셔츠 (모델-138) 입니다. 최고의 품질을 보장합니다.,121000,,19,https://images.unsplash.com/photo-1581655353564-df123a1eb820?q=80&w=300,FOR_SALE,2026-03-04 00:00:00
2019,137,충격흡수 하이브리드 자전거 (모델-139),이 상품은 스포츠 - 수영/수상 카테고리의 충격흡수 하이브리드 자전거 (모델-139) 입니다. 최고의 품질을 보장합니다.,142000,134900,192,https://images.unsplash.com/photo-1485965120184-e220f721d03e?q=80&w=300,FOR_SALE,2025-07-15 00:00:00
2020,137,충격흡수 캠핑 텐트 (모델-140),이 상품은 스포츠 - 수영/수상 카테고리의 충격흡수 캠핑 텐트 (모델-140) 입니다. 최고의 품질을 보장합니다.,140000,,260,https://images.unsplash.com/photo-1504280390367-361c6d9f38f4?q=80&w=300,FOR_SALE,2025-09-17 00:00:00
2021,142,입문자용 조립 블록 세트 (모델-1),이 상품은 완구/취미 - 드론/RC 카테고리의 입문자용 조립 블록 세트 (모델-1) 입니다. 최고의 품질을 보장합니다.,70000,,121,https://images.unsplash.com/photo-1560169897-fc0cdbdfa4d5?q=80&w=300,FOR_SALE,2025-07-06 00:00:00
2022,143,입문자용 우쿨렐레 악기 (모델-2),이 상품은 완구/취미 - 미술/공예 카테고리의 입문자용 우쿨렐레 악기 (모델-2) 입니다. 최고의 품질을 보장합니다.,85000,72200,118,https://images.unsplash.com/photo-1507838153414-b4b713384a76?q=80&w=300,FOR_SALE,2026-02-04 00:00:00
2023,143,어른이용 조립 블록 세트 (모델-3),이 상품은 완구/취미 - 미술/공예 카테고리의 어른이용 조립 블록 세트 (모델-3) 입니다. 최고의 품질을 보장합니다.,48000,,212,https://images.unsplash.com/photo-1560169897-fc0cdbdfa4d5?q=80&w=300,FOR_SALE,2025-04-15 00:00:00
2024,147,어른이용 미니어처 DIY 키트 (모델-4),이 상품은 완구/취미 - 완구 카테고리의 어른이용 미니어처 DIY 키트 (모델-4) 입니다. 최고의 품질을 보장합니다.,131000,124400,123,https://images.unsplash.com/photo-1513519245088-0e12902e5a38?q=80&w=300,FOR_SALE,2024-12-23 00:00:00
2025,146,피규어 수집용 피규어 (모델-5),이 상품은 완구/취미 - 악기 카테고리의 피규어 수집용 피규어 (모델-5) 입니다. 최고의 품질을 보장합니다.,124000,,264,https://images.unsplash.com/photo-1559583985-c80d8ad9b29f?q=80&w=300,FOR_SALE,2026-06-01 00:00:00
2026,144,창의력 미니어처 DIY 키트 (모델-6),이 상품은 완구/취미 - 보드게임/퍼즐 카테고리의 창의력 미니어처 DIY 키트 (모델-6) 입니다. 최고의 품질을 보장합니다.,93000,,74,https://images.unsplash.com/photo-1513519245088-0e12902e5a38?q=80&w=300,FOR_SALE,2024-07-29 00:00:00
2027,144,교육용 우드 퍼즐 (모델-7),이 상품은 완구/취미 - 보드게임/퍼즐 카테고리의 교육용 우드 퍼즐 (모델-7) 입니다. 최고의 품질을 보장합니다.,144000,,203,https://images.unsplash.com/photo-1587654780291-39c9404d746b?q=80&w=300,FOR_SALE,2024-11-24 00:00:00
2028,147,입문자용 우쿨렐레 악기 (모델-8),이 상품은 완구/취미 - 완구 카테고리의 입문자용 우쿨렐레 악기 (모델-8) 입니다. 최고의 품질을 보장합니다.,10000,8500,116,https://images.unsplash.com/photo-1507838153414-b4b713384a76?q=80&w=300,FOR_SALE,2025-02-14 00:00:00
2029,142,창의력 우드 퍼즐 (모델-9),이 상품은 완구/취미 - 드론/RC 카테고리의 창의력 우드 퍼즐 (모델-9) 입니다. 최고의 품질을 보장합니다.,61000,,231,https://images.unsplash.com/photo-1587654780291-39c9404d746b?q=80&w=300,FOR_SALE,2025-04-05 00:00:00
2030,145,입문자용 우드 퍼즐 (모델-10),이 상품은 완구/취미 - 수집/굿즈 카테고리의 입문자용 우드 퍼즐 (모델-10) 입니다. 최고의 품질을 보장합니다.,31000,29400,239,https://images.unsplash.com/photo-1587654780291-39c9404d746b?q=80&w=300,FOR_SALE,2026-04-08 00:00:00
2031,144,교육용 우쿨렐레 악기 (모델-11),이 상품은 완구/취미 - 보드게임/퍼즐 카테고리의 교육용 우쿨렐레 악기 (모델-11) 입니다. 최고의 품질을 보장합니다.,129000,,205,https://images.unsplash.com/photo-1507838153414-b4b713384a76?q=80&w=300,FOR_SALE,2025-11-22 00:00:00
2032,143,피규어 미니어처 DIY 키트 (모델-12),이 상품은 완구/취미 - 미술/공예 카테고리의 피규어 미니어처 DIY 키트 (모델-12) 입니다. 최고의 품질을 보장합니다.,120000,,271,https://images.unsplash.com/photo-1513519245088-0e12902e5a38?q=80&w=300,FOR_SALE,2024-12-19 00:00:00
2033,144,피규어 수집용 피규어 (모델-13),이 상품은 완구/취미 - 보드게임/퍼즐 카테고리의 피규어 수집용 피규어 (모델-13) 입니다. 최고의 품질을 보장합니다.,149000,126600,179,https://images.unsplash.com/photo-1559583985-c80d8ad9b29f?q=80&w=300,FOR_SALE,2025-05-28 00:00:00
2034,144,창의력 미니어처 DIY 키트 (모델-14),이 상품은 완구/취미 - 보드게임/퍼즐 카테고리의 창의력 미니어처 DIY 키트 (모델-14) 입니다. 최고의 품질을 보장합니다.,77000,,118,https://images.unsplash.com/photo-1513519245088-0e12902e5a38?q=80&w=300,FOR_SALE,2024-09-03 00:00:00
2035,144,DIY 우쿨렐레 악기 (모델-15),이 상품은 완구/취미 - 보드게임/퍼즐 카테고리의 DIY 우쿨렐레 악기 (모델-15) 입니다. 최고의 품질을 보장합니다.,140000,112000,237,https://images.unsplash.com/photo-1507838153414-b4b713384a76?q=80&w=300,FOR_SALE,2025-01-08 00:00:00
2036,147,어른이용 우드 퍼즐 (모델-16),이 상품은 완구/취미 - 완구 카테고리의 어른이용 우드 퍼즐 (모델-16) 입니다. 최고의 품질을 보장합니다.,14000,,179,https://images.unsplash.com/photo-1587654780291-39c9404d746b?q=80&w=300,FOR_SALE,2024-08-31 00:00:00
2037,143,교육용 수집용 피규어 (모델-17),이 상품은 완구/취미 - 미술/공예 카테고리의 교육용 수집용 피규어 (모델-17) 입니다. 최고의 품질을 보장합니다.,47000,,191,https://images.unsplash.com/photo-1559583985-c80d8ad9b29f?q=80&w=300,FOR_SALE,2025-03-07 00:00:00
2038,143,입문자용 조립 블록 세트 (모델-18),이 상품은 완구/취미 - 미술/공예 카테고리의 입문자용 조립 블록 세트 (모델-18) 입니다. 최고의 품질을 보장합니다.,52000,,52,https://images.unsplash.com/photo-1560169897-fc0cdbdfa4d5?q=80&w=300,FOR_SALE,2026-04-11 00:00:00
2039,145,어른이용 미니어처 DIY 키트 (모델-19),이 상품은 완구/취미 - 수집/굿즈 카테고리의 어른이용 미니어처 DIY 키트 (모델-19) 입니다. 최고의 품질을 보장합니다.,45000,40500,286,https://images.unsplash.com/photo-1513519245088-0e12902e5a38?q=80&w=300,FOR_SALE,2025-11-06 00:00:00
2040,143,창의력 미니어처 DIY 키트 (모델-20),이 상품은 완구/취미 - 미술/공예 카테고리의 창의력 미니어처 DIY 키트 (모델-20) 입니다. 최고의 품질을 보장합니다.,112000,,143,https://images.unsplash.com/photo-1513519245088-0e12902e5a38?q=80&w=300,FOR_SALE,2025-09-02 00:00:00
2041,144,창의력 우쿨렐레 악기 (모델-21),이 상품은 완구/취미 - 보드게임/퍼즐 카테고리의 창의력 우쿨렐레 악기 (모델-21) 입니다. 최고의 품질을 보장합니다.,64000,,42,https://images.unsplash.com/photo-1507838153414-b4b713384a76?q=80&w=300,FOR_SALE,2024-11-17 00:00:00
2042,143,어른이용 우쿨렐레 악기 (모델-22),이 상품은 완구/취미 - 미술/공예 카테고리의 어른이용 우쿨렐레 악기 (모델-22) 입니다. 최고의 품질을 보장합니다.,79000,71100,208,https://images.unsplash.com/photo-1507838153414-b4b713384a76?q=80&w=300,FOR_SALE,2026-01-19 00:00:00
2043,148,교육용 우드 퍼즐 (모델-23),이 상품은 완구/취미 - 프라모델/피규어 카테고리의 교육용 우드 퍼즐 (모델-23) 입니다. 최고의 품질을 보장합니다.,146000,124100,53,https://images.unsplash.com/photo-1587654780291-39c9404d746b?q=80&w=300,FOR_SALE,2025-08-12 00:00:00
2044,142,피규어 미니어처 DIY 키트 (모델-24),이 상품은 완구/취미 - 드론/RC 카테고리의 피규어 미니어처 DIY 키트 (모델-24) 입니다. 최고의 품질을 보장합니다.,106000,,185,https://images.unsplash.com/photo-1513519245088-0e12902e5a38?q=80&w=300,FOR_SALE,2025-03-11 00:00:00
2045,144,입문자용 우쿨렐레 악기 (모델-25),이 상품은 완구/취미 - 보드게임/퍼즐 카테고리의 입문자용 우쿨렐레 악기 (모델-25) 입니다. 최고의 품질을 보장합니다.,15000,,158,https://images.unsplash.com/photo-1507838153414-b4b713384a76?q=80&w=300,FOR_SALE,2025-01-22 00:00:00
2046,148,피규어 우쿨렐레 악기 (모델-26),이 상품은 완구/취미 - 프라모델/피규어 카테고리의 피규어 우쿨렐레 악기 (모델-26) 입니다. 최고의 품질을 보장합니다.,118000,112100,52,https://images.unsplash.com/photo-1507838153414-b4b713384a76?q=80&w=300,FOR_SALE,2026-01-29 00:00:00
2047,144,어른이용 입문용 드론 (모델-27),이 상품은 완구/취미 - 보드게임/퍼즐 카테고리의 어른이용 입문용 드론 (모델-27) 입니다. 최고의 품질을 보장합니다.,107000,101600,227,https://images.unsplash.com/photo-1527977966376-1c8408f9f108?q=80&w=300,FOR_SALE,2026-05-04 00:00:00
2048,146,입문자용 미니어처 DIY 키트 (모델-28),이 상품은 완구/취미 - 악기 카테고리의 입문자용 미니어처 DIY 키트 (모델-28) 입니다. 최고의 품질을 보장합니다.,95000,80800,220,https://images.unsplash.com/photo-1513519245088-0e12902e5a38?q=80&w=300,FOR_SALE,2024-08-26 00:00:00
2049,144,어른이용 수집용 피규어 (모델-29),이 상품은 완구/취미 - 보드게임/퍼즐 카테고리의 어른이용 수집용 피규어 (모델-29) 입니다. 최고의 품질을 보장합니다.,60000,,221,https://images.unsplash.com/photo-1559583985-c80d8ad9b29f?q=80&w=300,FOR_SALE,2024-09-17 00:00:00
2050,145,DIY 입문용 드론 (모델-30),이 상품은 완구/취미 - 수집/굿즈 카테고리의 DIY 입문용 드론 (모델-30) 입니다. 최고의 품질을 보장합니다.,27000,,284,https://images.unsplash.com/photo-1527977966376-1c8408f9f108?q=80&w=300,FOR_SALE,2025-09-30 00:00:00
2051,144,어른이용 조립 블록 세트 (모델-31),이 상품은 완구/취미 - 보드게임/퍼즐 카테고리의 어른이용 조립 블록 세트 (모델-31) 입니다. 최고의 품질을 보장합니다.,73000,,256,https://images.unsplash.com/photo-1560169897-fc0cdbdfa4d5?q=80&w=300,FOR_SALE,2025-12-22 00:00:00
2052,146,DIY 입문용 드론 (모델-32),이 상품은 완구/취미 - 악기 카테고리의 DIY 입문용 드론 (모델-32) 입니다. 최고의 품질을 보장합니다.,115000,103500,291,https://images.unsplash.com/photo-1527977966376-1c8408f9f108?q=80&w=300,FOR_SALE,2025-07-19 00:00:00
2053,146,피규어 우드 퍼즐 (모델-33),이 상품은 완구/취미 - 악기 카테고리의 피규어 우드 퍼즐 (모델-33) 입니다. 최고의 품질을 보장합니다.,41000,,74,https://images.unsplash.com/photo-1587654780291-39c9404d746b?q=80&w=300,FOR_SALE,2024-11-15 00:00:00
2054,147,교육용 수집용 피규어 (모델-34),이 상품은 완구/취미 - 완구 카테고리의 교육용 수집용 피규어 (모델-34) 입니다. 최고의 품질을 보장합니다.,90000,,19,https://images.unsplash.com/photo-1559583985-c80d8ad9b29f?q=80&w=300,FOR_SALE,2026-05-19 00:00:00
2055,148,DIY 수집용 피규어 (모델-35),이 상품은 완구/취미 - 프라모델/피규어 카테고리의 DIY 수집용 피규어 (모델-35) 입니다. 최고의 품질을 보장합니다.,137000,130200,114,https://images.unsplash.com/photo-1559583985-c80d8ad9b29f?q=80&w=300,FOR_SALE,2024-11-14 00:00:00
2056,143,입문자용 입문용 드론 (모델-36),이 상품은 완구/취미 - 미술/공예 카테고리의 입문자용 입문용 드론 (모델-36) 입니다. 최고의 품질을 보장합니다.,133000,,97,https://images.unsplash.com/photo-1527977966376-1c8408f9f108?q=80&w=300,FOR_SALE,2025-04-11 00:00:00
2057,146,피규어 조립 블록 세트 (모델-37),이 상품은 완구/취미 - 악기 카테고리의 피규어 조립 블록 세트 (모델-37) 입니다. 최고의 품질을 보장합니다.,21000,20000,83,https://images.unsplash.com/photo-1560169897-fc0cdbdfa4d5?q=80&w=300,FOR_SALE,2026-02-27 00:00:00
2058,144,교육용 우쿨렐레 악기 (모델-38),이 상품은 완구/취미 - 보드게임/퍼즐 카테고리의 교육용 우쿨렐레 악기 (모델-38) 입니다. 최고의 품질을 보장합니다.,19000,,14,https://images.unsplash.com/photo-1507838153414-b4b713384a76?q=80&w=300,FOR_SALE,2025-10-15 00:00:00
2059,148,피규어 조립 블록 세트 (모델-39),이 상품은 완구/취미 - 프라모델/피규어 카테고리의 피규어 조립 블록 세트 (모델-39) 입니다. 최고의 품질을 보장합니다.,47000,44600,101,https://images.unsplash.com/photo-1560169897-fc0cdbdfa4d5?q=80&w=300,FOR_SALE,2026-02-06 00:00:00
2060,144,입문자용 조립 블록 세트 (모델-40),이 상품은 완구/취미 - 보드게임/퍼즐 카테고리의 입문자용 조립 블록 세트 (모델-40) 입니다. 최고의 품질을 보장합니다.,30000,,266,https://images.unsplash.com/photo-1560169897-fc0cdbdfa4d5?q=80&w=300,FOR_SALE,2025-02-15 00:00:00
2061,147,어른이용 입문용 드론 (모델-41),이 상품은 완구/취미 - 완구 카테고리의 어른이용 입문용 드론 (모델-41) 입니다. 최고의 품질을 보장합니다.,81000,72900,207,https://images.unsplash.com/photo-1527977966376-1c8408f9f108?q=80&w=300,FOR_SALE,2026-02-02 00:00:00
2062,143,DIY 입문용 드론 (모델-42),이 상품은 완구/취미 - 미술/공예 카테고리의 DIY 입문용 드론 (모델-42) 입니다. 최고의 품질을 보장합니다.,108000,91800,124,https://images.unsplash.com/photo-1527977966376-1c8408f9f108?q=80&w=300,FOR_SALE,2024-08-08 00:00:00
2063,142,입문자용 수집용 피규어 (모델-43),이 상품은 완구/취미 - 드론/RC 카테고리의 입문자용 수집용 피규어 (모델-43) 입니다. 최고의 품질을 보장합니다.,122000,97600,11,https://images.unsplash.com/photo-1559583985-c80d8ad9b29f?q=80&w=300,FOR_SALE,2025-12-27 00:00:00
2064,145,어른이용 우드 퍼즐 (모델-44),이 상품은 완구/취미 - 수집/굿즈 카테고리의 어른이용 우드 퍼즐 (모델-44) 입니다. 최고의 품질을 보장합니다.,48000,45600,279,https://images.unsplash.com/photo-1587654780291-39c9404d746b?q=80&w=300,FOR_SALE,2025-01-08 00:00:00
2065,144,어른이용 조립 블록 세트 (모델-45),이 상품은 완구/취미 - 보드게임/퍼즐 카테고리의 어른이용 조립 블록 세트 (모델-45) 입니다. 최고의 품질을 보장합니다.,118000,,158,https://images.unsplash.com/photo-1560169897-fc0cdbdfa4d5?q=80&w=300,FOR_SALE,2025-08-08 00:00:00
2066,148,DIY 수집용 피규어 (모델-46),이 상품은 완구/취미 - 프라모델/피규어 카테고리의 DIY 수집용 피규어 (모델-46) 입니다. 최고의 품질을 보장합니다.,16000,,184,https://images.unsplash.com/photo-1559583985-c80d8ad9b29f?q=80&w=300,FOR_SALE,2024-12-28 00:00:00
2067,143,DIY 우쿨렐레 악기 (모델-47),이 상품은 완구/취미 - 미술/공예 카테고리의 DIY 우쿨렐레 악기 (모델-47) 입니다. 최고의 품질을 보장합니다.,37000,33300,21,https://images.unsplash.com/photo-1507838153414-b4b713384a76?q=80&w=300,FOR_SALE,2025-08-27 00:00:00
2068,145,DIY 입문용 드론 (모델-48),이 상품은 완구/취미 - 수집/굿즈 카테고리의 DIY 입문용 드론 (모델-48) 입니다. 최고의 품질을 보장합니다.,100000,90000,261,https://images.unsplash.com/photo-1527977966376-1c8408f9f108?q=80&w=300,FOR_SALE,2025-04-03 00:00:00
2069,148,어른이용 미니어처 DIY 키트 (모델-49),이 상품은 완구/취미 - 프라모델/피규어 카테고리의 어른이용 미니어처 DIY 키트 (모델-49) 입니다. 최고의 품질을 보장합니다.,134000,120600,53,https://images.unsplash.com/photo-1513519245088-0e12902e5a38?q=80&w=300,FOR_SALE,2025-01-24 00:00:00
2070,144,교육용 수집용 피규어 (모델-50),이 상품은 완구/취미 - 보드게임/퍼즐 카테고리의 교육용 수집용 피규어 (모델-50) 입니다. 최고의 품질을 보장합니다.,102000,,203,https://images.unsplash.com/photo-1559583985-c80d8ad9b29f?q=80&w=300,FOR_SALE,2025-02-04 00:00:00
2071,147,어른이용 입문용 드론 (모델-51),이 상품은 완구/취미 - 완구 카테고리의 어른이용 입문용 드론 (모델-51) 입니다. 최고의 품질을 보장합니다.,71000,67400,271,https://images.unsplash.com/photo-1527977966376-1c8408f9f108?q=80&w=300,FOR_SALE,2025-09-26 00:00:00
2072,144,입문자용 우드 퍼즐 (모델-52),이 상품은 완구/취미 - 보드게임/퍼즐 카테고리의 입문자용 우드 퍼즐 (모델-52) 입니다. 최고의 품질을 보장합니다.,123000,,139,https://images.unsplash.com/photo-1587654780291-39c9404d746b?q=80&w=300,FOR_SALE,2025-02-20 00:00:00
2073,145,창의력 조립 블록 세트 (모델-53),이 상품은 완구/취미 - 수집/굿즈 카테고리의 창의력 조립 블록 세트 (모델-53) 입니다. 최고의 품질을 보장합니다.,51000,,254,https://images.unsplash.com/photo-1560169897-fc0cdbdfa4d5?q=80&w=300,FOR_SALE,2024-11-15 00:00:00
2074,146,창의력 우드 퍼즐 (모델-54),이 상품은 완구/취미 - 악기 카테고리의 창의력 우드 퍼즐 (모델-54) 입니다. 최고의 품질을 보장합니다.,37000,,223,https://images.unsplash.com/photo-1587654780291-39c9404d746b?q=80&w=300,FOR_SALE,2026-01-05 00:00:00
2075,146,피규어 수집용 피규어 (모델-55),이 상품은 완구/취미 - 악기 카테고리의 피규어 수집용 피규어 (모델-55) 입니다. 최고의 품질을 보장합니다.,41000,39000,29,https://images.unsplash.com/photo-1559583985-c80d8ad9b29f?q=80&w=300,FOR_SALE,2025-05-06 00:00:00
2076,142,어른이용 입문용 드론 (모델-56),이 상품은 완구/취미 - 드론/RC 카테고리의 어른이용 입문용 드론 (모델-56) 입니다. 최고의 품질을 보장합니다.,71000,63900,270,https://images.unsplash.com/photo-1527977966376-1c8408f9f108?q=80&w=300,FOR_SALE,2025-11-19 00:00:00
2077,142,입문자용 입문용 드론 (모델-57),이 상품은 완구/취미 - 드론/RC 카테고리의 입문자용 입문용 드론 (모델-57) 입니다. 최고의 품질을 보장합니다.,134000,,222,https://images.unsplash.com/photo-1527977966376-1c8408f9f108?q=80&w=300,FOR_SALE,2024-09-27 00:00:00
2078,146,교육용 미니어처 DIY 키트 (모델-58),이 상품은 완구/취미 - 악기 카테고리의 교육용 미니어처 DIY 키트 (모델-58) 입니다. 최고의 품질을 보장합니다.,139000,125100,168,https://images.unsplash.com/photo-1513519245088-0e12902e5a38?q=80&w=300,FOR_SALE,2024-12-29 00:00:00
2079,144,피규어 입문용 드론 (모델-59),이 상품은 완구/취미 - 보드게임/퍼즐 카테고리의 피규어 입문용 드론 (모델-59) 입니다. 최고의 품질을 보장합니다.,145000,137800,267,https://images.unsplash.com/photo-1527977966376-1c8408f9f108?q=80&w=300,FOR_SALE,2026-01-14 00:00:00
2080,142,어른이용 조립 블록 세트 (모델-60),이 상품은 완구/취미 - 드론/RC 카테고리의 어른이용 조립 블록 세트 (모델-60) 입니다. 최고의 품질을 보장합니다.,116000,104400,160,https://images.unsplash.com/photo-1560169897-fc0cdbdfa4d5?q=80&w=300,FOR_SALE,2026-03-23 00:00:00
2081,146,입문자용 미니어처 DIY 키트 (모델-61),이 상품은 완구/취미 - 악기 카테고리의 입문자용 미니어처 DIY 키트 (모델-61) 입니다. 최고의 품질을 보장합니다.,134000,,220,https://images.unsplash.com/photo-1513519245088-0e12902e5a38?q=80&w=300,FOR_SALE,2025-08-24 00:00:00
2082,145,창의력 수집용 피규어 (모델-62),이 상품은 완구/취미 - 수집/굿즈 카테고리의 창의력 수집용 피규어 (모델-62) 입니다. 최고의 품질을 보장합니다.,115000,92000,142,https://images.unsplash.com/photo-1559583985-c80d8ad9b29f?q=80&w=300,FOR_SALE,2025-04-04 00:00:00
2083,142,피규어 입문용 드론 (모델-63),이 상품은 완구/취미 - 드론/RC 카테고리의 피규어 입문용 드론 (모델-63) 입니다. 최고의 품질을 보장합니다.,125000,,178,https://images.unsplash.com/photo-1527977966376-1c8408f9f108?q=80&w=300,FOR_SALE,2025-06-19 00:00:00
2084,145,교육용 미니어처 DIY 키트 (모델-64),이 상품은 완구/취미 - 수집/굿즈 카테고리의 교육용 미니어처 DIY 키트 (모델-64) 입니다. 최고의 품질을 보장합니다.,140000,,246,https://images.unsplash.com/photo-1513519245088-0e12902e5a38?q=80&w=300,FOR_SALE,2024-12-30 00:00:00
2085,146,어른이용 입문용 드론 (모델-65),이 상품은 완구/취미 - 악기 카테고리의 어른이용 입문용 드론 (모델-65) 입니다. 최고의 품질을 보장합니다.,36000,30600,203,https://images.unsplash.com/photo-1527977966376-1c8408f9f108?q=80&w=300,FOR_SALE,2025-09-02 00:00:00
2086,148,피규어 우쿨렐레 악기 (모델-66),이 상품은 완구/취미 - 프라모델/피규어 카테고리의 피규어 우쿨렐레 악기 (모델-66) 입니다. 최고의 품질을 보장합니다.,74000,62900,282,https://images.unsplash.com/photo-1507838153414-b4b713384a76?q=80&w=300,FOR_SALE,2026-05-31 00:00:00
2087,147,교육용 수집용 피규어 (모델-67),이 상품은 완구/취미 - 완구 카테고리의 교육용 수집용 피규어 (모델-67) 입니다. 최고의 품질을 보장합니다.,62000,58900,141,https://images.unsplash.com/photo-1559583985-c80d8ad9b29f?q=80&w=300,FOR_SALE,2025-08-17 00:00:00
2088,144,창의력 입문용 드론 (모델-68),이 상품은 완구/취미 - 보드게임/퍼즐 카테고리의 창의력 입문용 드론 (모델-68) 입니다. 최고의 품질을 보장합니다.,40000,36000,157,https://images.unsplash.com/photo-1527977966376-1c8408f9f108?q=80&w=300,FOR_SALE,2025-08-01 00:00:00
2089,147,어른이용 우쿨렐레 악기 (모델-69),이 상품은 완구/취미 - 완구 카테고리의 어른이용 우쿨렐레 악기 (모델-69) 입니다. 최고의 품질을 보장합니다.,73000,65700,94,https://images.unsplash.com/photo-1507838153414-b4b713384a76?q=80&w=300,FOR_SALE,2024-10-09 00:00:00
2090,146,DIY 수집용 피규어 (모델-70),이 상품은 완구/취미 - 악기 카테고리의 DIY 수집용 피규어 (모델-70) 입니다. 최고의 품질을 보장합니다.,50000,42500,105,https://images.unsplash.com/photo-1559583985-c80d8ad9b29f?q=80&w=300,FOR_SALE,2024-10-17 00:00:00
2091,146,피규어 조립 블록 세트 (모델-71),이 상품은 완구/취미 - 악기 카테고리의 피규어 조립 블록 세트 (모델-71) 입니다. 최고의 품질을 보장합니다.,31000,29400,48,https://images.unsplash.com/photo-1560169897-fc0cdbdfa4d5?q=80&w=300,FOR_SALE,2024-07-27 00:00:00
2092,147,입문자용 우쿨렐레 악기 (모델-72),이 상품은 완구/취미 - 완구 카테고리의 입문자용 우쿨렐레 악기 (모델-72) 입니다. 최고의 품질을 보장합니다.,46000,,28,https://images.unsplash.com/photo-1507838153414-b4b713384a76?q=80&w=300,FOR_SALE,2025-01-17 00:00:00
2093,147,어른이용 미니어처 DIY 키트 (모델-73),이 상품은 완구/취미 - 완구 카테고리의 어른이용 미니어처 DIY 키트 (모델-73) 입니다. 최고의 품질을 보장합니다.,13000,11700,168,https://images.unsplash.com/photo-1513519245088-0e12902e5a38?q=80&w=300,FOR_SALE,2026-01-01 00:00:00
2094,147,피규어 수집용 피규어 (모델-74),이 상품은 완구/취미 - 완구 카테고리의 피규어 수집용 피규어 (모델-74) 입니다. 최고의 품질을 보장합니다.,70000,,33,https://images.unsplash.com/photo-1559583985-c80d8ad9b29f?q=80&w=300,FOR_SALE,2025-03-02 00:00:00
2095,144,피규어 우쿨렐레 악기 (모델-75),이 상품은 완구/취미 - 보드게임/퍼즐 카테고리의 피규어 우쿨렐레 악기 (모델-75) 입니다. 최고의 품질을 보장합니다.,39000,37000,45,https://images.unsplash.com/photo-1507838153414-b4b713384a76?q=80&w=300,FOR_SALE,2024-11-28 00:00:00
2096,142,창의력 수집용 피규어 (모델-76),이 상품은 완구/취미 - 드론/RC 카테고리의 창의력 수집용 피규어 (모델-76) 입니다. 최고의 품질을 보장합니다.,68000,,11,https://images.unsplash.com/photo-1559583985-c80d8ad9b29f?q=80&w=300,FOR_SALE,2025-01-23 00:00:00
2097,144,어른이용 우쿨렐레 악기 (모델-77),이 상품은 완구/취미 - 보드게임/퍼즐 카테고리의 어른이용 우쿨렐레 악기 (모델-77) 입니다. 최고의 품질을 보장합니다.,33000,29700,66,https://images.unsplash.com/photo-1507838153414-b4b713384a76?q=80&w=300,FOR_SALE,2025-06-14 00:00:00
2098,147,DIY 우쿨렐레 악기 (모델-78),이 상품은 완구/취미 - 완구 카테고리의 DIY 우쿨렐레 악기 (모델-78) 입니다. 최고의 품질을 보장합니다.,46000,43700,47,https://images.unsplash.com/photo-1507838153414-b4b713384a76?q=80&w=300,FOR_SALE,2025-06-27 00:00:00
2099,143,피규어 미니어처 DIY 키트 (모델-79),이 상품은 완구/취미 - 미술/공예 카테고리의 피규어 미니어처 DIY 키트 (모델-79) 입니다. 최고의 품질을 보장합니다.,88000,,77,https://images.unsplash.com/photo-1513519245088-0e12902e5a38?q=80&w=300,FOR_SALE,2024-11-14 00:00:00
2100,144,창의력 우드 퍼즐 (모델-80),이 상품은 완구/취미 - 보드게임/퍼즐 카테고리의 창의력 우드 퍼즐 (모델-80) 입니다. 최고의 품질을 보장합니다.,54000,,91,https://images.unsplash.com/photo-1587654780291-39c9404d746b?q=80&w=300,FOR_SALE,2024-11-23 00:00:00
2101,146,교육용 입문용 드론 (모델-81),이 상품은 완구/취미 - 악기 카테고리의 교육용 입문용 드론 (모델-81) 입니다. 최고의 품질을 보장합니다.,120000,,201,https://images.unsplash.com/photo-1527977966376-1c8408f9f108?q=80&w=300,FOR_SALE,2025-05-12 00:00:00
2102,144,DIY 미니어처 DIY 키트 (모델-82),이 상품은 완구/취미 - 보드게임/퍼즐 카테고리의 DIY 미니어처 DIY 키트 (모델-82) 입니다. 최고의 품질을 보장합니다.,28000,25200,222,https://images.unsplash.com/photo-1513519245088-0e12902e5a38?q=80&w=300,FOR_SALE,2025-02-21 00:00:00
2103,147,피규어 우드 퍼즐 (모델-83),이 상품은 완구/취미 - 완구 카테고리의 피규어 우드 퍼즐 (모델-83) 입니다. 최고의 품질을 보장합니다.,145000,,139,https://images.unsplash.com/photo-1587654780291-39c9404d746b?q=80&w=300,FOR_SALE,2025-07-08 00:00:00
2104,142,피규어 입문용 드론 (모델-84),이 상품은 완구/취미 - 드론/RC 카테고리의 피규어 입문용 드론 (모델-84) 입니다. 최고의 품질을 보장합니다.,56000,,64,https://images.unsplash.com/photo-1527977966376-1c8408f9f108?q=80&w=300,FOR_SALE,2025-11-21 00:00:00
2105,147,창의력 우쿨렐레 악기 (모델-85),이 상품은 완구/취미 - 완구 카테고리의 창의력 우쿨렐레 악기 (모델-85) 입니다. 최고의 품질을 보장합니다.,75000,67500,227,https://images.unsplash.com/photo-1507838153414-b4b713384a76?q=80&w=300,FOR_SALE,2025-10-01 00:00:00
2106,148,DIY 우드 퍼즐 (모델-86),이 상품은 완구/취미 - 프라모델/피규어 카테고리의 DIY 우드 퍼즐 (모델-86) 입니다. 최고의 품질을 보장합니다.,134000,120600,243,https://images.unsplash.com/photo-1587654780291-39c9404d746b?q=80&w=300,FOR_SALE,2024-10-25 00:00:00
2107,148,입문자용 미니어처 DIY 키트 (모델-87),이 상품은 완구/취미 - 프라모델/피규어 카테고리의 입문자용 미니어처 DIY 키트 (모델-87) 입니다. 최고의 품질을 보장합니다.,55000,,177,https://images.unsplash.com/photo-1513519245088-0e12902e5a38?q=80&w=300,FOR_SALE,2025-05-06 00:00:00
2108,142,창의력 미니어처 DIY 키트 (모델-88),이 상품은 완구/취미 - 드론/RC 카테고리의 창의력 미니어처 DIY 키트 (모델-88) 입니다. 최고의 품질을 보장합니다.,26000,,90,https://images.unsplash.com/photo-1513519245088-0e12902e5a38?q=80&w=300,FOR_SALE,2025-10-06 00:00:00
2109,148,창의력 우쿨렐레 악기 (모델-89),이 상품은 완구/취미 - 프라모델/피규어 카테고리의 창의력 우쿨렐레 악기 (모델-89) 입니다. 최고의 품질을 보장합니다.,142000,,172,https://images.unsplash.com/photo-1507838153414-b4b713384a76?q=80&w=300,FOR_SALE,2025-04-08 00:00:00
2110,146,입문자용 수집용 피규어 (모델-90),이 상품은 완구/취미 - 악기 카테고리의 입문자용 수집용 피규어 (모델-90) 입니다. 최고의 품질을 보장합니다.,68000,,130,https://images.unsplash.com/photo-1559583985-c80d8ad9b29f?q=80&w=300,FOR_SALE,2026-04-19 00:00:00
2111,146,피규어 미니어처 DIY 키트 (모델-91),이 상품은 완구/취미 - 악기 카테고리의 피규어 미니어처 DIY 키트 (모델-91) 입니다. 최고의 품질을 보장합니다.,147000,,123,https://images.unsplash.com/photo-1513519245088-0e12902e5a38?q=80&w=300,FOR_SALE,2025-07-12 00:00:00
2112,144,DIY 미니어처 DIY 키트 (모델-92),이 상품은 완구/취미 - 보드게임/퍼즐 카테고리의 DIY 미니어처 DIY 키트 (모델-92) 입니다. 최고의 품질을 보장합니다.,101000,,171,https://images.unsplash.com/photo-1513519245088-0e12902e5a38?q=80&w=300,FOR_SALE,2025-02-03 00:00:00
2113,146,창의력 조립 블록 세트 (모델-93),이 상품은 완구/취미 - 악기 카테고리의 창의력 조립 블록 세트 (모델-93) 입니다. 최고의 품질을 보장합니다.,107000,,273,https://images.unsplash.com/photo-1560169897-fc0cdbdfa4d5?q=80&w=300,FOR_SALE,2025-05-08 00:00:00
2114,147,피규어 조립 블록 세트 (모델-94),이 상품은 완구/취미 - 완구 카테고리의 피규어 조립 블록 세트 (모델-94) 입니다. 최고의 품질을 보장합니다.,12000,,40,https://images.unsplash.com/photo-1560169897-fc0cdbdfa4d5?q=80&w=300,FOR_SALE,2025-05-03 00:00:00
2115,144,입문자용 입문용 드론 (모델-95),이 상품은 완구/취미 - 보드게임/퍼즐 카테고리의 입문자용 입문용 드론 (모델-95) 입니다. 최고의 품질을 보장합니다.,83000,,208,https://images.unsplash.com/photo-1527977966376-1c8408f9f108?q=80&w=300,FOR_SALE,2024-07-23 00:00:00
2116,146,DIY 미니어처 DIY 키트 (모델-96),이 상품은 완구/취미 - 악기 카테고리의 DIY 미니어처 DIY 키트 (모델-96) 입니다. 최고의 품질을 보장합니다.,28000,23800,186,https://images.unsplash.com/photo-1513519245088-0e12902e5a38?q=80&w=300,FOR_SALE,2024-08-04 00:00:00
2117,146,창의력 입문용 드론 (모델-97),이 상품은 완구/취미 - 악기 카테고리의 창의력 입문용 드론 (모델-97) 입니다. 최고의 품질을 보장합니다.,134000,120600,290,https://images.unsplash.com/photo-1527977966376-1c8408f9f108?q=80&w=300,FOR_SALE,2025-12-29 00:00:00
2118,145,DIY 입문용 드론 (모델-98),이 상품은 완구/취미 - 수집/굿즈 카테고리의 DIY 입문용 드론 (모델-98) 입니다. 최고의 품질을 보장합니다.,129000,122600,200,https://images.unsplash.com/photo-1527977966376-1c8408f9f108?q=80&w=300,FOR_SALE,2025-01-11 00:00:00
2119,144,입문자용 수집용 피규어 (모델-99),이 상품은 완구/취미 - 보드게임/퍼즐 카테고리의 입문자용 수집용 피규어 (모델-99) 입니다. 최고의 품질을 보장합니다.,105000,,30,https://images.unsplash.com/photo-1559583985-c80d8ad9b29f?q=80&w=300,FOR_SALE,2026-04-26 00:00:00
2120,144,창의력 입문용 드론 (모델-100),이 상품은 완구/취미 - 보드게임/퍼즐 카테고리의 창의력 입문용 드론 (모델-100) 입니다. 최고의 품질을 보장합니다.,31000,29400,153,https://images.unsplash.com/photo-1527977966376-1c8408f9f108?q=80&w=300,FOR_SALE,2026-01-24 00:00:00
2121,144,교육용 조립 블록 세트 (모델-101),이 상품은 완구/취미 - 보드게임/퍼즐 카테고리의 교육용 조립 블록 세트 (모델-101) 입니다. 최고의 품질을 보장합니다.,112000,,42,https://images.unsplash.com/photo-1560169897-fc0cdbdfa4d5?q=80&w=300,FOR_SALE,2025-01-04 00:00:00
2122,146,창의력 우쿨렐레 악기 (모델-102),이 상품은 완구/취미 - 악기 카테고리의 창의력 우쿨렐레 악기 (모델-102) 입니다. 최고의 품질을 보장합니다.,95000,,156,https://images.unsplash.com/photo-1507838153414-b4b713384a76?q=80&w=300,FOR_SALE,2024-10-06 00:00:00
2123,144,창의력 수집용 피규어 (모델-103),이 상품은 완구/취미 - 보드게임/퍼즐 카테고리의 창의력 수집용 피규어 (모델-103) 입니다. 최고의 품질을 보장합니다.,41000,,135,https://images.unsplash.com/photo-1559583985-c80d8ad9b29f?q=80&w=300,FOR_SALE,2025-06-28 00:00:00
2124,147,교육용 우드 퍼즐 (모델-104),이 상품은 완구/취미 - 완구 카테고리의 교육용 우드 퍼즐 (모델-104) 입니다. 최고의 품질을 보장합니다.,37000,35200,295,https://images.unsplash.com/photo-1587654780291-39c9404d746b?q=80&w=300,FOR_SALE,2026-02-20 00:00:00
2125,144,피규어 조립 블록 세트 (모델-105),이 상품은 완구/취미 - 보드게임/퍼즐 카테고리의 피규어 조립 블록 세트 (모델-105) 입니다. 최고의 품질을 보장합니다.,112000,106400,210,https://images.unsplash.com/photo-1560169897-fc0cdbdfa4d5?q=80&w=300,FOR_SALE,2025-03-09 00:00:00
2126,145,교육용 입문용 드론 (모델-106),이 상품은 완구/취미 - 수집/굿즈 카테고리의 교육용 입문용 드론 (모델-106) 입니다. 최고의 품질을 보장합니다.,68000,,16,https://images.unsplash.com/photo-1527977966376-1c8408f9f108?q=80&w=300,FOR_SALE,2026-02-20 00:00:00
2127,146,교육용 수집용 피규어 (모델-107),이 상품은 완구/취미 - 악기 카테고리의 교육용 수집용 피규어 (모델-107) 입니다. 최고의 품질을 보장합니다.,87000,,173,https://images.unsplash.com/photo-1559583985-c80d8ad9b29f?q=80&w=300,FOR_SALE,2024-12-11 00:00:00
2128,143,입문자용 우쿨렐레 악기 (모델-108),이 상품은 완구/취미 - 미술/공예 카테고리의 입문자용 우쿨렐레 악기 (모델-108) 입니다. 최고의 품질을 보장합니다.,97000,,197,https://images.unsplash.com/photo-1507838153414-b4b713384a76?q=80&w=300,FOR_SALE,2025-02-20 00:00:00
2129,148,교육용 수집용 피규어 (모델-109),이 상품은 완구/취미 - 프라모델/피규어 카테고리의 교육용 수집용 피규어 (모델-109) 입니다. 최고의 품질을 보장합니다.,140000,,65,https://images.unsplash.com/photo-1559583985-c80d8ad9b29f?q=80&w=300,FOR_SALE,2026-05-18 00:00:00
2130,146,창의력 우드 퍼즐 (모델-110),이 상품은 완구/취미 - 악기 카테고리의 창의력 우드 퍼즐 (모델-110) 입니다. 최고의 품질을 보장합니다.,106000,,64,https://images.unsplash.com/photo-1587654780291-39c9404d746b?q=80&w=300,FOR_SALE,2026-01-06 00:00:00
2131,142,DIY 입문용 드론 (모델-111),이 상품은 완구/취미 - 드론/RC 카테고리의 DIY 입문용 드론 (모델-111) 입니다. 최고의 품질을 보장합니다.,55000,44000,129,https://images.unsplash.com/photo-1527977966376-1c8408f9f108?q=80&w=300,FOR_SALE,2025-04-09 00:00:00
2132,142,피규어 우드 퍼즐 (모델-112),이 상품은 완구/취미 - 드론/RC 카테고리의 피규어 우드 퍼즐 (모델-112) 입니다. 최고의 품질을 보장합니다.,40000,,168,https://images.unsplash.com/photo-1587654780291-39c9404d746b?q=80&w=300,FOR_SALE,2024-08-01 00:00:00
2133,144,피규어 우쿨렐레 악기 (모델-113),이 상품은 완구/취미 - 보드게임/퍼즐 카테고리의 피규어 우쿨렐레 악기 (모델-113) 입니다. 최고의 품질을 보장합니다.,99000,,241,https://images.unsplash.com/photo-1507838153414-b4b713384a76?q=80&w=300,FOR_SALE,2025-12-26 00:00:00
2134,145,교육용 우드 퍼즐 (모델-114),이 상품은 완구/취미 - 수집/굿즈 카테고리의 교육용 우드 퍼즐 (모델-114) 입니다. 최고의 품질을 보장합니다.,23000,,122,https://images.unsplash.com/photo-1587654780291-39c9404d746b?q=80&w=300,FOR_SALE,2026-03-18 00:00:00
2135,145,교육용 조립 블록 세트 (모델-115),이 상품은 완구/취미 - 수집/굿즈 카테고리의 교육용 조립 블록 세트 (모델-115) 입니다. 최고의 품질을 보장합니다.,34000,,90,https://images.unsplash.com/photo-1560169897-fc0cdbdfa4d5?q=80&w=300,FOR_SALE,2025-02-07 00:00:00
2136,144,피규어 수집용 피규어 (모델-116),이 상품은 완구/취미 - 보드게임/퍼즐 카테고리의 피규어 수집용 피규어 (모델-116) 입니다. 최고의 품질을 보장합니다.,84000,79800,83,https://images.unsplash.com/photo-1559583985-c80d8ad9b29f?q=80&w=300,FOR_SALE,2025-09-04 00:00:00
2137,147,교육용 미니어처 DIY 키트 (모델-117),이 상품은 완구/취미 - 완구 카테고리의 교육용 미니어처 DIY 키트 (모델-117) 입니다. 최고의 품질을 보장합니다.,95000,76000,189,https://images.unsplash.com/photo-1513519245088-0e12902e5a38?q=80&w=300,FOR_SALE,2025-06-21 00:00:00
2138,144,피규어 조립 블록 세트 (모델-118),이 상품은 완구/취미 - 보드게임/퍼즐 카테고리의 피규어 조립 블록 세트 (모델-118) 입니다. 최고의 품질을 보장합니다.,146000,131400,252,https://images.unsplash.com/photo-1560169897-fc0cdbdfa4d5?q=80&w=300,FOR_SALE,2024-09-02 00:00:00
2139,145,창의력 미니어처 DIY 키트 (모델-119),이 상품은 완구/취미 - 수집/굿즈 카테고리의 창의력 미니어처 DIY 키트 (모델-119) 입니다. 최고의 품질을 보장합니다.,99000,,253,https://images.unsplash.com/photo-1513519245088-0e12902e5a38?q=80&w=300,FOR_SALE,2025-04-21 00:00:00
2140,147,입문자용 조립 블록 세트 (모델-120),이 상품은 완구/취미 - 완구 카테고리의 입문자용 조립 블록 세트 (모델-120) 입니다. 최고의 품질을 보장합니다.,38000,36100,230,https://images.unsplash.com/photo-1560169897-fc0cdbdfa4d5?q=80&w=300,FOR_SALE,2024-08-06 00:00:00
2141,143,피규어 우드 퍼즐 (모델-121),이 상품은 완구/취미 - 미술/공예 카테고리의 피규어 우드 퍼즐 (모델-121) 입니다. 최고의 품질을 보장합니다.,88000,74800,47,https://images.unsplash.com/photo-1587654780291-39c9404d746b?q=80&w=300,FOR_SALE,2026-03-12 00:00:00
2142,142,어른이용 수집용 피규어 (모델-122),이 상품은 완구/취미 - 드론/RC 카테고리의 어른이용 수집용 피규어 (모델-122) 입니다. 최고의 품질을 보장합니다.,122000,,145,https://images.unsplash.com/photo-1559583985-c80d8ad9b29f?q=80&w=300,FOR_SALE,2025-07-01 00:00:00
2143,148,DIY 입문용 드론 (모델-123),이 상품은 완구/취미 - 프라모델/피규어 카테고리의 DIY 입문용 드론 (모델-123) 입니다. 최고의 품질을 보장합니다.,115000,,66,https://images.unsplash.com/photo-1527977966376-1c8408f9f108?q=80&w=300,FOR_SALE,2024-07-12 00:00:00
2144,143,창의력 미니어처 DIY 키트 (모델-124),이 상품은 완구/취미 - 미술/공예 카테고리의 창의력 미니어처 DIY 키트 (모델-124) 입니다. 최고의 품질을 보장합니다.,43000,,201,https://images.unsplash.com/photo-1513519245088-0e12902e5a38?q=80&w=300,FOR_SALE,2024-12-03 00:00:00
2145,145,창의력 조립 블록 세트 (모델-125),이 상품은 완구/취미 - 수집/굿즈 카테고리의 창의력 조립 블록 세트 (모델-125) 입니다. 최고의 품질을 보장합니다.,32000,,153,https://images.unsplash.com/photo-1560169897-fc0cdbdfa4d5?q=80&w=300,FOR_SALE,2025-05-09 00:00:00
2146,144,DIY 수집용 피규어 (모델-126),이 상품은 완구/취미 - 보드게임/퍼즐 카테고리의 DIY 수집용 피규어 (모델-126) 입니다. 최고의 품질을 보장합니다.,17000,,97,https://images.unsplash.com/photo-1559583985-c80d8ad9b29f?q=80&w=300,FOR_SALE,2025-07-13 00:00:00
2147,146,교육용 조립 블록 세트 (모델-127),이 상품은 완구/취미 - 악기 카테고리의 교육용 조립 블록 세트 (모델-127) 입니다. 최고의 품질을 보장합니다.,119000,,157,https://images.unsplash.com/photo-1560169897-fc0cdbdfa4d5?q=80&w=300,FOR_SALE,2024-08-30 00:00:00
2148,145,피규어 조립 블록 세트 (모델-128),이 상품은 완구/취미 - 수집/굿즈 카테고리의 피규어 조립 블록 세트 (모델-128) 입니다. 최고의 품질을 보장합니다.,45000,,143,https://images.unsplash.com/photo-1560169897-fc0cdbdfa4d5?q=80&w=300,FOR_SALE,2025-01-19 00:00:00
2149,148,DIY 입문용 드론 (모델-129),이 상품은 완구/취미 - 프라모델/피규어 카테고리의 DIY 입문용 드론 (모델-129) 입니다. 최고의 품질을 보장합니다.,128000,,229,https://images.unsplash.com/photo-1527977966376-1c8408f9f108?q=80&w=300,FOR_SALE,2024-11-25 00:00:00
2150,146,DIY 입문용 드론 (모델-130),이 상품은 완구/취미 - 악기 카테고리의 DIY 입문용 드론 (모델-130) 입니다. 최고의 품질을 보장합니다.,92000,,274,https://images.unsplash.com/photo-1527977966376-1c8408f9f108?q=80&w=300,FOR_SALE,2026-04-27 00:00:00
2151,142,창의력 입문용 드론 (모델-131),이 상품은 완구/취미 - 드론/RC 카테고리의 창의력 입문용 드론 (모델-131) 입니다. 최고의 품질을 보장합니다.,149000,,168,https://images.unsplash.com/photo-1527977966376-1c8408f9f108?q=80&w=300,FOR_SALE,2024-09-08 00:00:00
2152,142,어른이용 수집용 피규어 (모델-132),이 상품은 완구/취미 - 드론/RC 카테고리의 어른이용 수집용 피규어 (모델-132) 입니다. 최고의 품질을 보장합니다.,117000,,202,https://images.unsplash.com/photo-1559583985-c80d8ad9b29f?q=80&w=300,FOR_SALE,2026-03-24 00:00:00
2153,143,창의력 우드 퍼즐 (모델-133),이 상품은 완구/취미 - 미술/공예 카테고리의 창의력 우드 퍼즐 (모델-133) 입니다. 최고의 품질을 보장합니다.,47000,,42,https://images.unsplash.com/photo-1587654780291-39c9404d746b?q=80&w=300,FOR_SALE,2025-10-05 00:00:00
2154,147,피규어 조립 블록 세트 (모델-134),이 상품은 완구/취미 - 완구 카테고리의 피규어 조립 블록 세트 (모델-134) 입니다. 최고의 품질을 보장합니다.,96000,91200,276,https://images.unsplash.com/photo-1560169897-fc0cdbdfa4d5?q=80&w=300,FOR_SALE,2024-08-25 00:00:00
2155,148,어른이용 입문용 드론 (모델-135),이 상품은 완구/취미 - 프라모델/피규어 카테고리의 어른이용 입문용 드론 (모델-135) 입니다. 최고의 품질을 보장합니다.,29000,27600,257,https://images.unsplash.com/photo-1527977966376-1c8408f9f108?q=80&w=300,FOR_SALE,2025-08-12 00:00:00
2156,145,DIY 우드 퍼즐 (모델-136),이 상품은 완구/취미 - 수집/굿즈 카테고리의 DIY 우드 퍼즐 (모델-136) 입니다. 최고의 품질을 보장합니다.,78000,66300,104,https://images.unsplash.com/photo-1587654780291-39c9404d746b?q=80&w=300,FOR_SALE,2025-10-13 00:00:00
2157,144,DIY 입문용 드론 (모델-137),이 상품은 완구/취미 - 보드게임/퍼즐 카테고리의 DIY 입문용 드론 (모델-137) 입니다. 최고의 품질을 보장합니다.,110000,,152,https://images.unsplash.com/photo-1527977966376-1c8408f9f108?q=80&w=300,FOR_SALE,2026-03-02 00:00:00
2158,147,피규어 우쿨렐레 악기 (모델-138),이 상품은 완구/취미 - 완구 카테고리의 피규어 우쿨렐레 악기 (모델-138) 입니다. 최고의 품질을 보장합니다.,61000,58000,110,https://images.unsplash.com/photo-1507838153414-b4b713384a76?q=80&w=300,FOR_SALE,2025-03-15 00:00:00
2159,145,어른이용 조립 블록 세트 (모델-139),이 상품은 완구/취미 - 수집/굿즈 카테고리의 어른이용 조립 블록 세트 (모델-139) 입니다. 최고의 품질을 보장합니다.,97000,,42,https://images.unsplash.com/photo-1560169897-fc0cdbdfa4d5?q=80&w=300,FOR_SALE,2026-02-22 00:00:00
2160,147,입문자용 미니어처 DIY 키트 (모델-140),이 상품은 완구/취미 - 완구 카테고리의 입문자용 미니어처 DIY 키트 (모델-140) 입니다. 최고의 품질을 보장합니다.,41000,34800,297,https://images.unsplash.com/photo-1513519245088-0e12902e5a38?q=80&w=300,FOR_SALE,2024-08-23 00:00:00
2161,153,인기만점 고양이 두부 모래 (모델-1),이 상품은 반려동물 - 위생용품 카테고리의 인기만점 고양이 두부 모래 (모델-1) 입니다. 최고의 품질을 보장합니다.,48000,43200,209,https://images.unsplash.com/photo-1545249390-6bdfa286032f?q=80&w=300,FOR_SALE,2026-02-20 00:00:00
2162,155,유기농 강아지 사료 (모델-2),이 상품은 반려동물 - 하우스/방석/이동장 카테고리의 유기농 강아지 사료 (모델-2) 입니다. 최고의 품질을 보장합니다.,103000,92700,64,https://images.unsplash.com/photo-1583511655857-d19b40a7a54e?q=80&w=300,FOR_SALE,2025-03-05 00:00:00
2163,152,가수분해 반려견 하우스 (모델-3),이 상품은 반려동물 - 미용/목욕 카테고리의 가수분해 반려견 하우스 (모델-3) 입니다. 최고의 품질을 보장합니다.,71000,,276,https://images.unsplash.com/photo-1548767797-d8c844163c4c?q=80&w=300,FOR_SALE,2025-12-14 00:00:00
2164,152,자연유래 강아지 사료 (모델-4),이 상품은 반려동물 - 미용/목욕 카테고리의 자연유래 강아지 사료 (모델-4) 입니다. 최고의 품질을 보장합니다.,138000,117300,293,https://images.unsplash.com/photo-1583511655857-d19b40a7a54e?q=80&w=300,FOR_SALE,2025-07-31 00:00:00
2165,151,유기농 치석 제거 장난감 (모델-5),이 상품은 반려동물 - 고양이 사료/간식 카테고리의 유기농 치석 제거 장난감 (모델-5) 입니다. 최고의 품질을 보장합니다.,118000,106200,109,https://images.unsplash.com/photo-1576201836106-db1758fd1c97?q=80&w=300,FOR_SALE,2026-05-04 00:00:00
2166,153,인기만점 강아지 사료 (모델-6),이 상품은 반려동물 - 위생용품 카테고리의 인기만점 강아지 사료 (모델-6) 입니다. 최고의 품질을 보장합니다.,51000,43400,74,https://images.unsplash.com/photo-1583511655857-d19b40a7a54e?q=80&w=300,FOR_SALE,2026-04-16 00:00:00
2167,149,위생적인 강아지 사료 (모델-7),이 상품은 반려동물 - 강아지 사료/간식 카테고리의 위생적인 강아지 사료 (모델-7) 입니다. 최고의 품질을 보장합니다.,101000,96000,111,https://images.unsplash.com/photo-1583511655857-d19b40a7a54e?q=80&w=300,FOR_SALE,2025-07-05 00:00:00
2168,150,인기만점 고양이 두부 모래 (모델-8),이 상품은 반려동물 - 건강/영양제 카테고리의 인기만점 고양이 두부 모래 (모델-8) 입니다. 최고의 품질을 보장합니다.,143000,,24,https://images.unsplash.com/photo-1545249390-6bdfa286032f?q=80&w=300,FOR_SALE,2026-04-06 00:00:00
2169,155,유기농 고양이 두부 모래 (모델-9),이 상품은 반려동물 - 하우스/방석/이동장 카테고리의 유기농 고양이 두부 모래 (모델-9) 입니다. 최고의 품질을 보장합니다.,120000,,36,https://images.unsplash.com/photo-1545249390-6bdfa286032f?q=80&w=300,FOR_SALE,2025-08-06 00:00:00
2170,151,인기만점 고양이 츄르 간식 (모델-10),이 상품은 반려동물 - 고양이 사료/간식 카테고리의 인기만점 고양이 츄르 간식 (모델-10) 입니다. 최고의 품질을 보장합니다.,29000,,151,https://images.unsplash.com/photo-1569591159212-b02ea8a9f239?q=80&w=300,FOR_SALE,2025-05-31 00:00:00
2171,151,위생적인 강아지 사료 (모델-11),이 상품은 반려동물 - 고양이 사료/간식 카테고리의 위생적인 강아지 사료 (모델-11) 입니다. 최고의 품질을 보장합니다.,46000,41400,247,https://images.unsplash.com/photo-1583511655857-d19b40a7a54e?q=80&w=300,FOR_SALE,2025-05-15 00:00:00
2172,151,가수분해 반려견 하우스 (모델-12),이 상품은 반려동물 - 고양이 사료/간식 카테고리의 가수분해 반려견 하우스 (모델-12) 입니다. 최고의 품질을 보장합니다.,74000,,105,https://images.unsplash.com/photo-1548767797-d8c844163c4c?q=80&w=300,FOR_SALE,2025-03-18 00:00:00
2173,151,자연유래 종합 영양제 (모델-13),이 상품은 반려동물 - 고양이 사료/간식 카테고리의 자연유래 종합 영양제 (모델-13) 입니다. 최고의 품질을 보장합니다.,46000,,238,https://images.unsplash.com/photo-1584017911766-d451b3d0e843?q=80&w=300,FOR_SALE,2026-01-04 00:00:00
2174,149,위생적인 치석 제거 장난감 (모델-14),이 상품은 반려동물 - 강아지 사료/간식 카테고리의 위생적인 치석 제거 장난감 (모델-14) 입니다. 최고의 품질을 보장합니다.,35000,,30,https://images.unsplash.com/photo-1576201836106-db1758fd1c97?q=80&w=300,FOR_SALE,2025-09-25 00:00:00
2175,153,유기농 고양이 두부 모래 (모델-15),이 상품은 반려동물 - 위생용품 카테고리의 유기농 고양이 두부 모래 (모델-15) 입니다. 최고의 품질을 보장합니다.,120000,,95,https://images.unsplash.com/photo-1545249390-6bdfa286032f?q=80&w=300,FOR_SALE,2024-12-06 00:00:00
2176,152,인기만점 반려견 하우스 (모델-16),이 상품은 반려동물 - 미용/목욕 카테고리의 인기만점 반려견 하우스 (모델-16) 입니다. 최고의 품질을 보장합니다.,25000,,190,https://images.unsplash.com/photo-1548767797-d8c844163c4c?q=80&w=300,FOR_SALE,2025-04-07 00:00:00
2177,151,유기농 종합 영양제 (모델-17),이 상품은 반려동물 - 고양이 사료/간식 카테고리의 유기농 종합 영양제 (모델-17) 입니다. 최고의 품질을 보장합니다.,68000,,85,https://images.unsplash.com/photo-1584017911766-d451b3d0e843?q=80&w=300,FOR_SALE,2024-10-31 00:00:00
2178,149,유기농 종합 영양제 (모델-18),이 상품은 반려동물 - 강아지 사료/간식 카테고리의 유기농 종합 영양제 (모델-18) 입니다. 최고의 품질을 보장합니다.,120000,114000,14,https://images.unsplash.com/photo-1584017911766-d451b3d0e843?q=80&w=300,FOR_SALE,2025-11-30 00:00:00
2179,150,자연유래 강아지 사료 (모델-19),이 상품은 반려동물 - 건강/영양제 카테고리의 자연유래 강아지 사료 (모델-19) 입니다. 최고의 품질을 보장합니다.,70000,,105,https://images.unsplash.com/photo-1583511655857-d19b40a7a54e?q=80&w=300,FOR_SALE,2025-12-10 00:00:00
2180,150,가수분해 고양이 두부 모래 (모델-20),이 상품은 반려동물 - 건강/영양제 카테고리의 가수분해 고양이 두부 모래 (모델-20) 입니다. 최고의 품질을 보장합니다.,18000,16200,237,https://images.unsplash.com/photo-1545249390-6bdfa286032f?q=80&w=300,FOR_SALE,2025-12-05 00:00:00
2181,154,위생적인 고양이 츄르 간식 (모델-21),이 상품은 반려동물 - 장난감 카테고리의 위생적인 고양이 츄르 간식 (모델-21) 입니다. 최고의 품질을 보장합니다.,137000,123300,205,https://images.unsplash.com/photo-1569591159212-b02ea8a9f239?q=80&w=300,FOR_SALE,2026-03-14 00:00:00
2182,153,위생적인 고양이 츄르 간식 (모델-22),이 상품은 반려동물 - 위생용품 카테고리의 위생적인 고양이 츄르 간식 (모델-22) 입니다. 최고의 품질을 보장합니다.,94000,89300,186,https://images.unsplash.com/photo-1569591159212-b02ea8a9f239?q=80&w=300,FOR_SALE,2024-09-16 00:00:00
2183,151,가수분해 고양이 두부 모래 (모델-23),이 상품은 반려동물 - 고양이 사료/간식 카테고리의 가수분해 고양이 두부 모래 (모델-23) 입니다. 최고의 품질을 보장합니다.,143000,121600,286,https://images.unsplash.com/photo-1545249390-6bdfa286032f?q=80&w=300,FOR_SALE,2025-05-07 00:00:00
2184,152,위생적인 고양이 두부 모래 (모델-24),이 상품은 반려동물 - 미용/목욕 카테고리의 위생적인 고양이 두부 모래 (모델-24) 입니다. 최고의 품질을 보장합니다.,140000,126000,233,https://images.unsplash.com/photo-1545249390-6bdfa286032f?q=80&w=300,FOR_SALE,2024-09-06 00:00:00
2185,154,유기농 치석 제거 장난감 (모델-25),이 상품은 반려동물 - 장난감 카테고리의 유기농 치석 제거 장난감 (모델-25) 입니다. 최고의 품질을 보장합니다.,107000,96300,154,https://images.unsplash.com/photo-1576201836106-db1758fd1c97?q=80&w=300,FOR_SALE,2025-09-29 00:00:00
2186,153,자연유래 반려견 하우스 (모델-26),이 상품은 반려동물 - 위생용품 카테고리의 자연유래 반려견 하우스 (모델-26) 입니다. 최고의 품질을 보장합니다.,68000,,162,https://images.unsplash.com/photo-1548767797-d8c844163c4c?q=80&w=300,FOR_SALE,2025-01-09 00:00:00
2187,151,위생적인 고양이 두부 모래 (모델-27),이 상품은 반려동물 - 고양이 사료/간식 카테고리의 위생적인 고양이 두부 모래 (모델-27) 입니다. 최고의 품질을 보장합니다.,44000,,144,https://images.unsplash.com/photo-1545249390-6bdfa286032f?q=80&w=300,FOR_SALE,2024-10-13 00:00:00
2188,154,가수분해 고양이 두부 모래 (모델-28),이 상품은 반려동물 - 장난감 카테고리의 가수분해 고양이 두부 모래 (모델-28) 입니다. 최고의 품질을 보장합니다.,60000,,184,https://images.unsplash.com/photo-1545249390-6bdfa286032f?q=80&w=300,FOR_SALE,2026-01-07 00:00:00
2189,150,위생적인 고양이 츄르 간식 (모델-29),이 상품은 반려동물 - 건강/영양제 카테고리의 위생적인 고양이 츄르 간식 (모델-29) 입니다. 최고의 품질을 보장합니다.,79000,71100,288,https://images.unsplash.com/photo-1569591159212-b02ea8a9f239?q=80&w=300,FOR_SALE,2025-10-08 00:00:00
2190,152,자연유래 종합 영양제 (모델-30),이 상품은 반려동물 - 미용/목욕 카테고리의 자연유래 종합 영양제 (모델-30) 입니다. 최고의 품질을 보장합니다.,80000,72000,166,https://images.unsplash.com/photo-1584017911766-d451b3d0e843?q=80&w=300,FOR_SALE,2025-02-15 00:00:00
2191,155,유기농 강아지 사료 (모델-31),이 상품은 반려동물 - 하우스/방석/이동장 카테고리의 유기농 강아지 사료 (모델-31) 입니다. 최고의 품질을 보장합니다.,99000,,22,https://images.unsplash.com/photo-1583511655857-d19b40a7a54e?q=80&w=300,FOR_SALE,2024-08-18 00:00:00
2192,153,유기농 종합 영양제 (모델-32),이 상품은 반려동물 - 위생용품 카테고리의 유기농 종합 영양제 (모델-32) 입니다. 최고의 품질을 보장합니다.,12000,,97,https://images.unsplash.com/photo-1584017911766-d451b3d0e843?q=80&w=300,FOR_SALE,2025-09-15 00:00:00
2193,151,자연유래 강아지 사료 (모델-33),이 상품은 반려동물 - 고양이 사료/간식 카테고리의 자연유래 강아지 사료 (모델-33) 입니다. 최고의 품질을 보장합니다.,59000,,175,https://images.unsplash.com/photo-1583511655857-d19b40a7a54e?q=80&w=300,FOR_SALE,2025-02-17 00:00:00
2194,154,위생적인 반려견 하우스 (모델-34),이 상품은 반려동물 - 장난감 카테고리의 위생적인 반려견 하우스 (모델-34) 입니다. 최고의 품질을 보장합니다.,19000,17100,247,https://images.unsplash.com/photo-1548767797-d8c844163c4c?q=80&w=300,FOR_SALE,2025-09-14 00:00:00
2195,152,자연유래 강아지 사료 (모델-35),이 상품은 반려동물 - 미용/목욕 카테고리의 자연유래 강아지 사료 (모델-35) 입니다. 최고의 품질을 보장합니다.,103000,97800,140,https://images.unsplash.com/photo-1583511655857-d19b40a7a54e?q=80&w=300,FOR_SALE,2024-07-20 00:00:00
2196,154,자연유래 종합 영양제 (모델-36),이 상품은 반려동물 - 장난감 카테고리의 자연유래 종합 영양제 (모델-36) 입니다. 최고의 품질을 보장합니다.,103000,,25,https://images.unsplash.com/photo-1584017911766-d451b3d0e843?q=80&w=300,FOR_SALE,2026-05-24 00:00:00
2197,151,가수분해 강아지 사료 (모델-37),이 상품은 반려동물 - 고양이 사료/간식 카테고리의 가수분해 강아지 사료 (모델-37) 입니다. 최고의 품질을 보장합니다.,46000,,19,https://images.unsplash.com/photo-1583511655857-d19b40a7a54e?q=80&w=300,FOR_SALE,2025-02-11 00:00:00
2198,154,유기농 고양이 두부 모래 (모델-38),이 상품은 반려동물 - 장난감 카테고리의 유기농 고양이 두부 모래 (모델-38) 입니다. 최고의 품질을 보장합니다.,30000,,117,https://images.unsplash.com/photo-1545249390-6bdfa286032f?q=80&w=300,FOR_SALE,2025-08-12 00:00:00
2199,155,자연유래 반려견 하우스 (모델-39),이 상품은 반려동물 - 하우스/방석/이동장 카테고리의 자연유래 반려견 하우스 (모델-39) 입니다. 최고의 품질을 보장합니다.,145000,,288,https://images.unsplash.com/photo-1548767797-d8c844163c4c?q=80&w=300,FOR_SALE,2024-11-20 00:00:00
2200,153,가수분해 강아지 사료 (모델-40),이 상품은 반려동물 - 위생용품 카테고리의 가수분해 강아지 사료 (모델-40) 입니다. 최고의 품질을 보장합니다.,114000,108300,156,https://images.unsplash.com/photo-1583511655857-d19b40a7a54e?q=80&w=300,FOR_SALE,2025-12-23 00:00:00
2201,152,유기농 고양이 두부 모래 (모델-41),이 상품은 반려동물 - 미용/목욕 카테고리의 유기농 고양이 두부 모래 (모델-41) 입니다. 최고의 품질을 보장합니다.,81000,77000,196,https://images.unsplash.com/photo-1545249390-6bdfa286032f?q=80&w=300,FOR_SALE,2026-03-19 00:00:00
2202,155,위생적인 고양이 츄르 간식 (모델-42),이 상품은 반려동물 - 하우스/방석/이동장 카테고리의 위생적인 고양이 츄르 간식 (모델-42) 입니다. 최고의 품질을 보장합니다.,81000,64800,238,https://images.unsplash.com/photo-1569591159212-b02ea8a9f239?q=80&w=300,FOR_SALE,2025-03-07 00:00:00
2203,149,가수분해 치석 제거 장난감 (모델-43),이 상품은 반려동물 - 강아지 사료/간식 카테고리의 가수분해 치석 제거 장난감 (모델-43) 입니다. 최고의 품질을 보장합니다.,50000,45000,14,https://images.unsplash.com/photo-1576201836106-db1758fd1c97?q=80&w=300,FOR_SALE,2025-06-14 00:00:00
2204,150,자연유래 고양이 두부 모래 (모델-44),이 상품은 반려동물 - 건강/영양제 카테고리의 자연유래 고양이 두부 모래 (모델-44) 입니다. 최고의 품질을 보장합니다.,68000,61200,196,https://images.unsplash.com/photo-1545249390-6bdfa286032f?q=80&w=300,FOR_SALE,2024-10-09 00:00:00
2205,152,가수분해 고양이 츄르 간식 (모델-45),이 상품은 반려동물 - 미용/목욕 카테고리의 가수분해 고양이 츄르 간식 (모델-45) 입니다. 최고의 품질을 보장합니다.,143000,121600,280,https://images.unsplash.com/photo-1569591159212-b02ea8a9f239?q=80&w=300,FOR_SALE,2025-07-31 00:00:00
2206,153,유기농 치석 제거 장난감 (모델-46),이 상품은 반려동물 - 위생용품 카테고리의 유기농 치석 제거 장난감 (모델-46) 입니다. 최고의 품질을 보장합니다.,82000,73800,67,https://images.unsplash.com/photo-1576201836106-db1758fd1c97?q=80&w=300,FOR_SALE,2024-08-17 00:00:00
2207,149,가수분해 고양이 두부 모래 (모델-47),이 상품은 반려동물 - 강아지 사료/간식 카테고리의 가수분해 고양이 두부 모래 (모델-47) 입니다. 최고의 품질을 보장합니다.,145000,130500,75,https://images.unsplash.com/photo-1545249390-6bdfa286032f?q=80&w=300,FOR_SALE,2025-03-25 00:00:00
2208,155,인기만점 반려견 하우스 (모델-48),이 상품은 반려동물 - 하우스/방석/이동장 카테고리의 인기만점 반려견 하우스 (모델-48) 입니다. 최고의 품질을 보장합니다.,78000,,221,https://images.unsplash.com/photo-1548767797-d8c844163c4c?q=80&w=300,FOR_SALE,2025-09-19 00:00:00
2209,152,위생적인 고양이 두부 모래 (모델-49),이 상품은 반려동물 - 미용/목욕 카테고리의 위생적인 고양이 두부 모래 (모델-49) 입니다. 최고의 품질을 보장합니다.,113000,,133,https://images.unsplash.com/photo-1545249390-6bdfa286032f?q=80&w=300,FOR_SALE,2025-02-20 00:00:00
2210,153,위생적인 반려견 하우스 (모델-50),이 상품은 반려동물 - 위생용품 카테고리의 위생적인 반려견 하우스 (모델-50) 입니다. 최고의 품질을 보장합니다.,85000,,125,https://images.unsplash.com/photo-1548767797-d8c844163c4c?q=80&w=300,FOR_SALE,2025-07-28 00:00:00
2211,149,인기만점 종합 영양제 (모델-51),이 상품은 반려동물 - 강아지 사료/간식 카테고리의 인기만점 종합 영양제 (모델-51) 입니다. 최고의 품질을 보장합니다.,144000,136800,248,https://images.unsplash.com/photo-1584017911766-d451b3d0e843?q=80&w=300,FOR_SALE,2025-11-11 00:00:00
2212,149,인기만점 반려견 하우스 (모델-52),이 상품은 반려동물 - 강아지 사료/간식 카테고리의 인기만점 반려견 하우스 (모델-52) 입니다. 최고의 품질을 보장합니다.,68000,,241,https://images.unsplash.com/photo-1548767797-d8c844163c4c?q=80&w=300,FOR_SALE,2025-05-05 00:00:00
2213,152,인기만점 종합 영양제 (모델-53),이 상품은 반려동물 - 미용/목욕 카테고리의 인기만점 종합 영양제 (모델-53) 입니다. 최고의 품질을 보장합니다.,118000,,278,https://images.unsplash.com/photo-1584017911766-d451b3d0e843?q=80&w=300,FOR_SALE,2025-01-24 00:00:00
2214,153,가수분해 강아지 사료 (모델-54),이 상품은 반려동물 - 위생용품 카테고리의 가수분해 강아지 사료 (모델-54) 입니다. 최고의 품질을 보장합니다.,10000,,47,https://images.unsplash.com/photo-1583511655857-d19b40a7a54e?q=80&w=300,FOR_SALE,2026-02-13 00:00:00
2215,150,위생적인 종합 영양제 (모델-55),이 상품은 반려동물 - 건강/영양제 카테고리의 위생적인 종합 영양제 (모델-55) 입니다. 최고의 품질을 보장합니다.,147000,,222,https://images.unsplash.com/photo-1584017911766-d451b3d0e843?q=80&w=300,FOR_SALE,2025-10-03 00:00:00
2216,153,자연유래 종합 영양제 (모델-56),이 상품은 반려동물 - 위생용품 카테고리의 자연유래 종합 영양제 (모델-56) 입니다. 최고의 품질을 보장합니다.,27000,21600,155,https://images.unsplash.com/photo-1584017911766-d451b3d0e843?q=80&w=300,FOR_SALE,2025-05-08 00:00:00
2217,154,가수분해 고양이 츄르 간식 (모델-57),이 상품은 반려동물 - 장난감 카테고리의 가수분해 고양이 츄르 간식 (모델-57) 입니다. 최고의 품질을 보장합니다.,33000,31400,161,https://images.unsplash.com/photo-1569591159212-b02ea8a9f239?q=80&w=300,FOR_SALE,2024-10-25 00:00:00
2218,153,자연유래 반려견 하우스 (모델-58),이 상품은 반려동물 - 위생용품 카테고리의 자연유래 반려견 하우스 (모델-58) 입니다. 최고의 품질을 보장합니다.,53000,,227,https://images.unsplash.com/photo-1548767797-d8c844163c4c?q=80&w=300,FOR_SALE,2025-05-31 00:00:00
2219,155,자연유래 강아지 사료 (모델-59),이 상품은 반려동물 - 하우스/방석/이동장 카테고리의 자연유래 강아지 사료 (모델-59) 입니다. 최고의 품질을 보장합니다.,73000,69400,110,https://images.unsplash.com/photo-1583511655857-d19b40a7a54e?q=80&w=300,FOR_SALE,2024-10-22 00:00:00
2220,154,유기농 종합 영양제 (모델-60),이 상품은 반려동물 - 장난감 카테고리의 유기농 종합 영양제 (모델-60) 입니다. 최고의 품질을 보장합니다.,117000,,131,https://images.unsplash.com/photo-1584017911766-d451b3d0e843?q=80&w=300,FOR_SALE,2025-08-04 00:00:00
2221,155,인기만점 종합 영양제 (모델-61),이 상품은 반려동물 - 하우스/방석/이동장 카테고리의 인기만점 종합 영양제 (모델-61) 입니다. 최고의 품질을 보장합니다.,26000,,249,https://images.unsplash.com/photo-1584017911766-d451b3d0e843?q=80&w=300,FOR_SALE,2025-08-04 00:00:00
2222,154,유기농 강아지 사료 (모델-62),이 상품은 반려동물 - 장난감 카테고리의 유기농 강아지 사료 (모델-62) 입니다. 최고의 품질을 보장합니다.,54000,,96,https://images.unsplash.com/photo-1583511655857-d19b40a7a54e?q=80&w=300,FOR_SALE,2026-05-11 00:00:00
2223,153,가수분해 반려견 하우스 (모델-63),이 상품은 반려동물 - 위생용품 카테고리의 가수분해 반려견 하우스 (모델-63) 입니다. 최고의 품질을 보장합니다.,117000,,58,https://images.unsplash.com/photo-1548767797-d8c844163c4c?q=80&w=300,FOR_SALE,2024-07-28 00:00:00
2224,152,유기농 고양이 두부 모래 (모델-64),이 상품은 반려동물 - 미용/목욕 카테고리의 유기농 고양이 두부 모래 (모델-64) 입니다. 최고의 품질을 보장합니다.,15000,,97,https://images.unsplash.com/photo-1545249390-6bdfa286032f?q=80&w=300,FOR_SALE,2025-04-23 00:00:00
2225,154,자연유래 종합 영양제 (모델-65),이 상품은 반려동물 - 장난감 카테고리의 자연유래 종합 영양제 (모델-65) 입니다. 최고의 품질을 보장합니다.,125000,,151,https://images.unsplash.com/photo-1584017911766-d451b3d0e843?q=80&w=300,FOR_SALE,2025-08-25 00:00:00
2226,152,가수분해 고양이 츄르 간식 (모델-66),이 상품은 반려동물 - 미용/목욕 카테고리의 가수분해 고양이 츄르 간식 (모델-66) 입니다. 최고의 품질을 보장합니다.,149000,126600,249,https://images.unsplash.com/photo-1569591159212-b02ea8a9f239?q=80&w=300,FOR_SALE,2026-05-25 00:00:00
2227,150,자연유래 반려견 하우스 (모델-67),이 상품은 반려동물 - 건강/영양제 카테고리의 자연유래 반려견 하우스 (모델-67) 입니다. 최고의 품질을 보장합니다.,13000,11700,159,https://images.unsplash.com/photo-1548767797-d8c844163c4c?q=80&w=300,FOR_SALE,2024-10-31 00:00:00
2228,150,인기만점 고양이 츄르 간식 (모델-68),이 상품은 반려동물 - 건강/영양제 카테고리의 인기만점 고양이 츄르 간식 (모델-68) 입니다. 최고의 품질을 보장합니다.,84000,79800,49,https://images.unsplash.com/photo-1569591159212-b02ea8a9f239?q=80&w=300,FOR_SALE,2026-04-13 00:00:00
2229,154,인기만점 종합 영양제 (모델-69),이 상품은 반려동물 - 장난감 카테고리의 인기만점 종합 영양제 (모델-69) 입니다. 최고의 품질을 보장합니다.,78000,,214,https://images.unsplash.com/photo-1584017911766-d451b3d0e843?q=80&w=300,FOR_SALE,2024-09-20 00:00:00
2230,152,자연유래 강아지 사료 (모델-70),이 상품은 반려동물 - 미용/목욕 카테고리의 자연유래 강아지 사료 (모델-70) 입니다. 최고의 품질을 보장합니다.,145000,,288,https://images.unsplash.com/photo-1583511655857-d19b40a7a54e?q=80&w=300,FOR_SALE,2025-01-10 00:00:00
2231,152,유기농 고양이 두부 모래 (모델-71),이 상품은 반려동물 - 미용/목욕 카테고리의 유기농 고양이 두부 모래 (모델-71) 입니다. 최고의 품질을 보장합니다.,46000,43700,284,https://images.unsplash.com/photo-1545249390-6bdfa286032f?q=80&w=300,FOR_SALE,2025-08-13 00:00:00
2232,149,가수분해 고양이 두부 모래 (모델-72),이 상품은 반려동물 - 강아지 사료/간식 카테고리의 가수분해 고양이 두부 모래 (모델-72) 입니다. 최고의 품질을 보장합니다.,113000,,142,https://images.unsplash.com/photo-1545249390-6bdfa286032f?q=80&w=300,FOR_SALE,2025-10-10 00:00:00
2233,153,가수분해 종합 영양제 (모델-73),이 상품은 반려동물 - 위생용품 카테고리의 가수분해 종합 영양제 (모델-73) 입니다. 최고의 품질을 보장합니다.,65000,55200,250,https://images.unsplash.com/photo-1584017911766-d451b3d0e843?q=80&w=300,FOR_SALE,2024-09-19 00:00:00
2234,153,자연유래 치석 제거 장난감 (모델-74),이 상품은 반려동물 - 위생용품 카테고리의 자연유래 치석 제거 장난감 (모델-74) 입니다. 최고의 품질을 보장합니다.,15000,,53,https://images.unsplash.com/photo-1576201836106-db1758fd1c97?q=80&w=300,FOR_SALE,2025-06-07 00:00:00
2235,153,가수분해 반려견 하우스 (모델-75),이 상품은 반려동물 - 위생용품 카테고리의 가수분해 반려견 하우스 (모델-75) 입니다. 최고의 품질을 보장합니다.,137000,116400,108,https://images.unsplash.com/photo-1548767797-d8c844163c4c?q=80&w=300,FOR_SALE,2025-10-21 00:00:00
2236,149,인기만점 고양이 두부 모래 (모델-76),이 상품은 반려동물 - 강아지 사료/간식 카테고리의 인기만점 고양이 두부 모래 (모델-76) 입니다. 최고의 품질을 보장합니다.,45000,38200,198,https://images.unsplash.com/photo-1545249390-6bdfa286032f?q=80&w=300,FOR_SALE,2024-08-20 00:00:00
2237,150,가수분해 강아지 사료 (모델-77),이 상품은 반려동물 - 건강/영양제 카테고리의 가수분해 강아지 사료 (모델-77) 입니다. 최고의 품질을 보장합니다.,72000,,17,https://images.unsplash.com/photo-1583511655857-d19b40a7a54e?q=80&w=300,FOR_SALE,2025-11-20 00:00:00
2238,154,위생적인 강아지 사료 (모델-78),이 상품은 반려동물 - 장난감 카테고리의 위생적인 강아지 사료 (모델-78) 입니다. 최고의 품질을 보장합니다.,47000,44600,135,https://images.unsplash.com/photo-1583511655857-d19b40a7a54e?q=80&w=300,FOR_SALE,2024-09-05 00:00:00
2239,153,인기만점 강아지 사료 (모델-79),이 상품은 반려동물 - 위생용품 카테고리의 인기만점 강아지 사료 (모델-79) 입니다. 최고의 품질을 보장합니다.,15000,14200,13,https://images.unsplash.com/photo-1583511655857-d19b40a7a54e?q=80&w=300,FOR_SALE,2025-09-19 00:00:00
2240,154,자연유래 고양이 츄르 간식 (모델-80),이 상품은 반려동물 - 장난감 카테고리의 자연유래 고양이 츄르 간식 (모델-80) 입니다. 최고의 품질을 보장합니다.,88000,,11,https://images.unsplash.com/photo-1569591159212-b02ea8a9f239?q=80&w=300,FOR_SALE,2024-07-27 00:00:00
2241,150,가수분해 강아지 사료 (모델-81),이 상품은 반려동물 - 건강/영양제 카테고리의 가수분해 강아지 사료 (모델-81) 입니다. 최고의 품질을 보장합니다.,141000,134000,141,https://images.unsplash.com/photo-1583511655857-d19b40a7a54e?q=80&w=300,FOR_SALE,2026-01-13 00:00:00
2242,150,자연유래 강아지 사료 (모델-82),이 상품은 반려동물 - 건강/영양제 카테고리의 자연유래 강아지 사료 (모델-82) 입니다. 최고의 품질을 보장합니다.,19000,,34,https://images.unsplash.com/photo-1583511655857-d19b40a7a54e?q=80&w=300,FOR_SALE,2024-08-28 00:00:00
2243,152,자연유래 고양이 츄르 간식 (모델-83),이 상품은 반려동물 - 미용/목욕 카테고리의 자연유래 고양이 츄르 간식 (모델-83) 입니다. 최고의 품질을 보장합니다.,129000,122600,28,https://images.unsplash.com/photo-1569591159212-b02ea8a9f239?q=80&w=300,FOR_SALE,2026-02-23 00:00:00
2244,153,유기농 반려견 하우스 (모델-84),이 상품은 반려동물 - 위생용품 카테고리의 유기농 반려견 하우스 (모델-84) 입니다. 최고의 품질을 보장합니다.,149000,,123,https://images.unsplash.com/photo-1548767797-d8c844163c4c?q=80&w=300,FOR_SALE,2024-08-29 00:00:00
2245,150,위생적인 강아지 사료 (모델-85),이 상품은 반려동물 - 건강/영양제 카테고리의 위생적인 강아지 사료 (모델-85) 입니다. 최고의 품질을 보장합니다.,136000,,111,https://images.unsplash.com/photo-1583511655857-d19b40a7a54e?q=80&w=300,FOR_SALE,2024-08-10 00:00:00
2246,149,위생적인 반려견 하우스 (모델-86),이 상품은 반려동물 - 강아지 사료/간식 카테고리의 위생적인 반려견 하우스 (모델-86) 입니다. 최고의 품질을 보장합니다.,78000,,203,https://images.unsplash.com/photo-1548767797-d8c844163c4c?q=80&w=300,FOR_SALE,2026-04-23 00:00:00
2247,149,위생적인 강아지 사료 (모델-87),이 상품은 반려동물 - 강아지 사료/간식 카테고리의 위생적인 강아지 사료 (모델-87) 입니다. 최고의 품질을 보장합니다.,15000,13500,292,https://images.unsplash.com/photo-1583511655857-d19b40a7a54e?q=80&w=300,FOR_SALE,2025-07-21 00:00:00
2248,149,인기만점 강아지 사료 (모델-88),이 상품은 반려동물 - 강아지 사료/간식 카테고리의 인기만점 강아지 사료 (모델-88) 입니다. 최고의 품질을 보장합니다.,41000,34800,213,https://images.unsplash.com/photo-1583511655857-d19b40a7a54e?q=80&w=300,FOR_SALE,2025-03-08 00:00:00
2249,154,인기만점 종합 영양제 (모델-89),이 상품은 반려동물 - 장난감 카테고리의 인기만점 종합 영양제 (모델-89) 입니다. 최고의 품질을 보장합니다.,55000,,173,https://images.unsplash.com/photo-1584017911766-d451b3d0e843?q=80&w=300,FOR_SALE,2026-04-29 00:00:00
2250,150,가수분해 고양이 츄르 간식 (모델-90),이 상품은 반려동물 - 건강/영양제 카테고리의 가수분해 고양이 츄르 간식 (모델-90) 입니다. 최고의 품질을 보장합니다.,22000,,262,https://images.unsplash.com/photo-1569591159212-b02ea8a9f239?q=80&w=300,FOR_SALE,2024-10-17 00:00:00
2251,149,유기농 종합 영양제 (모델-91),이 상품은 반려동물 - 강아지 사료/간식 카테고리의 유기농 종합 영양제 (모델-91) 입니다. 최고의 품질을 보장합니다.,52000,44200,290,https://images.unsplash.com/photo-1584017911766-d451b3d0e843?q=80&w=300,FOR_SALE,2025-05-25 00:00:00
2252,150,위생적인 종합 영양제 (모델-92),이 상품은 반려동물 - 건강/영양제 카테고리의 위생적인 종합 영양제 (모델-92) 입니다. 최고의 품질을 보장합니다.,22000,19800,118,https://images.unsplash.com/photo-1584017911766-d451b3d0e843?q=80&w=300,FOR_SALE,2026-01-19 00:00:00
2253,150,자연유래 강아지 사료 (모델-93),이 상품은 반려동물 - 건강/영양제 카테고리의 자연유래 강아지 사료 (모델-93) 입니다. 최고의 품질을 보장합니다.,112000,,149,https://images.unsplash.com/photo-1583511655857-d19b40a7a54e?q=80&w=300,FOR_SALE,2026-03-02 00:00:00
2254,149,인기만점 고양이 두부 모래 (모델-94),이 상품은 반려동물 - 강아지 사료/간식 카테고리의 인기만점 고양이 두부 모래 (모델-94) 입니다. 최고의 품질을 보장합니다.,28000,26600,61,https://images.unsplash.com/photo-1545249390-6bdfa286032f?q=80&w=300,FOR_SALE,2025-08-04 00:00:00
2255,151,인기만점 고양이 두부 모래 (모델-95),이 상품은 반려동물 - 고양이 사료/간식 카테고리의 인기만점 고양이 두부 모래 (모델-95) 입니다. 최고의 품질을 보장합니다.,10000,9500,207,https://images.unsplash.com/photo-1545249390-6bdfa286032f?q=80&w=300,FOR_SALE,2025-07-03 00:00:00
2256,149,인기만점 고양이 츄르 간식 (모델-96),이 상품은 반려동물 - 강아지 사료/간식 카테고리의 인기만점 고양이 츄르 간식 (모델-96) 입니다. 최고의 품질을 보장합니다.,64000,,68,https://images.unsplash.com/photo-1569591159212-b02ea8a9f239?q=80&w=300,FOR_SALE,2025-04-03 00:00:00
2257,152,위생적인 강아지 사료 (모델-97),이 상품은 반려동물 - 미용/목욕 카테고리의 위생적인 강아지 사료 (모델-97) 입니다. 최고의 품질을 보장합니다.,118000,,140,https://images.unsplash.com/photo-1583511655857-d19b40a7a54e?q=80&w=300,FOR_SALE,2025-12-05 00:00:00
2258,155,인기만점 고양이 츄르 간식 (모델-98),이 상품은 반려동물 - 하우스/방석/이동장 카테고리의 인기만점 고양이 츄르 간식 (모델-98) 입니다. 최고의 품질을 보장합니다.,43000,,201,https://images.unsplash.com/photo-1569591159212-b02ea8a9f239?q=80&w=300,FOR_SALE,2025-11-09 00:00:00
2259,150,위생적인 고양이 츄르 간식 (모델-99),이 상품은 반려동물 - 건강/영양제 카테고리의 위생적인 고양이 츄르 간식 (모델-99) 입니다. 최고의 품질을 보장합니다.,136000,129200,68,https://images.unsplash.com/photo-1569591159212-b02ea8a9f239?q=80&w=300,FOR_SALE,2026-01-18 00:00:00
2260,151,인기만점 종합 영양제 (모델-100),이 상품은 반려동물 - 고양이 사료/간식 카테고리의 인기만점 종합 영양제 (모델-100) 입니다. 최고의 품질을 보장합니다.,72000,,47,https://images.unsplash.com/photo-1584017911766-d451b3d0e843?q=80&w=300,FOR_SALE,2024-11-27 00:00:00
2261,153,유기농 종합 영양제 (모델-101),이 상품은 반려동물 - 위생용품 카테고리의 유기농 종합 영양제 (모델-101) 입니다. 최고의 품질을 보장합니다.,124000,117800,50,https://images.unsplash.com/photo-1584017911766-d451b3d0e843?q=80&w=300,FOR_SALE,2025-05-24 00:00:00
2262,150,유기농 치석 제거 장난감 (모델-102),이 상품은 반려동물 - 건강/영양제 카테고리의 유기농 치석 제거 장난감 (모델-102) 입니다. 최고의 품질을 보장합니다.,110000,,123,https://images.unsplash.com/photo-1576201836106-db1758fd1c97?q=80&w=300,FOR_SALE,2024-12-06 00:00:00
2263,151,유기농 고양이 두부 모래 (모델-103),이 상품은 반려동물 - 고양이 사료/간식 카테고리의 유기농 고양이 두부 모래 (모델-103) 입니다. 최고의 품질을 보장합니다.,13000,12400,33,https://images.unsplash.com/photo-1545249390-6bdfa286032f?q=80&w=300,FOR_SALE,2025-01-05 00:00:00
2264,152,인기만점 고양이 두부 모래 (모델-104),이 상품은 반려동물 - 미용/목욕 카테고리의 인기만점 고양이 두부 모래 (모델-104) 입니다. 최고의 품질을 보장합니다.,126000,,258,https://images.unsplash.com/photo-1545249390-6bdfa286032f?q=80&w=300,FOR_SALE,2025-08-27 00:00:00
2265,149,가수분해 고양이 츄르 간식 (모델-105),이 상품은 반려동물 - 강아지 사료/간식 카테고리의 가수분해 고양이 츄르 간식 (모델-105) 입니다. 최고의 품질을 보장합니다.,47000,,282,https://images.unsplash.com/photo-1569591159212-b02ea8a9f239?q=80&w=300,FOR_SALE,2025-12-16 00:00:00
2266,149,인기만점 반려견 하우스 (모델-106),이 상품은 반려동물 - 강아지 사료/간식 카테고리의 인기만점 반려견 하우스 (모델-106) 입니다. 최고의 품질을 보장합니다.,141000,134000,95,https://images.unsplash.com/photo-1548767797-d8c844163c4c?q=80&w=300,FOR_SALE,2025-09-12 00:00:00
2267,154,유기농 강아지 사료 (모델-107),이 상품은 반려동물 - 장난감 카테고리의 유기농 강아지 사료 (모델-107) 입니다. 최고의 품질을 보장합니다.,13000,,298,https://images.unsplash.com/photo-1583511655857-d19b40a7a54e?q=80&w=300,FOR_SALE,2025-01-25 00:00:00
2268,152,가수분해 강아지 사료 (모델-108),이 상품은 반려동물 - 미용/목욕 카테고리의 가수분해 강아지 사료 (모델-108) 입니다. 최고의 품질을 보장합니다.,148000,133200,228,https://images.unsplash.com/photo-1583511655857-d19b40a7a54e?q=80&w=300,FOR_SALE,2025-08-04 00:00:00
2269,153,자연유래 강아지 사료 (모델-109),이 상품은 반려동물 - 위생용품 카테고리의 자연유래 강아지 사료 (모델-109) 입니다. 최고의 품질을 보장합니다.,84000,71400,63,https://images.unsplash.com/photo-1583511655857-d19b40a7a54e?q=80&w=300,FOR_SALE,2025-06-21 00:00:00
2270,149,인기만점 반려견 하우스 (모델-110),이 상품은 반려동물 - 강아지 사료/간식 카테고리의 인기만점 반려견 하우스 (모델-110) 입니다. 최고의 품질을 보장합니다.,20000,,90,https://images.unsplash.com/photo-1548767797-d8c844163c4c?q=80&w=300,FOR_SALE,2026-02-05 00:00:00
2271,151,가수분해 강아지 사료 (모델-111),이 상품은 반려동물 - 고양이 사료/간식 카테고리의 가수분해 강아지 사료 (모델-111) 입니다. 최고의 품질을 보장합니다.,136000,129200,18,https://images.unsplash.com/photo-1583511655857-d19b40a7a54e?q=80&w=300,FOR_SALE,2025-02-08 00:00:00
2272,149,유기농 고양이 두부 모래 (모델-112),이 상품은 반려동물 - 강아지 사료/간식 카테고리의 유기농 고양이 두부 모래 (모델-112) 입니다. 최고의 품질을 보장합니다.,33000,31400,210,https://images.unsplash.com/photo-1545249390-6bdfa286032f?q=80&w=300,FOR_SALE,2026-03-17 00:00:00
2273,149,위생적인 치석 제거 장난감 (모델-113),이 상품은 반려동물 - 강아지 사료/간식 카테고리의 위생적인 치석 제거 장난감 (모델-113) 입니다. 최고의 품질을 보장합니다.,131000,124400,122,https://images.unsplash.com/photo-1576201836106-db1758fd1c97?q=80&w=300,FOR_SALE,2026-01-09 00:00:00
2274,153,유기농 치석 제거 장난감 (모델-114),이 상품은 반려동물 - 위생용품 카테고리의 유기농 치석 제거 장난감 (모델-114) 입니다. 최고의 품질을 보장합니다.,92000,87400,53,https://images.unsplash.com/photo-1576201836106-db1758fd1c97?q=80&w=300,FOR_SALE,2025-10-14 00:00:00
2275,153,가수분해 치석 제거 장난감 (모델-115),이 상품은 반려동물 - 위생용품 카테고리의 가수분해 치석 제거 장난감 (모델-115) 입니다. 최고의 품질을 보장합니다.,100000,,75,https://images.unsplash.com/photo-1576201836106-db1758fd1c97?q=80&w=300,FOR_SALE,2024-07-12 00:00:00
2276,153,인기만점 반려견 하우스 (모델-116),이 상품은 반려동물 - 위생용품 카테고리의 인기만점 반려견 하우스 (모델-116) 입니다. 최고의 품질을 보장합니다.,11000,,200,https://images.unsplash.com/photo-1548767797-d8c844163c4c?q=80&w=300,FOR_SALE,2025-04-22 00:00:00
2277,150,위생적인 반려견 하우스 (모델-117),이 상품은 반려동물 - 건강/영양제 카테고리의 위생적인 반려견 하우스 (모델-117) 입니다. 최고의 품질을 보장합니다.,121000,,104,https://images.unsplash.com/photo-1548767797-d8c844163c4c?q=80&w=300,FOR_SALE,2024-11-09 00:00:00
2278,154,가수분해 고양이 두부 모래 (모델-118),이 상품은 반려동물 - 장난감 카테고리의 가수분해 고양이 두부 모래 (모델-118) 입니다. 최고의 품질을 보장합니다.,76000,,154,https://images.unsplash.com/photo-1545249390-6bdfa286032f?q=80&w=300,FOR_SALE,2025-05-24 00:00:00
2279,154,유기농 강아지 사료 (모델-119),이 상품은 반려동물 - 장난감 카테고리의 유기농 강아지 사료 (모델-119) 입니다. 최고의 품질을 보장합니다.,33000,,21,https://images.unsplash.com/photo-1583511655857-d19b40a7a54e?q=80&w=300,FOR_SALE,2026-03-02 00:00:00
2280,153,유기농 강아지 사료 (모델-120),이 상품은 반려동물 - 위생용품 카테고리의 유기농 강아지 사료 (모델-120) 입니다. 최고의 품질을 보장합니다.,120000,,297,https://images.unsplash.com/photo-1583511655857-d19b40a7a54e?q=80&w=300,FOR_SALE,2025-04-24 00:00:00
2281,150,자연유래 종합 영양제 (모델-121),이 상품은 반려동물 - 건강/영양제 카테고리의 자연유래 종합 영양제 (모델-121) 입니다. 최고의 품질을 보장합니다.,86000,77400,108,https://images.unsplash.com/photo-1584017911766-d451b3d0e843?q=80&w=300,FOR_SALE,2026-05-19 00:00:00
2282,151,자연유래 반려견 하우스 (모델-122),이 상품은 반려동물 - 고양이 사료/간식 카테고리의 자연유래 반려견 하우스 (모델-122) 입니다. 최고의 품질을 보장합니다.,20000,17000,217,https://images.unsplash.com/photo-1548767797-d8c844163c4c?q=80&w=300,FOR_SALE,2025-09-05 00:00:00
2283,155,인기만점 종합 영양제 (모델-123),이 상품은 반려동물 - 하우스/방석/이동장 카테고리의 인기만점 종합 영양제 (모델-123) 입니다. 최고의 품질을 보장합니다.,45000,42800,183,https://images.unsplash.com/photo-1584017911766-d451b3d0e843?q=80&w=300,FOR_SALE,2024-11-30 00:00:00
2284,152,인기만점 고양이 두부 모래 (모델-124),이 상품은 반려동물 - 미용/목욕 카테고리의 인기만점 고양이 두부 모래 (모델-124) 입니다. 최고의 품질을 보장합니다.,59000,56000,68,https://images.unsplash.com/photo-1545249390-6bdfa286032f?q=80&w=300,FOR_SALE,2026-01-27 00:00:00
2285,150,인기만점 치석 제거 장난감 (모델-125),이 상품은 반려동물 - 건강/영양제 카테고리의 인기만점 치석 제거 장난감 (모델-125) 입니다. 최고의 품질을 보장합니다.,62000,58900,190,https://images.unsplash.com/photo-1576201836106-db1758fd1c97?q=80&w=300,FOR_SALE,2025-02-22 00:00:00
2286,152,유기농 고양이 두부 모래 (모델-126),이 상품은 반려동물 - 미용/목욕 카테고리의 유기농 고양이 두부 모래 (모델-126) 입니다. 최고의 품질을 보장합니다.,109000,103600,87,https://images.unsplash.com/photo-1545249390-6bdfa286032f?q=80&w=300,FOR_SALE,2025-05-21 00:00:00
2287,151,인기만점 치석 제거 장난감 (모델-127),이 상품은 반려동물 - 고양이 사료/간식 카테고리의 인기만점 치석 제거 장난감 (모델-127) 입니다. 최고의 품질을 보장합니다.,31000,,279,https://images.unsplash.com/photo-1576201836106-db1758fd1c97?q=80&w=300,FOR_SALE,2024-07-14 00:00:00
2288,155,위생적인 치석 제거 장난감 (모델-128),이 상품은 반려동물 - 하우스/방석/이동장 카테고리의 위생적인 치석 제거 장난감 (모델-128) 입니다. 최고의 품질을 보장합니다.,83000,78800,289,https://images.unsplash.com/photo-1576201836106-db1758fd1c97?q=80&w=300,FOR_SALE,2024-07-14 00:00:00
2289,155,자연유래 고양이 두부 모래 (모델-129),이 상품은 반려동물 - 하우스/방석/이동장 카테고리의 자연유래 고양이 두부 모래 (모델-129) 입니다. 최고의 품질을 보장합니다.,142000,127800,214,https://images.unsplash.com/photo-1545249390-6bdfa286032f?q=80&w=300,FOR_SALE,2025-09-07 00:00:00
2290,154,유기농 고양이 두부 모래 (모델-130),이 상품은 반려동물 - 장난감 카테고리의 유기농 고양이 두부 모래 (모델-130) 입니다. 최고의 품질을 보장합니다.,65000,,146,https://images.unsplash.com/photo-1545249390-6bdfa286032f?q=80&w=300,FOR_SALE,2024-10-12 00:00:00
2291,152,자연유래 고양이 츄르 간식 (모델-131),이 상품은 반려동물 - 미용/목욕 카테고리의 자연유래 고양이 츄르 간식 (모델-131) 입니다. 최고의 품질을 보장합니다.,72000,68400,245,https://images.unsplash.com/photo-1569591159212-b02ea8a9f239?q=80&w=300,FOR_SALE,2025-05-08 00:00:00
2292,155,가수분해 치석 제거 장난감 (모델-132),이 상품은 반려동물 - 하우스/방석/이동장 카테고리의 가수분해 치석 제거 장난감 (모델-132) 입니다. 최고의 품질을 보장합니다.,96000,86400,195,https://images.unsplash.com/photo-1576201836106-db1758fd1c97?q=80&w=300,FOR_SALE,2024-08-18 00:00:00
2293,155,가수분해 고양이 츄르 간식 (모델-133),이 상품은 반려동물 - 하우스/방석/이동장 카테고리의 가수분해 고양이 츄르 간식 (모델-133) 입니다. 최고의 품질을 보장합니다.,131000,124400,209,https://images.unsplash.com/photo-1569591159212-b02ea8a9f239?q=80&w=300,FOR_SALE,2025-05-18 00:00:00
2294,155,인기만점 고양이 두부 모래 (모델-134),이 상품은 반려동물 - 하우스/방석/이동장 카테고리의 인기만점 고양이 두부 모래 (모델-134) 입니다. 최고의 품질을 보장합니다.,85000,80800,51,https://images.unsplash.com/photo-1545249390-6bdfa286032f?q=80&w=300,FOR_SALE,2026-02-12 00:00:00
2295,153,자연유래 고양이 츄르 간식 (모델-135),이 상품은 반려동물 - 위생용품 카테고리의 자연유래 고양이 츄르 간식 (모델-135) 입니다. 최고의 품질을 보장합니다.,27000,,106,https://images.unsplash.com/photo-1569591159212-b02ea8a9f239?q=80&w=300,FOR_SALE,2025-10-06 00:00:00
2296,154,유기농 반려견 하우스 (모델-136),이 상품은 반려동물 - 장난감 카테고리의 유기농 반려견 하우스 (모델-136) 입니다. 최고의 품질을 보장합니다.,61000,,285,https://images.unsplash.com/photo-1548767797-d8c844163c4c?q=80&w=300,FOR_SALE,2025-02-05 00:00:00
2297,150,자연유래 고양이 두부 모래 (모델-137),이 상품은 반려동물 - 건강/영양제 카테고리의 자연유래 고양이 두부 모래 (모델-137) 입니다. 최고의 품질을 보장합니다.,108000,,199,https://images.unsplash.com/photo-1545249390-6bdfa286032f?q=80&w=300,FOR_SALE,2026-05-08 00:00:00
2298,149,인기만점 고양이 츄르 간식 (모델-138),이 상품은 반려동물 - 강아지 사료/간식 카테고리의 인기만점 고양이 츄르 간식 (모델-138) 입니다. 최고의 품질을 보장합니다.,101000,85800,157,https://images.unsplash.com/photo-1569591159212-b02ea8a9f239?q=80&w=300,FOR_SALE,2024-09-06 00:00:00
2299,150,위생적인 반려견 하우스 (모델-139),이 상품은 반려동물 - 건강/영양제 카테고리의 위생적인 반려견 하우스 (모델-139) 입니다. 최고의 품질을 보장합니다.,28000,26600,179,https://images.unsplash.com/photo-1548767797-d8c844163c4c?q=80&w=300,FOR_SALE,2024-11-05 00:00:00
2300,149,유기농 강아지 사료 (모델-140),이 상품은 반려동물 - 강아지 사료/간식 카테고리의 유기농 강아지 사료 (모델-140) 입니다. 최고의 품질을 보장합니다.,67000,63600,82,https://images.unsplash.com/photo-1583511655857-d19b40a7a54e?q=80&w=300,FOR_SALE,2025-07-02 00:00:00
2301,157,차박용 차량용 무선 청소기 (모델-1),이 상품은 자동차 - 세차/관리용품 카테고리의 차박용 차량용 무선 청소기 (모델-1) 입니다. 최고의 품질을 보장합니다.,26000,,49,https://images.unsplash.com/photo-1558317374-067fb5f30001?q=80&w=300,FOR_SALE,2024-09-16 00:00:00
2302,162,에탄올 워셔액 (모델-2),이 상품은 자동차 - 타이어/휠 카테고리의 에탄올 워셔액 (모델-2) 입니다. 최고의 품질을 보장합니다.,108000,97200,97,https://images.unsplash.com/photo-1506015391300-4802dc74de2e?q=80&w=300,FOR_SALE,2025-10-19 00:00:00
2303,161,고휘도 워셔액 (모델-3),이 상품은 자동차 - 캠핑/차박용품 카테고리의 고휘도 워셔액 (모델-3) 입니다. 최고의 품질을 보장합니다.,113000,107400,210,https://images.unsplash.com/photo-1506015391300-4802dc74de2e?q=80&w=300,FOR_SALE,2024-08-08 00:00:00
2304,158,초극세사 차량용 무선 청소기 (모델-4),이 상품은 자동차 - 안전/비상용품 카테고리의 초극세사 차량용 무선 청소기 (모델-4) 입니다. 최고의 품질을 보장합니다.,132000,105600,208,https://images.unsplash.com/photo-1558317374-067fb5f30001?q=80&w=300,FOR_SALE,2026-03-30 00:00:00
2305,157,고휘도 차량용 무선 청소기 (모델-5),이 상품은 자동차 - 세차/관리용품 카테고리의 고휘도 차량용 무선 청소기 (모델-5) 입니다. 최고의 품질을 보장합니다.,137000,130200,189,https://images.unsplash.com/photo-1558317374-067fb5f30001?q=80&w=300,FOR_SALE,2024-08-21 00:00:00
2306,158,차량용 엔진오일 첨가제 (모델-6),이 상품은 자동차 - 안전/비상용품 카테고리의 차량용 엔진오일 첨가제 (모델-6) 입니다. 최고의 품질을 보장합니다.,145000,130500,118,https://images.unsplash.com/photo-1605559424843-9e4c228bf1c2?q=80&w=300,FOR_SALE,2025-02-12 00:00:00
2307,161,에탄올 메모리폼 시트쿠션 (모델-7),이 상품은 자동차 - 캠핑/차박용품 카테고리의 에탄올 메모리폼 시트쿠션 (모델-7) 입니다. 최고의 품질을 보장합니다.,52000,46800,273,https://images.unsplash.com/photo-1540962351504-03099e0a754b?q=80&w=300,FOR_SALE,2025-07-28 00:00:00
2308,160,고휘도 방향제 (모델-8),이 상품은 자동차 - 차량용품/액세서리 카테고리의 고휘도 방향제 (모델-8) 입니다. 최고의 품질을 보장합니다.,141000,134000,277,https://images.unsplash.com/photo-1566908829550-e6551b00979b?q=80&w=300,FOR_SALE,2024-08-07 00:00:00
2309,157,차량용 엔진오일 첨가제 (모델-9),이 상품은 자동차 - 세차/관리용품 카테고리의 차량용 엔진오일 첨가제 (모델-9) 입니다. 최고의 품질을 보장합니다.,29000,,158,https://images.unsplash.com/photo-1605559424843-9e4c228bf1c2?q=80&w=300,FOR_SALE,2025-04-10 00:00:00
2310,159,에탄올 워셔액 (모델-10),이 상품은 자동차 - 엔진오일/소모품 카테고리의 에탄올 워셔액 (모델-10) 입니다. 최고의 품질을 보장합니다.,105000,,104,https://images.unsplash.com/photo-1506015391300-4802dc74de2e?q=80&w=300,FOR_SALE,2026-02-03 00:00:00
2311,158,차박용 차량용 무선 청소기 (모델-11),이 상품은 자동차 - 안전/비상용품 카테고리의 차박용 차량용 무선 청소기 (모델-11) 입니다. 최고의 품질을 보장합니다.,89000,,177,https://images.unsplash.com/photo-1558317374-067fb5f30001?q=80&w=300,FOR_SALE,2026-01-10 00:00:00
2312,162,차박용 엔진오일 첨가제 (모델-12),이 상품은 자동차 - 타이어/휠 카테고리의 차박용 엔진오일 첨가제 (모델-12) 입니다. 최고의 품질을 보장합니다.,103000,,146,https://images.unsplash.com/photo-1605559424843-9e4c228bf1c2?q=80&w=300,FOR_SALE,2026-04-17 00:00:00
2313,158,에탄올 엔진오일 첨가제 (모델-13),이 상품은 자동차 - 안전/비상용품 카테고리의 에탄올 엔진오일 첨가제 (모델-13) 입니다. 최고의 품질을 보장합니다.,23000,,143,https://images.unsplash.com/photo-1605559424843-9e4c228bf1c2?q=80&w=300,FOR_SALE,2026-04-25 00:00:00
2314,160,차량용 차량용 무선 청소기 (모델-14),이 상품은 자동차 - 차량용품/액세서리 카테고리의 차량용 차량용 무선 청소기 (모델-14) 입니다. 최고의 품질을 보장합니다.,146000,124100,81,https://images.unsplash.com/photo-1558317374-067fb5f30001?q=80&w=300,FOR_SALE,2025-07-26 00:00:00
2315,161,차량용 방향제 (모델-15),이 상품은 자동차 - 캠핑/차박용품 카테고리의 차량용 방향제 (모델-15) 입니다. 최고의 품질을 보장합니다.,138000,124200,229,https://images.unsplash.com/photo-1566908829550-e6551b00979b?q=80&w=300,FOR_SALE,2025-01-14 00:00:00
2316,162,에탄올 워셔액 (모델-16),이 상품은 자동차 - 타이어/휠 카테고리의 에탄올 워셔액 (모델-16) 입니다. 최고의 품질을 보장합니다.,134000,113900,286,https://images.unsplash.com/photo-1506015391300-4802dc74de2e?q=80&w=300,FOR_SALE,2026-02-04 00:00:00
2317,160,에탄올 차량용 무선 청소기 (모델-17),이 상품은 자동차 - 차량용품/액세서리 카테고리의 에탄올 차량용 무선 청소기 (모델-17) 입니다. 최고의 품질을 보장합니다.,18000,16200,87,https://images.unsplash.com/photo-1558317374-067fb5f30001?q=80&w=300,FOR_SALE,2026-02-23 00:00:00
2318,159,고휘도 방향제 (모델-18),이 상품은 자동차 - 엔진오일/소모품 카테고리의 고휘도 방향제 (모델-18) 입니다. 최고의 품질을 보장합니다.,47000,40000,13,https://images.unsplash.com/photo-1566908829550-e6551b00979b?q=80&w=300,FOR_SALE,2025-10-05 00:00:00
2319,159,차박용 메모리폼 시트쿠션 (모델-19),이 상품은 자동차 - 엔진오일/소모품 카테고리의 차박용 메모리폼 시트쿠션 (모델-19) 입니다. 최고의 품질을 보장합니다.,61000,51800,104,https://images.unsplash.com/photo-1540962351504-03099e0a754b?q=80&w=300,FOR_SALE,2024-11-29 00:00:00
2320,162,차량용 워셔액 (모델-20),이 상품은 자동차 - 타이어/휠 카테고리의 차량용 워셔액 (모델-20) 입니다. 최고의 품질을 보장합니다.,81000,,69,https://images.unsplash.com/photo-1506015391300-4802dc74de2e?q=80&w=300,FOR_SALE,2026-01-15 00:00:00
2321,160,차박용 방향제 (모델-21),이 상품은 자동차 - 차량용품/액세서리 카테고리의 차박용 방향제 (모델-21) 입니다. 최고의 품질을 보장합니다.,146000,131400,77,https://images.unsplash.com/photo-1566908829550-e6551b00979b?q=80&w=300,FOR_SALE,2025-05-01 00:00:00
2322,158,차박용 차박 에어매트 (모델-22),이 상품은 자동차 - 안전/비상용품 카테고리의 차박용 차박 에어매트 (모델-22) 입니다. 최고의 품질을 보장합니다.,70000,56000,154,https://images.unsplash.com/photo-1534088568595-a066f410bcda?q=80&w=300,FOR_SALE,2025-02-23 00:00:00
2323,159,차박용 워셔액 (모델-23),이 상품은 자동차 - 엔진오일/소모품 카테고리의 차박용 워셔액 (모델-23) 입니다. 최고의 품질을 보장합니다.,144000,,165,https://images.unsplash.com/photo-1506015391300-4802dc74de2e?q=80&w=300,FOR_SALE,2025-05-19 00:00:00
2324,156,고휘도 차량용 무선 청소기 (모델-24),이 상품은 자동차 - 내비/블랙박스/전자기기 카테고리의 고휘도 차량용 무선 청소기 (모델-24) 입니다. 최고의 품질을 보장합니다.,20000,,150,https://images.unsplash.com/photo-1558317374-067fb5f30001?q=80&w=300,FOR_SALE,2024-07-16 00:00:00
2325,160,초극세사 메모리폼 시트쿠션 (모델-25),이 상품은 자동차 - 차량용품/액세서리 카테고리의 초극세사 메모리폼 시트쿠션 (모델-25) 입니다. 최고의 품질을 보장합니다.,120000,,220,https://images.unsplash.com/photo-1540962351504-03099e0a754b?q=80&w=300,FOR_SALE,2024-11-26 00:00:00
2326,159,차량용 메모리폼 시트쿠션 (모델-26),이 상품은 자동차 - 엔진오일/소모품 카테고리의 차량용 메모리폼 시트쿠션 (모델-26) 입니다. 최고의 품질을 보장합니다.,143000,,147,https://images.unsplash.com/photo-1540962351504-03099e0a754b?q=80&w=300,FOR_SALE,2025-03-30 00:00:00
2327,156,에탄올 차박 에어매트 (모델-27),이 상품은 자동차 - 내비/블랙박스/전자기기 카테고리의 에탄올 차박 에어매트 (모델-27) 입니다. 최고의 품질을 보장합니다.,68000,,189,https://images.unsplash.com/photo-1534088568595-a066f410bcda?q=80&w=300,FOR_SALE,2024-10-09 00:00:00
2328,158,차량용 워셔액 (모델-28),이 상품은 자동차 - 안전/비상용품 카테고리의 차량용 워셔액 (모델-28) 입니다. 최고의 품질을 보장합니다.,39000,,117,https://images.unsplash.com/photo-1506015391300-4802dc74de2e?q=80&w=300,FOR_SALE,2025-12-26 00:00:00
2329,156,차박용 차량용 무선 청소기 (모델-29),이 상품은 자동차 - 내비/블랙박스/전자기기 카테고리의 차박용 차량용 무선 청소기 (모델-29) 입니다. 최고의 품질을 보장합니다.,15000,,138,https://images.unsplash.com/photo-1558317374-067fb5f30001?q=80&w=300,FOR_SALE,2025-04-04 00:00:00
2330,159,초극세사 엔진오일 첨가제 (모델-30),이 상품은 자동차 - 엔진오일/소모품 카테고리의 초극세사 엔진오일 첨가제 (모델-30) 입니다. 최고의 품질을 보장합니다.,68000,,20,https://images.unsplash.com/photo-1605559424843-9e4c228bf1c2?q=80&w=300,FOR_SALE,2024-08-01 00:00:00
2331,158,에탄올 차량용 무선 청소기 (모델-31),이 상품은 자동차 - 안전/비상용품 카테고리의 에탄올 차량용 무선 청소기 (모델-31) 입니다. 최고의 품질을 보장합니다.,30000,25500,160,https://images.unsplash.com/photo-1558317374-067fb5f30001?q=80&w=300,FOR_SALE,2026-02-21 00:00:00
2332,158,차량용 방향제 (모델-32),이 상품은 자동차 - 안전/비상용품 카테고리의 차량용 방향제 (모델-32) 입니다. 최고의 품질을 보장합니다.,103000,,16,https://images.unsplash.com/photo-1566908829550-e6551b00979b?q=80&w=300,FOR_SALE,2025-01-17 00:00:00
2333,156,고휘도 워셔액 (모델-33),이 상품은 자동차 - 내비/블랙박스/전자기기 카테고리의 고휘도 워셔액 (모델-33) 입니다. 최고의 품질을 보장합니다.,43000,34400,185,https://images.unsplash.com/photo-1506015391300-4802dc74de2e?q=80&w=300,FOR_SALE,2024-09-10 00:00:00
2334,160,에탄올 차량용 무선 청소기 (모델-34),이 상품은 자동차 - 차량용품/액세서리 카테고리의 에탄올 차량용 무선 청소기 (모델-34) 입니다. 최고의 품질을 보장합니다.,64000,,96,https://images.unsplash.com/photo-1558317374-067fb5f30001?q=80&w=300,FOR_SALE,2025-04-11 00:00:00
2335,161,초극세사 방향제 (모델-35),이 상품은 자동차 - 캠핑/차박용품 카테고리의 초극세사 방향제 (모델-35) 입니다. 최고의 품질을 보장합니다.,83000,,224,https://images.unsplash.com/photo-1566908829550-e6551b00979b?q=80&w=300,FOR_SALE,2025-08-20 00:00:00
2336,161,차박용 차량용 무선 청소기 (모델-36),이 상품은 자동차 - 캠핑/차박용품 카테고리의 차박용 차량용 무선 청소기 (모델-36) 입니다. 최고의 품질을 보장합니다.,144000,136800,207,https://images.unsplash.com/photo-1558317374-067fb5f30001?q=80&w=300,FOR_SALE,2026-04-30 00:00:00
2337,158,초극세사 방향제 (모델-37),이 상품은 자동차 - 안전/비상용품 카테고리의 초극세사 방향제 (모델-37) 입니다. 최고의 품질을 보장합니다.,66000,56100,102,https://images.unsplash.com/photo-1566908829550-e6551b00979b?q=80&w=300,FOR_SALE,2025-05-19 00:00:00
2338,156,차박용 차량용 무선 청소기 (모델-38),이 상품은 자동차 - 내비/블랙박스/전자기기 카테고리의 차박용 차량용 무선 청소기 (모델-38) 입니다. 최고의 품질을 보장합니다.,14000,11900,20,https://images.unsplash.com/photo-1558317374-067fb5f30001?q=80&w=300,FOR_SALE,2025-10-23 00:00:00
2339,158,차박용 차박 에어매트 (모델-39),이 상품은 자동차 - 안전/비상용품 카테고리의 차박용 차박 에어매트 (모델-39) 입니다. 최고의 품질을 보장합니다.,31000,,255,https://images.unsplash.com/photo-1534088568595-a066f410bcda?q=80&w=300,FOR_SALE,2025-03-05 00:00:00
2340,159,차량용 차량용 무선 청소기 (모델-40),이 상품은 자동차 - 엔진오일/소모품 카테고리의 차량용 차량용 무선 청소기 (모델-40) 입니다. 최고의 품질을 보장합니다.,100000,,158,https://images.unsplash.com/photo-1558317374-067fb5f30001?q=80&w=300,FOR_SALE,2025-03-04 00:00:00
2341,158,에탄올 엔진오일 첨가제 (모델-41),이 상품은 자동차 - 안전/비상용품 카테고리의 에탄올 엔진오일 첨가제 (모델-41) 입니다. 최고의 품질을 보장합니다.,138000,124200,147,https://images.unsplash.com/photo-1605559424843-9e4c228bf1c2?q=80&w=300,FOR_SALE,2025-10-04 00:00:00
2342,160,에탄올 방향제 (모델-42),이 상품은 자동차 - 차량용품/액세서리 카테고리의 에탄올 방향제 (모델-42) 입니다. 최고의 품질을 보장합니다.,103000,97800,289,https://images.unsplash.com/photo-1566908829550-e6551b00979b?q=80&w=300,FOR_SALE,2025-05-27 00:00:00
2343,158,고휘도 방향제 (모델-43),이 상품은 자동차 - 안전/비상용품 카테고리의 고휘도 방향제 (모델-43) 입니다. 최고의 품질을 보장합니다.,101000,,233,https://images.unsplash.com/photo-1566908829550-e6551b00979b?q=80&w=300,FOR_SALE,2026-02-21 00:00:00
2344,159,초극세사 방향제 (모델-44),이 상품은 자동차 - 엔진오일/소모품 카테고리의 초극세사 방향제 (모델-44) 입니다. 최고의 품질을 보장합니다.,37000,31400,110,https://images.unsplash.com/photo-1566908829550-e6551b00979b?q=80&w=300,FOR_SALE,2025-05-22 00:00:00
2345,159,차박용 차량용 무선 청소기 (모델-45),이 상품은 자동차 - 엔진오일/소모품 카테고리의 차박용 차량용 무선 청소기 (모델-45) 입니다. 최고의 품질을 보장합니다.,10000,8500,194,https://images.unsplash.com/photo-1558317374-067fb5f30001?q=80&w=300,FOR_SALE,2024-11-22 00:00:00
2346,157,차박용 방향제 (모델-46),이 상품은 자동차 - 세차/관리용품 카테고리의 차박용 방향제 (모델-46) 입니다. 최고의 품질을 보장합니다.,105000,94500,77,https://images.unsplash.com/photo-1566908829550-e6551b00979b?q=80&w=300,FOR_SALE,2024-08-11 00:00:00
2347,158,고휘도 메모리폼 시트쿠션 (모델-47),이 상품은 자동차 - 안전/비상용품 카테고리의 고휘도 메모리폼 시트쿠션 (모델-47) 입니다. 최고의 품질을 보장합니다.,97000,,229,https://images.unsplash.com/photo-1540962351504-03099e0a754b?q=80&w=300,FOR_SALE,2025-05-31 00:00:00
2348,159,초극세사 엔진오일 첨가제 (모델-48),이 상품은 자동차 - 엔진오일/소모품 카테고리의 초극세사 엔진오일 첨가제 (모델-48) 입니다. 최고의 품질을 보장합니다.,27000,,277,https://images.unsplash.com/photo-1605559424843-9e4c228bf1c2?q=80&w=300,FOR_SALE,2026-04-01 00:00:00
2349,160,고휘도 메모리폼 시트쿠션 (모델-49),이 상품은 자동차 - 차량용품/액세서리 카테고리의 고휘도 메모리폼 시트쿠션 (모델-49) 입니다. 최고의 품질을 보장합니다.,46000,,298,https://images.unsplash.com/photo-1540962351504-03099e0a754b?q=80&w=300,FOR_SALE,2025-04-21 00:00:00
2350,156,초극세사 워셔액 (모델-50),이 상품은 자동차 - 내비/블랙박스/전자기기 카테고리의 초극세사 워셔액 (모델-50) 입니다. 최고의 품질을 보장합니다.,18000,,208,https://images.unsplash.com/photo-1506015391300-4802dc74de2e?q=80&w=300,FOR_SALE,2025-08-24 00:00:00
2351,160,에탄올 엔진오일 첨가제 (모델-51),이 상품은 자동차 - 차량용품/액세서리 카테고리의 에탄올 엔진오일 첨가제 (모델-51) 입니다. 최고의 품질을 보장합니다.,123000,,231,https://images.unsplash.com/photo-1605559424843-9e4c228bf1c2?q=80&w=300,FOR_SALE,2025-11-20 00:00:00
2352,161,에탄올 엔진오일 첨가제 (모델-52),이 상품은 자동차 - 캠핑/차박용품 카테고리의 에탄올 엔진오일 첨가제 (모델-52) 입니다. 최고의 품질을 보장합니다.,141000,,242,https://images.unsplash.com/photo-1605559424843-9e4c228bf1c2?q=80&w=300,FOR_SALE,2026-01-28 00:00:00
2353,156,에탄올 차량용 무선 청소기 (모델-53),이 상품은 자동차 - 내비/블랙박스/전자기기 카테고리의 에탄올 차량용 무선 청소기 (모델-53) 입니다. 최고의 품질을 보장합니다.,93000,,49,https://images.unsplash.com/photo-1558317374-067fb5f30001?q=80&w=300,FOR_SALE,2025-02-22 00:00:00
2354,156,차박용 엔진오일 첨가제 (모델-54),이 상품은 자동차 - 내비/블랙박스/전자기기 카테고리의 차박용 엔진오일 첨가제 (모델-54) 입니다. 최고의 품질을 보장합니다.,125000,118800,273,https://images.unsplash.com/photo-1605559424843-9e4c228bf1c2?q=80&w=300,FOR_SALE,2026-03-01 00:00:00
2355,157,차박용 워셔액 (모델-55),이 상품은 자동차 - 세차/관리용품 카테고리의 차박용 워셔액 (모델-55) 입니다. 최고의 품질을 보장합니다.,39000,37000,92,https://images.unsplash.com/photo-1506015391300-4802dc74de2e?q=80&w=300,FOR_SALE,2024-07-24 00:00:00
2356,159,에탄올 방향제 (모델-56),이 상품은 자동차 - 엔진오일/소모품 카테고리의 에탄올 방향제 (모델-56) 입니다. 최고의 품질을 보장합니다.,31000,,98,https://images.unsplash.com/photo-1566908829550-e6551b00979b?q=80&w=300,FOR_SALE,2025-10-28 00:00:00
2357,156,에탄올 엔진오일 첨가제 (모델-57),이 상품은 자동차 - 내비/블랙박스/전자기기 카테고리의 에탄올 엔진오일 첨가제 (모델-57) 입니다. 최고의 품질을 보장합니다.,14000,12600,262,https://images.unsplash.com/photo-1605559424843-9e4c228bf1c2?q=80&w=300,FOR_SALE,2024-08-14 00:00:00
2358,157,에탄올 방향제 (모델-58),이 상품은 자동차 - 세차/관리용품 카테고리의 에탄올 방향제 (모델-58) 입니다. 최고의 품질을 보장합니다.,122000,,105,https://images.unsplash.com/photo-1566908829550-e6551b00979b?q=80&w=300,FOR_SALE,2024-08-17 00:00:00
2359,158,차량용 엔진오일 첨가제 (모델-59),이 상품은 자동차 - 안전/비상용품 카테고리의 차량용 엔진오일 첨가제 (모델-59) 입니다. 최고의 품질을 보장합니다.,87000,,71,https://images.unsplash.com/photo-1605559424843-9e4c228bf1c2?q=80&w=300,FOR_SALE,2024-09-29 00:00:00
2360,156,차량용 차박 에어매트 (모델-60),이 상품은 자동차 - 내비/블랙박스/전자기기 카테고리의 차량용 차박 에어매트 (모델-60) 입니다. 최고의 품질을 보장합니다.,95000,90200,246,https://images.unsplash.com/photo-1534088568595-a066f410bcda?q=80&w=300,FOR_SALE,2026-05-12 00:00:00
2361,162,차박용 방향제 (모델-61),이 상품은 자동차 - 타이어/휠 카테고리의 차박용 방향제 (모델-61) 입니다. 최고의 품질을 보장합니다.,105000,,195,https://images.unsplash.com/photo-1566908829550-e6551b00979b?q=80&w=300,FOR_SALE,2026-04-12 00:00:00
2362,158,고휘도 워셔액 (모델-62),이 상품은 자동차 - 안전/비상용품 카테고리의 고휘도 워셔액 (모델-62) 입니다. 최고의 품질을 보장합니다.,91000,,44,https://images.unsplash.com/photo-1506015391300-4802dc74de2e?q=80&w=300,FOR_SALE,2025-06-26 00:00:00
2363,157,고휘도 방향제 (모델-63),이 상품은 자동차 - 세차/관리용품 카테고리의 고휘도 방향제 (모델-63) 입니다. 최고의 품질을 보장합니다.,48000,43200,53,https://images.unsplash.com/photo-1566908829550-e6551b00979b?q=80&w=300,FOR_SALE,2025-09-26 00:00:00
2364,162,에탄올 워셔액 (모델-64),이 상품은 자동차 - 타이어/휠 카테고리의 에탄올 워셔액 (모델-64) 입니다. 최고의 품질을 보장합니다.,98000,93100,219,https://images.unsplash.com/photo-1506015391300-4802dc74de2e?q=80&w=300,FOR_SALE,2026-01-25 00:00:00
2365,162,차박용 차박 에어매트 (모델-65),이 상품은 자동차 - 타이어/휠 카테고리의 차박용 차박 에어매트 (모델-65) 입니다. 최고의 품질을 보장합니다.,69000,,175,https://images.unsplash.com/photo-1534088568595-a066f410bcda?q=80&w=300,FOR_SALE,2024-11-01 00:00:00
2366,156,고휘도 차량용 무선 청소기 (모델-66),이 상품은 자동차 - 내비/블랙박스/전자기기 카테고리의 고휘도 차량용 무선 청소기 (모델-66) 입니다. 최고의 품질을 보장합니다.,94000,,129,https://images.unsplash.com/photo-1558317374-067fb5f30001?q=80&w=300,FOR_SALE,2025-11-04 00:00:00
2367,158,에탄올 차박 에어매트 (모델-67),이 상품은 자동차 - 안전/비상용품 카테고리의 에탄올 차박 에어매트 (모델-67) 입니다. 최고의 품질을 보장합니다.,27000,23000,87,https://images.unsplash.com/photo-1534088568595-a066f410bcda?q=80&w=300,FOR_SALE,2026-03-24 00:00:00
2368,162,에탄올 방향제 (모델-68),이 상품은 자동차 - 타이어/휠 카테고리의 에탄올 방향제 (모델-68) 입니다. 최고의 품질을 보장합니다.,135000,,88,https://images.unsplash.com/photo-1566908829550-e6551b00979b?q=80&w=300,FOR_SALE,2024-11-12 00:00:00
2369,156,차박용 차박 에어매트 (모델-69),이 상품은 자동차 - 내비/블랙박스/전자기기 카테고리의 차박용 차박 에어매트 (모델-69) 입니다. 최고의 품질을 보장합니다.,133000,119700,188,https://images.unsplash.com/photo-1534088568595-a066f410bcda?q=80&w=300,FOR_SALE,2025-11-02 00:00:00
2370,156,고휘도 엔진오일 첨가제 (모델-70),이 상품은 자동차 - 내비/블랙박스/전자기기 카테고리의 고휘도 엔진오일 첨가제 (모델-70) 입니다. 최고의 품질을 보장합니다.,42000,39900,203,https://images.unsplash.com/photo-1605559424843-9e4c228bf1c2?q=80&w=300,FOR_SALE,2024-10-10 00:00:00
2371,159,차박용 워셔액 (모델-71),이 상품은 자동차 - 엔진오일/소모품 카테고리의 차박용 워셔액 (모델-71) 입니다. 최고의 품질을 보장합니다.,51000,,74,https://images.unsplash.com/photo-1506015391300-4802dc74de2e?q=80&w=300,FOR_SALE,2025-10-24 00:00:00
2372,159,초극세사 워셔액 (모델-72),이 상품은 자동차 - 엔진오일/소모품 카테고리의 초극세사 워셔액 (모델-72) 입니다. 최고의 품질을 보장합니다.,143000,,98,https://images.unsplash.com/photo-1506015391300-4802dc74de2e?q=80&w=300,FOR_SALE,2025-10-07 00:00:00
2373,159,차량용 워셔액 (모델-73),이 상품은 자동차 - 엔진오일/소모품 카테고리의 차량용 워셔액 (모델-73) 입니다. 최고의 품질을 보장합니다.,29000,,296,https://images.unsplash.com/photo-1506015391300-4802dc74de2e?q=80&w=300,FOR_SALE,2025-07-01 00:00:00
2374,157,차량용 차박 에어매트 (모델-74),이 상품은 자동차 - 세차/관리용품 카테고리의 차량용 차박 에어매트 (모델-74) 입니다. 최고의 품질을 보장합니다.,20000,,178,https://images.unsplash.com/photo-1534088568595-a066f410bcda?q=80&w=300,FOR_SALE,2026-01-02 00:00:00
2375,157,고휘도 차량용 무선 청소기 (모델-75),이 상품은 자동차 - 세차/관리용품 카테고리의 고휘도 차량용 무선 청소기 (모델-75) 입니다. 최고의 품질을 보장합니다.,136000,115600,246,https://images.unsplash.com/photo-1558317374-067fb5f30001?q=80&w=300,FOR_SALE,2024-09-30 00:00:00
2376,158,에탄올 차량용 무선 청소기 (모델-76),이 상품은 자동차 - 안전/비상용품 카테고리의 에탄올 차량용 무선 청소기 (모델-76) 입니다. 최고의 품질을 보장합니다.,56000,,192,https://images.unsplash.com/photo-1558317374-067fb5f30001?q=80&w=300,FOR_SALE,2026-05-31 00:00:00
2377,159,초극세사 차량용 무선 청소기 (모델-77),이 상품은 자동차 - 엔진오일/소모품 카테고리의 초극세사 차량용 무선 청소기 (모델-77) 입니다. 최고의 품질을 보장합니다.,115000,97800,177,https://images.unsplash.com/photo-1558317374-067fb5f30001?q=80&w=300,FOR_SALE,2025-08-23 00:00:00
2378,159,고휘도 차량용 무선 청소기 (모델-78),이 상품은 자동차 - 엔진오일/소모품 카테고리의 고휘도 차량용 무선 청소기 (모델-78) 입니다. 최고의 품질을 보장합니다.,24000,,297,https://images.unsplash.com/photo-1558317374-067fb5f30001?q=80&w=300,FOR_SALE,2026-01-05 00:00:00
2379,160,차박용 메모리폼 시트쿠션 (모델-79),이 상품은 자동차 - 차량용품/액세서리 카테고리의 차박용 메모리폼 시트쿠션 (모델-79) 입니다. 최고의 품질을 보장합니다.,93000,79000,78,https://images.unsplash.com/photo-1540962351504-03099e0a754b?q=80&w=300,FOR_SALE,2026-01-20 00:00:00
2380,157,차박용 차박 에어매트 (모델-80),이 상품은 자동차 - 세차/관리용품 카테고리의 차박용 차박 에어매트 (모델-80) 입니다. 최고의 품질을 보장합니다.,137000,,115,https://images.unsplash.com/photo-1534088568595-a066f410bcda?q=80&w=300,FOR_SALE,2024-11-26 00:00:00
2381,160,에탄올 엔진오일 첨가제 (모델-81),이 상품은 자동차 - 차량용품/액세서리 카테고리의 에탄올 엔진오일 첨가제 (모델-81) 입니다. 최고의 품질을 보장합니다.,19000,15200,163,https://images.unsplash.com/photo-1605559424843-9e4c228bf1c2?q=80&w=300,FOR_SALE,2025-09-19 00:00:00
2382,160,차박용 메모리폼 시트쿠션 (모델-82),이 상품은 자동차 - 차량용품/액세서리 카테고리의 차박용 메모리폼 시트쿠션 (모델-82) 입니다. 최고의 품질을 보장합니다.,58000,55100,76,https://images.unsplash.com/photo-1540962351504-03099e0a754b?q=80&w=300,FOR_SALE,2025-12-06 00:00:00
2383,158,에탄올 방향제 (모델-83),이 상품은 자동차 - 안전/비상용품 카테고리의 에탄올 방향제 (모델-83) 입니다. 최고의 품질을 보장합니다.,23000,,219,https://images.unsplash.com/photo-1566908829550-e6551b00979b?q=80&w=300,FOR_SALE,2026-02-10 00:00:00
2384,158,고휘도 엔진오일 첨가제 (모델-84),이 상품은 자동차 - 안전/비상용품 카테고리의 고휘도 엔진오일 첨가제 (모델-84) 입니다. 최고의 품질을 보장합니다.,47000,37600,249,https://images.unsplash.com/photo-1605559424843-9e4c228bf1c2?q=80&w=300,FOR_SALE,2024-07-26 00:00:00
2385,162,에탄올 메모리폼 시트쿠션 (모델-85),이 상품은 자동차 - 타이어/휠 카테고리의 에탄올 메모리폼 시트쿠션 (모델-85) 입니다. 최고의 품질을 보장합니다.,72000,64800,215,https://images.unsplash.com/photo-1540962351504-03099e0a754b?q=80&w=300,FOR_SALE,2026-05-07 00:00:00
2386,162,차량용 워셔액 (모델-86),이 상품은 자동차 - 타이어/휠 카테고리의 차량용 워셔액 (모델-86) 입니다. 최고의 품질을 보장합니다.,137000,130200,173,https://images.unsplash.com/photo-1506015391300-4802dc74de2e?q=80&w=300,FOR_SALE,2026-01-19 00:00:00
2387,156,차박용 워셔액 (모델-87),이 상품은 자동차 - 내비/블랙박스/전자기기 카테고리의 차박용 워셔액 (모델-87) 입니다. 최고의 품질을 보장합니다.,23000,,265,https://images.unsplash.com/photo-1506015391300-4802dc74de2e?q=80&w=300,FOR_SALE,2026-05-18 00:00:00
2388,160,초극세사 차량용 무선 청소기 (모델-88),이 상품은 자동차 - 차량용품/액세서리 카테고리의 초극세사 차량용 무선 청소기 (모델-88) 입니다. 최고의 품질을 보장합니다.,61000,48800,273,https://images.unsplash.com/photo-1558317374-067fb5f30001?q=80&w=300,FOR_SALE,2025-06-01 00:00:00
2389,156,초극세사 메모리폼 시트쿠션 (모델-89),이 상품은 자동차 - 내비/블랙박스/전자기기 카테고리의 초극세사 메모리폼 시트쿠션 (모델-89) 입니다. 최고의 품질을 보장합니다.,88000,,189,https://images.unsplash.com/photo-1540962351504-03099e0a754b?q=80&w=300,FOR_SALE,2025-10-02 00:00:00
2390,161,고휘도 워셔액 (모델-90),이 상품은 자동차 - 캠핑/차박용품 카테고리의 고휘도 워셔액 (모델-90) 입니다. 최고의 품질을 보장합니다.,78000,74100,185,https://images.unsplash.com/photo-1506015391300-4802dc74de2e?q=80&w=300,FOR_SALE,2024-10-08 00:00:00
2391,158,차박용 워셔액 (모델-91),이 상품은 자동차 - 안전/비상용품 카테고리의 차박용 워셔액 (모델-91) 입니다. 최고의 품질을 보장합니다.,26000,,230,https://images.unsplash.com/photo-1506015391300-4802dc74de2e?q=80&w=300,FOR_SALE,2025-07-06 00:00:00
2392,156,초극세사 차박 에어매트 (모델-92),이 상품은 자동차 - 내비/블랙박스/전자기기 카테고리의 초극세사 차박 에어매트 (모델-92) 입니다. 최고의 품질을 보장합니다.,68000,57800,74,https://images.unsplash.com/photo-1534088568595-a066f410bcda?q=80&w=300,FOR_SALE,2026-05-17 00:00:00
2393,160,고휘도 엔진오일 첨가제 (모델-93),이 상품은 자동차 - 차량용품/액세서리 카테고리의 고휘도 엔진오일 첨가제 (모델-93) 입니다. 최고의 품질을 보장합니다.,41000,,36,https://images.unsplash.com/photo-1605559424843-9e4c228bf1c2?q=80&w=300,FOR_SALE,2025-12-06 00:00:00
2394,156,차박용 엔진오일 첨가제 (모델-94),이 상품은 자동차 - 내비/블랙박스/전자기기 카테고리의 차박용 엔진오일 첨가제 (모델-94) 입니다. 최고의 품질을 보장합니다.,115000,97800,243,https://images.unsplash.com/photo-1605559424843-9e4c228bf1c2?q=80&w=300,FOR_SALE,2025-09-04 00:00:00
2395,161,에탄올 차량용 무선 청소기 (모델-95),이 상품은 자동차 - 캠핑/차박용품 카테고리의 에탄올 차량용 무선 청소기 (모델-95) 입니다. 최고의 품질을 보장합니다.,43000,,269,https://images.unsplash.com/photo-1558317374-067fb5f30001?q=80&w=300,FOR_SALE,2026-04-10 00:00:00
2396,161,초극세사 방향제 (모델-96),이 상품은 자동차 - 캠핑/차박용품 카테고리의 초극세사 방향제 (모델-96) 입니다. 최고의 품질을 보장합니다.,137000,,188,https://images.unsplash.com/photo-1566908829550-e6551b00979b?q=80&w=300,FOR_SALE,2026-01-24 00:00:00
2397,159,고휘도 방향제 (모델-97),이 상품은 자동차 - 엔진오일/소모품 카테고리의 고휘도 방향제 (모델-97) 입니다. 최고의 품질을 보장합니다.,64000,,178,https://images.unsplash.com/photo-1566908829550-e6551b00979b?q=80&w=300,FOR_SALE,2025-03-28 00:00:00
2398,161,고휘도 엔진오일 첨가제 (모델-98),이 상품은 자동차 - 캠핑/차박용품 카테고리의 고휘도 엔진오일 첨가제 (모델-98) 입니다. 최고의 품질을 보장합니다.,62000,49600,180,https://images.unsplash.com/photo-1605559424843-9e4c228bf1c2?q=80&w=300,FOR_SALE,2024-12-11 00:00:00
2399,159,에탄올 차박 에어매트 (모델-99),이 상품은 자동차 - 엔진오일/소모품 카테고리의 에탄올 차박 에어매트 (모델-99) 입니다. 최고의 품질을 보장합니다.,20000,,18,https://images.unsplash.com/photo-1534088568595-a066f410bcda?q=80&w=300,FOR_SALE,2026-02-06 00:00:00
2400,158,에탄올 차박 에어매트 (모델-100),이 상품은 자동차 - 안전/비상용품 카테고리의 에탄올 차박 에어매트 (모델-100) 입니다. 최고의 품질을 보장합니다.,116000,,221,https://images.unsplash.com/photo-1534088568595-a066f410bcda?q=80&w=300,FOR_SALE,2026-03-29 00:00:00
2401,161,초극세사 워셔액 (모델-101),이 상품은 자동차 - 캠핑/차박용품 카테고리의 초극세사 워셔액 (모델-101) 입니다. 최고의 품질을 보장합니다.,46000,41400,107,https://images.unsplash.com/photo-1506015391300-4802dc74de2e?q=80&w=300,FOR_SALE,2025-01-31 00:00:00
2402,161,차박용 차박 에어매트 (모델-102),이 상품은 자동차 - 캠핑/차박용품 카테고리의 차박용 차박 에어매트 (모델-102) 입니다. 최고의 품질을 보장합니다.,71000,,274,https://images.unsplash.com/photo-1534088568595-a066f410bcda?q=80&w=300,FOR_SALE,2025-02-28 00:00:00
2403,157,에탄올 차박 에어매트 (모델-103),이 상품은 자동차 - 세차/관리용품 카테고리의 에탄올 차박 에어매트 (모델-103) 입니다. 최고의 품질을 보장합니다.,47000,,55,https://images.unsplash.com/photo-1534088568595-a066f410bcda?q=80&w=300,FOR_SALE,2025-05-28 00:00:00
2404,158,에탄올 워셔액 (모델-104),이 상품은 자동차 - 안전/비상용품 카테고리의 에탄올 워셔액 (모델-104) 입니다. 최고의 품질을 보장합니다.,22000,,152,https://images.unsplash.com/photo-1506015391300-4802dc74de2e?q=80&w=300,FOR_SALE,2024-12-24 00:00:00
2405,159,차량용 방향제 (모델-105),이 상품은 자동차 - 엔진오일/소모품 카테고리의 차량용 방향제 (모델-105) 입니다. 최고의 품질을 보장합니다.,46000,,139,https://images.unsplash.com/photo-1566908829550-e6551b00979b?q=80&w=300,FOR_SALE,2024-10-03 00:00:00
2406,160,초극세사 차량용 무선 청소기 (모델-106),이 상품은 자동차 - 차량용품/액세서리 카테고리의 초극세사 차량용 무선 청소기 (모델-106) 입니다. 최고의 품질을 보장합니다.,96000,,283,https://images.unsplash.com/photo-1558317374-067fb5f30001?q=80&w=300,FOR_SALE,2026-02-11 00:00:00
2407,159,고휘도 워셔액 (모델-107),이 상품은 자동차 - 엔진오일/소모품 카테고리의 고휘도 워셔액 (모델-107) 입니다. 최고의 품질을 보장합니다.,29000,,246,https://images.unsplash.com/photo-1506015391300-4802dc74de2e?q=80&w=300,FOR_SALE,2025-02-25 00:00:00
2408,162,초극세사 차량용 무선 청소기 (모델-108),이 상품은 자동차 - 타이어/휠 카테고리의 초극세사 차량용 무선 청소기 (모델-108) 입니다. 최고의 품질을 보장합니다.,57000,,274,https://images.unsplash.com/photo-1558317374-067fb5f30001?q=80&w=300,FOR_SALE,2025-01-03 00:00:00
2409,157,고휘도 차박 에어매트 (모델-109),이 상품은 자동차 - 세차/관리용품 카테고리의 고휘도 차박 에어매트 (모델-109) 입니다. 최고의 품질을 보장합니다.,32000,,132,https://images.unsplash.com/photo-1534088568595-a066f410bcda?q=80&w=300,FOR_SALE,2025-10-19 00:00:00
2410,162,차량용 워셔액 (모델-110),이 상품은 자동차 - 타이어/휠 카테고리의 차량용 워셔액 (모델-110) 입니다. 최고의 품질을 보장합니다.,125000,,222,https://images.unsplash.com/photo-1506015391300-4802dc74de2e?q=80&w=300,FOR_SALE,2024-09-11 00:00:00
2411,162,차량용 차박 에어매트 (모델-111),이 상품은 자동차 - 타이어/휠 카테고리의 차량용 차박 에어매트 (모델-111) 입니다. 최고의 품질을 보장합니다.,74000,,195,https://images.unsplash.com/photo-1534088568595-a066f410bcda?q=80&w=300,FOR_SALE,2026-04-19 00:00:00
2412,158,차량용 메모리폼 시트쿠션 (모델-112),이 상품은 자동차 - 안전/비상용품 카테고리의 차량용 메모리폼 시트쿠션 (모델-112) 입니다. 최고의 품질을 보장합니다.,53000,47700,53,https://images.unsplash.com/photo-1540962351504-03099e0a754b?q=80&w=300,FOR_SALE,2024-07-28 00:00:00
2413,156,초극세사 차박 에어매트 (모델-113),이 상품은 자동차 - 내비/블랙박스/전자기기 카테고리의 초극세사 차박 에어매트 (모델-113) 입니다. 최고의 품질을 보장합니다.,83000,78800,71,https://images.unsplash.com/photo-1534088568595-a066f410bcda?q=80&w=300,FOR_SALE,2024-12-16 00:00:00
2414,162,차량용 차량용 무선 청소기 (모델-114),이 상품은 자동차 - 타이어/휠 카테고리의 차량용 차량용 무선 청소기 (모델-114) 입니다. 최고의 품질을 보장합니다.,31000,,216,https://images.unsplash.com/photo-1558317374-067fb5f30001?q=80&w=300,FOR_SALE,2025-07-29 00:00:00
2415,161,초극세사 차박 에어매트 (모델-115),이 상품은 자동차 - 캠핑/차박용품 카테고리의 초극세사 차박 에어매트 (모델-115) 입니다. 최고의 품질을 보장합니다.,76000,68400,184,https://images.unsplash.com/photo-1534088568595-a066f410bcda?q=80&w=300,FOR_SALE,2025-02-18 00:00:00
2416,161,차량용 엔진오일 첨가제 (모델-116),이 상품은 자동차 - 캠핑/차박용품 카테고리의 차량용 엔진오일 첨가제 (모델-116) 입니다. 최고의 품질을 보장합니다.,40000,,141,https://images.unsplash.com/photo-1605559424843-9e4c228bf1c2?q=80&w=300,FOR_SALE,2024-08-13 00:00:00
2417,162,에탄올 워셔액 (모델-117),이 상품은 자동차 - 타이어/휠 카테고리의 에탄올 워셔액 (모델-117) 입니다. 최고의 품질을 보장합니다.,80000,64000,222,https://images.unsplash.com/photo-1506015391300-4802dc74de2e?q=80&w=300,FOR_SALE,2026-05-02 00:00:00
2418,158,고휘도 차박 에어매트 (모델-118),이 상품은 자동차 - 안전/비상용품 카테고리의 고휘도 차박 에어매트 (모델-118) 입니다. 최고의 품질을 보장합니다.,54000,,224,https://images.unsplash.com/photo-1534088568595-a066f410bcda?q=80&w=300,FOR_SALE,2026-04-01 00:00:00
2419,162,초극세사 차박 에어매트 (모델-119),이 상품은 자동차 - 타이어/휠 카테고리의 초극세사 차박 에어매트 (모델-119) 입니다. 최고의 품질을 보장합니다.,83000,,142,https://images.unsplash.com/photo-1534088568595-a066f410bcda?q=80&w=300,FOR_SALE,2025-01-28 00:00:00
2420,161,차박용 차량용 무선 청소기 (모델-120),이 상품은 자동차 - 캠핑/차박용품 카테고리의 차박용 차량용 무선 청소기 (모델-120) 입니다. 최고의 품질을 보장합니다.,81000,,212,https://images.unsplash.com/photo-1558317374-067fb5f30001?q=80&w=300,FOR_SALE,2025-04-17 00:00:00
2421,157,차박용 엔진오일 첨가제 (모델-121),이 상품은 자동차 - 세차/관리용품 카테고리의 차박용 엔진오일 첨가제 (모델-121) 입니다. 최고의 품질을 보장합니다.,35000,28000,38,https://images.unsplash.com/photo-1605559424843-9e4c228bf1c2?q=80&w=300,FOR_SALE,2025-03-23 00:00:00
2422,160,고휘도 워셔액 (모델-122),이 상품은 자동차 - 차량용품/액세서리 카테고리의 고휘도 워셔액 (모델-122) 입니다. 최고의 품질을 보장합니다.,111000,,182,https://images.unsplash.com/photo-1506015391300-4802dc74de2e?q=80&w=300,FOR_SALE,2026-02-12 00:00:00
2423,158,차박용 방향제 (모델-123),이 상품은 자동차 - 안전/비상용품 카테고리의 차박용 방향제 (모델-123) 입니다. 최고의 품질을 보장합니다.,85000,76500,53,https://images.unsplash.com/photo-1566908829550-e6551b00979b?q=80&w=300,FOR_SALE,2025-01-16 00:00:00
2424,159,고휘도 엔진오일 첨가제 (모델-124),이 상품은 자동차 - 엔진오일/소모품 카테고리의 고휘도 엔진오일 첨가제 (모델-124) 입니다. 최고의 품질을 보장합니다.,142000,,176,https://images.unsplash.com/photo-1605559424843-9e4c228bf1c2?q=80&w=300,FOR_SALE,2025-03-05 00:00:00
2425,160,차박용 방향제 (모델-125),이 상품은 자동차 - 차량용품/액세서리 카테고리의 차박용 방향제 (모델-125) 입니다. 최고의 품질을 보장합니다.,96000,,284,https://images.unsplash.com/photo-1566908829550-e6551b00979b?q=80&w=300,FOR_SALE,2026-03-19 00:00:00
2426,156,차량용 메모리폼 시트쿠션 (모델-126),이 상품은 자동차 - 내비/블랙박스/전자기기 카테고리의 차량용 메모리폼 시트쿠션 (모델-126) 입니다. 최고의 품질을 보장합니다.,77000,61600,265,https://images.unsplash.com/photo-1540962351504-03099e0a754b?q=80&w=300,FOR_SALE,2026-03-12 00:00:00
2427,157,고휘도 메모리폼 시트쿠션 (모델-127),이 상품은 자동차 - 세차/관리용품 카테고리의 고휘도 메모리폼 시트쿠션 (모델-127) 입니다. 최고의 품질을 보장합니다.,80000,72000,39,https://images.unsplash.com/photo-1540962351504-03099e0a754b?q=80&w=300,FOR_SALE,2025-07-08 00:00:00
2428,161,고휘도 방향제 (모델-128),이 상품은 자동차 - 캠핑/차박용품 카테고리의 고휘도 방향제 (모델-128) 입니다. 최고의 품질을 보장합니다.,98000,,234,https://images.unsplash.com/photo-1566908829550-e6551b00979b?q=80&w=300,FOR_SALE,2024-09-18 00:00:00
2429,157,고휘도 메모리폼 시트쿠션 (모델-129),이 상품은 자동차 - 세차/관리용품 카테고리의 고휘도 메모리폼 시트쿠션 (모델-129) 입니다. 최고의 품질을 보장합니다.,112000,106400,214,https://images.unsplash.com/photo-1540962351504-03099e0a754b?q=80&w=300,FOR_SALE,2026-01-02 00:00:00
2430,161,에탄올 방향제 (모델-130),이 상품은 자동차 - 캠핑/차박용품 카테고리의 에탄올 방향제 (모델-130) 입니다. 최고의 품질을 보장합니다.,112000,,245,https://images.unsplash.com/photo-1566908829550-e6551b00979b?q=80&w=300,FOR_SALE,2026-03-27 00:00:00
2431,160,차박용 메모리폼 시트쿠션 (모델-131),이 상품은 자동차 - 차량용품/액세서리 카테고리의 차박용 메모리폼 시트쿠션 (모델-131) 입니다. 최고의 품질을 보장합니다.,29000,23200,206,https://images.unsplash.com/photo-1540962351504-03099e0a754b?q=80&w=300,FOR_SALE,2026-01-24 00:00:00
2432,161,차량용 메모리폼 시트쿠션 (모델-132),이 상품은 자동차 - 캠핑/차박용품 카테고리의 차량용 메모리폼 시트쿠션 (모델-132) 입니다. 최고의 품질을 보장합니다.,44000,,46,https://images.unsplash.com/photo-1540962351504-03099e0a754b?q=80&w=300,FOR_SALE,2025-08-25 00:00:00
2433,158,초극세사 방향제 (모델-133),이 상품은 자동차 - 안전/비상용품 카테고리의 초극세사 방향제 (모델-133) 입니다. 최고의 품질을 보장합니다.,141000,134000,90,https://images.unsplash.com/photo-1566908829550-e6551b00979b?q=80&w=300,FOR_SALE,2024-09-01 00:00:00
2434,158,초극세사 차박 에어매트 (모델-134),이 상품은 자동차 - 안전/비상용품 카테고리의 초극세사 차박 에어매트 (모델-134) 입니다. 최고의 품질을 보장합니다.,142000,127800,210,https://images.unsplash.com/photo-1534088568595-a066f410bcda?q=80&w=300,FOR_SALE,2024-08-23 00:00:00
2435,156,차량용 워셔액 (모델-135),이 상품은 자동차 - 내비/블랙박스/전자기기 카테고리의 차량용 워셔액 (모델-135) 입니다. 최고의 품질을 보장합니다.,38000,,265,https://images.unsplash.com/photo-1506015391300-4802dc74de2e?q=80&w=300,FOR_SALE,2024-10-11 00:00:00
2436,156,에탄올 차량용 무선 청소기 (모델-136),이 상품은 자동차 - 내비/블랙박스/전자기기 카테고리의 에탄올 차량용 무선 청소기 (모델-136) 입니다. 최고의 품질을 보장합니다.,125000,,241,https://images.unsplash.com/photo-1558317374-067fb5f30001?q=80&w=300,FOR_SALE,2024-11-18 00:00:00
2437,156,고휘도 엔진오일 첨가제 (모델-137),이 상품은 자동차 - 내비/블랙박스/전자기기 카테고리의 고휘도 엔진오일 첨가제 (모델-137) 입니다. 최고의 품질을 보장합니다.,27000,24300,145,https://images.unsplash.com/photo-1605559424843-9e4c228bf1c2?q=80&w=300,FOR_SALE,2025-07-05 00:00:00
2438,159,에탄올 방향제 (모델-138),이 상품은 자동차 - 엔진오일/소모품 카테고리의 에탄올 방향제 (모델-138) 입니다. 최고의 품질을 보장합니다.,96000,,186,https://images.unsplash.com/photo-1566908829550-e6551b00979b?q=80&w=300,FOR_SALE,2025-05-08 00:00:00
2439,156,초극세사 메모리폼 시트쿠션 (모델-139),이 상품은 자동차 - 내비/블랙박스/전자기기 카테고리의 초극세사 메모리폼 시트쿠션 (모델-139) 입니다. 최고의 품질을 보장합니다.,59000,,21,https://images.unsplash.com/photo-1540962351504-03099e0a754b?q=80&w=300,FOR_SALE,2024-09-29 00:00:00
2440,162,초극세사 차량용 무선 청소기 (모델-140),이 상품은 자동차 - 타이어/휠 카테고리의 초극세사 차량용 무선 청소기 (모델-140) 입니다. 최고의 품질을 보장합니다.,27000,24300,248,https://images.unsplash.com/photo-1558317374-067fb5f30001?q=80&w=300,FOR_SALE,2024-12-06 00:00:00
2441,166,무자극 아동 기저귀 (모델-1),이 상품은 출산/유아동 - 수유/이유용품 카테고리의 무자극 아동 기저귀 (모델-1) 입니다. 최고의 품질을 보장합니다.,69000,55200,187,https://images.unsplash.com/photo-1544816155-12df9643f363?q=80&w=300,FOR_SALE,2025-08-05 00:00:00
2442,169,순한 유기농 젖병 세트 (모델-2),이 상품은 출산/유아동 - 유아완구/교구 카테고리의 순한 유기농 젖병 세트 (모델-2) 입니다. 최고의 품질을 보장합니다.,77000,73200,282,https://images.unsplash.com/photo-1596461404969-9ae70f2830c1?q=80&w=300,FOR_SALE,2025-02-23 00:00:00
2443,165,친환경 소재 아동 기저귀 (모델-3),이 상품은 출산/유아동 - 분유/이유식 카테고리의 친환경 소재 아동 기저귀 (모델-3) 입니다. 최고의 품질을 보장합니다.,62000,,267,https://images.unsplash.com/photo-1544816155-12df9643f363?q=80&w=300,FOR_SALE,2025-01-01 00:00:00
2444,167,유기농 면 유기농 젖병 세트 (모델-4),이 상품은 출산/유아동 - 아기침구/가구 카테고리의 유기농 면 유기농 젖병 세트 (모델-4) 입니다. 최고의 품질을 보장합니다.,70000,63000,266,https://images.unsplash.com/photo-1596461404969-9ae70f2830c1?q=80&w=300,FOR_SALE,2024-09-21 00:00:00
2445,167,순한 일회용 물티슈 (모델-5),이 상품은 출산/유아동 - 아기침구/가구 카테고리의 순한 일회용 물티슈 (모델-5) 입니다. 최고의 품질을 보장합니다.,36000,,232,https://images.unsplash.com/photo-1563453392-403915916af5?q=80&w=300,FOR_SALE,2025-03-19 00:00:00
2446,164,유기농 면 유아 면티셔츠 (모델-6),이 상품은 출산/유아동 - 목욕/스킨케어 카테고리의 유기농 면 유아 면티셔츠 (모델-6) 입니다. 최고의 품질을 보장합니다.,67000,,119,https://images.unsplash.com/photo-1519238263530-99bdd11df2ea?q=80&w=300,FOR_SALE,2026-02-21 00:00:00
2447,164,친환경 소재 일회용 물티슈 (모델-7),이 상품은 출산/유아동 - 목욕/스킨케어 카테고리의 친환경 소재 일회용 물티슈 (모델-7) 입니다. 최고의 품질을 보장합니다.,23000,,160,https://images.unsplash.com/photo-1563453392-403915916af5?q=80&w=300,FOR_SALE,2026-02-05 00:00:00
2448,163,순한 유아 면티셔츠 (모델-8),이 상품은 출산/유아동 - 기저귀/물티슈 카테고리의 순한 유아 면티셔츠 (모델-8) 입니다. 최고의 품질을 보장합니다.,81000,68800,204,https://images.unsplash.com/photo-1519238263530-99bdd11df2ea?q=80&w=300,FOR_SALE,2024-08-01 00:00:00
2449,164,안심설계 아동 기저귀 (모델-9),이 상품은 출산/유아동 - 목욕/스킨케어 카테고리의 안심설계 아동 기저귀 (모델-9) 입니다. 최고의 품질을 보장합니다.,122000,,64,https://images.unsplash.com/photo-1544816155-12df9643f363?q=80&w=300,FOR_SALE,2024-08-05 00:00:00
2450,166,순한 유기농 젖병 세트 (모델-10),이 상품은 출산/유아동 - 수유/이유용품 카테고리의 순한 유기농 젖병 세트 (모델-10) 입니다. 최고의 품질을 보장합니다.,39000,33200,60,https://images.unsplash.com/photo-1596461404969-9ae70f2830c1?q=80&w=300,FOR_SALE,2024-11-15 00:00:00
2451,168,유기농 면 아동 기저귀 (모델-11),이 상품은 출산/유아동 - 유모차/카시트 카테고리의 유기농 면 아동 기저귀 (모델-11) 입니다. 최고의 품질을 보장합니다.,33000,29700,43,https://images.unsplash.com/photo-1544816155-12df9643f363?q=80&w=300,FOR_SALE,2025-10-25 00:00:00
2452,167,친환경 소재 아동 기저귀 (모델-12),이 상품은 출산/유아동 - 아기침구/가구 카테고리의 친환경 소재 아동 기저귀 (모델-12) 입니다. 최고의 품질을 보장합니다.,131000,,275,https://images.unsplash.com/photo-1544816155-12df9643f363?q=80&w=300,FOR_SALE,2025-03-19 00:00:00
2453,164,안심설계 일회용 물티슈 (모델-13),이 상품은 출산/유아동 - 목욕/스킨케어 카테고리의 안심설계 일회용 물티슈 (모델-13) 입니다. 최고의 품질을 보장합니다.,95000,,130,https://images.unsplash.com/photo-1563453392-403915916af5?q=80&w=300,FOR_SALE,2025-02-25 00:00:00
2454,167,안심설계 일회용 물티슈 (모델-14),이 상품은 출산/유아동 - 아기침구/가구 카테고리의 안심설계 일회용 물티슈 (모델-14) 입니다. 최고의 품질을 보장합니다.,133000,119700,154,https://images.unsplash.com/photo-1563453392-403915916af5?q=80&w=300,FOR_SALE,2025-10-12 00:00:00
2455,164,무자극 아동 기저귀 (모델-15),이 상품은 출산/유아동 - 목욕/스킨케어 카테고리의 무자극 아동 기저귀 (모델-15) 입니다. 최고의 품질을 보장합니다.,60000,57000,62,https://images.unsplash.com/photo-1544816155-12df9643f363?q=80&w=300,FOR_SALE,2025-04-05 00:00:00
2456,166,친환경 소재 유아 면티셔츠 (모델-16),이 상품은 출산/유아동 - 수유/이유용품 카테고리의 친환경 소재 유아 면티셔츠 (모델-16) 입니다. 최고의 품질을 보장합니다.,107000,,272,https://images.unsplash.com/photo-1519238263530-99bdd11df2ea?q=80&w=300,FOR_SALE,2025-06-20 00:00:00
2457,166,순한 목욕 물놀이 장난감 (모델-17),이 상품은 출산/유아동 - 수유/이유용품 카테고리의 순한 목욕 물놀이 장난감 (모델-17) 입니다. 최고의 품질을 보장합니다.,18000,,78,https://images.unsplash.com/photo-1584622650111-993a426fbf0a?q=80&w=300,FOR_SALE,2025-02-23 00:00:00
2458,167,무자극 유아 면티셔츠 (모델-18),이 상품은 출산/유아동 - 아기침구/가구 카테고리의 무자극 유아 면티셔츠 (모델-18) 입니다. 최고의 품질을 보장합니다.,86000,,167,https://images.unsplash.com/photo-1519238263530-99bdd11df2ea?q=80&w=300,FOR_SALE,2025-04-20 00:00:00
2459,168,친환경 소재 유아 면티셔츠 (모델-19),이 상품은 출산/유아동 - 유모차/카시트 카테고리의 친환경 소재 유아 면티셔츠 (모델-19) 입니다. 최고의 품질을 보장합니다.,29000,26100,43,https://images.unsplash.com/photo-1519238263530-99bdd11df2ea?q=80&w=300,FOR_SALE,2025-04-03 00:00:00
2460,169,친환경 소재 일회용 물티슈 (모델-20),이 상품은 출산/유아동 - 유아완구/교구 카테고리의 친환경 소재 일회용 물티슈 (모델-20) 입니다. 최고의 품질을 보장합니다.,109000,103600,71,https://images.unsplash.com/photo-1563453392-403915916af5?q=80&w=300,FOR_SALE,2026-02-25 00:00:00
2461,168,무자극 일회용 물티슈 (모델-21),이 상품은 출산/유아동 - 유모차/카시트 카테고리의 무자극 일회용 물티슈 (모델-21) 입니다. 최고의 품질을 보장합니다.,113000,96000,128,https://images.unsplash.com/photo-1563453392-403915916af5?q=80&w=300,FOR_SALE,2025-07-17 00:00:00
2462,168,친환경 소재 일회용 물티슈 (모델-22),이 상품은 출산/유아동 - 유모차/카시트 카테고리의 친환경 소재 일회용 물티슈 (모델-22) 입니다. 최고의 품질을 보장합니다.,98000,,104,https://images.unsplash.com/photo-1563453392-403915916af5?q=80&w=300,FOR_SALE,2025-03-22 00:00:00
2463,166,유기농 면 아동 기저귀 (모델-23),이 상품은 출산/유아동 - 수유/이유용품 카테고리의 유기농 면 아동 기저귀 (모델-23) 입니다. 최고의 품질을 보장합니다.,141000,134000,74,https://images.unsplash.com/photo-1544816155-12df9643f363?q=80&w=300,FOR_SALE,2025-07-17 00:00:00
2464,165,안심설계 일회용 물티슈 (모델-24),이 상품은 출산/유아동 - 분유/이유식 카테고리의 안심설계 일회용 물티슈 (모델-24) 입니다. 최고의 품질을 보장합니다.,107000,96300,27,https://images.unsplash.com/photo-1563453392-403915916af5?q=80&w=300,FOR_SALE,2024-07-21 00:00:00
2465,164,무자극 디럭스 유모차 (모델-25),이 상품은 출산/유아동 - 목욕/스킨케어 카테고리의 무자극 디럭스 유모차 (모델-25) 입니다. 최고의 품질을 보장합니다.,130000,123500,209,https://images.unsplash.com/photo-1539650116574-8efeb43e2750?q=80&w=300,FOR_SALE,2025-09-14 00:00:00
2466,170,무자극 목욕 물놀이 장난감 (모델-26),이 상품은 출산/유아동 - 유아의류/신발 카테고리의 무자극 목욕 물놀이 장난감 (모델-26) 입니다. 최고의 품질을 보장합니다.,129000,,164,https://images.unsplash.com/photo-1584622650111-993a426fbf0a?q=80&w=300,FOR_SALE,2025-05-15 00:00:00
2467,164,안심설계 유기농 젖병 세트 (모델-27),이 상품은 출산/유아동 - 목욕/스킨케어 카테고리의 안심설계 유기농 젖병 세트 (모델-27) 입니다. 최고의 품질을 보장합니다.,143000,135800,163,https://images.unsplash.com/photo-1596461404969-9ae70f2830c1?q=80&w=300,FOR_SALE,2025-12-28 00:00:00
2468,164,친환경 소재 목욕 물놀이 장난감 (모델-28),이 상품은 출산/유아동 - 목욕/스킨케어 카테고리의 친환경 소재 목욕 물놀이 장난감 (모델-28) 입니다. 최고의 품질을 보장합니다.,25000,22500,25,https://images.unsplash.com/photo-1584622650111-993a426fbf0a?q=80&w=300,FOR_SALE,2025-02-02 00:00:00
2469,170,유기농 면 일회용 물티슈 (모델-29),이 상품은 출산/유아동 - 유아의류/신발 카테고리의 유기농 면 일회용 물티슈 (모델-29) 입니다. 최고의 품질을 보장합니다.,81000,,295,https://images.unsplash.com/photo-1563453392-403915916af5?q=80&w=300,FOR_SALE,2026-03-26 00:00:00
2470,170,안심설계 유아 면티셔츠 (모델-30),이 상품은 출산/유아동 - 유아의류/신발 카테고리의 안심설계 유아 면티셔츠 (모델-30) 입니다. 최고의 품질을 보장합니다.,120000,108000,111,https://images.unsplash.com/photo-1519238263530-99bdd11df2ea?q=80&w=300,FOR_SALE,2026-03-01 00:00:00
2471,164,친환경 소재 아동 기저귀 (모델-31),이 상품은 출산/유아동 - 목욕/스킨케어 카테고리의 친환경 소재 아동 기저귀 (모델-31) 입니다. 최고의 품질을 보장합니다.,94000,,299,https://images.unsplash.com/photo-1544816155-12df9643f363?q=80&w=300,FOR_SALE,2026-03-07 00:00:00
2472,168,유기농 면 아동 기저귀 (모델-32),이 상품은 출산/유아동 - 유모차/카시트 카테고리의 유기농 면 아동 기저귀 (모델-32) 입니다. 최고의 품질을 보장합니다.,124000,,240,https://images.unsplash.com/photo-1544816155-12df9643f363?q=80&w=300,FOR_SALE,2026-02-27 00:00:00
2473,165,친환경 소재 유기농 젖병 세트 (모델-33),이 상품은 출산/유아동 - 분유/이유식 카테고리의 친환경 소재 유기농 젖병 세트 (모델-33) 입니다. 최고의 품질을 보장합니다.,139000,,131,https://images.unsplash.com/photo-1596461404969-9ae70f2830c1?q=80&w=300,FOR_SALE,2025-03-17 00:00:00
2474,166,안심설계 유아 면티셔츠 (모델-34),이 상품은 출산/유아동 - 수유/이유용품 카테고리의 안심설계 유아 면티셔츠 (모델-34) 입니다. 최고의 품질을 보장합니다.,70000,,23,https://images.unsplash.com/photo-1519238263530-99bdd11df2ea?q=80&w=300,FOR_SALE,2026-02-24 00:00:00
2475,167,친환경 소재 유기농 젖병 세트 (모델-35),이 상품은 출산/유아동 - 아기침구/가구 카테고리의 친환경 소재 유기농 젖병 세트 (모델-35) 입니다. 최고의 품질을 보장합니다.,71000,67400,132,https://images.unsplash.com/photo-1596461404969-9ae70f2830c1?q=80&w=300,FOR_SALE,2025-05-17 00:00:00
2476,167,친환경 소재 유기농 젖병 세트 (모델-36),이 상품은 출산/유아동 - 아기침구/가구 카테고리의 친환경 소재 유기농 젖병 세트 (모델-36) 입니다. 최고의 품질을 보장합니다.,36000,,175,https://images.unsplash.com/photo-1596461404969-9ae70f2830c1?q=80&w=300,FOR_SALE,2026-01-20 00:00:00
2477,167,친환경 소재 일회용 물티슈 (모델-37),이 상품은 출산/유아동 - 아기침구/가구 카테고리의 친환경 소재 일회용 물티슈 (모델-37) 입니다. 최고의 품질을 보장합니다.,70000,,88,https://images.unsplash.com/photo-1563453392-403915916af5?q=80&w=300,FOR_SALE,2024-11-10 00:00:00
2478,164,친환경 소재 유기농 젖병 세트 (모델-38),이 상품은 출산/유아동 - 목욕/스킨케어 카테고리의 친환경 소재 유기농 젖병 세트 (모델-38) 입니다. 최고의 품질을 보장합니다.,103000,,278,https://images.unsplash.com/photo-1596461404969-9ae70f2830c1?q=80&w=300,FOR_SALE,2026-04-02 00:00:00
2479,163,친환경 소재 유아 면티셔츠 (모델-39),이 상품은 출산/유아동 - 기저귀/물티슈 카테고리의 친환경 소재 유아 면티셔츠 (모델-39) 입니다. 최고의 품질을 보장합니다.,44000,,49,https://images.unsplash.com/photo-1519238263530-99bdd11df2ea?q=80&w=300,FOR_SALE,2024-10-10 00:00:00
2480,166,친환경 소재 디럭스 유모차 (모델-40),이 상품은 출산/유아동 - 수유/이유용품 카테고리의 친환경 소재 디럭스 유모차 (모델-40) 입니다. 최고의 품질을 보장합니다.,46000,41400,21,https://images.unsplash.com/photo-1539650116574-8efeb43e2750?q=80&w=300,FOR_SALE,2024-11-04 00:00:00
2481,167,무자극 유기농 젖병 세트 (모델-41),이 상품은 출산/유아동 - 아기침구/가구 카테고리의 무자극 유기농 젖병 세트 (모델-41) 입니다. 최고의 품질을 보장합니다.,12000,,64,https://images.unsplash.com/photo-1596461404969-9ae70f2830c1?q=80&w=300,FOR_SALE,2024-11-04 00:00:00
2482,164,친환경 소재 유기농 젖병 세트 (모델-42),이 상품은 출산/유아동 - 목욕/스킨케어 카테고리의 친환경 소재 유기농 젖병 세트 (모델-42) 입니다. 최고의 품질을 보장합니다.,105000,99800,217,https://images.unsplash.com/photo-1596461404969-9ae70f2830c1?q=80&w=300,FOR_SALE,2025-06-30 00:00:00
2483,169,순한 아동 기저귀 (모델-43),이 상품은 출산/유아동 - 유아완구/교구 카테고리의 순한 아동 기저귀 (모델-43) 입니다. 최고의 품질을 보장합니다.,46000,39100,82,https://images.unsplash.com/photo-1544816155-12df9643f363?q=80&w=300,FOR_SALE,2024-07-16 00:00:00
2484,166,유기농 면 유아 면티셔츠 (모델-44),이 상품은 출산/유아동 - 수유/이유용품 카테고리의 유기농 면 유아 면티셔츠 (모델-44) 입니다. 최고의 품질을 보장합니다.,105000,,17,https://images.unsplash.com/photo-1519238263530-99bdd11df2ea?q=80&w=300,FOR_SALE,2026-01-28 00:00:00
2485,169,유기농 면 아동 기저귀 (모델-45),이 상품은 출산/유아동 - 유아완구/교구 카테고리의 유기농 면 아동 기저귀 (모델-45) 입니다. 최고의 품질을 보장합니다.,114000,102600,97,https://images.unsplash.com/photo-1544816155-12df9643f363?q=80&w=300,FOR_SALE,2025-04-08 00:00:00
2486,166,안심설계 유아 면티셔츠 (모델-46),이 상품은 출산/유아동 - 수유/이유용품 카테고리의 안심설계 유아 면티셔츠 (모델-46) 입니다. 최고의 품질을 보장합니다.,111000,,19,https://images.unsplash.com/photo-1519238263530-99bdd11df2ea?q=80&w=300,FOR_SALE,2025-06-05 00:00:00
2487,170,무자극 유기농 젖병 세트 (모델-47),이 상품은 출산/유아동 - 유아의류/신발 카테고리의 무자극 유기농 젖병 세트 (모델-47) 입니다. 최고의 품질을 보장합니다.,12000,10200,289,https://images.unsplash.com/photo-1596461404969-9ae70f2830c1?q=80&w=300,FOR_SALE,2024-07-21 00:00:00
2488,167,순한 유기농 젖병 세트 (모델-48),이 상품은 출산/유아동 - 아기침구/가구 카테고리의 순한 유기농 젖병 세트 (모델-48) 입니다. 최고의 품질을 보장합니다.,10000,,189,https://images.unsplash.com/photo-1596461404969-9ae70f2830c1?q=80&w=300,FOR_SALE,2025-03-26 00:00:00
2489,163,유기농 면 유기농 젖병 세트 (모델-49),이 상품은 출산/유아동 - 기저귀/물티슈 카테고리의 유기농 면 유기농 젖병 세트 (모델-49) 입니다. 최고의 품질을 보장합니다.,120000,108000,68,https://images.unsplash.com/photo-1596461404969-9ae70f2830c1?q=80&w=300,FOR_SALE,2026-04-11 00:00:00
2490,164,순한 유아 면티셔츠 (모델-50),이 상품은 출산/유아동 - 목욕/스킨케어 카테고리의 순한 유아 면티셔츠 (모델-50) 입니다. 최고의 품질을 보장합니다.,49000,,37,https://images.unsplash.com/photo-1519238263530-99bdd11df2ea?q=80&w=300,FOR_SALE,2025-08-12 00:00:00
2491,164,순한 아동 기저귀 (모델-51),이 상품은 출산/유아동 - 목욕/스킨케어 카테고리의 순한 아동 기저귀 (모델-51) 입니다. 최고의 품질을 보장합니다.,14000,,247,https://images.unsplash.com/photo-1544816155-12df9643f363?q=80&w=300,FOR_SALE,2024-09-26 00:00:00
2492,164,유기농 면 유아 면티셔츠 (모델-52),이 상품은 출산/유아동 - 목욕/스킨케어 카테고리의 유기농 면 유아 면티셔츠 (모델-52) 입니다. 최고의 품질을 보장합니다.,120000,102000,46,https://images.unsplash.com/photo-1519238263530-99bdd11df2ea?q=80&w=300,FOR_SALE,2025-07-18 00:00:00
2493,169,친환경 소재 유기농 젖병 세트 (모델-53),이 상품은 출산/유아동 - 유아완구/교구 카테고리의 친환경 소재 유기농 젖병 세트 (모델-53) 입니다. 최고의 품질을 보장합니다.,49000,,197,https://images.unsplash.com/photo-1596461404969-9ae70f2830c1?q=80&w=300,FOR_SALE,2025-06-07 00:00:00
2494,169,유기농 면 일회용 물티슈 (모델-54),이 상품은 출산/유아동 - 유아완구/교구 카테고리의 유기농 면 일회용 물티슈 (모델-54) 입니다. 최고의 품질을 보장합니다.,66000,62700,90,https://images.unsplash.com/photo-1563453392-403915916af5?q=80&w=300,FOR_SALE,2026-02-16 00:00:00
2495,166,안심설계 유아 면티셔츠 (모델-55),이 상품은 출산/유아동 - 수유/이유용품 카테고리의 안심설계 유아 면티셔츠 (모델-55) 입니다. 최고의 품질을 보장합니다.,16000,,80,https://images.unsplash.com/photo-1519238263530-99bdd11df2ea?q=80&w=300,FOR_SALE,2024-10-19 00:00:00
2496,169,친환경 소재 목욕 물놀이 장난감 (모델-56),이 상품은 출산/유아동 - 유아완구/교구 카테고리의 친환경 소재 목욕 물놀이 장난감 (모델-56) 입니다. 최고의 품질을 보장합니다.,138000,117300,143,https://images.unsplash.com/photo-1584622650111-993a426fbf0a?q=80&w=300,FOR_SALE,2024-12-30 00:00:00
2497,168,순한 유기농 젖병 세트 (모델-57),이 상품은 출산/유아동 - 유모차/카시트 카테고리의 순한 유기농 젖병 세트 (모델-57) 입니다. 최고의 품질을 보장합니다.,37000,33300,162,https://images.unsplash.com/photo-1596461404969-9ae70f2830c1?q=80&w=300,FOR_SALE,2025-10-28 00:00:00
2498,165,유기농 면 유기농 젖병 세트 (모델-58),이 상품은 출산/유아동 - 분유/이유식 카테고리의 유기농 면 유기농 젖병 세트 (모델-58) 입니다. 최고의 품질을 보장합니다.,18000,16200,193,https://images.unsplash.com/photo-1596461404969-9ae70f2830c1?q=80&w=300,FOR_SALE,2025-12-26 00:00:00
2499,163,안심설계 아동 기저귀 (모델-59),이 상품은 출산/유아동 - 기저귀/물티슈 카테고리의 안심설계 아동 기저귀 (모델-59) 입니다. 최고의 품질을 보장합니다.,82000,,296,https://images.unsplash.com/photo-1544816155-12df9643f363?q=80&w=300,FOR_SALE,2024-07-30 00:00:00
2500,170,무자극 아동 기저귀 (모델-60),이 상품은 출산/유아동 - 유아의류/신발 카테고리의 무자극 아동 기저귀 (모델-60) 입니다. 최고의 품질을 보장합니다.,40000,,252,https://images.unsplash.com/photo-1544816155-12df9643f363?q=80&w=300,FOR_SALE,2025-01-25 00:00:00
2501,170,안심설계 유아 면티셔츠 (모델-61),이 상품은 출산/유아동 - 유아의류/신발 카테고리의 안심설계 유아 면티셔츠 (모델-61) 입니다. 최고의 품질을 보장합니다.,96000,,67,https://images.unsplash.com/photo-1519238263530-99bdd11df2ea?q=80&w=300,FOR_SALE,2025-10-16 00:00:00
2502,168,무자극 디럭스 유모차 (모델-62),이 상품은 출산/유아동 - 유모차/카시트 카테고리의 무자극 디럭스 유모차 (모델-62) 입니다. 최고의 품질을 보장합니다.,37000,,127,https://images.unsplash.com/photo-1539650116574-8efeb43e2750?q=80&w=300,FOR_SALE,2026-02-12 00:00:00
2503,168,유기농 면 유아 면티셔츠 (모델-63),이 상품은 출산/유아동 - 유모차/카시트 카테고리의 유기농 면 유아 면티셔츠 (모델-63) 입니다. 최고의 품질을 보장합니다.,51000,48400,60,https://images.unsplash.com/photo-1519238263530-99bdd11df2ea?q=80&w=300,FOR_SALE,2025-06-09 00:00:00
2504,167,순한 일회용 물티슈 (모델-64),이 상품은 출산/유아동 - 아기침구/가구 카테고리의 순한 일회용 물티슈 (모델-64) 입니다. 최고의 품질을 보장합니다.,112000,,174,https://images.unsplash.com/photo-1563453392-403915916af5?q=80&w=300,FOR_SALE,2024-11-10 00:00:00
2505,170,친환경 소재 디럭스 유모차 (모델-65),이 상품은 출산/유아동 - 유아의류/신발 카테고리의 친환경 소재 디럭스 유모차 (모델-65) 입니다. 최고의 품질을 보장합니다.,22000,,186,https://images.unsplash.com/photo-1539650116574-8efeb43e2750?q=80&w=300,FOR_SALE,2025-05-22 00:00:00
2506,166,유기농 면 일회용 물티슈 (모델-66),이 상품은 출산/유아동 - 수유/이유용품 카테고리의 유기농 면 일회용 물티슈 (모델-66) 입니다. 최고의 품질을 보장합니다.,41000,36900,84,https://images.unsplash.com/photo-1563453392-403915916af5?q=80&w=300,FOR_SALE,2026-02-05 00:00:00
2507,167,유기농 면 유아 면티셔츠 (모델-67),이 상품은 출산/유아동 - 아기침구/가구 카테고리의 유기농 면 유아 면티셔츠 (모델-67) 입니다. 최고의 품질을 보장합니다.,73000,,193,https://images.unsplash.com/photo-1519238263530-99bdd11df2ea?q=80&w=300,FOR_SALE,2025-08-21 00:00:00
2508,167,친환경 소재 아동 기저귀 (모델-68),이 상품은 출산/유아동 - 아기침구/가구 카테고리의 친환경 소재 아동 기저귀 (모델-68) 입니다. 최고의 품질을 보장합니다.,68000,61200,211,https://images.unsplash.com/photo-1544816155-12df9643f363?q=80&w=300,FOR_SALE,2024-10-23 00:00:00
2509,164,무자극 디럭스 유모차 (모델-69),이 상품은 출산/유아동 - 목욕/스킨케어 카테고리의 무자극 디럭스 유모차 (모델-69) 입니다. 최고의 품질을 보장합니다.,15000,14200,295,https://images.unsplash.com/photo-1539650116574-8efeb43e2750?q=80&w=300,FOR_SALE,2025-10-14 00:00:00
2510,170,친환경 소재 아동 기저귀 (모델-70),이 상품은 출산/유아동 - 유아의류/신발 카테고리의 친환경 소재 아동 기저귀 (모델-70) 입니다. 최고의 품질을 보장합니다.,20000,19000,200,https://images.unsplash.com/photo-1544816155-12df9643f363?q=80&w=300,FOR_SALE,2025-03-20 00:00:00
2511,164,순한 유아 면티셔츠 (모델-71),이 상품은 출산/유아동 - 목욕/스킨케어 카테고리의 순한 유아 면티셔츠 (모델-71) 입니다. 최고의 품질을 보장합니다.,79000,75000,243,https://images.unsplash.com/photo-1519238263530-99bdd11df2ea?q=80&w=300,FOR_SALE,2024-11-05 00:00:00
2512,167,유기농 면 아동 기저귀 (모델-72),이 상품은 출산/유아동 - 아기침구/가구 카테고리의 유기농 면 아동 기저귀 (모델-72) 입니다. 최고의 품질을 보장합니다.,124000,105400,28,https://images.unsplash.com/photo-1544816155-12df9643f363?q=80&w=300,FOR_SALE,2024-09-04 00:00:00
2513,164,순한 일회용 물티슈 (모델-73),이 상품은 출산/유아동 - 목욕/스킨케어 카테고리의 순한 일회용 물티슈 (모델-73) 입니다. 최고의 품질을 보장합니다.,84000,,241,https://images.unsplash.com/photo-1563453392-403915916af5?q=80&w=300,FOR_SALE,2024-09-12 00:00:00
2514,168,안심설계 디럭스 유모차 (모델-74),이 상품은 출산/유아동 - 유모차/카시트 카테고리의 안심설계 디럭스 유모차 (모델-74) 입니다. 최고의 품질을 보장합니다.,86000,,143,https://images.unsplash.com/photo-1539650116574-8efeb43e2750?q=80&w=300,FOR_SALE,2024-08-13 00:00:00
2515,167,무자극 목욕 물놀이 장난감 (모델-75),이 상품은 출산/유아동 - 아기침구/가구 카테고리의 무자극 목욕 물놀이 장난감 (모델-75) 입니다. 최고의 품질을 보장합니다.,83000,78800,23,https://images.unsplash.com/photo-1584622650111-993a426fbf0a?q=80&w=300,FOR_SALE,2024-11-09 00:00:00
2516,170,유기농 면 아동 기저귀 (모델-76),이 상품은 출산/유아동 - 유아의류/신발 카테고리의 유기농 면 아동 기저귀 (모델-76) 입니다. 최고의 품질을 보장합니다.,14000,13300,125,https://images.unsplash.com/photo-1544816155-12df9643f363?q=80&w=300,FOR_SALE,2026-05-07 00:00:00
2517,166,안심설계 일회용 물티슈 (모델-77),이 상품은 출산/유아동 - 수유/이유용품 카테고리의 안심설계 일회용 물티슈 (모델-77) 입니다. 최고의 품질을 보장합니다.,78000,62400,286,https://images.unsplash.com/photo-1563453392-403915916af5?q=80&w=300,FOR_SALE,2024-09-17 00:00:00
2518,170,무자극 유기농 젖병 세트 (모델-78),이 상품은 출산/유아동 - 유아의류/신발 카테고리의 무자극 유기농 젖병 세트 (모델-78) 입니다. 최고의 품질을 보장합니다.,57000,,34,https://images.unsplash.com/photo-1596461404969-9ae70f2830c1?q=80&w=300,FOR_SALE,2024-07-29 00:00:00
2519,164,순한 목욕 물놀이 장난감 (모델-79),이 상품은 출산/유아동 - 목욕/스킨케어 카테고리의 순한 목욕 물놀이 장난감 (모델-79) 입니다. 최고의 품질을 보장합니다.,127000,,157,https://images.unsplash.com/photo-1584622650111-993a426fbf0a?q=80&w=300,FOR_SALE,2025-09-02 00:00:00
2520,165,친환경 소재 유아 면티셔츠 (모델-80),이 상품은 출산/유아동 - 분유/이유식 카테고리의 친환경 소재 유아 면티셔츠 (모델-80) 입니다. 최고의 품질을 보장합니다.,90000,81000,117,https://images.unsplash.com/photo-1519238263530-99bdd11df2ea?q=80&w=300,FOR_SALE,2026-05-04 00:00:00
2521,169,무자극 일회용 물티슈 (모델-81),이 상품은 출산/유아동 - 유아완구/교구 카테고리의 무자극 일회용 물티슈 (모델-81) 입니다. 최고의 품질을 보장합니다.,120000,96000,129,https://images.unsplash.com/photo-1563453392-403915916af5?q=80&w=300,FOR_SALE,2025-11-30 00:00:00
2522,163,친환경 소재 아동 기저귀 (모델-82),이 상품은 출산/유아동 - 기저귀/물티슈 카테고리의 친환경 소재 아동 기저귀 (모델-82) 입니다. 최고의 품질을 보장합니다.,111000,105400,298,https://images.unsplash.com/photo-1544816155-12df9643f363?q=80&w=300,FOR_SALE,2025-08-27 00:00:00
2523,170,유기농 면 아동 기저귀 (모델-83),이 상품은 출산/유아동 - 유아의류/신발 카테고리의 유기농 면 아동 기저귀 (모델-83) 입니다. 최고의 품질을 보장합니다.,40000,,174,https://images.unsplash.com/photo-1544816155-12df9643f363?q=80&w=300,FOR_SALE,2025-07-21 00:00:00
2524,166,안심설계 유기농 젖병 세트 (모델-84),이 상품은 출산/유아동 - 수유/이유용품 카테고리의 안심설계 유기농 젖병 세트 (모델-84) 입니다. 최고의 품질을 보장합니다.,24000,22800,263,https://images.unsplash.com/photo-1596461404969-9ae70f2830c1?q=80&w=300,FOR_SALE,2025-06-20 00:00:00
2525,168,순한 일회용 물티슈 (모델-85),이 상품은 출산/유아동 - 유모차/카시트 카테고리의 순한 일회용 물티슈 (모델-85) 입니다. 최고의 품질을 보장합니다.,44000,37400,56,https://images.unsplash.com/photo-1563453392-403915916af5?q=80&w=300,FOR_SALE,2025-06-08 00:00:00
2526,166,안심설계 아동 기저귀 (모델-86),이 상품은 출산/유아동 - 수유/이유용품 카테고리의 안심설계 아동 기저귀 (모델-86) 입니다. 최고의 품질을 보장합니다.,82000,,277,https://images.unsplash.com/photo-1544816155-12df9643f363?q=80&w=300,FOR_SALE,2026-05-27 00:00:00
2527,163,안심설계 아동 기저귀 (모델-87),이 상품은 출산/유아동 - 기저귀/물티슈 카테고리의 안심설계 아동 기저귀 (모델-87) 입니다. 최고의 품질을 보장합니다.,41000,,229,https://images.unsplash.com/photo-1544816155-12df9643f363?q=80&w=300,FOR_SALE,2025-11-29 00:00:00
2528,170,안심설계 디럭스 유모차 (모델-88),이 상품은 출산/유아동 - 유아의류/신발 카테고리의 안심설계 디럭스 유모차 (모델-88) 입니다. 최고의 품질을 보장합니다.,123000,,278,https://images.unsplash.com/photo-1539650116574-8efeb43e2750?q=80&w=300,FOR_SALE,2026-01-07 00:00:00
2529,164,유기농 면 일회용 물티슈 (모델-89),이 상품은 출산/유아동 - 목욕/스킨케어 카테고리의 유기농 면 일회용 물티슈 (모델-89) 입니다. 최고의 품질을 보장합니다.,51000,45900,281,https://images.unsplash.com/photo-1563453392-403915916af5?q=80&w=300,FOR_SALE,2024-10-31 00:00:00
2530,163,유기농 면 일회용 물티슈 (모델-90),이 상품은 출산/유아동 - 기저귀/물티슈 카테고리의 유기농 면 일회용 물티슈 (모델-90) 입니다. 최고의 품질을 보장합니다.,43000,40800,34,https://images.unsplash.com/photo-1563453392-403915916af5?q=80&w=300,FOR_SALE,2024-07-29 00:00:00
2531,168,무자극 유아 면티셔츠 (모델-91),이 상품은 출산/유아동 - 유모차/카시트 카테고리의 무자극 유아 면티셔츠 (모델-91) 입니다. 최고의 품질을 보장합니다.,131000,124400,249,https://images.unsplash.com/photo-1519238263530-99bdd11df2ea?q=80&w=300,FOR_SALE,2025-04-18 00:00:00
2532,163,순한 유기농 젖병 세트 (모델-92),이 상품은 출산/유아동 - 기저귀/물티슈 카테고리의 순한 유기농 젖병 세트 (모델-92) 입니다. 최고의 품질을 보장합니다.,24000,22800,167,https://images.unsplash.com/photo-1596461404969-9ae70f2830c1?q=80&w=300,FOR_SALE,2026-03-23 00:00:00
2533,165,순한 유아 면티셔츠 (모델-93),이 상품은 출산/유아동 - 분유/이유식 카테고리의 순한 유아 면티셔츠 (모델-93) 입니다. 최고의 품질을 보장합니다.,87000,74000,34,https://images.unsplash.com/photo-1519238263530-99bdd11df2ea?q=80&w=300,FOR_SALE,2026-01-08 00:00:00
2534,169,무자극 유아 면티셔츠 (모델-94),이 상품은 출산/유아동 - 유아완구/교구 카테고리의 무자극 유아 면티셔츠 (모델-94) 입니다. 최고의 품질을 보장합니다.,135000,128200,116,https://images.unsplash.com/photo-1519238263530-99bdd11df2ea?q=80&w=300,FOR_SALE,2024-08-23 00:00:00
2535,166,무자극 일회용 물티슈 (모델-95),이 상품은 출산/유아동 - 수유/이유용품 카테고리의 무자극 일회용 물티슈 (모델-95) 입니다. 최고의 품질을 보장합니다.,83000,,270,https://images.unsplash.com/photo-1563453392-403915916af5?q=80&w=300,FOR_SALE,2026-05-02 00:00:00
2536,168,유기농 면 디럭스 유모차 (모델-96),이 상품은 출산/유아동 - 유모차/카시트 카테고리의 유기농 면 디럭스 유모차 (모델-96) 입니다. 최고의 품질을 보장합니다.,140000,,99,https://images.unsplash.com/photo-1539650116574-8efeb43e2750?q=80&w=300,FOR_SALE,2026-03-01 00:00:00
2537,164,무자극 아동 기저귀 (모델-97),이 상품은 출산/유아동 - 목욕/스킨케어 카테고리의 무자극 아동 기저귀 (모델-97) 입니다. 최고의 품질을 보장합니다.,35000,31500,50,https://images.unsplash.com/photo-1544816155-12df9643f363?q=80&w=300,FOR_SALE,2024-12-06 00:00:00
2538,167,순한 유아 면티셔츠 (모델-98),이 상품은 출산/유아동 - 아기침구/가구 카테고리의 순한 유아 면티셔츠 (모델-98) 입니다. 최고의 품질을 보장합니다.,109000,,72,https://images.unsplash.com/photo-1519238263530-99bdd11df2ea?q=80&w=300,FOR_SALE,2025-10-25 00:00:00
2539,168,무자극 일회용 물티슈 (모델-99),이 상품은 출산/유아동 - 유모차/카시트 카테고리의 무자극 일회용 물티슈 (모델-99) 입니다. 최고의 품질을 보장합니다.,127000,120600,240,https://images.unsplash.com/photo-1563453392-403915916af5?q=80&w=300,FOR_SALE,2025-05-13 00:00:00
2540,164,순한 디럭스 유모차 (모델-100),이 상품은 출산/유아동 - 목욕/스킨케어 카테고리의 순한 디럭스 유모차 (모델-100) 입니다. 최고의 품질을 보장합니다.,52000,,22,https://images.unsplash.com/photo-1539650116574-8efeb43e2750?q=80&w=300,FOR_SALE,2025-03-30 00:00:00
2541,170,친환경 소재 아동 기저귀 (모델-101),이 상품은 출산/유아동 - 유아의류/신발 카테고리의 친환경 소재 아동 기저귀 (모델-101) 입니다. 최고의 품질을 보장합니다.,149000,126600,294,https://images.unsplash.com/photo-1544816155-12df9643f363?q=80&w=300,FOR_SALE,2025-02-23 00:00:00
2542,163,친환경 소재 유아 면티셔츠 (모델-102),이 상품은 출산/유아동 - 기저귀/물티슈 카테고리의 친환경 소재 유아 면티셔츠 (모델-102) 입니다. 최고의 품질을 보장합니다.,73000,,48,https://images.unsplash.com/photo-1519238263530-99bdd11df2ea?q=80&w=300,FOR_SALE,2025-06-18 00:00:00
2543,167,유기농 면 디럭스 유모차 (모델-103),이 상품은 출산/유아동 - 아기침구/가구 카테고리의 유기농 면 디럭스 유모차 (모델-103) 입니다. 최고의 품질을 보장합니다.,106000,,154,https://images.unsplash.com/photo-1539650116574-8efeb43e2750?q=80&w=300,FOR_SALE,2025-12-23 00:00:00
2544,169,안심설계 아동 기저귀 (모델-104),이 상품은 출산/유아동 - 유아완구/교구 카테고리의 안심설계 아동 기저귀 (모델-104) 입니다. 최고의 품질을 보장합니다.,73000,,115,https://images.unsplash.com/photo-1544816155-12df9643f363?q=80&w=300,FOR_SALE,2025-05-20 00:00:00
2545,164,유기농 면 아동 기저귀 (모델-105),이 상품은 출산/유아동 - 목욕/스킨케어 카테고리의 유기농 면 아동 기저귀 (모델-105) 입니다. 최고의 품질을 보장합니다.,26000,,144,https://images.unsplash.com/photo-1544816155-12df9643f363?q=80&w=300,FOR_SALE,2025-07-18 00:00:00
2546,169,무자극 일회용 물티슈 (모델-106),이 상품은 출산/유아동 - 유아완구/교구 카테고리의 무자극 일회용 물티슈 (모델-106) 입니다. 최고의 품질을 보장합니다.,146000,131400,168,https://images.unsplash.com/photo-1563453392-403915916af5?q=80&w=300,FOR_SALE,2025-07-05 00:00:00
2547,169,순한 디럭스 유모차 (모델-107),이 상품은 출산/유아동 - 유아완구/교구 카테고리의 순한 디럭스 유모차 (모델-107) 입니다. 최고의 품질을 보장합니다.,113000,90400,121,https://images.unsplash.com/photo-1539650116574-8efeb43e2750?q=80&w=300,FOR_SALE,2024-10-29 00:00:00
2548,163,무자극 목욕 물놀이 장난감 (모델-108),이 상품은 출산/유아동 - 기저귀/물티슈 카테고리의 무자극 목욕 물놀이 장난감 (모델-108) 입니다. 최고의 품질을 보장합니다.,84000,,125,https://images.unsplash.com/photo-1584622650111-993a426fbf0a?q=80&w=300,FOR_SALE,2024-09-30 00:00:00
2549,168,유기농 면 목욕 물놀이 장난감 (모델-109),이 상품은 출산/유아동 - 유모차/카시트 카테고리의 유기농 면 목욕 물놀이 장난감 (모델-109) 입니다. 최고의 품질을 보장합니다.,131000,,58,https://images.unsplash.com/photo-1584622650111-993a426fbf0a?q=80&w=300,FOR_SALE,2026-03-08 00:00:00
2550,165,친환경 소재 유아 면티셔츠 (모델-110),이 상품은 출산/유아동 - 분유/이유식 카테고리의 친환경 소재 유아 면티셔츠 (모델-110) 입니다. 최고의 품질을 보장합니다.,43000,34400,279,https://images.unsplash.com/photo-1519238263530-99bdd11df2ea?q=80&w=300,FOR_SALE,2026-04-10 00:00:00
2551,170,순한 목욕 물놀이 장난감 (모델-111),이 상품은 출산/유아동 - 유아의류/신발 카테고리의 순한 목욕 물놀이 장난감 (모델-111) 입니다. 최고의 품질을 보장합니다.,110000,93500,187,https://images.unsplash.com/photo-1584622650111-993a426fbf0a?q=80&w=300,FOR_SALE,2025-12-25 00:00:00
2552,166,순한 목욕 물놀이 장난감 (모델-112),이 상품은 출산/유아동 - 수유/이유용품 카테고리의 순한 목욕 물놀이 장난감 (모델-112) 입니다. 최고의 품질을 보장합니다.,95000,,14,https://images.unsplash.com/photo-1584622650111-993a426fbf0a?q=80&w=300,FOR_SALE,2025-12-23 00:00:00
2553,167,무자극 아동 기저귀 (모델-113),이 상품은 출산/유아동 - 아기침구/가구 카테고리의 무자극 아동 기저귀 (모델-113) 입니다. 최고의 품질을 보장합니다.,54000,,59,https://images.unsplash.com/photo-1544816155-12df9643f363?q=80&w=300,FOR_SALE,2024-09-08 00:00:00
2554,163,순한 일회용 물티슈 (모델-114),이 상품은 출산/유아동 - 기저귀/물티슈 카테고리의 순한 일회용 물티슈 (모델-114) 입니다. 최고의 품질을 보장합니다.,126000,113400,249,https://images.unsplash.com/photo-1563453392-403915916af5?q=80&w=300,FOR_SALE,2026-04-13 00:00:00
2555,168,무자극 유기농 젖병 세트 (모델-115),이 상품은 출산/유아동 - 유모차/카시트 카테고리의 무자극 유기농 젖병 세트 (모델-115) 입니다. 최고의 품질을 보장합니다.,62000,,255,https://images.unsplash.com/photo-1596461404969-9ae70f2830c1?q=80&w=300,FOR_SALE,2024-07-12 00:00:00
2556,165,순한 유아 면티셔츠 (모델-116),이 상품은 출산/유아동 - 분유/이유식 카테고리의 순한 유아 면티셔츠 (모델-116) 입니다. 최고의 품질을 보장합니다.,62000,58900,243,https://images.unsplash.com/photo-1519238263530-99bdd11df2ea?q=80&w=300,FOR_SALE,2026-03-11 00:00:00
2557,169,친환경 소재 디럭스 유모차 (모델-117),이 상품은 출산/유아동 - 유아완구/교구 카테고리의 친환경 소재 디럭스 유모차 (모델-117) 입니다. 최고의 품질을 보장합니다.,112000,,20,https://images.unsplash.com/photo-1539650116574-8efeb43e2750?q=80&w=300,FOR_SALE,2025-08-28 00:00:00
2558,163,순한 아동 기저귀 (모델-118),이 상품은 출산/유아동 - 기저귀/물티슈 카테고리의 순한 아동 기저귀 (모델-118) 입니다. 최고의 품질을 보장합니다.,12000,,62,https://images.unsplash.com/photo-1544816155-12df9643f363?q=80&w=300,FOR_SALE,2025-03-06 00:00:00
2559,163,무자극 디럭스 유모차 (모델-119),이 상품은 출산/유아동 - 기저귀/물티슈 카테고리의 무자극 디럭스 유모차 (모델-119) 입니다. 최고의 품질을 보장합니다.,141000,,101,https://images.unsplash.com/photo-1539650116574-8efeb43e2750?q=80&w=300,FOR_SALE,2024-07-25 00:00:00
2560,164,친환경 소재 유기농 젖병 세트 (모델-120),이 상품은 출산/유아동 - 목욕/스킨케어 카테고리의 친환경 소재 유기농 젖병 세트 (모델-120) 입니다. 최고의 품질을 보장합니다.,99000,,227,https://images.unsplash.com/photo-1596461404969-9ae70f2830c1?q=80&w=300,FOR_SALE,2025-03-25 00:00:00
2561,170,안심설계 디럭스 유모차 (모델-121),이 상품은 출산/유아동 - 유아의류/신발 카테고리의 안심설계 디럭스 유모차 (모델-121) 입니다. 최고의 품질을 보장합니다.,104000,93600,172,https://images.unsplash.com/photo-1539650116574-8efeb43e2750?q=80&w=300,FOR_SALE,2025-01-21 00:00:00
2562,165,유기농 면 유기농 젖병 세트 (모델-122),이 상품은 출산/유아동 - 분유/이유식 카테고리의 유기농 면 유기농 젖병 세트 (모델-122) 입니다. 최고의 품질을 보장합니다.,129000,116100,140,https://images.unsplash.com/photo-1596461404969-9ae70f2830c1?q=80&w=300,FOR_SALE,2024-09-19 00:00:00
2563,164,친환경 소재 목욕 물놀이 장난감 (모델-123),이 상품은 출산/유아동 - 목욕/스킨케어 카테고리의 친환경 소재 목욕 물놀이 장난감 (모델-123) 입니다. 최고의 품질을 보장합니다.,13000,12400,15,https://images.unsplash.com/photo-1584622650111-993a426fbf0a?q=80&w=300,FOR_SALE,2025-03-07 00:00:00
2564,169,친환경 소재 유아 면티셔츠 (모델-124),이 상품은 출산/유아동 - 유아완구/교구 카테고리의 친환경 소재 유아 면티셔츠 (모델-124) 입니다. 최고의 품질을 보장합니다.,17000,,222,https://images.unsplash.com/photo-1519238263530-99bdd11df2ea?q=80&w=300,FOR_SALE,2025-04-04 00:00:00
2565,166,친환경 소재 디럭스 유모차 (모델-125),이 상품은 출산/유아동 - 수유/이유용품 카테고리의 친환경 소재 디럭스 유모차 (모델-125) 입니다. 최고의 품질을 보장합니다.,95000,90200,118,https://images.unsplash.com/photo-1539650116574-8efeb43e2750?q=80&w=300,FOR_SALE,2025-08-27 00:00:00
2566,170,순한 아동 기저귀 (모델-126),이 상품은 출산/유아동 - 유아의류/신발 카테고리의 순한 아동 기저귀 (모델-126) 입니다. 최고의 품질을 보장합니다.,138000,,277,https://images.unsplash.com/photo-1544816155-12df9643f363?q=80&w=300,FOR_SALE,2025-10-25 00:00:00
2567,166,친환경 소재 디럭스 유모차 (모델-127),이 상품은 출산/유아동 - 수유/이유용품 카테고리의 친환경 소재 디럭스 유모차 (모델-127) 입니다. 최고의 품질을 보장합니다.,53000,47700,26,https://images.unsplash.com/photo-1539650116574-8efeb43e2750?q=80&w=300,FOR_SALE,2024-12-25 00:00:00
2568,170,안심설계 아동 기저귀 (모델-128),이 상품은 출산/유아동 - 유아의류/신발 카테고리의 안심설계 아동 기저귀 (모델-128) 입니다. 최고의 품질을 보장합니다.,121000,,161,https://images.unsplash.com/photo-1544816155-12df9643f363?q=80&w=300,FOR_SALE,2026-02-06 00:00:00
2569,163,친환경 소재 목욕 물놀이 장난감 (모델-129),이 상품은 출산/유아동 - 기저귀/물티슈 카테고리의 친환경 소재 목욕 물놀이 장난감 (모델-129) 입니다. 최고의 품질을 보장합니다.,126000,119700,178,https://images.unsplash.com/photo-1584622650111-993a426fbf0a?q=80&w=300,FOR_SALE,2025-06-14 00:00:00
2570,164,안심설계 일회용 물티슈 (모델-130),이 상품은 출산/유아동 - 목욕/스킨케어 카테고리의 안심설계 일회용 물티슈 (모델-130) 입니다. 최고의 품질을 보장합니다.,117000,111200,137,https://images.unsplash.com/photo-1563453392-403915916af5?q=80&w=300,FOR_SALE,2025-03-19 00:00:00
2571,166,안심설계 목욕 물놀이 장난감 (모델-131),이 상품은 출산/유아동 - 수유/이유용품 카테고리의 안심설계 목욕 물놀이 장난감 (모델-131) 입니다. 최고의 품질을 보장합니다.,136000,,166,https://images.unsplash.com/photo-1584622650111-993a426fbf0a?q=80&w=300,FOR_SALE,2026-02-09 00:00:00
2572,169,친환경 소재 유기농 젖병 세트 (모델-132),이 상품은 출산/유아동 - 유아완구/교구 카테고리의 친환경 소재 유기농 젖병 세트 (모델-132) 입니다. 최고의 품질을 보장합니다.,62000,,32,https://images.unsplash.com/photo-1596461404969-9ae70f2830c1?q=80&w=300,FOR_SALE,2025-08-16 00:00:00
2573,169,순한 아동 기저귀 (모델-133),이 상품은 출산/유아동 - 유아완구/교구 카테고리의 순한 아동 기저귀 (모델-133) 입니다. 최고의 품질을 보장합니다.,87000,78300,219,https://images.unsplash.com/photo-1544816155-12df9643f363?q=80&w=300,FOR_SALE,2024-10-03 00:00:00
2574,163,친환경 소재 유기농 젖병 세트 (모델-134),이 상품은 출산/유아동 - 기저귀/물티슈 카테고리의 친환경 소재 유기농 젖병 세트 (모델-134) 입니다. 최고의 품질을 보장합니다.,100000,95000,272,https://images.unsplash.com/photo-1596461404969-9ae70f2830c1?q=80&w=300,FOR_SALE,2025-01-20 00:00:00
2575,166,안심설계 디럭스 유모차 (모델-135),이 상품은 출산/유아동 - 수유/이유용품 카테고리의 안심설계 디럭스 유모차 (모델-135) 입니다. 최고의 품질을 보장합니다.,110000,104500,55,https://images.unsplash.com/photo-1539650116574-8efeb43e2750?q=80&w=300,FOR_SALE,2024-12-10 00:00:00
2576,165,무자극 목욕 물놀이 장난감 (모델-136),이 상품은 출산/유아동 - 분유/이유식 카테고리의 무자극 목욕 물놀이 장난감 (모델-136) 입니다. 최고의 품질을 보장합니다.,130000,,56,https://images.unsplash.com/photo-1584622650111-993a426fbf0a?q=80&w=300,FOR_SALE,2024-07-19 00:00:00
2577,166,안심설계 디럭스 유모차 (모델-137),이 상품은 출산/유아동 - 수유/이유용품 카테고리의 안심설계 디럭스 유모차 (모델-137) 입니다. 최고의 품질을 보장합니다.,84000,71400,58,https://images.unsplash.com/photo-1539650116574-8efeb43e2750?q=80&w=300,FOR_SALE,2025-07-22 00:00:00
2578,169,무자극 유아 면티셔츠 (모델-138),이 상품은 출산/유아동 - 유아완구/교구 카테고리의 무자극 유아 면티셔츠 (모델-138) 입니다. 최고의 품질을 보장합니다.,97000,,199,https://images.unsplash.com/photo-1519238263530-99bdd11df2ea?q=80&w=300,FOR_SALE,2026-04-17 00:00:00
2579,165,친환경 소재 유기농 젖병 세트 (모델-139),이 상품은 출산/유아동 - 분유/이유식 카테고리의 친환경 소재 유기농 젖병 세트 (모델-139) 입니다. 최고의 품질을 보장합니다.,131000,117900,48,https://images.unsplash.com/photo-1596461404969-9ae70f2830c1?q=80&w=300,FOR_SALE,2025-10-20 00:00:00
2580,168,무자극 유아 면티셔츠 (모델-140),이 상품은 출산/유아동 - 유모차/카시트 카테고리의 무자극 유아 면티셔츠 (모델-140) 입니다. 최고의 품질을 보장합니다.,50000,42500,158,https://images.unsplash.com/photo-1519238263530-99bdd11df2ea?q=80&w=300,FOR_SALE,2025-04-24 00:00:00
2581,171,암막 암막 커튼 (모델-1),이 상품은 가구/인테리어 - 거실가구 카테고리의 암막 암막 커튼 (모델-1) 입니다. 최고의 품질을 보장합니다.,690000,,196,https://images.unsplash.com/photo-1514894780887-121968d00567?q=80&w=300,FOR_SALE,2024-09-27 00:00:00
2582,174,아늑한 소이 캔들 향초 (모델-2),이 상품은 가구/인테리어 - 조명 카테고리의 아늑한 소이 캔들 향초 (모델-2) 입니다. 최고의 품질을 보장합니다.,370000,314500,283,https://images.unsplash.com/photo-1603006905003-be475563bc59?q=80&w=300,FOR_SALE,2026-04-07 00:00:00
2583,176,아늑한 소이 캔들 향초 (모델-3),이 상품은 가구/인테리어 - 침구/패브릭 카테고리의 아늑한 소이 캔들 향초 (모델-3) 입니다. 최고의 품질을 보장합니다.,620000,527000,260,https://images.unsplash.com/photo-1603006905003-be475563bc59?q=80&w=300,FOR_SALE,2026-05-26 00:00:00
2584,178,감성 인테리어 스탠드 조명 (모델-4),이 상품은 가구/인테리어 - 홈데코/DIY 카테고리의 감성 인테리어 스탠드 조명 (모델-4) 입니다. 최고의 품질을 보장합니다.,380000,,208,https://images.unsplash.com/photo-1507473885765-e6ed057f782c?q=80&w=300,FOR_SALE,2025-11-05 00:00:00
2585,178,원목 암막 커튼 (모델-5),이 상품은 가구/인테리어 - 홈데코/DIY 카테고리의 원목 암막 커튼 (모델-5) 입니다. 최고의 품질을 보장합니다.,780000,702000,251,https://images.unsplash.com/photo-1514894780887-121968d00567?q=80&w=300,FOR_SALE,2025-07-29 00:00:00
2586,171,감성 싱글 침대 프레임 (모델-6),이 상품은 가구/인테리어 - 거실가구 카테고리의 감성 싱글 침대 프레임 (모델-6) 입니다. 최고의 품질을 보장합니다.,300000,255000,234,https://images.unsplash.com/photo-1505693416388-ac5ce068fe85?q=80&w=300,FOR_SALE,2025-10-29 00:00:00
2587,174,암막 3인용 가죽 소파 (모델-7),이 상품은 가구/인테리어 - 조명 카테고리의 암막 3인용 가죽 소파 (모델-7) 입니다. 최고의 품질을 보장합니다.,450000,,155,https://images.unsplash.com/photo-1555041469-a586c61ea9bc?q=80&w=300,FOR_SALE,2026-01-13 00:00:00
2588,173,감성 3인용 가죽 소파 (모델-8),이 상품은 가구/인테리어 - 인테리어소품 카테고리의 감성 3인용 가죽 소파 (모델-8) 입니다. 최고의 품질을 보장합니다.,520000,442000,190,https://images.unsplash.com/photo-1555041469-a586c61ea9bc?q=80&w=300,FOR_SALE,2025-09-14 00:00:00
2589,172,모던 싱글 침대 프레임 (모델-9),이 상품은 가구/인테리어 - 수납가구 카테고리의 모던 싱글 침대 프레임 (모델-9) 입니다. 최고의 품질을 보장합니다.,730000,584000,182,https://images.unsplash.com/photo-1505693416388-ac5ce068fe85?q=80&w=300,FOR_SALE,2025-08-10 00:00:00
2590,177,수납형 싱글 침대 프레임 (모델-10),이 상품은 가구/인테리어 - 침실가구 카테고리의 수납형 싱글 침대 프레임 (모델-10) 입니다. 최고의 품질을 보장합니다.,390000,351000,244,https://images.unsplash.com/photo-1505693416388-ac5ce068fe85?q=80&w=300,FOR_SALE,2025-07-02 00:00:00
2591,174,감성 5단 서랍장 (모델-11),이 상품은 가구/인테리어 - 조명 카테고리의 감성 5단 서랍장 (모델-11) 입니다. 최고의 품질을 보장합니다.,340000,,68,https://images.unsplash.com/photo-1595428774223-ef52624120d2?q=80&w=300,FOR_SALE,2026-01-31 00:00:00
2592,175,아늑한 3인용 가죽 소파 (모델-12),이 상품은 가구/인테리어 - 주방/식탁가구 카테고리의 아늑한 3인용 가죽 소파 (모델-12) 입니다. 최고의 품질을 보장합니다.,490000,,270,https://images.unsplash.com/photo-1555041469-a586c61ea9bc?q=80&w=300,FOR_SALE,2026-05-26 00:00:00
2593,175,원목 싱글 침대 프레임 (모델-13),이 상품은 가구/인테리어 - 주방/식탁가구 카테고리의 원목 싱글 침대 프레임 (모델-13) 입니다. 최고의 품질을 보장합니다.,530000,450500,124,https://images.unsplash.com/photo-1505693416388-ac5ce068fe85?q=80&w=300,FOR_SALE,2025-01-09 00:00:00
2594,178,암막 싱글 침대 프레임 (모델-14),이 상품은 가구/인테리어 - 홈데코/DIY 카테고리의 암막 싱글 침대 프레임 (모델-14) 입니다. 최고의 품질을 보장합니다.,380000,304000,214,https://images.unsplash.com/photo-1505693416388-ac5ce068fe85?q=80&w=300,FOR_SALE,2025-03-19 00:00:00
2595,175,암막 5단 서랍장 (모델-15),이 상품은 가구/인테리어 - 주방/식탁가구 카테고리의 암막 5단 서랍장 (모델-15) 입니다. 최고의 품질을 보장합니다.,720000,684000,165,https://images.unsplash.com/photo-1595428774223-ef52624120d2?q=80&w=300,FOR_SALE,2025-12-05 00:00:00
2596,173,원목 암막 커튼 (모델-16),이 상품은 가구/인테리어 - 인테리어소품 카테고리의 원목 암막 커튼 (모델-16) 입니다. 최고의 품질을 보장합니다.,430000,,209,https://images.unsplash.com/photo-1514894780887-121968d00567?q=80&w=300,FOR_SALE,2026-01-21 00:00:00
2597,172,수납형 인테리어 스탠드 조명 (모델-17),이 상품은 가구/인테리어 - 수납가구 카테고리의 수납형 인테리어 스탠드 조명 (모델-17) 입니다. 최고의 품질을 보장합니다.,350000,,253,https://images.unsplash.com/photo-1507473885765-e6ed057f782c?q=80&w=300,FOR_SALE,2025-05-09 00:00:00
2598,173,아늑한 소이 캔들 향초 (모델-18),이 상품은 가구/인테리어 - 인테리어소품 카테고리의 아늑한 소이 캔들 향초 (모델-18) 입니다. 최고의 품질을 보장합니다.,340000,,218,https://images.unsplash.com/photo-1603006905003-be475563bc59?q=80&w=300,FOR_SALE,2024-12-04 00:00:00
2599,177,암막 싱글 침대 프레임 (모델-19),이 상품은 가구/인테리어 - 침실가구 카테고리의 암막 싱글 침대 프레임 (모델-19) 입니다. 최고의 품질을 보장합니다.,440000,,112,https://images.unsplash.com/photo-1505693416388-ac5ce068fe85?q=80&w=300,FOR_SALE,2025-10-10 00:00:00
2600,173,모던 5단 서랍장 (모델-20),이 상품은 가구/인테리어 - 인테리어소품 카테고리의 모던 5단 서랍장 (모델-20) 입니다. 최고의 품질을 보장합니다.,360000,342000,79,https://images.unsplash.com/photo-1595428774223-ef52624120d2?q=80&w=300,FOR_SALE,2025-01-06 00:00:00
2601,176,모던 인테리어 스탠드 조명 (모델-21),이 상품은 가구/인테리어 - 침구/패브릭 카테고리의 모던 인테리어 스탠드 조명 (모델-21) 입니다. 최고의 품질을 보장합니다.,760000,,202,https://images.unsplash.com/photo-1507473885765-e6ed057f782c?q=80&w=300,FOR_SALE,2024-11-07 00:00:00
2602,173,모던 소이 캔들 향초 (모델-22),이 상품은 가구/인테리어 - 인테리어소품 카테고리의 모던 소이 캔들 향초 (모델-22) 입니다. 최고의 품질을 보장합니다.,620000,,295,https://images.unsplash.com/photo-1603006905003-be475563bc59?q=80&w=300,FOR_SALE,2024-07-18 00:00:00
2603,175,모던 3인용 가죽 소파 (모델-23),이 상품은 가구/인테리어 - 주방/식탁가구 카테고리의 모던 3인용 가죽 소파 (모델-23) 입니다. 최고의 품질을 보장합니다.,720000,648000,154,https://images.unsplash.com/photo-1555041469-a586c61ea9bc?q=80&w=300,FOR_SALE,2025-06-05 00:00:00
2604,171,아늑한 3인용 가죽 소파 (모델-24),이 상품은 가구/인테리어 - 거실가구 카테고리의 아늑한 3인용 가죽 소파 (모델-24) 입니다. 최고의 품질을 보장합니다.,450000,427500,256,https://images.unsplash.com/photo-1555041469-a586c61ea9bc?q=80&w=300,FOR_SALE,2026-03-21 00:00:00
2605,176,수납형 인테리어 스탠드 조명 (모델-25),이 상품은 가구/인테리어 - 침구/패브릭 카테고리의 수납형 인테리어 스탠드 조명 (모델-25) 입니다. 최고의 품질을 보장합니다.,790000,671500,77,https://images.unsplash.com/photo-1507473885765-e6ed057f782c?q=80&w=300,FOR_SALE,2025-04-22 00:00:00
2606,178,수납형 소이 캔들 향초 (모델-26),이 상품은 가구/인테리어 - 홈데코/DIY 카테고리의 수납형 소이 캔들 향초 (모델-26) 입니다. 최고의 품질을 보장합니다.,470000,423000,232,https://images.unsplash.com/photo-1603006905003-be475563bc59?q=80&w=300,FOR_SALE,2026-04-20 00:00:00
2607,173,원목 암막 커튼 (모델-27),이 상품은 가구/인테리어 - 인테리어소품 카테고리의 원목 암막 커튼 (모델-27) 입니다. 최고의 품질을 보장합니다.,490000,,138,https://images.unsplash.com/photo-1514894780887-121968d00567?q=80&w=300,FOR_SALE,2025-03-13 00:00:00
2608,175,모던 5단 서랍장 (모델-28),이 상품은 가구/인테리어 - 주방/식탁가구 카테고리의 모던 5단 서랍장 (모델-28) 입니다. 최고의 품질을 보장합니다.,780000,,12,https://images.unsplash.com/photo-1595428774223-ef52624120d2?q=80&w=300,FOR_SALE,2026-05-14 00:00:00
2609,172,수납형 5단 서랍장 (모델-29),이 상품은 가구/인테리어 - 수납가구 카테고리의 수납형 5단 서랍장 (모델-29) 입니다. 최고의 품질을 보장합니다.,760000,684000,259,https://images.unsplash.com/photo-1595428774223-ef52624120d2?q=80&w=300,FOR_SALE,2025-02-17 00:00:00
2610,173,감성 인테리어 스탠드 조명 (모델-30),이 상품은 가구/인테리어 - 인테리어소품 카테고리의 감성 인테리어 스탠드 조명 (모델-30) 입니다. 최고의 품질을 보장합니다.,370000,,64,https://images.unsplash.com/photo-1507473885765-e6ed057f782c?q=80&w=300,FOR_SALE,2026-03-15 00:00:00
2611,174,암막 인테리어 스탠드 조명 (모델-31),이 상품은 가구/인테리어 - 조명 카테고리의 암막 인테리어 스탠드 조명 (모델-31) 입니다. 최고의 품질을 보장합니다.,650000,,34,https://images.unsplash.com/photo-1507473885765-e6ed057f782c?q=80&w=300,FOR_SALE,2025-07-17 00:00:00
2612,174,원목 싱글 침대 프레임 (모델-32),이 상품은 가구/인테리어 - 조명 카테고리의 원목 싱글 침대 프레임 (모델-32) 입니다. 최고의 품질을 보장합니다.,450000,382500,162,https://images.unsplash.com/photo-1505693416388-ac5ce068fe85?q=80&w=300,FOR_SALE,2024-10-21 00:00:00
2613,173,수납형 인테리어 스탠드 조명 (모델-33),이 상품은 가구/인테리어 - 인테리어소품 카테고리의 수납형 인테리어 스탠드 조명 (모델-33) 입니다. 최고의 품질을 보장합니다.,670000,569500,252,https://images.unsplash.com/photo-1507473885765-e6ed057f782c?q=80&w=300,FOR_SALE,2025-03-20 00:00:00
2614,171,수납형 5단 서랍장 (모델-34),이 상품은 가구/인테리어 - 거실가구 카테고리의 수납형 5단 서랍장 (모델-34) 입니다. 최고의 품질을 보장합니다.,410000,348500,240,https://images.unsplash.com/photo-1595428774223-ef52624120d2?q=80&w=300,FOR_SALE,2024-10-23 00:00:00
2615,177,아늑한 싱글 침대 프레임 (모델-35),이 상품은 가구/인테리어 - 침실가구 카테고리의 아늑한 싱글 침대 프레임 (모델-35) 입니다. 최고의 품질을 보장합니다.,500000,475000,82,https://images.unsplash.com/photo-1505693416388-ac5ce068fe85?q=80&w=300,FOR_SALE,2025-04-14 00:00:00
2616,178,감성 인테리어 스탠드 조명 (모델-36),이 상품은 가구/인테리어 - 홈데코/DIY 카테고리의 감성 인테리어 스탠드 조명 (모델-36) 입니다. 최고의 품질을 보장합니다.,480000,456000,203,https://images.unsplash.com/photo-1507473885765-e6ed057f782c?q=80&w=300,FOR_SALE,2024-08-16 00:00:00
2617,177,수납형 싱글 침대 프레임 (모델-37),이 상품은 가구/인테리어 - 침실가구 카테고리의 수납형 싱글 침대 프레임 (모델-37) 입니다. 최고의 품질을 보장합니다.,610000,518500,185,https://images.unsplash.com/photo-1505693416388-ac5ce068fe85?q=80&w=300,FOR_SALE,2025-04-01 00:00:00
2618,178,수납형 인테리어 스탠드 조명 (모델-38),이 상품은 가구/인테리어 - 홈데코/DIY 카테고리의 수납형 인테리어 스탠드 조명 (모델-38) 입니다. 최고의 품질을 보장합니다.,590000,472000,91,https://images.unsplash.com/photo-1507473885765-e6ed057f782c?q=80&w=300,FOR_SALE,2025-08-10 00:00:00
2619,178,아늑한 3인용 가죽 소파 (모델-39),이 상품은 가구/인테리어 - 홈데코/DIY 카테고리의 아늑한 3인용 가죽 소파 (모델-39) 입니다. 최고의 품질을 보장합니다.,720000,612000,210,https://images.unsplash.com/photo-1555041469-a586c61ea9bc?q=80&w=300,FOR_SALE,2026-02-05 00:00:00
2620,174,아늑한 싱글 침대 프레임 (모델-40),이 상품은 가구/인테리어 - 조명 카테고리의 아늑한 싱글 침대 프레임 (모델-40) 입니다. 최고의 품질을 보장합니다.,410000,389500,132,https://images.unsplash.com/photo-1505693416388-ac5ce068fe85?q=80&w=300,FOR_SALE,2025-04-14 00:00:00
2621,172,아늑한 소이 캔들 향초 (모델-41),이 상품은 가구/인테리어 - 수납가구 카테고리의 아늑한 소이 캔들 향초 (모델-41) 입니다. 최고의 품질을 보장합니다.,340000,,90,https://images.unsplash.com/photo-1603006905003-be475563bc59?q=80&w=300,FOR_SALE,2026-05-12 00:00:00
2622,178,아늑한 5단 서랍장 (모델-42),이 상품은 가구/인테리어 - 홈데코/DIY 카테고리의 아늑한 5단 서랍장 (모델-42) 입니다. 최고의 품질을 보장합니다.,330000,280500,222,https://images.unsplash.com/photo-1595428774223-ef52624120d2?q=80&w=300,FOR_SALE,2025-07-05 00:00:00
2623,176,원목 암막 커튼 (모델-43),이 상품은 가구/인테리어 - 침구/패브릭 카테고리의 원목 암막 커튼 (모델-43) 입니다. 최고의 품질을 보장합니다.,560000,504000,171,https://images.unsplash.com/photo-1514894780887-121968d00567?q=80&w=300,FOR_SALE,2025-12-09 00:00:00
2624,178,암막 싱글 침대 프레임 (모델-44),이 상품은 가구/인테리어 - 홈데코/DIY 카테고리의 암막 싱글 침대 프레임 (모델-44) 입니다. 최고의 품질을 보장합니다.,480000,456000,289,https://images.unsplash.com/photo-1505693416388-ac5ce068fe85?q=80&w=300,FOR_SALE,2024-09-08 00:00:00
2625,172,원목 암막 커튼 (모델-45),이 상품은 가구/인테리어 - 수납가구 카테고리의 원목 암막 커튼 (모델-45) 입니다. 최고의 품질을 보장합니다.,330000,280500,74,https://images.unsplash.com/photo-1514894780887-121968d00567?q=80&w=300,FOR_SALE,2025-02-16 00:00:00
2626,177,암막 5단 서랍장 (모델-46),이 상품은 가구/인테리어 - 침실가구 카테고리의 암막 5단 서랍장 (모델-46) 입니다. 최고의 품질을 보장합니다.,790000,,92,https://images.unsplash.com/photo-1595428774223-ef52624120d2?q=80&w=300,FOR_SALE,2025-05-28 00:00:00
2627,171,수납형 싱글 침대 프레임 (모델-47),이 상품은 가구/인테리어 - 거실가구 카테고리의 수납형 싱글 침대 프레임 (모델-47) 입니다. 최고의 품질을 보장합니다.,730000,,49,https://images.unsplash.com/photo-1505693416388-ac5ce068fe85?q=80&w=300,FOR_SALE,2026-03-04 00:00:00
2628,175,모던 5단 서랍장 (모델-48),이 상품은 가구/인테리어 - 주방/식탁가구 카테고리의 모던 5단 서랍장 (모델-48) 입니다. 최고의 품질을 보장합니다.,450000,427500,180,https://images.unsplash.com/photo-1595428774223-ef52624120d2?q=80&w=300,FOR_SALE,2025-03-12 00:00:00
2629,171,아늑한 싱글 침대 프레임 (모델-49),이 상품은 가구/인테리어 - 거실가구 카테고리의 아늑한 싱글 침대 프레임 (모델-49) 입니다. 최고의 품질을 보장합니다.,650000,,41,https://images.unsplash.com/photo-1505693416388-ac5ce068fe85?q=80&w=300,FOR_SALE,2026-02-14 00:00:00
2630,171,원목 암막 커튼 (모델-50),이 상품은 가구/인테리어 - 거실가구 카테고리의 원목 암막 커튼 (모델-50) 입니다. 최고의 품질을 보장합니다.,450000,427500,80,https://images.unsplash.com/photo-1514894780887-121968d00567?q=80&w=300,FOR_SALE,2025-09-26 00:00:00
2631,174,원목 인테리어 스탠드 조명 (모델-51),이 상품은 가구/인테리어 - 조명 카테고리의 원목 인테리어 스탠드 조명 (모델-51) 입니다. 최고의 품질을 보장합니다.,680000,578000,76,https://images.unsplash.com/photo-1507473885765-e6ed057f782c?q=80&w=300,FOR_SALE,2025-03-13 00:00:00
2632,173,아늑한 암막 커튼 (모델-52),이 상품은 가구/인테리어 - 인테리어소품 카테고리의 아늑한 암막 커튼 (모델-52) 입니다. 최고의 품질을 보장합니다.,320000,,146,https://images.unsplash.com/photo-1514894780887-121968d00567?q=80&w=300,FOR_SALE,2024-10-07 00:00:00
2633,171,감성 소이 캔들 향초 (모델-53),이 상품은 가구/인테리어 - 거실가구 카테고리의 감성 소이 캔들 향초 (모델-53) 입니다. 최고의 품질을 보장합니다.,680000,612000,109,https://images.unsplash.com/photo-1603006905003-be475563bc59?q=80&w=300,FOR_SALE,2025-04-18 00:00:00
2634,178,암막 3인용 가죽 소파 (모델-54),이 상품은 가구/인테리어 - 홈데코/DIY 카테고리의 암막 3인용 가죽 소파 (모델-54) 입니다. 최고의 품질을 보장합니다.,310000,294500,227,https://images.unsplash.com/photo-1555041469-a586c61ea9bc?q=80&w=300,FOR_SALE,2024-12-13 00:00:00
2635,176,아늑한 인테리어 스탠드 조명 (모델-55),이 상품은 가구/인테리어 - 침구/패브릭 카테고리의 아늑한 인테리어 스탠드 조명 (모델-55) 입니다. 최고의 품질을 보장합니다.,660000,561000,174,https://images.unsplash.com/photo-1507473885765-e6ed057f782c?q=80&w=300,FOR_SALE,2026-03-14 00:00:00
2636,174,암막 암막 커튼 (모델-56),이 상품은 가구/인테리어 - 조명 카테고리의 암막 암막 커튼 (모델-56) 입니다. 최고의 품질을 보장합니다.,500000,,116,https://images.unsplash.com/photo-1514894780887-121968d00567?q=80&w=300,FOR_SALE,2025-04-23 00:00:00
2637,178,아늑한 싱글 침대 프레임 (모델-57),이 상품은 가구/인테리어 - 홈데코/DIY 카테고리의 아늑한 싱글 침대 프레임 (모델-57) 입니다. 최고의 품질을 보장합니다.,780000,,101,https://images.unsplash.com/photo-1505693416388-ac5ce068fe85?q=80&w=300,FOR_SALE,2025-07-20 00:00:00
2638,172,모던 싱글 침대 프레임 (모델-58),이 상품은 가구/인테리어 - 수납가구 카테고리의 모던 싱글 침대 프레임 (모델-58) 입니다. 최고의 품질을 보장합니다.,680000,578000,27,https://images.unsplash.com/photo-1505693416388-ac5ce068fe85?q=80&w=300,FOR_SALE,2025-06-20 00:00:00
2639,171,모던 인테리어 스탠드 조명 (모델-59),이 상품은 가구/인테리어 - 거실가구 카테고리의 모던 인테리어 스탠드 조명 (모델-59) 입니다. 최고의 품질을 보장합니다.,750000,712500,217,https://images.unsplash.com/photo-1507473885765-e6ed057f782c?q=80&w=300,FOR_SALE,2025-10-19 00:00:00
2640,172,원목 암막 커튼 (모델-60),이 상품은 가구/인테리어 - 수납가구 카테고리의 원목 암막 커튼 (모델-60) 입니다. 최고의 품질을 보장합니다.,730000,,78,https://images.unsplash.com/photo-1514894780887-121968d00567?q=80&w=300,FOR_SALE,2025-06-26 00:00:00
2641,171,감성 싱글 침대 프레임 (모델-61),이 상품은 가구/인테리어 - 거실가구 카테고리의 감성 싱글 침대 프레임 (모델-61) 입니다. 최고의 품질을 보장합니다.,400000,,223,https://images.unsplash.com/photo-1505693416388-ac5ce068fe85?q=80&w=300,FOR_SALE,2025-12-12 00:00:00
2642,174,수납형 인테리어 스탠드 조명 (모델-62),이 상품은 가구/인테리어 - 조명 카테고리의 수납형 인테리어 스탠드 조명 (모델-62) 입니다. 최고의 품질을 보장합니다.,630000,,294,https://images.unsplash.com/photo-1507473885765-e6ed057f782c?q=80&w=300,FOR_SALE,2026-03-16 00:00:00
2643,176,감성 암막 커튼 (모델-63),이 상품은 가구/인테리어 - 침구/패브릭 카테고리의 감성 암막 커튼 (모델-63) 입니다. 최고의 품질을 보장합니다.,480000,432000,141,https://images.unsplash.com/photo-1514894780887-121968d00567?q=80&w=300,FOR_SALE,2024-12-27 00:00:00
2644,175,수납형 소이 캔들 향초 (모델-64),이 상품은 가구/인테리어 - 주방/식탁가구 카테고리의 수납형 소이 캔들 향초 (모델-64) 입니다. 최고의 품질을 보장합니다.,430000,408500,131,https://images.unsplash.com/photo-1603006905003-be475563bc59?q=80&w=300,FOR_SALE,2024-08-23 00:00:00
2645,175,아늑한 인테리어 스탠드 조명 (모델-65),이 상품은 가구/인테리어 - 주방/식탁가구 카테고리의 아늑한 인테리어 스탠드 조명 (모델-65) 입니다. 최고의 품질을 보장합니다.,300000,270000,92,https://images.unsplash.com/photo-1507473885765-e6ed057f782c?q=80&w=300,FOR_SALE,2026-02-06 00:00:00
2646,178,모던 소이 캔들 향초 (모델-66),이 상품은 가구/인테리어 - 홈데코/DIY 카테고리의 모던 소이 캔들 향초 (모델-66) 입니다. 최고의 품질을 보장합니다.,790000,,72,https://images.unsplash.com/photo-1603006905003-be475563bc59?q=80&w=300,FOR_SALE,2024-12-06 00:00:00
2647,174,원목 5단 서랍장 (모델-67),이 상품은 가구/인테리어 - 조명 카테고리의 원목 5단 서랍장 (모델-67) 입니다. 최고의 품질을 보장합니다.,380000,342000,100,https://images.unsplash.com/photo-1595428774223-ef52624120d2?q=80&w=300,FOR_SALE,2024-12-27 00:00:00
2648,173,감성 싱글 침대 프레임 (모델-68),이 상품은 가구/인테리어 - 인테리어소품 카테고리의 감성 싱글 침대 프레임 (모델-68) 입니다. 최고의 품질을 보장합니다.,480000,384000,283,https://images.unsplash.com/photo-1505693416388-ac5ce068fe85?q=80&w=300,FOR_SALE,2025-11-16 00:00:00
2649,172,원목 소이 캔들 향초 (모델-69),이 상품은 가구/인테리어 - 수납가구 카테고리의 원목 소이 캔들 향초 (모델-69) 입니다. 최고의 품질을 보장합니다.,400000,,138,https://images.unsplash.com/photo-1603006905003-be475563bc59?q=80&w=300,FOR_SALE,2025-06-10 00:00:00
2650,172,모던 암막 커튼 (모델-70),이 상품은 가구/인테리어 - 수납가구 카테고리의 모던 암막 커튼 (모델-70) 입니다. 최고의 품질을 보장합니다.,590000,,129,https://images.unsplash.com/photo-1514894780887-121968d00567?q=80&w=300,FOR_SALE,2025-06-08 00:00:00
2651,174,감성 5단 서랍장 (모델-71),이 상품은 가구/인테리어 - 조명 카테고리의 감성 5단 서랍장 (모델-71) 입니다. 최고의 품질을 보장합니다.,340000,,61,https://images.unsplash.com/photo-1595428774223-ef52624120d2?q=80&w=300,FOR_SALE,2024-08-11 00:00:00
2652,173,모던 소이 캔들 향초 (모델-72),이 상품은 가구/인테리어 - 인테리어소품 카테고리의 모던 소이 캔들 향초 (모델-72) 입니다. 최고의 품질을 보장합니다.,750000,,195,https://images.unsplash.com/photo-1603006905003-be475563bc59?q=80&w=300,FOR_SALE,2026-01-02 00:00:00
2653,178,아늑한 5단 서랍장 (모델-73),이 상품은 가구/인테리어 - 홈데코/DIY 카테고리의 아늑한 5단 서랍장 (모델-73) 입니다. 최고의 품질을 보장합니다.,340000,323000,233,https://images.unsplash.com/photo-1595428774223-ef52624120d2?q=80&w=300,FOR_SALE,2025-10-04 00:00:00
2654,174,원목 암막 커튼 (모델-74),이 상품은 가구/인테리어 - 조명 카테고리의 원목 암막 커튼 (모델-74) 입니다. 최고의 품질을 보장합니다.,790000,750500,111,https://images.unsplash.com/photo-1514894780887-121968d00567?q=80&w=300,FOR_SALE,2026-02-17 00:00:00
2655,177,원목 5단 서랍장 (모델-75),이 상품은 가구/인테리어 - 침실가구 카테고리의 원목 5단 서랍장 (모델-75) 입니다. 최고의 품질을 보장합니다.,310000,248000,275,https://images.unsplash.com/photo-1595428774223-ef52624120d2?q=80&w=300,FOR_SALE,2026-01-04 00:00:00
2656,172,원목 5단 서랍장 (모델-76),이 상품은 가구/인테리어 - 수납가구 카테고리의 원목 5단 서랍장 (모델-76) 입니다. 최고의 품질을 보장합니다.,370000,,140,https://images.unsplash.com/photo-1595428774223-ef52624120d2?q=80&w=300,FOR_SALE,2025-09-13 00:00:00
2657,177,암막 3인용 가죽 소파 (모델-77),이 상품은 가구/인테리어 - 침실가구 카테고리의 암막 3인용 가죽 소파 (모델-77) 입니다. 최고의 품질을 보장합니다.,760000,,48,https://images.unsplash.com/photo-1555041469-a586c61ea9bc?q=80&w=300,FOR_SALE,2025-11-12 00:00:00
2658,176,모던 3인용 가죽 소파 (모델-78),이 상품은 가구/인테리어 - 침구/패브릭 카테고리의 모던 3인용 가죽 소파 (모델-78) 입니다. 최고의 품질을 보장합니다.,310000,279000,205,https://images.unsplash.com/photo-1555041469-a586c61ea9bc?q=80&w=300,FOR_SALE,2025-12-07 00:00:00
2659,175,아늑한 소이 캔들 향초 (모델-79),이 상품은 가구/인테리어 - 주방/식탁가구 카테고리의 아늑한 소이 캔들 향초 (모델-79) 입니다. 최고의 품질을 보장합니다.,510000,484500,159,https://images.unsplash.com/photo-1603006905003-be475563bc59?q=80&w=300,FOR_SALE,2024-09-24 00:00:00
2660,175,모던 3인용 가죽 소파 (모델-80),이 상품은 가구/인테리어 - 주방/식탁가구 카테고리의 모던 3인용 가죽 소파 (모델-80) 입니다. 최고의 품질을 보장합니다.,680000,,249,https://images.unsplash.com/photo-1555041469-a586c61ea9bc?q=80&w=300,FOR_SALE,2025-12-28 00:00:00
2661,178,수납형 3인용 가죽 소파 (모델-81),이 상품은 가구/인테리어 - 홈데코/DIY 카테고리의 수납형 3인용 가죽 소파 (모델-81) 입니다. 최고의 품질을 보장합니다.,490000,,250,https://images.unsplash.com/photo-1555041469-a586c61ea9bc?q=80&w=300,FOR_SALE,2024-07-31 00:00:00
2662,174,감성 인테리어 스탠드 조명 (모델-82),이 상품은 가구/인테리어 - 조명 카테고리의 감성 인테리어 스탠드 조명 (모델-82) 입니다. 최고의 품질을 보장합니다.,630000,504000,65,https://images.unsplash.com/photo-1507473885765-e6ed057f782c?q=80&w=300,FOR_SALE,2026-03-17 00:00:00
2663,175,감성 소이 캔들 향초 (모델-83),이 상품은 가구/인테리어 - 주방/식탁가구 카테고리의 감성 소이 캔들 향초 (모델-83) 입니다. 최고의 품질을 보장합니다.,700000,,200,https://images.unsplash.com/photo-1603006905003-be475563bc59?q=80&w=300,FOR_SALE,2025-12-03 00:00:00
2664,175,원목 5단 서랍장 (모델-84),이 상품은 가구/인테리어 - 주방/식탁가구 카테고리의 원목 5단 서랍장 (모델-84) 입니다. 최고의 품질을 보장합니다.,520000,494000,146,https://images.unsplash.com/photo-1595428774223-ef52624120d2?q=80&w=300,FOR_SALE,2024-08-28 00:00:00
2665,177,감성 인테리어 스탠드 조명 (모델-85),이 상품은 가구/인테리어 - 침실가구 카테고리의 감성 인테리어 스탠드 조명 (모델-85) 입니다. 최고의 품질을 보장합니다.,620000,,81,https://images.unsplash.com/photo-1507473885765-e6ed057f782c?q=80&w=300,FOR_SALE,2025-01-13 00:00:00
2666,175,아늑한 인테리어 스탠드 조명 (모델-86),이 상품은 가구/인테리어 - 주방/식탁가구 카테고리의 아늑한 인테리어 스탠드 조명 (모델-86) 입니다. 최고의 품질을 보장합니다.,770000,,129,https://images.unsplash.com/photo-1507473885765-e6ed057f782c?q=80&w=300,FOR_SALE,2025-02-12 00:00:00
2667,172,수납형 소이 캔들 향초 (모델-87),이 상품은 가구/인테리어 - 수납가구 카테고리의 수납형 소이 캔들 향초 (모델-87) 입니다. 최고의 품질을 보장합니다.,610000,,39,https://images.unsplash.com/photo-1603006905003-be475563bc59?q=80&w=300,FOR_SALE,2024-11-02 00:00:00
2668,174,원목 싱글 침대 프레임 (모델-88),이 상품은 가구/인테리어 - 조명 카테고리의 원목 싱글 침대 프레임 (모델-88) 입니다. 최고의 품질을 보장합니다.,460000,391000,226,https://images.unsplash.com/photo-1505693416388-ac5ce068fe85?q=80&w=300,FOR_SALE,2024-10-17 00:00:00
2669,172,아늑한 3인용 가죽 소파 (모델-89),이 상품은 가구/인테리어 - 수납가구 카테고리의 아늑한 3인용 가죽 소파 (모델-89) 입니다. 최고의 품질을 보장합니다.,390000,351000,236,https://images.unsplash.com/photo-1555041469-a586c61ea9bc?q=80&w=300,FOR_SALE,2025-02-28 00:00:00
2670,175,감성 소이 캔들 향초 (모델-90),이 상품은 가구/인테리어 - 주방/식탁가구 카테고리의 감성 소이 캔들 향초 (모델-90) 입니다. 최고의 품질을 보장합니다.,460000,437000,121,https://images.unsplash.com/photo-1603006905003-be475563bc59?q=80&w=300,FOR_SALE,2024-11-01 00:00:00
2671,173,모던 싱글 침대 프레임 (모델-91),이 상품은 가구/인테리어 - 인테리어소품 카테고리의 모던 싱글 침대 프레임 (모델-91) 입니다. 최고의 품질을 보장합니다.,470000,446500,201,https://images.unsplash.com/photo-1505693416388-ac5ce068fe85?q=80&w=300,FOR_SALE,2024-08-13 00:00:00
2672,175,모던 소이 캔들 향초 (모델-92),이 상품은 가구/인테리어 - 주방/식탁가구 카테고리의 모던 소이 캔들 향초 (모델-92) 입니다. 최고의 품질을 보장합니다.,540000,513000,243,https://images.unsplash.com/photo-1603006905003-be475563bc59?q=80&w=300,FOR_SALE,2024-08-21 00:00:00
2673,175,감성 싱글 침대 프레임 (모델-93),이 상품은 가구/인테리어 - 주방/식탁가구 카테고리의 감성 싱글 침대 프레임 (모델-93) 입니다. 최고의 품질을 보장합니다.,680000,,76,https://images.unsplash.com/photo-1505693416388-ac5ce068fe85?q=80&w=300,FOR_SALE,2024-09-01 00:00:00
2674,171,수납형 3인용 가죽 소파 (모델-94),이 상품은 가구/인테리어 - 거실가구 카테고리의 수납형 3인용 가죽 소파 (모델-94) 입니다. 최고의 품질을 보장합니다.,570000,,293,https://images.unsplash.com/photo-1555041469-a586c61ea9bc?q=80&w=300,FOR_SALE,2025-07-07 00:00:00
2675,177,모던 인테리어 스탠드 조명 (모델-95),이 상품은 가구/인테리어 - 침실가구 카테고리의 모던 인테리어 스탠드 조명 (모델-95) 입니다. 최고의 품질을 보장합니다.,770000,,201,https://images.unsplash.com/photo-1507473885765-e6ed057f782c?q=80&w=300,FOR_SALE,2024-08-29 00:00:00
2676,172,모던 싱글 침대 프레임 (모델-96),이 상품은 가구/인테리어 - 수납가구 카테고리의 모던 싱글 침대 프레임 (모델-96) 입니다. 최고의 품질을 보장합니다.,510000,484500,247,https://images.unsplash.com/photo-1505693416388-ac5ce068fe85?q=80&w=300,FOR_SALE,2025-07-14 00:00:00
2677,172,암막 암막 커튼 (모델-97),이 상품은 가구/인테리어 - 수납가구 카테고리의 암막 암막 커튼 (모델-97) 입니다. 최고의 품질을 보장합니다.,420000,378000,255,https://images.unsplash.com/photo-1514894780887-121968d00567?q=80&w=300,FOR_SALE,2025-12-30 00:00:00
2678,177,모던 인테리어 스탠드 조명 (모델-98),이 상품은 가구/인테리어 - 침실가구 카테고리의 모던 인테리어 스탠드 조명 (모델-98) 입니다. 최고의 품질을 보장합니다.,310000,,221,https://images.unsplash.com/photo-1507473885765-e6ed057f782c?q=80&w=300,FOR_SALE,2025-03-09 00:00:00
2679,177,모던 소이 캔들 향초 (모델-99),이 상품은 가구/인테리어 - 침실가구 카테고리의 모던 소이 캔들 향초 (모델-99) 입니다. 최고의 품질을 보장합니다.,310000,,295,https://images.unsplash.com/photo-1603006905003-be475563bc59?q=80&w=300,FOR_SALE,2026-03-25 00:00:00
2680,177,모던 소이 캔들 향초 (모델-100),이 상품은 가구/인테리어 - 침실가구 카테고리의 모던 소이 캔들 향초 (모델-100) 입니다. 최고의 품질을 보장합니다.,410000,389500,68,https://images.unsplash.com/photo-1603006905003-be475563bc59?q=80&w=300,FOR_SALE,2025-02-07 00:00:00
2681,173,암막 암막 커튼 (모델-101),이 상품은 가구/인테리어 - 인테리어소품 카테고리의 암막 암막 커튼 (모델-101) 입니다. 최고의 품질을 보장합니다.,600000,,91,https://images.unsplash.com/photo-1514894780887-121968d00567?q=80&w=300,FOR_SALE,2025-03-07 00:00:00
2682,171,암막 5단 서랍장 (모델-102),이 상품은 가구/인테리어 - 거실가구 카테고리의 암막 5단 서랍장 (모델-102) 입니다. 최고의 품질을 보장합니다.,700000,665000,35,https://images.unsplash.com/photo-1595428774223-ef52624120d2?q=80&w=300,FOR_SALE,2024-08-25 00:00:00
2683,175,모던 소이 캔들 향초 (모델-103),이 상품은 가구/인테리어 - 주방/식탁가구 카테고리의 모던 소이 캔들 향초 (모델-103) 입니다. 최고의 품질을 보장합니다.,710000,639000,70,https://images.unsplash.com/photo-1603006905003-be475563bc59?q=80&w=300,FOR_SALE,2025-07-27 00:00:00
2684,175,모던 소이 캔들 향초 (모델-104),이 상품은 가구/인테리어 - 주방/식탁가구 카테고리의 모던 소이 캔들 향초 (모델-104) 입니다. 최고의 품질을 보장합니다.,520000,,195,https://images.unsplash.com/photo-1603006905003-be475563bc59?q=80&w=300,FOR_SALE,2025-08-25 00:00:00
2685,173,수납형 소이 캔들 향초 (모델-105),이 상품은 가구/인테리어 - 인테리어소품 카테고리의 수납형 소이 캔들 향초 (모델-105) 입니다. 최고의 품질을 보장합니다.,700000,595000,273,https://images.unsplash.com/photo-1603006905003-be475563bc59?q=80&w=300,FOR_SALE,2024-10-05 00:00:00
2686,175,암막 인테리어 스탠드 조명 (모델-106),이 상품은 가구/인테리어 - 주방/식탁가구 카테고리의 암막 인테리어 스탠드 조명 (모델-106) 입니다. 최고의 품질을 보장합니다.,510000,,269,https://images.unsplash.com/photo-1507473885765-e6ed057f782c?q=80&w=300,FOR_SALE,2026-04-06 00:00:00
2687,177,모던 소이 캔들 향초 (모델-107),이 상품은 가구/인테리어 - 침실가구 카테고리의 모던 소이 캔들 향초 (모델-107) 입니다. 최고의 품질을 보장합니다.,660000,561000,212,https://images.unsplash.com/photo-1603006905003-be475563bc59?q=80&w=300,FOR_SALE,2025-06-07 00:00:00
2688,178,아늑한 암막 커튼 (모델-108),이 상품은 가구/인테리어 - 홈데코/DIY 카테고리의 아늑한 암막 커튼 (모델-108) 입니다. 최고의 품질을 보장합니다.,470000,,108,https://images.unsplash.com/photo-1514894780887-121968d00567?q=80&w=300,FOR_SALE,2024-12-30 00:00:00
2689,175,감성 3인용 가죽 소파 (모델-109),이 상품은 가구/인테리어 - 주방/식탁가구 카테고리의 감성 3인용 가죽 소파 (모델-109) 입니다. 최고의 품질을 보장합니다.,460000,368000,275,https://images.unsplash.com/photo-1555041469-a586c61ea9bc?q=80&w=300,FOR_SALE,2026-03-19 00:00:00
2690,176,모던 5단 서랍장 (모델-110),이 상품은 가구/인테리어 - 침구/패브릭 카테고리의 모던 5단 서랍장 (모델-110) 입니다. 최고의 품질을 보장합니다.,790000,,33,https://images.unsplash.com/photo-1595428774223-ef52624120d2?q=80&w=300,FOR_SALE,2025-07-20 00:00:00
2691,178,원목 싱글 침대 프레임 (모델-111),이 상품은 가구/인테리어 - 홈데코/DIY 카테고리의 원목 싱글 침대 프레임 (모델-111) 입니다. 최고의 품질을 보장합니다.,710000,,117,https://images.unsplash.com/photo-1505693416388-ac5ce068fe85?q=80&w=300,FOR_SALE,2025-02-15 00:00:00
2692,171,모던 싱글 침대 프레임 (모델-112),이 상품은 가구/인테리어 - 거실가구 카테고리의 모던 싱글 침대 프레임 (모델-112) 입니다. 최고의 품질을 보장합니다.,570000,,68,https://images.unsplash.com/photo-1505693416388-ac5ce068fe85?q=80&w=300,FOR_SALE,2025-02-25 00:00:00
2693,174,아늑한 소이 캔들 향초 (모델-113),이 상품은 가구/인테리어 - 조명 카테고리의 아늑한 소이 캔들 향초 (모델-113) 입니다. 최고의 품질을 보장합니다.,630000,567000,31,https://images.unsplash.com/photo-1603006905003-be475563bc59?q=80&w=300,FOR_SALE,2026-04-25 00:00:00
2694,172,감성 3인용 가죽 소파 (모델-114),이 상품은 가구/인테리어 - 수납가구 카테고리의 감성 3인용 가죽 소파 (모델-114) 입니다. 최고의 품질을 보장합니다.,700000,630000,241,https://images.unsplash.com/photo-1555041469-a586c61ea9bc?q=80&w=300,FOR_SALE,2026-04-05 00:00:00
2695,175,암막 인테리어 스탠드 조명 (모델-115),이 상품은 가구/인테리어 - 주방/식탁가구 카테고리의 암막 인테리어 스탠드 조명 (모델-115) 입니다. 최고의 품질을 보장합니다.,300000,270000,107,https://images.unsplash.com/photo-1507473885765-e6ed057f782c?q=80&w=300,FOR_SALE,2025-05-21 00:00:00
2696,176,모던 소이 캔들 향초 (모델-116),이 상품은 가구/인테리어 - 침구/패브릭 카테고리의 모던 소이 캔들 향초 (모델-116) 입니다. 최고의 품질을 보장합니다.,790000,,277,https://images.unsplash.com/photo-1603006905003-be475563bc59?q=80&w=300,FOR_SALE,2025-08-13 00:00:00
2697,177,수납형 소이 캔들 향초 (모델-117),이 상품은 가구/인테리어 - 침실가구 카테고리의 수납형 소이 캔들 향초 (모델-117) 입니다. 최고의 품질을 보장합니다.,550000,467500,124,https://images.unsplash.com/photo-1603006905003-be475563bc59?q=80&w=300,FOR_SALE,2026-03-16 00:00:00
2698,175,아늑한 소이 캔들 향초 (모델-118),이 상품은 가구/인테리어 - 주방/식탁가구 카테고리의 아늑한 소이 캔들 향초 (모델-118) 입니다. 최고의 품질을 보장합니다.,730000,,77,https://images.unsplash.com/photo-1603006905003-be475563bc59?q=80&w=300,FOR_SALE,2024-08-11 00:00:00
2699,178,감성 소이 캔들 향초 (모델-119),이 상품은 가구/인테리어 - 홈데코/DIY 카테고리의 감성 소이 캔들 향초 (모델-119) 입니다. 최고의 품질을 보장합니다.,780000,,143,https://images.unsplash.com/photo-1603006905003-be475563bc59?q=80&w=300,FOR_SALE,2026-03-02 00:00:00
2700,172,감성 인테리어 스탠드 조명 (모델-120),이 상품은 가구/인테리어 - 수납가구 카테고리의 감성 인테리어 스탠드 조명 (모델-120) 입니다. 최고의 품질을 보장합니다.,570000,541500,196,https://images.unsplash.com/photo-1507473885765-e6ed057f782c?q=80&w=300,FOR_SALE,2024-09-11 00:00:00
2701,177,암막 싱글 침대 프레임 (모델-121),이 상품은 가구/인테리어 - 침실가구 카테고리의 암막 싱글 침대 프레임 (모델-121) 입니다. 최고의 품질을 보장합니다.,400000,340000,297,https://images.unsplash.com/photo-1505693416388-ac5ce068fe85?q=80&w=300,FOR_SALE,2024-10-02 00:00:00
2702,178,수납형 소이 캔들 향초 (모델-122),이 상품은 가구/인테리어 - 홈데코/DIY 카테고리의 수납형 소이 캔들 향초 (모델-122) 입니다. 최고의 품질을 보장합니다.,660000,594000,270,https://images.unsplash.com/photo-1603006905003-be475563bc59?q=80&w=300,FOR_SALE,2024-12-30 00:00:00
2703,171,모던 소이 캔들 향초 (모델-123),이 상품은 가구/인테리어 - 거실가구 카테고리의 모던 소이 캔들 향초 (모델-123) 입니다. 최고의 품질을 보장합니다.,570000,,85,https://images.unsplash.com/photo-1603006905003-be475563bc59?q=80&w=300,FOR_SALE,2025-05-05 00:00:00
2704,171,감성 3인용 가죽 소파 (모델-124),이 상품은 가구/인테리어 - 거실가구 카테고리의 감성 3인용 가죽 소파 (모델-124) 입니다. 최고의 품질을 보장합니다.,400000,,113,https://images.unsplash.com/photo-1555041469-a586c61ea9bc?q=80&w=300,FOR_SALE,2025-02-14 00:00:00
2705,172,감성 인테리어 스탠드 조명 (모델-125),이 상품은 가구/인테리어 - 수납가구 카테고리의 감성 인테리어 스탠드 조명 (모델-125) 입니다. 최고의 품질을 보장합니다.,680000,,232,https://images.unsplash.com/photo-1507473885765-e6ed057f782c?q=80&w=300,FOR_SALE,2024-10-16 00:00:00
2706,178,암막 소이 캔들 향초 (모델-126),이 상품은 가구/인테리어 - 홈데코/DIY 카테고리의 암막 소이 캔들 향초 (모델-126) 입니다. 최고의 품질을 보장합니다.,730000,657000,52,https://images.unsplash.com/photo-1603006905003-be475563bc59?q=80&w=300,FOR_SALE,2024-11-12 00:00:00
2707,175,암막 인테리어 스탠드 조명 (모델-127),이 상품은 가구/인테리어 - 주방/식탁가구 카테고리의 암막 인테리어 스탠드 조명 (모델-127) 입니다. 최고의 품질을 보장합니다.,720000,648000,16,https://images.unsplash.com/photo-1507473885765-e6ed057f782c?q=80&w=300,FOR_SALE,2026-04-21 00:00:00
2708,176,감성 소이 캔들 향초 (모델-128),이 상품은 가구/인테리어 - 침구/패브릭 카테고리의 감성 소이 캔들 향초 (모델-128) 입니다. 최고의 품질을 보장합니다.,650000,,79,https://images.unsplash.com/photo-1603006905003-be475563bc59?q=80&w=300,FOR_SALE,2025-02-27 00:00:00
2709,177,감성 싱글 침대 프레임 (모델-129),이 상품은 가구/인테리어 - 침실가구 카테고리의 감성 싱글 침대 프레임 (모델-129) 입니다. 최고의 품질을 보장합니다.,410000,348500,127,https://images.unsplash.com/photo-1505693416388-ac5ce068fe85?q=80&w=300,FOR_SALE,2024-10-25 00:00:00
2710,177,수납형 소이 캔들 향초 (모델-130),이 상품은 가구/인테리어 - 침실가구 카테고리의 수납형 소이 캔들 향초 (모델-130) 입니다. 최고의 품질을 보장합니다.,670000,,105,https://images.unsplash.com/photo-1603006905003-be475563bc59?q=80&w=300,FOR_SALE,2024-08-04 00:00:00
2711,174,감성 5단 서랍장 (모델-131),이 상품은 가구/인테리어 - 조명 카테고리의 감성 5단 서랍장 (모델-131) 입니다. 최고의 품질을 보장합니다.,510000,459000,118,https://images.unsplash.com/photo-1595428774223-ef52624120d2?q=80&w=300,FOR_SALE,2025-11-22 00:00:00
2712,176,원목 인테리어 스탠드 조명 (모델-132),이 상품은 가구/인테리어 - 침구/패브릭 카테고리의 원목 인테리어 스탠드 조명 (모델-132) 입니다. 최고의 품질을 보장합니다.,790000,,291,https://images.unsplash.com/photo-1507473885765-e6ed057f782c?q=80&w=300,FOR_SALE,2025-07-08 00:00:00
2713,176,감성 소이 캔들 향초 (모델-133),이 상품은 가구/인테리어 - 침구/패브릭 카테고리의 감성 소이 캔들 향초 (모델-133) 입니다. 최고의 품질을 보장합니다.,590000,,34,https://images.unsplash.com/photo-1603006905003-be475563bc59?q=80&w=300,FOR_SALE,2024-09-21 00:00:00
2714,172,감성 암막 커튼 (모델-134),이 상품은 가구/인테리어 - 수납가구 카테고리의 감성 암막 커튼 (모델-134) 입니다. 최고의 품질을 보장합니다.,420000,,211,https://images.unsplash.com/photo-1514894780887-121968d00567?q=80&w=300,FOR_SALE,2025-01-31 00:00:00
2715,177,암막 소이 캔들 향초 (모델-135),이 상품은 가구/인테리어 - 침실가구 카테고리의 암막 소이 캔들 향초 (모델-135) 입니다. 최고의 품질을 보장합니다.,710000,,20,https://images.unsplash.com/photo-1603006905003-be475563bc59?q=80&w=300,FOR_SALE,2025-01-05 00:00:00
2716,173,감성 인테리어 스탠드 조명 (모델-136),이 상품은 가구/인테리어 - 인테리어소품 카테고리의 감성 인테리어 스탠드 조명 (모델-136) 입니다. 최고의 품질을 보장합니다.,700000,,33,https://images.unsplash.com/photo-1507473885765-e6ed057f782c?q=80&w=300,FOR_SALE,2025-12-30 00:00:00
2717,174,수납형 암막 커튼 (모델-137),이 상품은 가구/인테리어 - 조명 카테고리의 수납형 암막 커튼 (모델-137) 입니다. 최고의 품질을 보장합니다.,660000,528000,125,https://images.unsplash.com/photo-1514894780887-121968d00567?q=80&w=300,FOR_SALE,2026-03-31 00:00:00
2718,177,암막 암막 커튼 (모델-138),이 상품은 가구/인테리어 - 침실가구 카테고리의 암막 암막 커튼 (모델-138) 입니다. 최고의 품질을 보장합니다.,420000,,58,https://images.unsplash.com/photo-1514894780887-121968d00567?q=80&w=300,FOR_SALE,2025-02-26 00:00:00
2719,172,암막 5단 서랍장 (모델-139),이 상품은 가구/인테리어 - 수납가구 카테고리의 암막 5단 서랍장 (모델-139) 입니다. 최고의 품질을 보장합니다.,510000,,295,https://images.unsplash.com/photo-1595428774223-ef52624120d2?q=80&w=300,FOR_SALE,2026-02-17 00:00:00
2720,172,암막 5단 서랍장 (모델-140),이 상품은 가구/인테리어 - 수납가구 카테고리의 암막 5단 서랍장 (모델-140) 입니다. 최고의 품질을 보장합니다.,410000,389500,193,https://images.unsplash.com/photo-1595428774223-ef52624120d2?q=80&w=300,FOR_SALE,2025-06-16 00:00:00
2721,183,다이어리 젤 볼펜 10색 세트 (모델-1),이 상품은 문구/오피스 - 필기구 카테고리의 다이어리 젤 볼펜 10색 세트 (모델-1) 입니다. 최고의 품질을 보장합니다.,145000,,139,https://images.unsplash.com/photo-1583485088034-697b5bc54ccd?q=80&w=300,FOR_SALE,2026-03-08 00:00:00
2722,182,필기감 좋은 사무용 가위 (모델-2),이 상품은 문구/오피스 - 사무용품 카테고리의 필기감 좋은 사무용 가위 (모델-2) 입니다. 최고의 품질을 보장합니다.,144000,,146,https://images.unsplash.com/photo-1506784983877-45594efa4cbe?q=80&w=300,FOR_SALE,2025-01-02 00:00:00
2723,182,다이어리 사무용 가위 (모델-3),이 상품은 문구/오피스 - 사무용품 카테고리의 다이어리 사무용 가위 (모델-3) 입니다. 최고의 품질을 보장합니다.,146000,,115,https://images.unsplash.com/photo-1506784983877-45594efa4cbe?q=80&w=300,FOR_SALE,2024-08-10 00:00:00
2724,180,필기감 좋은 2026년 가죽 다이어리 (모델-4),이 상품은 문구/오피스 - 데스크용품/책상정리 카테고리의 필기감 좋은 2026년 가죽 다이어리 (모델-4) 입니다. 최고의 품질을 보장합니다.,116000,104400,213,https://images.unsplash.com/photo-1544816155-12df9643f363?q=80&w=300,FOR_SALE,2025-12-08 00:00:00
2725,182,고급형 사무용 가위 (모델-5),이 상품은 문구/오피스 - 사무용품 카테고리의 고급형 사무용 가위 (모델-5) 입니다. 최고의 품질을 보장합니다.,31000,,209,https://images.unsplash.com/photo-1506784983877-45594efa4cbe?q=80&w=300,FOR_SALE,2026-04-23 00:00:00
2726,179,사무용 사무용 가위 (모델-6),이 상품은 문구/오피스 - 노트/다이어리 카테고리의 사무용 사무용 가위 (모델-6) 입니다. 최고의 품질을 보장합니다.,103000,97800,169,https://images.unsplash.com/photo-1506784983877-45594efa4cbe?q=80&w=300,FOR_SALE,2025-09-22 00:00:00
2727,184,사무용 A4 복사용지 2500매 (모델-7),이 상품은 문구/오피스 - 학용품 카테고리의 사무용 A4 복사용지 2500매 (모델-7) 입니다. 최고의 품질을 보장합니다.,35000,,33,https://images.unsplash.com/photo-1586075010923-2dd4570fb338?q=80&w=300,FOR_SALE,2025-03-11 00:00:00
2728,182,필기감 좋은 A4 복사용지 2500매 (모델-8),이 상품은 문구/오피스 - 사무용품 카테고리의 필기감 좋은 A4 복사용지 2500매 (모델-8) 입니다. 최고의 품질을 보장합니다.,59000,56000,126,https://images.unsplash.com/photo-1586075010923-2dd4570fb338?q=80&w=300,FOR_SALE,2025-03-10 00:00:00
2729,184,고급형 A4 복사용지 2500매 (모델-9),이 상품은 문구/오피스 - 학용품 카테고리의 고급형 A4 복사용지 2500매 (모델-9) 입니다. 최고의 품질을 보장합니다.,28000,26600,69,https://images.unsplash.com/photo-1586075010923-2dd4570fb338?q=80&w=300,FOR_SALE,2024-12-13 00:00:00
2730,181,다이어리 젤 볼펜 10색 세트 (모델-10),이 상품은 문구/오피스 - 사무기기/소모품 카테고리의 다이어리 젤 볼펜 10색 세트 (모델-10) 입니다. 최고의 품질을 보장합니다.,18000,15300,178,https://images.unsplash.com/photo-1583485088034-697b5bc54ccd?q=80&w=300,FOR_SALE,2024-12-14 00:00:00
2731,179,다이어리 젤 볼펜 10색 세트 (모델-11),이 상품은 문구/오피스 - 노트/다이어리 카테고리의 다이어리 젤 볼펜 10색 세트 (모델-11) 입니다. 최고의 품질을 보장합니다.,78000,,123,https://images.unsplash.com/photo-1583485088034-697b5bc54ccd?q=80&w=300,FOR_SALE,2024-09-16 00:00:00
2732,183,깔끔한 젤 볼펜 10색 세트 (모델-12),이 상품은 문구/오피스 - 필기구 카테고리의 깔끔한 젤 볼펜 10색 세트 (모델-12) 입니다. 최고의 품질을 보장합니다.,36000,,202,https://images.unsplash.com/photo-1583485088034-697b5bc54ccd?q=80&w=300,FOR_SALE,2025-12-22 00:00:00
2733,180,깔끔한 사무용 가위 (모델-13),이 상품은 문구/오피스 - 데스크용품/책상정리 카테고리의 깔끔한 사무용 가위 (모델-13) 입니다. 최고의 품질을 보장합니다.,42000,39900,173,https://images.unsplash.com/photo-1506784983877-45594efa4cbe?q=80&w=300,FOR_SALE,2025-05-26 00:00:00
2734,180,고급형 데스크 오거나이저 (모델-14),이 상품은 문구/오피스 - 데스크용품/책상정리 카테고리의 고급형 데스크 오거나이저 (모델-14) 입니다. 최고의 품질을 보장합니다.,64000,57600,81,https://images.unsplash.com/photo-1585776245991-cf89dd7fc73a?q=80&w=300,FOR_SALE,2025-05-17 00:00:00
2735,179,필기감 좋은 젤 볼펜 10색 세트 (모델-15),이 상품은 문구/오피스 - 노트/다이어리 카테고리의 필기감 좋은 젤 볼펜 10색 세트 (모델-15) 입니다. 최고의 품질을 보장합니다.,53000,50400,260,https://images.unsplash.com/photo-1583485088034-697b5bc54ccd?q=80&w=300,FOR_SALE,2025-08-17 00:00:00
2736,184,다이어리 젤 볼펜 10색 세트 (모델-16),이 상품은 문구/오피스 - 학용품 카테고리의 다이어리 젤 볼펜 10색 세트 (모델-16) 입니다. 최고의 품질을 보장합니다.,85000,,146,https://images.unsplash.com/photo-1583485088034-697b5bc54ccd?q=80&w=300,FOR_SALE,2025-05-02 00:00:00
2737,185,다이어리 2026년 가죽 다이어리 (모델-17),이 상품은 문구/오피스 - 화방/미술용품 카테고리의 다이어리 2026년 가죽 다이어리 (모델-17) 입니다. 최고의 품질을 보장합니다.,93000,88400,156,https://images.unsplash.com/photo-1544816155-12df9643f363?q=80&w=300,FOR_SALE,2025-04-10 00:00:00
2738,185,깔끔한 2026년 가죽 다이어리 (모델-18),이 상품은 문구/오피스 - 화방/미술용품 카테고리의 깔끔한 2026년 가죽 다이어리 (모델-18) 입니다. 최고의 품질을 보장합니다.,55000,,172,https://images.unsplash.com/photo-1544816155-12df9643f363?q=80&w=300,FOR_SALE,2025-06-21 00:00:00
2739,184,사무용 2026년 가죽 다이어리 (모델-19),이 상품은 문구/오피스 - 학용품 카테고리의 사무용 2026년 가죽 다이어리 (모델-19) 입니다. 최고의 품질을 보장합니다.,86000,,150,https://images.unsplash.com/photo-1544816155-12df9643f363?q=80&w=300,FOR_SALE,2024-09-28 00:00:00
2740,185,필기감 좋은 젤 볼펜 10색 세트 (모델-20),이 상품은 문구/오피스 - 화방/미술용품 카테고리의 필기감 좋은 젤 볼펜 10색 세트 (모델-20) 입니다. 최고의 품질을 보장합니다.,128000,121600,105,https://images.unsplash.com/photo-1583485088034-697b5bc54ccd?q=80&w=300,FOR_SALE,2026-04-10 00:00:00
2741,180,깔끔한 A4 복사용지 2500매 (모델-21),이 상품은 문구/오피스 - 데스크용품/책상정리 카테고리의 깔끔한 A4 복사용지 2500매 (모델-21) 입니다. 최고의 품질을 보장합니다.,105000,94500,43,https://images.unsplash.com/photo-1586075010923-2dd4570fb338?q=80&w=300,FOR_SALE,2024-08-25 00:00:00
2742,184,고급형 사무용 가위 (모델-22),이 상품은 문구/오피스 - 학용품 카테고리의 고급형 사무용 가위 (모델-22) 입니다. 최고의 품질을 보장합니다.,141000,134000,82,https://images.unsplash.com/photo-1506784983877-45594efa4cbe?q=80&w=300,FOR_SALE,2024-08-09 00:00:00
2743,184,다이어리 2026년 가죽 다이어리 (모델-23),이 상품은 문구/오피스 - 학용품 카테고리의 다이어리 2026년 가죽 다이어리 (모델-23) 입니다. 최고의 품질을 보장합니다.,104000,,62,https://images.unsplash.com/photo-1544816155-12df9643f363?q=80&w=300,FOR_SALE,2025-06-25 00:00:00
2744,182,고급형 데스크 오거나이저 (모델-24),이 상품은 문구/오피스 - 사무용품 카테고리의 고급형 데스크 오거나이저 (모델-24) 입니다. 최고의 품질을 보장합니다.,112000,,130,https://images.unsplash.com/photo-1585776245991-cf89dd7fc73a?q=80&w=300,FOR_SALE,2026-03-27 00:00:00
2745,183,고급형 2026년 가죽 다이어리 (모델-25),이 상품은 문구/오피스 - 필기구 카테고리의 고급형 2026년 가죽 다이어리 (모델-25) 입니다. 최고의 품질을 보장합니다.,82000,77900,239,https://images.unsplash.com/photo-1544816155-12df9643f363?q=80&w=300,FOR_SALE,2025-06-30 00:00:00
2746,184,사무용 사무용 가위 (모델-26),이 상품은 문구/오피스 - 학용품 카테고리의 사무용 사무용 가위 (모델-26) 입니다. 최고의 품질을 보장합니다.,113000,,31,https://images.unsplash.com/photo-1506784983877-45594efa4cbe?q=80&w=300,FOR_SALE,2026-02-26 00:00:00
2747,181,다이어리 A4 복사용지 2500매 (모델-27),이 상품은 문구/오피스 - 사무기기/소모품 카테고리의 다이어리 A4 복사용지 2500매 (모델-27) 입니다. 최고의 품질을 보장합니다.,20000,19000,240,https://images.unsplash.com/photo-1586075010923-2dd4570fb338?q=80&w=300,FOR_SALE,2024-11-08 00:00:00
2748,185,필기감 좋은 2026년 가죽 다이어리 (모델-28),이 상품은 문구/오피스 - 화방/미술용품 카테고리의 필기감 좋은 2026년 가죽 다이어리 (모델-28) 입니다. 최고의 품질을 보장합니다.,88000,74800,154,https://images.unsplash.com/photo-1544816155-12df9643f363?q=80&w=300,FOR_SALE,2025-05-03 00:00:00
2749,185,사무용 젤 볼펜 10색 세트 (모델-29),이 상품은 문구/오피스 - 화방/미술용품 카테고리의 사무용 젤 볼펜 10색 세트 (모델-29) 입니다. 최고의 품질을 보장합니다.,107000,101600,19,https://images.unsplash.com/photo-1583485088034-697b5bc54ccd?q=80&w=300,FOR_SALE,2025-08-16 00:00:00
2750,184,깔끔한 데스크 오거나이저 (모델-30),이 상품은 문구/오피스 - 학용품 카테고리의 깔끔한 데스크 오거나이저 (모델-30) 입니다. 최고의 품질을 보장합니다.,112000,,251,https://images.unsplash.com/photo-1585776245991-cf89dd7fc73a?q=80&w=300,FOR_SALE,2025-09-17 00:00:00
2751,181,깔끔한 데스크 오거나이저 (모델-31),이 상품은 문구/오피스 - 사무기기/소모품 카테고리의 깔끔한 데스크 오거나이저 (모델-31) 입니다. 최고의 품질을 보장합니다.,12000,10800,279,https://images.unsplash.com/photo-1585776245991-cf89dd7fc73a?q=80&w=300,FOR_SALE,2024-07-30 00:00:00
2752,182,필기감 좋은 젤 볼펜 10색 세트 (모델-32),이 상품은 문구/오피스 - 사무용품 카테고리의 필기감 좋은 젤 볼펜 10색 세트 (모델-32) 입니다. 최고의 품질을 보장합니다.,54000,,84,https://images.unsplash.com/photo-1583485088034-697b5bc54ccd?q=80&w=300,FOR_SALE,2024-09-23 00:00:00
2753,181,사무용 데스크 오거나이저 (모델-33),이 상품은 문구/오피스 - 사무기기/소모품 카테고리의 사무용 데스크 오거나이저 (모델-33) 입니다. 최고의 품질을 보장합니다.,147000,139600,48,https://images.unsplash.com/photo-1585776245991-cf89dd7fc73a?q=80&w=300,FOR_SALE,2025-12-31 00:00:00
2754,182,고급형 사무용 가위 (모델-34),이 상품은 문구/오피스 - 사무용품 카테고리의 고급형 사무용 가위 (모델-34) 입니다. 최고의 품질을 보장합니다.,119000,113000,262,https://images.unsplash.com/photo-1506784983877-45594efa4cbe?q=80&w=300,FOR_SALE,2025-06-26 00:00:00
2755,184,다이어리 사무용 가위 (모델-35),이 상품은 문구/오피스 - 학용품 카테고리의 다이어리 사무용 가위 (모델-35) 입니다. 최고의 품질을 보장합니다.,32000,,187,https://images.unsplash.com/photo-1506784983877-45594efa4cbe?q=80&w=300,FOR_SALE,2026-03-11 00:00:00
2756,181,사무용 사무용 가위 (모델-36),이 상품은 문구/오피스 - 사무기기/소모품 카테고리의 사무용 사무용 가위 (모델-36) 입니다. 최고의 품질을 보장합니다.,25000,,247,https://images.unsplash.com/photo-1506784983877-45594efa4cbe?q=80&w=300,FOR_SALE,2024-10-14 00:00:00
2757,179,다이어리 사무용 가위 (모델-37),이 상품은 문구/오피스 - 노트/다이어리 카테고리의 다이어리 사무용 가위 (모델-37) 입니다. 최고의 품질을 보장합니다.,146000,138700,219,https://images.unsplash.com/photo-1506784983877-45594efa4cbe?q=80&w=300,FOR_SALE,2024-07-23 00:00:00
2758,184,사무용 2026년 가죽 다이어리 (모델-38),이 상품은 문구/오피스 - 학용품 카테고리의 사무용 2026년 가죽 다이어리 (모델-38) 입니다. 최고의 품질을 보장합니다.,22000,20900,122,https://images.unsplash.com/photo-1544816155-12df9643f363?q=80&w=300,FOR_SALE,2026-01-09 00:00:00
2759,185,사무용 2026년 가죽 다이어리 (모델-39),이 상품은 문구/오피스 - 화방/미술용품 카테고리의 사무용 2026년 가죽 다이어리 (모델-39) 입니다. 최고의 품질을 보장합니다.,17000,15300,272,https://images.unsplash.com/photo-1544816155-12df9643f363?q=80&w=300,FOR_SALE,2025-06-09 00:00:00
2760,182,깔끔한 데스크 오거나이저 (모델-40),이 상품은 문구/오피스 - 사무용품 카테고리의 깔끔한 데스크 오거나이저 (모델-40) 입니다. 최고의 품질을 보장합니다.,144000,,287,https://images.unsplash.com/photo-1585776245991-cf89dd7fc73a?q=80&w=300,FOR_SALE,2025-07-20 00:00:00
2761,182,다이어리 2026년 가죽 다이어리 (모델-41),이 상품은 문구/오피스 - 사무용품 카테고리의 다이어리 2026년 가죽 다이어리 (모델-41) 입니다. 최고의 품질을 보장합니다.,61000,,65,https://images.unsplash.com/photo-1544816155-12df9643f363?q=80&w=300,FOR_SALE,2024-07-31 00:00:00
2762,180,필기감 좋은 데스크 오거나이저 (모델-42),이 상품은 문구/오피스 - 데스크용품/책상정리 카테고리의 필기감 좋은 데스크 오거나이저 (모델-42) 입니다. 최고의 품질을 보장합니다.,24000,,263,https://images.unsplash.com/photo-1585776245991-cf89dd7fc73a?q=80&w=300,FOR_SALE,2024-07-24 00:00:00
2763,179,사무용 젤 볼펜 10색 세트 (모델-43),이 상품은 문구/오피스 - 노트/다이어리 카테고리의 사무용 젤 볼펜 10색 세트 (모델-43) 입니다. 최고의 품질을 보장합니다.,20000,19000,285,https://images.unsplash.com/photo-1583485088034-697b5bc54ccd?q=80&w=300,FOR_SALE,2025-04-27 00:00:00
2764,185,깔끔한 A4 복사용지 2500매 (모델-44),이 상품은 문구/오피스 - 화방/미술용품 카테고리의 깔끔한 A4 복사용지 2500매 (모델-44) 입니다. 최고의 품질을 보장합니다.,127000,114300,151,https://images.unsplash.com/photo-1586075010923-2dd4570fb338?q=80&w=300,FOR_SALE,2026-01-21 00:00:00
2765,185,고급형 A4 복사용지 2500매 (모델-45),이 상품은 문구/오피스 - 화방/미술용품 카테고리의 고급형 A4 복사용지 2500매 (모델-45) 입니다. 최고의 품질을 보장합니다.,109000,,89,https://images.unsplash.com/photo-1586075010923-2dd4570fb338?q=80&w=300,FOR_SALE,2024-10-01 00:00:00
2766,185,고급형 사무용 가위 (모델-46),이 상품은 문구/오피스 - 화방/미술용품 카테고리의 고급형 사무용 가위 (모델-46) 입니다. 최고의 품질을 보장합니다.,31000,29400,200,https://images.unsplash.com/photo-1506784983877-45594efa4cbe?q=80&w=300,FOR_SALE,2026-03-08 00:00:00
2767,179,깔끔한 2026년 가죽 다이어리 (모델-47),이 상품은 문구/오피스 - 노트/다이어리 카테고리의 깔끔한 2026년 가죽 다이어리 (모델-47) 입니다. 최고의 품질을 보장합니다.,122000,103700,21,https://images.unsplash.com/photo-1544816155-12df9643f363?q=80&w=300,FOR_SALE,2025-07-20 00:00:00
2768,183,고급형 데스크 오거나이저 (모델-48),이 상품은 문구/오피스 - 필기구 카테고리의 고급형 데스크 오거나이저 (모델-48) 입니다. 최고의 품질을 보장합니다.,120000,,163,https://images.unsplash.com/photo-1585776245991-cf89dd7fc73a?q=80&w=300,FOR_SALE,2024-11-07 00:00:00
2769,180,고급형 사무용 가위 (모델-49),이 상품은 문구/오피스 - 데스크용품/책상정리 카테고리의 고급형 사무용 가위 (모델-49) 입니다. 최고의 품질을 보장합니다.,104000,88400,36,https://images.unsplash.com/photo-1506784983877-45594efa4cbe?q=80&w=300,FOR_SALE,2025-05-13 00:00:00
2770,185,필기감 좋은 A4 복사용지 2500매 (모델-50),이 상품은 문구/오피스 - 화방/미술용품 카테고리의 필기감 좋은 A4 복사용지 2500매 (모델-50) 입니다. 최고의 품질을 보장합니다.,83000,,291,https://images.unsplash.com/photo-1586075010923-2dd4570fb338?q=80&w=300,FOR_SALE,2024-08-13 00:00:00
2771,181,사무용 젤 볼펜 10색 세트 (모델-51),이 상품은 문구/오피스 - 사무기기/소모품 카테고리의 사무용 젤 볼펜 10색 세트 (모델-51) 입니다. 최고의 품질을 보장합니다.,137000,,276,https://images.unsplash.com/photo-1583485088034-697b5bc54ccd?q=80&w=300,FOR_SALE,2025-07-01 00:00:00
2772,183,깔끔한 데스크 오거나이저 (모델-52),이 상품은 문구/오피스 - 필기구 카테고리의 깔끔한 데스크 오거나이저 (모델-52) 입니다. 최고의 품질을 보장합니다.,126000,,235,https://images.unsplash.com/photo-1585776245991-cf89dd7fc73a?q=80&w=300,FOR_SALE,2026-01-23 00:00:00
2773,184,깔끔한 2026년 가죽 다이어리 (모델-53),이 상품은 문구/오피스 - 학용품 카테고리의 깔끔한 2026년 가죽 다이어리 (모델-53) 입니다. 최고의 품질을 보장합니다.,106000,,88,https://images.unsplash.com/photo-1544816155-12df9643f363?q=80&w=300,FOR_SALE,2024-07-16 00:00:00
2774,183,다이어리 데스크 오거나이저 (모델-54),이 상품은 문구/오피스 - 필기구 카테고리의 다이어리 데스크 오거나이저 (모델-54) 입니다. 최고의 품질을 보장합니다.,130000,104000,63,https://images.unsplash.com/photo-1585776245991-cf89dd7fc73a?q=80&w=300,FOR_SALE,2024-12-10 00:00:00
2775,183,다이어리 젤 볼펜 10색 세트 (모델-55),이 상품은 문구/오피스 - 필기구 카테고리의 다이어리 젤 볼펜 10색 세트 (모델-55) 입니다. 최고의 품질을 보장합니다.,74000,,251,https://images.unsplash.com/photo-1583485088034-697b5bc54ccd?q=80&w=300,FOR_SALE,2026-02-27 00:00:00
2776,184,고급형 데스크 오거나이저 (모델-56),이 상품은 문구/오피스 - 학용품 카테고리의 고급형 데스크 오거나이저 (모델-56) 입니다. 최고의 품질을 보장합니다.,57000,,182,https://images.unsplash.com/photo-1585776245991-cf89dd7fc73a?q=80&w=300,FOR_SALE,2024-08-10 00:00:00
2777,179,고급형 젤 볼펜 10색 세트 (모델-57),이 상품은 문구/오피스 - 노트/다이어리 카테고리의 고급형 젤 볼펜 10색 세트 (모델-57) 입니다. 최고의 품질을 보장합니다.,50000,47500,181,https://images.unsplash.com/photo-1583485088034-697b5bc54ccd?q=80&w=300,FOR_SALE,2024-07-16 00:00:00
2778,181,필기감 좋은 2026년 가죽 다이어리 (모델-58),이 상품은 문구/오피스 - 사무기기/소모품 카테고리의 필기감 좋은 2026년 가죽 다이어리 (모델-58) 입니다. 최고의 품질을 보장합니다.,126000,,118,https://images.unsplash.com/photo-1544816155-12df9643f363?q=80&w=300,FOR_SALE,2025-03-26 00:00:00
2779,181,다이어리 젤 볼펜 10색 세트 (모델-59),이 상품은 문구/오피스 - 사무기기/소모품 카테고리의 다이어리 젤 볼펜 10색 세트 (모델-59) 입니다. 최고의 품질을 보장합니다.,120000,,52,https://images.unsplash.com/photo-1583485088034-697b5bc54ccd?q=80&w=300,FOR_SALE,2024-12-29 00:00:00
2780,182,필기감 좋은 2026년 가죽 다이어리 (모델-60),이 상품은 문구/오피스 - 사무용품 카테고리의 필기감 좋은 2026년 가죽 다이어리 (모델-60) 입니다. 최고의 품질을 보장합니다.,113000,,124,https://images.unsplash.com/photo-1544816155-12df9643f363?q=80&w=300,FOR_SALE,2025-05-28 00:00:00
2781,184,사무용 데스크 오거나이저 (모델-61),이 상품은 문구/오피스 - 학용품 카테고리의 사무용 데스크 오거나이저 (모델-61) 입니다. 최고의 품질을 보장합니다.,77000,,238,https://images.unsplash.com/photo-1585776245991-cf89dd7fc73a?q=80&w=300,FOR_SALE,2026-05-15 00:00:00
2782,181,다이어리 사무용 가위 (모델-62),이 상품은 문구/오피스 - 사무기기/소모품 카테고리의 다이어리 사무용 가위 (모델-62) 입니다. 최고의 품질을 보장합니다.,110000,,293,https://images.unsplash.com/photo-1506784983877-45594efa4cbe?q=80&w=300,FOR_SALE,2025-05-27 00:00:00
2783,180,다이어리 젤 볼펜 10색 세트 (모델-63),이 상품은 문구/오피스 - 데스크용품/책상정리 카테고리의 다이어리 젤 볼펜 10색 세트 (모델-63) 입니다. 최고의 품질을 보장합니다.,23000,18400,44,https://images.unsplash.com/photo-1583485088034-697b5bc54ccd?q=80&w=300,FOR_SALE,2025-07-21 00:00:00
2784,185,고급형 젤 볼펜 10색 세트 (모델-64),이 상품은 문구/오피스 - 화방/미술용품 카테고리의 고급형 젤 볼펜 10색 세트 (모델-64) 입니다. 최고의 품질을 보장합니다.,13000,,193,https://images.unsplash.com/photo-1583485088034-697b5bc54ccd?q=80&w=300,FOR_SALE,2025-11-30 00:00:00
2785,182,고급형 2026년 가죽 다이어리 (모델-65),이 상품은 문구/오피스 - 사무용품 카테고리의 고급형 2026년 가죽 다이어리 (모델-65) 입니다. 최고의 품질을 보장합니다.,48000,,264,https://images.unsplash.com/photo-1544816155-12df9643f363?q=80&w=300,FOR_SALE,2025-10-26 00:00:00
2786,179,다이어리 2026년 가죽 다이어리 (모델-66),이 상품은 문구/오피스 - 노트/다이어리 카테고리의 다이어리 2026년 가죽 다이어리 (모델-66) 입니다. 최고의 품질을 보장합니다.,129000,,287,https://images.unsplash.com/photo-1544816155-12df9643f363?q=80&w=300,FOR_SALE,2025-06-18 00:00:00
2787,185,필기감 좋은 2026년 가죽 다이어리 (모델-67),이 상품은 문구/오피스 - 화방/미술용품 카테고리의 필기감 좋은 2026년 가죽 다이어리 (모델-67) 입니다. 최고의 품질을 보장합니다.,18000,,57,https://images.unsplash.com/photo-1544816155-12df9643f363?q=80&w=300,FOR_SALE,2025-01-21 00:00:00
2788,185,필기감 좋은 A4 복사용지 2500매 (모델-68),이 상품은 문구/오피스 - 화방/미술용품 카테고리의 필기감 좋은 A4 복사용지 2500매 (모델-68) 입니다. 최고의 품질을 보장합니다.,18000,,110,https://images.unsplash.com/photo-1586075010923-2dd4570fb338?q=80&w=300,FOR_SALE,2025-11-18 00:00:00
2789,185,고급형 데스크 오거나이저 (모델-69),이 상품은 문구/오피스 - 화방/미술용품 카테고리의 고급형 데스크 오거나이저 (모델-69) 입니다. 최고의 품질을 보장합니다.,48000,,129,https://images.unsplash.com/photo-1585776245991-cf89dd7fc73a?q=80&w=300,FOR_SALE,2025-10-14 00:00:00
2790,182,고급형 데스크 오거나이저 (모델-70),이 상품은 문구/오피스 - 사무용품 카테고리의 고급형 데스크 오거나이저 (모델-70) 입니다. 최고의 품질을 보장합니다.,100000,,42,https://images.unsplash.com/photo-1585776245991-cf89dd7fc73a?q=80&w=300,FOR_SALE,2026-01-13 00:00:00
2791,181,깔끔한 데스크 오거나이저 (모델-71),이 상품은 문구/오피스 - 사무기기/소모품 카테고리의 깔끔한 데스크 오거나이저 (모델-71) 입니다. 최고의 품질을 보장합니다.,98000,,291,https://images.unsplash.com/photo-1585776245991-cf89dd7fc73a?q=80&w=300,FOR_SALE,2025-12-26 00:00:00
2792,181,다이어리 사무용 가위 (모델-72),이 상품은 문구/오피스 - 사무기기/소모품 카테고리의 다이어리 사무용 가위 (모델-72) 입니다. 최고의 품질을 보장합니다.,44000,37400,232,https://images.unsplash.com/photo-1506784983877-45594efa4cbe?q=80&w=300,FOR_SALE,2026-03-15 00:00:00
2793,180,깔끔한 사무용 가위 (모델-73),이 상품은 문구/오피스 - 데스크용품/책상정리 카테고리의 깔끔한 사무용 가위 (모델-73) 입니다. 최고의 품질을 보장합니다.,123000,,178,https://images.unsplash.com/photo-1506784983877-45594efa4cbe?q=80&w=300,FOR_SALE,2025-08-04 00:00:00
2794,185,깔끔한 사무용 가위 (모델-74),이 상품은 문구/오피스 - 화방/미술용품 카테고리의 깔끔한 사무용 가위 (모델-74) 입니다. 최고의 품질을 보장합니다.,52000,,217,https://images.unsplash.com/photo-1506784983877-45594efa4cbe?q=80&w=300,FOR_SALE,2026-02-19 00:00:00
2795,181,사무용 사무용 가위 (모델-75),이 상품은 문구/오피스 - 사무기기/소모품 카테고리의 사무용 사무용 가위 (모델-75) 입니다. 최고의 품질을 보장합니다.,10000,,36,https://images.unsplash.com/photo-1506784983877-45594efa4cbe?q=80&w=300,FOR_SALE,2024-12-30 00:00:00
2796,180,깔끔한 A4 복사용지 2500매 (모델-76),이 상품은 문구/오피스 - 데스크용품/책상정리 카테고리의 깔끔한 A4 복사용지 2500매 (모델-76) 입니다. 최고의 품질을 보장합니다.,111000,,130,https://images.unsplash.com/photo-1586075010923-2dd4570fb338?q=80&w=300,FOR_SALE,2024-11-27 00:00:00
2797,182,고급형 젤 볼펜 10색 세트 (모델-77),이 상품은 문구/오피스 - 사무용품 카테고리의 고급형 젤 볼펜 10색 세트 (모델-77) 입니다. 최고의 품질을 보장합니다.,84000,75600,21,https://images.unsplash.com/photo-1583485088034-697b5bc54ccd?q=80&w=300,FOR_SALE,2024-12-10 00:00:00
2798,183,필기감 좋은 사무용 가위 (모델-78),이 상품은 문구/오피스 - 필기구 카테고리의 필기감 좋은 사무용 가위 (모델-78) 입니다. 최고의 품질을 보장합니다.,120000,,165,https://images.unsplash.com/photo-1506784983877-45594efa4cbe?q=80&w=300,FOR_SALE,2026-04-25 00:00:00
2799,179,사무용 젤 볼펜 10색 세트 (모델-79),이 상품은 문구/오피스 - 노트/다이어리 카테고리의 사무용 젤 볼펜 10색 세트 (모델-79) 입니다. 최고의 품질을 보장합니다.,36000,,228,https://images.unsplash.com/photo-1583485088034-697b5bc54ccd?q=80&w=300,FOR_SALE,2024-07-25 00:00:00
2800,185,사무용 데스크 오거나이저 (모델-80),이 상품은 문구/오피스 - 화방/미술용품 카테고리의 사무용 데스크 오거나이저 (모델-80) 입니다. 최고의 품질을 보장합니다.,91000,,183,https://images.unsplash.com/photo-1585776245991-cf89dd7fc73a?q=80&w=300,FOR_SALE,2025-06-23 00:00:00
2801,185,사무용 A4 복사용지 2500매 (모델-81),이 상품은 문구/오피스 - 화방/미술용품 카테고리의 사무용 A4 복사용지 2500매 (모델-81) 입니다. 최고의 품질을 보장합니다.,99000,,48,https://images.unsplash.com/photo-1586075010923-2dd4570fb338?q=80&w=300,FOR_SALE,2024-09-08 00:00:00
2802,183,고급형 2026년 가죽 다이어리 (모델-82),이 상품은 문구/오피스 - 필기구 카테고리의 고급형 2026년 가죽 다이어리 (모델-82) 입니다. 최고의 품질을 보장합니다.,67000,,161,https://images.unsplash.com/photo-1544816155-12df9643f363?q=80&w=300,FOR_SALE,2026-01-19 00:00:00
2803,180,필기감 좋은 사무용 가위 (모델-83),이 상품은 문구/오피스 - 데스크용품/책상정리 카테고리의 필기감 좋은 사무용 가위 (모델-83) 입니다. 최고의 품질을 보장합니다.,78000,,82,https://images.unsplash.com/photo-1506784983877-45594efa4cbe?q=80&w=300,FOR_SALE,2024-09-29 00:00:00
2804,181,다이어리 젤 볼펜 10색 세트 (모델-84),이 상품은 문구/오피스 - 사무기기/소모품 카테고리의 다이어리 젤 볼펜 10색 세트 (모델-84) 입니다. 최고의 품질을 보장합니다.,140000,,286,https://images.unsplash.com/photo-1583485088034-697b5bc54ccd?q=80&w=300,FOR_SALE,2025-05-13 00:00:00
2805,183,고급형 2026년 가죽 다이어리 (모델-85),이 상품은 문구/오피스 - 필기구 카테고리의 고급형 2026년 가죽 다이어리 (모델-85) 입니다. 최고의 품질을 보장합니다.,134000,,294,https://images.unsplash.com/photo-1544816155-12df9643f363?q=80&w=300,FOR_SALE,2025-12-27 00:00:00
2806,182,고급형 A4 복사용지 2500매 (모델-86),이 상품은 문구/오피스 - 사무용품 카테고리의 고급형 A4 복사용지 2500매 (모델-86) 입니다. 최고의 품질을 보장합니다.,131000,,193,https://images.unsplash.com/photo-1586075010923-2dd4570fb338?q=80&w=300,FOR_SALE,2025-12-18 00:00:00
2807,179,필기감 좋은 2026년 가죽 다이어리 (모델-87),이 상품은 문구/오피스 - 노트/다이어리 카테고리의 필기감 좋은 2026년 가죽 다이어리 (모델-87) 입니다. 최고의 품질을 보장합니다.,65000,58500,90,https://images.unsplash.com/photo-1544816155-12df9643f363?q=80&w=300,FOR_SALE,2025-11-29 00:00:00
2808,183,필기감 좋은 A4 복사용지 2500매 (모델-88),이 상품은 문구/오피스 - 필기구 카테고리의 필기감 좋은 A4 복사용지 2500매 (모델-88) 입니다. 최고의 품질을 보장합니다.,137000,116400,256,https://images.unsplash.com/photo-1586075010923-2dd4570fb338?q=80&w=300,FOR_SALE,2024-09-01 00:00:00
2809,179,다이어리 사무용 가위 (모델-89),이 상품은 문구/오피스 - 노트/다이어리 카테고리의 다이어리 사무용 가위 (모델-89) 입니다. 최고의 품질을 보장합니다.,121000,108900,298,https://images.unsplash.com/photo-1506784983877-45594efa4cbe?q=80&w=300,FOR_SALE,2025-12-15 00:00:00
2810,180,고급형 A4 복사용지 2500매 (모델-90),이 상품은 문구/오피스 - 데스크용품/책상정리 카테고리의 고급형 A4 복사용지 2500매 (모델-90) 입니다. 최고의 품질을 보장합니다.,93000,79000,203,https://images.unsplash.com/photo-1586075010923-2dd4570fb338?q=80&w=300,FOR_SALE,2025-03-11 00:00:00
2811,184,필기감 좋은 젤 볼펜 10색 세트 (모델-91),이 상품은 문구/오피스 - 학용품 카테고리의 필기감 좋은 젤 볼펜 10색 세트 (모델-91) 입니다. 최고의 품질을 보장합니다.,124000,117800,110,https://images.unsplash.com/photo-1583485088034-697b5bc54ccd?q=80&w=300,FOR_SALE,2026-04-19 00:00:00
2812,181,필기감 좋은 A4 복사용지 2500매 (모델-92),이 상품은 문구/오피스 - 사무기기/소모품 카테고리의 필기감 좋은 A4 복사용지 2500매 (모델-92) 입니다. 최고의 품질을 보장합니다.,43000,38700,194,https://images.unsplash.com/photo-1586075010923-2dd4570fb338?q=80&w=300,FOR_SALE,2025-04-08 00:00:00
2813,181,다이어리 2026년 가죽 다이어리 (모델-93),이 상품은 문구/오피스 - 사무기기/소모품 카테고리의 다이어리 2026년 가죽 다이어리 (모델-93) 입니다. 최고의 품질을 보장합니다.,70000,,81,https://images.unsplash.com/photo-1544816155-12df9643f363?q=80&w=300,FOR_SALE,2025-05-25 00:00:00
2814,184,다이어리 데스크 오거나이저 (모델-94),이 상품은 문구/오피스 - 학용품 카테고리의 다이어리 데스크 오거나이저 (모델-94) 입니다. 최고의 품질을 보장합니다.,122000,,277,https://images.unsplash.com/photo-1585776245991-cf89dd7fc73a?q=80&w=300,FOR_SALE,2025-10-02 00:00:00
2815,180,깔끔한 데스크 오거나이저 (모델-95),이 상품은 문구/오피스 - 데스크용품/책상정리 카테고리의 깔끔한 데스크 오거나이저 (모델-95) 입니다. 최고의 품질을 보장합니다.,105000,,140,https://images.unsplash.com/photo-1585776245991-cf89dd7fc73a?q=80&w=300,FOR_SALE,2025-03-05 00:00:00
2816,179,필기감 좋은 젤 볼펜 10색 세트 (모델-96),이 상품은 문구/오피스 - 노트/다이어리 카테고리의 필기감 좋은 젤 볼펜 10색 세트 (모델-96) 입니다. 최고의 품질을 보장합니다.,23000,21800,289,https://images.unsplash.com/photo-1583485088034-697b5bc54ccd?q=80&w=300,FOR_SALE,2024-09-15 00:00:00
2817,179,깔끔한 젤 볼펜 10색 세트 (모델-97),이 상품은 문구/오피스 - 노트/다이어리 카테고리의 깔끔한 젤 볼펜 10색 세트 (모델-97) 입니다. 최고의 품질을 보장합니다.,58000,,138,https://images.unsplash.com/photo-1583485088034-697b5bc54ccd?q=80&w=300,FOR_SALE,2025-08-15 00:00:00
2818,181,고급형 데스크 오거나이저 (모델-98),이 상품은 문구/오피스 - 사무기기/소모품 카테고리의 고급형 데스크 오거나이저 (모델-98) 입니다. 최고의 품질을 보장합니다.,94000,79900,226,https://images.unsplash.com/photo-1585776245991-cf89dd7fc73a?q=80&w=300,FOR_SALE,2025-02-28 00:00:00
2819,184,고급형 젤 볼펜 10색 세트 (모델-99),이 상품은 문구/오피스 - 학용품 카테고리의 고급형 젤 볼펜 10색 세트 (모델-99) 입니다. 최고의 품질을 보장합니다.,95000,85500,139,https://images.unsplash.com/photo-1583485088034-697b5bc54ccd?q=80&w=300,FOR_SALE,2025-10-06 00:00:00
2820,180,사무용 사무용 가위 (모델-100),이 상품은 문구/오피스 - 데스크용품/책상정리 카테고리의 사무용 사무용 가위 (모델-100) 입니다. 최고의 품질을 보장합니다.,93000,79000,282,https://images.unsplash.com/photo-1506784983877-45594efa4cbe?q=80&w=300,FOR_SALE,2024-12-03 00:00:00
2821,185,다이어리 젤 볼펜 10색 세트 (모델-101),이 상품은 문구/오피스 - 화방/미술용품 카테고리의 다이어리 젤 볼펜 10색 세트 (모델-101) 입니다. 최고의 품질을 보장합니다.,23000,,13,https://images.unsplash.com/photo-1583485088034-697b5bc54ccd?q=80&w=300,FOR_SALE,2025-10-01 00:00:00
2822,185,깔끔한 A4 복사용지 2500매 (모델-102),이 상품은 문구/오피스 - 화방/미술용품 카테고리의 깔끔한 A4 복사용지 2500매 (모델-102) 입니다. 최고의 품질을 보장합니다.,144000,129600,272,https://images.unsplash.com/photo-1586075010923-2dd4570fb338?q=80&w=300,FOR_SALE,2025-07-21 00:00:00
2823,181,깔끔한 젤 볼펜 10색 세트 (모델-103),이 상품은 문구/오피스 - 사무기기/소모품 카테고리의 깔끔한 젤 볼펜 10색 세트 (모델-103) 입니다. 최고의 품질을 보장합니다.,100000,90000,85,https://images.unsplash.com/photo-1583485088034-697b5bc54ccd?q=80&w=300,FOR_SALE,2025-02-07 00:00:00
2824,184,다이어리 2026년 가죽 다이어리 (모델-104),이 상품은 문구/오피스 - 학용품 카테고리의 다이어리 2026년 가죽 다이어리 (모델-104) 입니다. 최고의 품질을 보장합니다.,140000,126000,14,https://images.unsplash.com/photo-1544816155-12df9643f363?q=80&w=300,FOR_SALE,2025-11-16 00:00:00
2825,184,필기감 좋은 2026년 가죽 다이어리 (모델-105),이 상품은 문구/오피스 - 학용품 카테고리의 필기감 좋은 2026년 가죽 다이어리 (모델-105) 입니다. 최고의 품질을 보장합니다.,76000,,99,https://images.unsplash.com/photo-1544816155-12df9643f363?q=80&w=300,FOR_SALE,2025-05-22 00:00:00
2826,180,사무용 A4 복사용지 2500매 (모델-106),이 상품은 문구/오피스 - 데스크용품/책상정리 카테고리의 사무용 A4 복사용지 2500매 (모델-106) 입니다. 최고의 품질을 보장합니다.,16000,,87,https://images.unsplash.com/photo-1586075010923-2dd4570fb338?q=80&w=300,FOR_SALE,2024-10-26 00:00:00
2827,184,깔끔한 젤 볼펜 10색 세트 (모델-107),이 상품은 문구/오피스 - 학용품 카테고리의 깔끔한 젤 볼펜 10색 세트 (모델-107) 입니다. 최고의 품질을 보장합니다.,83000,78800,126,https://images.unsplash.com/photo-1583485088034-697b5bc54ccd?q=80&w=300,FOR_SALE,2025-03-08 00:00:00
2828,181,필기감 좋은 젤 볼펜 10색 세트 (모델-108),이 상품은 문구/오피스 - 사무기기/소모품 카테고리의 필기감 좋은 젤 볼펜 10색 세트 (모델-108) 입니다. 최고의 품질을 보장합니다.,116000,104400,72,https://images.unsplash.com/photo-1583485088034-697b5bc54ccd?q=80&w=300,FOR_SALE,2025-02-15 00:00:00
2829,180,사무용 A4 복사용지 2500매 (모델-109),이 상품은 문구/오피스 - 데스크용품/책상정리 카테고리의 사무용 A4 복사용지 2500매 (모델-109) 입니다. 최고의 품질을 보장합니다.,13000,12400,199,https://images.unsplash.com/photo-1586075010923-2dd4570fb338?q=80&w=300,FOR_SALE,2025-08-18 00:00:00
2830,184,사무용 2026년 가죽 다이어리 (모델-110),이 상품은 문구/오피스 - 학용품 카테고리의 사무용 2026년 가죽 다이어리 (모델-110) 입니다. 최고의 품질을 보장합니다.,113000,96000,117,https://images.unsplash.com/photo-1544816155-12df9643f363?q=80&w=300,FOR_SALE,2025-05-07 00:00:00
2831,180,사무용 A4 복사용지 2500매 (모델-111),이 상품은 문구/오피스 - 데스크용품/책상정리 카테고리의 사무용 A4 복사용지 2500매 (모델-111) 입니다. 최고의 품질을 보장합니다.,109000,87200,70,https://images.unsplash.com/photo-1586075010923-2dd4570fb338?q=80&w=300,FOR_SALE,2025-01-04 00:00:00
2832,183,필기감 좋은 2026년 가죽 다이어리 (모델-112),이 상품은 문구/오피스 - 필기구 카테고리의 필기감 좋은 2026년 가죽 다이어리 (모델-112) 입니다. 최고의 품질을 보장합니다.,44000,39600,166,https://images.unsplash.com/photo-1544816155-12df9643f363?q=80&w=300,FOR_SALE,2024-12-09 00:00:00
2833,181,깔끔한 데스크 오거나이저 (모델-113),이 상품은 문구/오피스 - 사무기기/소모품 카테고리의 깔끔한 데스크 오거나이저 (모델-113) 입니다. 최고의 품질을 보장합니다.,97000,82400,132,https://images.unsplash.com/photo-1585776245991-cf89dd7fc73a?q=80&w=300,FOR_SALE,2025-03-31 00:00:00
2834,184,고급형 젤 볼펜 10색 세트 (모델-114),이 상품은 문구/오피스 - 학용품 카테고리의 고급형 젤 볼펜 10색 세트 (모델-114) 입니다. 최고의 품질을 보장합니다.,69000,,211,https://images.unsplash.com/photo-1583485088034-697b5bc54ccd?q=80&w=300,FOR_SALE,2025-12-19 00:00:00
2835,184,고급형 데스크 오거나이저 (모델-115),이 상품은 문구/오피스 - 학용품 카테고리의 고급형 데스크 오거나이저 (모델-115) 입니다. 최고의 품질을 보장합니다.,119000,,124,https://images.unsplash.com/photo-1585776245991-cf89dd7fc73a?q=80&w=300,FOR_SALE,2025-11-10 00:00:00
2836,182,사무용 데스크 오거나이저 (모델-116),이 상품은 문구/오피스 - 사무용품 카테고리의 사무용 데스크 오거나이저 (모델-116) 입니다. 최고의 품질을 보장합니다.,85000,,272,https://images.unsplash.com/photo-1585776245991-cf89dd7fc73a?q=80&w=300,FOR_SALE,2024-09-21 00:00:00
2837,180,필기감 좋은 젤 볼펜 10색 세트 (모델-117),이 상품은 문구/오피스 - 데스크용품/책상정리 카테고리의 필기감 좋은 젤 볼펜 10색 세트 (모델-117) 입니다. 최고의 품질을 보장합니다.,17000,,224,https://images.unsplash.com/photo-1583485088034-697b5bc54ccd?q=80&w=300,FOR_SALE,2026-01-12 00:00:00
2838,185,깔끔한 데스크 오거나이저 (모델-118),이 상품은 문구/오피스 - 화방/미술용품 카테고리의 깔끔한 데스크 오거나이저 (모델-118) 입니다. 최고의 품질을 보장합니다.,128000,,212,https://images.unsplash.com/photo-1585776245991-cf89dd7fc73a?q=80&w=300,FOR_SALE,2025-09-19 00:00:00
2839,183,사무용 사무용 가위 (모델-119),이 상품은 문구/오피스 - 필기구 카테고리의 사무용 사무용 가위 (모델-119) 입니다. 최고의 품질을 보장합니다.,23000,,253,https://images.unsplash.com/photo-1506784983877-45594efa4cbe?q=80&w=300,FOR_SALE,2026-04-10 00:00:00
2840,184,필기감 좋은 데스크 오거나이저 (모델-120),이 상품은 문구/오피스 - 학용품 카테고리의 필기감 좋은 데스크 오거나이저 (모델-120) 입니다. 최고의 품질을 보장합니다.,91000,,18,https://images.unsplash.com/photo-1585776245991-cf89dd7fc73a?q=80&w=300,FOR_SALE,2024-08-15 00:00:00
2841,180,깔끔한 2026년 가죽 다이어리 (모델-121),이 상품은 문구/오피스 - 데스크용품/책상정리 카테고리의 깔끔한 2026년 가죽 다이어리 (모델-121) 입니다. 최고의 품질을 보장합니다.,98000,93100,12,https://images.unsplash.com/photo-1544816155-12df9643f363?q=80&w=300,FOR_SALE,2025-01-26 00:00:00
2842,183,다이어리 사무용 가위 (모델-122),이 상품은 문구/오피스 - 필기구 카테고리의 다이어리 사무용 가위 (모델-122) 입니다. 최고의 품질을 보장합니다.,114000,,231,https://images.unsplash.com/photo-1506784983877-45594efa4cbe?q=80&w=300,FOR_SALE,2025-05-18 00:00:00
2843,180,사무용 2026년 가죽 다이어리 (모델-123),이 상품은 문구/오피스 - 데스크용품/책상정리 카테고리의 사무용 2026년 가죽 다이어리 (모델-123) 입니다. 최고의 품질을 보장합니다.,64000,60800,193,https://images.unsplash.com/photo-1544816155-12df9643f363?q=80&w=300,FOR_SALE,2024-11-12 00:00:00
2844,180,필기감 좋은 사무용 가위 (모델-124),이 상품은 문구/오피스 - 데스크용품/책상정리 카테고리의 필기감 좋은 사무용 가위 (모델-124) 입니다. 최고의 품질을 보장합니다.,114000,91200,165,https://images.unsplash.com/photo-1506784983877-45594efa4cbe?q=80&w=300,FOR_SALE,2026-02-17 00:00:00
2845,182,고급형 사무용 가위 (모델-125),이 상품은 문구/오피스 - 사무용품 카테고리의 고급형 사무용 가위 (모델-125) 입니다. 최고의 품질을 보장합니다.,55000,49500,153,https://images.unsplash.com/photo-1506784983877-45594efa4cbe?q=80&w=300,FOR_SALE,2024-12-21 00:00:00
2846,180,필기감 좋은 데스크 오거나이저 (모델-126),이 상품은 문구/오피스 - 데스크용품/책상정리 카테고리의 필기감 좋은 데스크 오거나이저 (모델-126) 입니다. 최고의 품질을 보장합니다.,99000,,220,https://images.unsplash.com/photo-1585776245991-cf89dd7fc73a?q=80&w=300,FOR_SALE,2026-01-26 00:00:00
2847,185,필기감 좋은 사무용 가위 (모델-127),이 상품은 문구/오피스 - 화방/미술용품 카테고리의 필기감 좋은 사무용 가위 (모델-127) 입니다. 최고의 품질을 보장합니다.,74000,66600,261,https://images.unsplash.com/photo-1506784983877-45594efa4cbe?q=80&w=300,FOR_SALE,2025-08-15 00:00:00
2848,179,사무용 사무용 가위 (모델-128),이 상품은 문구/오피스 - 노트/다이어리 카테고리의 사무용 사무용 가위 (모델-128) 입니다. 최고의 품질을 보장합니다.,40000,36000,23,https://images.unsplash.com/photo-1506784983877-45594efa4cbe?q=80&w=300,FOR_SALE,2026-03-09 00:00:00
2849,180,필기감 좋은 사무용 가위 (모델-129),이 상품은 문구/오피스 - 데스크용품/책상정리 카테고리의 필기감 좋은 사무용 가위 (모델-129) 입니다. 최고의 품질을 보장합니다.,89000,80100,202,https://images.unsplash.com/photo-1506784983877-45594efa4cbe?q=80&w=300,FOR_SALE,2025-12-20 00:00:00
2850,183,사무용 A4 복사용지 2500매 (모델-130),이 상품은 문구/오피스 - 필기구 카테고리의 사무용 A4 복사용지 2500매 (모델-130) 입니다. 최고의 품질을 보장합니다.,72000,61200,284,https://images.unsplash.com/photo-1586075010923-2dd4570fb338?q=80&w=300,FOR_SALE,2025-08-27 00:00:00
2851,183,깔끔한 2026년 가죽 다이어리 (모델-131),이 상품은 문구/오피스 - 필기구 카테고리의 깔끔한 2026년 가죽 다이어리 (모델-131) 입니다. 최고의 품질을 보장합니다.,82000,,215,https://images.unsplash.com/photo-1544816155-12df9643f363?q=80&w=300,FOR_SALE,2025-02-27 00:00:00
2852,181,사무용 A4 복사용지 2500매 (모델-132),이 상품은 문구/오피스 - 사무기기/소모품 카테고리의 사무용 A4 복사용지 2500매 (모델-132) 입니다. 최고의 품질을 보장합니다.,137000,,13,https://images.unsplash.com/photo-1586075010923-2dd4570fb338?q=80&w=300,FOR_SALE,2024-12-24 00:00:00
2853,182,깔끔한 젤 볼펜 10색 세트 (모델-133),이 상품은 문구/오피스 - 사무용품 카테고리의 깔끔한 젤 볼펜 10색 세트 (모델-133) 입니다. 최고의 품질을 보장합니다.,105000,94500,271,https://images.unsplash.com/photo-1583485088034-697b5bc54ccd?q=80&w=300,FOR_SALE,2026-01-03 00:00:00
2854,182,깔끔한 A4 복사용지 2500매 (모델-134),이 상품은 문구/오피스 - 사무용품 카테고리의 깔끔한 A4 복사용지 2500매 (모델-134) 입니다. 최고의 품질을 보장합니다.,98000,,40,https://images.unsplash.com/photo-1586075010923-2dd4570fb338?q=80&w=300,FOR_SALE,2025-03-12 00:00:00
2855,181,사무용 2026년 가죽 다이어리 (모델-135),이 상품은 문구/오피스 - 사무기기/소모품 카테고리의 사무용 2026년 가죽 다이어리 (모델-135) 입니다. 최고의 품질을 보장합니다.,118000,100300,295,https://images.unsplash.com/photo-1544816155-12df9643f363?q=80&w=300,FOR_SALE,2026-03-01 00:00:00
2856,181,사무용 2026년 가죽 다이어리 (모델-136),이 상품은 문구/오피스 - 사무기기/소모품 카테고리의 사무용 2026년 가죽 다이어리 (모델-136) 입니다. 최고의 품질을 보장합니다.,103000,,142,https://images.unsplash.com/photo-1544816155-12df9643f363?q=80&w=300,FOR_SALE,2025-10-18 00:00:00
2857,181,깔끔한 젤 볼펜 10색 세트 (모델-137),이 상품은 문구/오피스 - 사무기기/소모품 카테고리의 깔끔한 젤 볼펜 10색 세트 (모델-137) 입니다. 최고의 품질을 보장합니다.,80000,,297,https://images.unsplash.com/photo-1583485088034-697b5bc54ccd?q=80&w=300,FOR_SALE,2025-02-26 00:00:00
2858,182,사무용 A4 복사용지 2500매 (모델-138),이 상품은 문구/오피스 - 사무용품 카테고리의 사무용 A4 복사용지 2500매 (모델-138) 입니다. 최고의 품질을 보장합니다.,149000,,105,https://images.unsplash.com/photo-1586075010923-2dd4570fb338?q=80&w=300,FOR_SALE,2025-06-10 00:00:00
2859,182,고급형 젤 볼펜 10색 세트 (모델-139),이 상품은 문구/오피스 - 사무용품 카테고리의 고급형 젤 볼펜 10색 세트 (모델-139) 입니다. 최고의 품질을 보장합니다.,122000,,78,https://images.unsplash.com/photo-1583485088034-697b5bc54ccd?q=80&w=300,FOR_SALE,2026-05-06 00:00:00
2860,182,필기감 좋은 2026년 가죽 다이어리 (모델-140),이 상품은 문구/오피스 - 사무용품 카테고리의 필기감 좋은 2026년 가죽 다이어리 (모델-140) 입니다. 최고의 품질을 보장합니다.,24000,21600,234,https://images.unsplash.com/photo-1544816155-12df9643f363?q=80&w=300,FOR_SALE,2025-04-04 00:00:00
2861,189,가정용 종합 비타민 (모델-1),이 상품은 헬스/건강 - 시니어/실버용품 카테고리의 가정용 종합 비타민 (모델-1) 입니다. 최고의 품질을 보장합니다.,119000,,222,https://images.unsplash.com/photo-1584017911766-d451b3d0e843?q=80&w=300,FOR_SALE,2026-04-09 00:00:00
2862,191,고함량 포스트바이오틱스 유산균 (모델-2),이 상품은 헬스/건강 - 의료용품 카테고리의 고함량 포스트바이오틱스 유산균 (모델-2) 입니다. 최고의 품질을 보장합니다.,132000,,296,https://images.unsplash.com/photo-1550572017-edd951b5c40e?q=80&w=300,FOR_SALE,2025-04-23 00:00:00
2863,187,고함량 포스트바이오틱스 유산균 (모델-3),이 상품은 헬스/건강 - 건강측정기기 카테고리의 고함량 포스트바이오틱스 유산균 (모델-3) 입니다. 최고의 품질을 보장합니다.,35000,31500,173,https://images.unsplash.com/photo-1550572017-edd951b5c40e?q=80&w=300,FOR_SALE,2025-01-04 00:00:00
2864,188,다이어트용 어깨 온열 안마기 (모델-4),이 상품은 헬스/건강 - 다이어트/이너뷰티 카테고리의 다이어트용 어깨 온열 안마기 (모델-4) 입니다. 최고의 품질을 보장합니다.,50000,47500,178,https://images.unsplash.com/photo-1544005313-94ddf0286df2?q=80&w=300,FOR_SALE,2025-05-16 00:00:00
2865,191,고함량 포스트바이오틱스 유산균 (모델-5),이 상품은 헬스/건강 - 의료용품 카테고리의 고함량 포스트바이오틱스 유산균 (모델-5) 입니다. 최고의 품질을 보장합니다.,47000,42300,226,https://images.unsplash.com/photo-1550572017-edd951b5c40e?q=80&w=300,FOR_SALE,2025-10-04 00:00:00
2866,188,고함량 가정용 자동 혈압계 (모델-6),이 상품은 헬스/건강 - 다이어트/이너뷰티 카테고리의 고함량 가정용 자동 혈압계 (모델-6) 입니다. 최고의 품질을 보장합니다.,18000,,230,https://images.unsplash.com/photo-1576091160399-112ba8d25d1d?q=80&w=300,FOR_SALE,2025-05-03 00:00:00
2867,187,고함량 어깨 온열 안마기 (모델-7),이 상품은 헬스/건강 - 건강측정기기 카테고리의 고함량 어깨 온열 안마기 (모델-7) 입니다. 최고의 품질을 보장합니다.,16000,15200,218,https://images.unsplash.com/photo-1544005313-94ddf0286df2?q=80&w=300,FOR_SALE,2026-03-11 00:00:00
2868,186,고함량 어깨 온열 안마기 (모델-8),이 상품은 헬스/건강 - 건강기능식품 카테고리의 고함량 어깨 온열 안마기 (모델-8) 입니다. 최고의 품질을 보장합니다.,33000,29700,220,https://images.unsplash.com/photo-1544005313-94ddf0286df2?q=80&w=300,FOR_SALE,2025-05-15 00:00:00
2869,187,가정용 단백질 쉐이크 파우더 (모델-9),이 상품은 헬스/건강 - 건강측정기기 카테고리의 가정용 단백질 쉐이크 파우더 (모델-9) 입니다. 최고의 품질을 보장합니다.,136000,115600,122,https://images.unsplash.com/photo-1579758629938-03607ccdbaba?q=80&w=300,FOR_SALE,2025-10-16 00:00:00
2870,191,온열 단백질 쉐이크 파우더 (모델-10),이 상품은 헬스/건강 - 의료용품 카테고리의 온열 단백질 쉐이크 파우더 (모델-10) 입니다. 최고의 품질을 보장합니다.,33000,28000,58,https://images.unsplash.com/photo-1579758629938-03607ccdbaba?q=80&w=300,FOR_SALE,2026-05-05 00:00:00
2871,191,가정용 단백질 쉐이크 파우더 (모델-11),이 상품은 헬스/건강 - 의료용품 카테고리의 가정용 단백질 쉐이크 파우더 (모델-11) 입니다. 최고의 품질을 보장합니다.,29000,,139,https://images.unsplash.com/photo-1579758629938-03607ccdbaba?q=80&w=300,FOR_SALE,2025-07-11 00:00:00
2872,190,하루 한 캡슐 단백질 쉐이크 파우더 (모델-12),이 상품은 헬스/건강 - 안마/찜질 카테고리의 하루 한 캡슐 단백질 쉐이크 파우더 (모델-12) 입니다. 최고의 품질을 보장합니다.,122000,109800,220,https://images.unsplash.com/photo-1579758629938-03607ccdbaba?q=80&w=300,FOR_SALE,2026-02-21 00:00:00
2873,189,고함량 포스트바이오틱스 유산균 (모델-13),이 상품은 헬스/건강 - 시니어/실버용품 카테고리의 고함량 포스트바이오틱스 유산균 (모델-13) 입니다. 최고의 품질을 보장합니다.,52000,44200,25,https://images.unsplash.com/photo-1550572017-edd951b5c40e?q=80&w=300,FOR_SALE,2024-08-06 00:00:00
2874,190,고함량 단백질 쉐이크 파우더 (모델-14),이 상품은 헬스/건강 - 안마/찜질 카테고리의 고함량 단백질 쉐이크 파우더 (모델-14) 입니다. 최고의 품질을 보장합니다.,117000,,69,https://images.unsplash.com/photo-1579758629938-03607ccdbaba?q=80&w=300,FOR_SALE,2025-06-24 00:00:00
2875,188,가정용 단백질 쉐이크 파우더 (모델-15),이 상품은 헬스/건강 - 다이어트/이너뷰티 카테고리의 가정용 단백질 쉐이크 파우더 (모델-15) 입니다. 최고의 품질을 보장합니다.,36000,28800,64,https://images.unsplash.com/photo-1579758629938-03607ccdbaba?q=80&w=300,FOR_SALE,2026-01-04 00:00:00
2876,189,고함량 어깨 온열 안마기 (모델-16),이 상품은 헬스/건강 - 시니어/실버용품 카테고리의 고함량 어깨 온열 안마기 (모델-16) 입니다. 최고의 품질을 보장합니다.,28000,22400,155,https://images.unsplash.com/photo-1544005313-94ddf0286df2?q=80&w=300,FOR_SALE,2026-01-13 00:00:00
2877,192,다이어트용 종합 비타민 (모델-17),이 상품은 헬스/건강 - 홍삼/녹용 카테고리의 다이어트용 종합 비타민 (모델-17) 입니다. 최고의 품질을 보장합니다.,69000,,11,https://images.unsplash.com/photo-1584017911766-d451b3d0e843?q=80&w=300,FOR_SALE,2026-04-24 00:00:00
2878,186,온열 포스트바이오틱스 유산균 (모델-18),이 상품은 헬스/건강 - 건강기능식품 카테고리의 온열 포스트바이오틱스 유산균 (모델-18) 입니다. 최고의 품질을 보장합니다.,67000,63600,235,https://images.unsplash.com/photo-1550572017-edd951b5c40e?q=80&w=300,FOR_SALE,2025-08-13 00:00:00
2879,188,고함량 포스트바이오틱스 유산균 (모델-19),이 상품은 헬스/건강 - 다이어트/이너뷰티 카테고리의 고함량 포스트바이오틱스 유산균 (모델-19) 입니다. 최고의 품질을 보장합니다.,149000,,179,https://images.unsplash.com/photo-1550572017-edd951b5c40e?q=80&w=300,FOR_SALE,2025-02-04 00:00:00
2880,190,다이어트용 가정용 자동 혈압계 (모델-20),이 상품은 헬스/건강 - 안마/찜질 카테고리의 다이어트용 가정용 자동 혈압계 (모델-20) 입니다. 최고의 품질을 보장합니다.,14000,11900,254,https://images.unsplash.com/photo-1576091160399-112ba8d25d1d?q=80&w=300,FOR_SALE,2026-01-11 00:00:00
2881,188,온열 종합 비타민 (모델-21),이 상품은 헬스/건강 - 다이어트/이너뷰티 카테고리의 온열 종합 비타민 (모델-21) 입니다. 최고의 품질을 보장합니다.,53000,,183,https://images.unsplash.com/photo-1584017911766-d451b3d0e843?q=80&w=300,FOR_SALE,2025-02-07 00:00:00
2882,188,가정용 포스트바이오틱스 유산균 (모델-22),이 상품은 헬스/건강 - 다이어트/이너뷰티 카테고리의 가정용 포스트바이오틱스 유산균 (모델-22) 입니다. 최고의 품질을 보장합니다.,126000,119700,254,https://images.unsplash.com/photo-1550572017-edd951b5c40e?q=80&w=300,FOR_SALE,2025-02-28 00:00:00
2883,192,다이어트용 단백질 쉐이크 파우더 (모델-23),이 상품은 헬스/건강 - 홍삼/녹용 카테고리의 다이어트용 단백질 쉐이크 파우더 (모델-23) 입니다. 최고의 품질을 보장합니다.,48000,,83,https://images.unsplash.com/photo-1579758629938-03607ccdbaba?q=80&w=300,FOR_SALE,2024-09-10 00:00:00
2884,188,다이어트용 어깨 온열 안마기 (모델-24),이 상품은 헬스/건강 - 다이어트/이너뷰티 카테고리의 다이어트용 어깨 온열 안마기 (모델-24) 입니다. 최고의 품질을 보장합니다.,54000,,25,https://images.unsplash.com/photo-1544005313-94ddf0286df2?q=80&w=300,FOR_SALE,2026-05-28 00:00:00
2885,186,하루 한 캡슐 포스트바이오틱스 유산균 (모델-25),이 상품은 헬스/건강 - 건강기능식품 카테고리의 하루 한 캡슐 포스트바이오틱스 유산균 (모델-25) 입니다. 최고의 품질을 보장합니다.,77000,69300,16,https://images.unsplash.com/photo-1550572017-edd951b5c40e?q=80&w=300,FOR_SALE,2026-03-13 00:00:00
2886,190,고함량 어깨 온열 안마기 (모델-26),이 상품은 헬스/건강 - 안마/찜질 카테고리의 고함량 어깨 온열 안마기 (모델-26) 입니다. 최고의 품질을 보장합니다.,128000,,72,https://images.unsplash.com/photo-1544005313-94ddf0286df2?q=80&w=300,FOR_SALE,2026-05-14 00:00:00
2887,191,하루 한 캡슐 어깨 온열 안마기 (모델-27),이 상품은 헬스/건강 - 의료용품 카테고리의 하루 한 캡슐 어깨 온열 안마기 (모델-27) 입니다. 최고의 품질을 보장합니다.,17000,,101,https://images.unsplash.com/photo-1544005313-94ddf0286df2?q=80&w=300,FOR_SALE,2025-09-13 00:00:00
2888,188,다이어트용 종합 비타민 (모델-28),이 상품은 헬스/건강 - 다이어트/이너뷰티 카테고리의 다이어트용 종합 비타민 (모델-28) 입니다. 최고의 품질을 보장합니다.,121000,,223,https://images.unsplash.com/photo-1584017911766-d451b3d0e843?q=80&w=300,FOR_SALE,2025-10-25 00:00:00
2889,188,가정용 어깨 온열 안마기 (모델-29),이 상품은 헬스/건강 - 다이어트/이너뷰티 카테고리의 가정용 어깨 온열 안마기 (모델-29) 입니다. 최고의 품질을 보장합니다.,58000,55100,247,https://images.unsplash.com/photo-1544005313-94ddf0286df2?q=80&w=300,FOR_SALE,2025-12-31 00:00:00
2890,186,가정용 단백질 쉐이크 파우더 (모델-30),이 상품은 헬스/건강 - 건강기능식품 카테고리의 가정용 단백질 쉐이크 파우더 (모델-30) 입니다. 최고의 품질을 보장합니다.,111000,105400,87,https://images.unsplash.com/photo-1579758629938-03607ccdbaba?q=80&w=300,FOR_SALE,2024-11-18 00:00:00
2891,190,다이어트용 포스트바이오틱스 유산균 (모델-31),이 상품은 헬스/건강 - 안마/찜질 카테고리의 다이어트용 포스트바이오틱스 유산균 (모델-31) 입니다. 최고의 품질을 보장합니다.,73000,,148,https://images.unsplash.com/photo-1550572017-edd951b5c40e?q=80&w=300,FOR_SALE,2024-09-17 00:00:00
2892,192,하루 한 캡슐 종합 비타민 (모델-32),이 상품은 헬스/건강 - 홍삼/녹용 카테고리의 하루 한 캡슐 종합 비타민 (모델-32) 입니다. 최고의 품질을 보장합니다.,35000,31500,283,https://images.unsplash.com/photo-1584017911766-d451b3d0e843?q=80&w=300,FOR_SALE,2024-12-09 00:00:00
2893,188,고함량 종합 비타민 (모델-33),이 상품은 헬스/건강 - 다이어트/이너뷰티 카테고리의 고함량 종합 비타민 (모델-33) 입니다. 최고의 품질을 보장합니다.,98000,93100,37,https://images.unsplash.com/photo-1584017911766-d451b3d0e843?q=80&w=300,FOR_SALE,2025-03-26 00:00:00
2894,189,고함량 가정용 자동 혈압계 (모델-34),이 상품은 헬스/건강 - 시니어/실버용품 카테고리의 고함량 가정용 자동 혈압계 (모델-34) 입니다. 최고의 품질을 보장합니다.,109000,103600,12,https://images.unsplash.com/photo-1576091160399-112ba8d25d1d?q=80&w=300,FOR_SALE,2026-02-09 00:00:00
2895,190,가정용 포스트바이오틱스 유산균 (모델-35),이 상품은 헬스/건강 - 안마/찜질 카테고리의 가정용 포스트바이오틱스 유산균 (모델-35) 입니다. 최고의 품질을 보장합니다.,27000,,230,https://images.unsplash.com/photo-1550572017-edd951b5c40e?q=80&w=300,FOR_SALE,2025-08-11 00:00:00
2896,192,하루 한 캡슐 포스트바이오틱스 유산균 (모델-36),이 상품은 헬스/건강 - 홍삼/녹용 카테고리의 하루 한 캡슐 포스트바이오틱스 유산균 (모델-36) 입니다. 최고의 품질을 보장합니다.,92000,87400,21,https://images.unsplash.com/photo-1550572017-edd951b5c40e?q=80&w=300,FOR_SALE,2025-10-02 00:00:00
2897,187,하루 한 캡슐 포스트바이오틱스 유산균 (모델-37),이 상품은 헬스/건강 - 건강측정기기 카테고리의 하루 한 캡슐 포스트바이오틱스 유산균 (모델-37) 입니다. 최고의 품질을 보장합니다.,34000,,170,https://images.unsplash.com/photo-1550572017-edd951b5c40e?q=80&w=300,FOR_SALE,2025-07-29 00:00:00
2898,188,가정용 종합 비타민 (모델-38),이 상품은 헬스/건강 - 다이어트/이너뷰티 카테고리의 가정용 종합 비타민 (모델-38) 입니다. 최고의 품질을 보장합니다.,77000,,40,https://images.unsplash.com/photo-1584017911766-d451b3d0e843?q=80&w=300,FOR_SALE,2026-01-29 00:00:00
2899,190,고함량 종합 비타민 (모델-39),이 상품은 헬스/건강 - 안마/찜질 카테고리의 고함량 종합 비타민 (모델-39) 입니다. 최고의 품질을 보장합니다.,28000,25200,210,https://images.unsplash.com/photo-1584017911766-d451b3d0e843?q=80&w=300,FOR_SALE,2026-04-15 00:00:00
2900,187,온열 종합 비타민 (모델-40),이 상품은 헬스/건강 - 건강측정기기 카테고리의 온열 종합 비타민 (모델-40) 입니다. 최고의 품질을 보장합니다.,147000,,69,https://images.unsplash.com/photo-1584017911766-d451b3d0e843?q=80&w=300,FOR_SALE,2025-10-01 00:00:00
2901,186,가정용 어깨 온열 안마기 (모델-41),이 상품은 헬스/건강 - 건강기능식품 카테고리의 가정용 어깨 온열 안마기 (모델-41) 입니다. 최고의 품질을 보장합니다.,109000,98100,271,https://images.unsplash.com/photo-1544005313-94ddf0286df2?q=80&w=300,FOR_SALE,2025-03-30 00:00:00
2902,192,하루 한 캡슐 가정용 자동 혈압계 (모델-42),이 상품은 헬스/건강 - 홍삼/녹용 카테고리의 하루 한 캡슐 가정용 자동 혈압계 (모델-42) 입니다. 최고의 품질을 보장합니다.,115000,97800,63,https://images.unsplash.com/photo-1576091160399-112ba8d25d1d?q=80&w=300,FOR_SALE,2024-08-17 00:00:00
2903,192,하루 한 캡슐 단백질 쉐이크 파우더 (모델-43),이 상품은 헬스/건강 - 홍삼/녹용 카테고리의 하루 한 캡슐 단백질 쉐이크 파우더 (모델-43) 입니다. 최고의 품질을 보장합니다.,145000,137800,19,https://images.unsplash.com/photo-1579758629938-03607ccdbaba?q=80&w=300,FOR_SALE,2024-09-03 00:00:00
2904,192,하루 한 캡슐 종합 비타민 (모델-44),이 상품은 헬스/건강 - 홍삼/녹용 카테고리의 하루 한 캡슐 종합 비타민 (모델-44) 입니다. 최고의 품질을 보장합니다.,100000,,169,https://images.unsplash.com/photo-1584017911766-d451b3d0e843?q=80&w=300,FOR_SALE,2025-02-19 00:00:00
2905,186,고함량 단백질 쉐이크 파우더 (모델-45),이 상품은 헬스/건강 - 건강기능식품 카테고리의 고함량 단백질 쉐이크 파우더 (모델-45) 입니다. 최고의 품질을 보장합니다.,72000,64800,265,https://images.unsplash.com/photo-1579758629938-03607ccdbaba?q=80&w=300,FOR_SALE,2026-03-30 00:00:00
2906,189,온열 가정용 자동 혈압계 (모델-46),이 상품은 헬스/건강 - 시니어/실버용품 카테고리의 온열 가정용 자동 혈압계 (모델-46) 입니다. 최고의 품질을 보장합니다.,42000,,229,https://images.unsplash.com/photo-1576091160399-112ba8d25d1d?q=80&w=300,FOR_SALE,2026-02-09 00:00:00
2907,187,다이어트용 어깨 온열 안마기 (모델-47),이 상품은 헬스/건강 - 건강측정기기 카테고리의 다이어트용 어깨 온열 안마기 (모델-47) 입니다. 최고의 품질을 보장합니다.,127000,,56,https://images.unsplash.com/photo-1544005313-94ddf0286df2?q=80&w=300,FOR_SALE,2025-01-07 00:00:00
2908,192,다이어트용 포스트바이오틱스 유산균 (모델-48),이 상품은 헬스/건강 - 홍삼/녹용 카테고리의 다이어트용 포스트바이오틱스 유산균 (모델-48) 입니다. 최고의 품질을 보장합니다.,95000,,215,https://images.unsplash.com/photo-1550572017-edd951b5c40e?q=80&w=300,FOR_SALE,2024-09-29 00:00:00
2909,192,하루 한 캡슐 단백질 쉐이크 파우더 (모델-49),이 상품은 헬스/건강 - 홍삼/녹용 카테고리의 하루 한 캡슐 단백질 쉐이크 파우더 (모델-49) 입니다. 최고의 품질을 보장합니다.,69000,,49,https://images.unsplash.com/photo-1579758629938-03607ccdbaba?q=80&w=300,FOR_SALE,2024-12-01 00:00:00
2910,190,온열 종합 비타민 (모델-50),이 상품은 헬스/건강 - 안마/찜질 카테고리의 온열 종합 비타민 (모델-50) 입니다. 최고의 품질을 보장합니다.,54000,,42,https://images.unsplash.com/photo-1584017911766-d451b3d0e843?q=80&w=300,FOR_SALE,2026-05-17 00:00:00
2911,188,온열 종합 비타민 (모델-51),이 상품은 헬스/건강 - 다이어트/이너뷰티 카테고리의 온열 종합 비타민 (모델-51) 입니다. 최고의 품질을 보장합니다.,45000,,219,https://images.unsplash.com/photo-1584017911766-d451b3d0e843?q=80&w=300,FOR_SALE,2024-08-24 00:00:00
2912,189,가정용 종합 비타민 (모델-52),이 상품은 헬스/건강 - 시니어/실버용품 카테고리의 가정용 종합 비타민 (모델-52) 입니다. 최고의 품질을 보장합니다.,23000,,200,https://images.unsplash.com/photo-1584017911766-d451b3d0e843?q=80&w=300,FOR_SALE,2024-12-22 00:00:00
2913,192,온열 종합 비타민 (모델-53),이 상품은 헬스/건강 - 홍삼/녹용 카테고리의 온열 종합 비타민 (모델-53) 입니다. 최고의 품질을 보장합니다.,33000,,113,https://images.unsplash.com/photo-1584017911766-d451b3d0e843?q=80&w=300,FOR_SALE,2024-10-22 00:00:00
2914,192,다이어트용 포스트바이오틱스 유산균 (모델-54),이 상품은 헬스/건강 - 홍삼/녹용 카테고리의 다이어트용 포스트바이오틱스 유산균 (모델-54) 입니다. 최고의 품질을 보장합니다.,108000,102600,193,https://images.unsplash.com/photo-1550572017-edd951b5c40e?q=80&w=300,FOR_SALE,2025-09-28 00:00:00
2915,192,하루 한 캡슐 종합 비타민 (모델-55),이 상품은 헬스/건강 - 홍삼/녹용 카테고리의 하루 한 캡슐 종합 비타민 (모델-55) 입니다. 최고의 품질을 보장합니다.,52000,,61,https://images.unsplash.com/photo-1584017911766-d451b3d0e843?q=80&w=300,FOR_SALE,2026-01-06 00:00:00
2916,190,가정용 가정용 자동 혈압계 (모델-56),이 상품은 헬스/건강 - 안마/찜질 카테고리의 가정용 가정용 자동 혈압계 (모델-56) 입니다. 최고의 품질을 보장합니다.,39000,33200,55,https://images.unsplash.com/photo-1576091160399-112ba8d25d1d?q=80&w=300,FOR_SALE,2025-08-08 00:00:00
2917,189,가정용 단백질 쉐이크 파우더 (모델-57),이 상품은 헬스/건강 - 시니어/실버용품 카테고리의 가정용 단백질 쉐이크 파우더 (모델-57) 입니다. 최고의 품질을 보장합니다.,83000,,289,https://images.unsplash.com/photo-1579758629938-03607ccdbaba?q=80&w=300,FOR_SALE,2025-03-20 00:00:00
2918,186,다이어트용 단백질 쉐이크 파우더 (모델-58),이 상품은 헬스/건강 - 건강기능식품 카테고리의 다이어트용 단백질 쉐이크 파우더 (모델-58) 입니다. 최고의 품질을 보장합니다.,58000,,269,https://images.unsplash.com/photo-1579758629938-03607ccdbaba?q=80&w=300,FOR_SALE,2026-06-01 00:00:00
2919,188,다이어트용 어깨 온열 안마기 (모델-59),이 상품은 헬스/건강 - 다이어트/이너뷰티 카테고리의 다이어트용 어깨 온열 안마기 (모델-59) 입니다. 최고의 품질을 보장합니다.,85000,,37,https://images.unsplash.com/photo-1544005313-94ddf0286df2?q=80&w=300,FOR_SALE,2024-09-11 00:00:00
2920,190,다이어트용 포스트바이오틱스 유산균 (모델-60),이 상품은 헬스/건강 - 안마/찜질 카테고리의 다이어트용 포스트바이오틱스 유산균 (모델-60) 입니다. 최고의 품질을 보장합니다.,29000,,212,https://images.unsplash.com/photo-1550572017-edd951b5c40e?q=80&w=300,FOR_SALE,2025-06-06 00:00:00
2921,192,다이어트용 어깨 온열 안마기 (모델-61),이 상품은 헬스/건강 - 홍삼/녹용 카테고리의 다이어트용 어깨 온열 안마기 (모델-61) 입니다. 최고의 품질을 보장합니다.,63000,59800,60,https://images.unsplash.com/photo-1544005313-94ddf0286df2?q=80&w=300,FOR_SALE,2025-09-29 00:00:00
2922,192,가정용 단백질 쉐이크 파우더 (모델-62),이 상품은 헬스/건강 - 홍삼/녹용 카테고리의 가정용 단백질 쉐이크 파우더 (모델-62) 입니다. 최고의 품질을 보장합니다.,96000,86400,28,https://images.unsplash.com/photo-1579758629938-03607ccdbaba?q=80&w=300,FOR_SALE,2024-10-26 00:00:00
2923,186,하루 한 캡슐 포스트바이오틱스 유산균 (모델-63),이 상품은 헬스/건강 - 건강기능식품 카테고리의 하루 한 캡슐 포스트바이오틱스 유산균 (모델-63) 입니다. 최고의 품질을 보장합니다.,96000,,154,https://images.unsplash.com/photo-1550572017-edd951b5c40e?q=80&w=300,FOR_SALE,2025-04-02 00:00:00
2924,191,다이어트용 가정용 자동 혈압계 (모델-64),이 상품은 헬스/건강 - 의료용품 카테고리의 다이어트용 가정용 자동 혈압계 (모델-64) 입니다. 최고의 품질을 보장합니다.,125000,,194,https://images.unsplash.com/photo-1576091160399-112ba8d25d1d?q=80&w=300,FOR_SALE,2025-11-23 00:00:00
2925,188,하루 한 캡슐 단백질 쉐이크 파우더 (모델-65),이 상품은 헬스/건강 - 다이어트/이너뷰티 카테고리의 하루 한 캡슐 단백질 쉐이크 파우더 (모델-65) 입니다. 최고의 품질을 보장합니다.,45000,,44,https://images.unsplash.com/photo-1579758629938-03607ccdbaba?q=80&w=300,FOR_SALE,2024-07-22 00:00:00
2926,188,온열 어깨 온열 안마기 (모델-66),이 상품은 헬스/건강 - 다이어트/이너뷰티 카테고리의 온열 어깨 온열 안마기 (모델-66) 입니다. 최고의 품질을 보장합니다.,115000,103500,187,https://images.unsplash.com/photo-1544005313-94ddf0286df2?q=80&w=300,FOR_SALE,2024-07-18 00:00:00
2927,189,온열 종합 비타민 (모델-67),이 상품은 헬스/건강 - 시니어/실버용품 카테고리의 온열 종합 비타민 (모델-67) 입니다. 최고의 품질을 보장합니다.,136000,,209,https://images.unsplash.com/photo-1584017911766-d451b3d0e843?q=80&w=300,FOR_SALE,2026-03-07 00:00:00
2928,188,고함량 가정용 자동 혈압계 (모델-68),이 상품은 헬스/건강 - 다이어트/이너뷰티 카테고리의 고함량 가정용 자동 혈압계 (모델-68) 입니다. 최고의 품질을 보장합니다.,60000,,118,https://images.unsplash.com/photo-1576091160399-112ba8d25d1d?q=80&w=300,FOR_SALE,2024-12-13 00:00:00
2929,190,다이어트용 단백질 쉐이크 파우더 (모델-69),이 상품은 헬스/건강 - 안마/찜질 카테고리의 다이어트용 단백질 쉐이크 파우더 (모델-69) 입니다. 최고의 품질을 보장합니다.,16000,,214,https://images.unsplash.com/photo-1579758629938-03607ccdbaba?q=80&w=300,FOR_SALE,2025-05-29 00:00:00
2930,190,가정용 가정용 자동 혈압계 (모델-70),이 상품은 헬스/건강 - 안마/찜질 카테고리의 가정용 가정용 자동 혈압계 (모델-70) 입니다. 최고의 품질을 보장합니다.,19000,15200,16,https://images.unsplash.com/photo-1576091160399-112ba8d25d1d?q=80&w=300,FOR_SALE,2026-03-25 00:00:00
2931,192,온열 가정용 자동 혈압계 (모델-71),이 상품은 헬스/건강 - 홍삼/녹용 카테고리의 온열 가정용 자동 혈압계 (모델-71) 입니다. 최고의 품질을 보장합니다.,47000,44600,204,https://images.unsplash.com/photo-1576091160399-112ba8d25d1d?q=80&w=300,FOR_SALE,2024-12-11 00:00:00
2932,192,하루 한 캡슐 포스트바이오틱스 유산균 (모델-72),이 상품은 헬스/건강 - 홍삼/녹용 카테고리의 하루 한 캡슐 포스트바이오틱스 유산균 (모델-72) 입니다. 최고의 품질을 보장합니다.,118000,106200,167,https://images.unsplash.com/photo-1550572017-edd951b5c40e?q=80&w=300,FOR_SALE,2024-11-22 00:00:00
2933,192,온열 어깨 온열 안마기 (모델-73),이 상품은 헬스/건강 - 홍삼/녹용 카테고리의 온열 어깨 온열 안마기 (모델-73) 입니다. 최고의 품질을 보장합니다.,98000,,171,https://images.unsplash.com/photo-1544005313-94ddf0286df2?q=80&w=300,FOR_SALE,2024-12-30 00:00:00
2934,186,온열 가정용 자동 혈압계 (모델-74),이 상품은 헬스/건강 - 건강기능식품 카테고리의 온열 가정용 자동 혈압계 (모델-74) 입니다. 최고의 품질을 보장합니다.,122000,,177,https://images.unsplash.com/photo-1576091160399-112ba8d25d1d?q=80&w=300,FOR_SALE,2024-12-30 00:00:00
2935,189,온열 가정용 자동 혈압계 (모델-75),이 상품은 헬스/건강 - 시니어/실버용품 카테고리의 온열 가정용 자동 혈압계 (모델-75) 입니다. 최고의 품질을 보장합니다.,133000,,131,https://images.unsplash.com/photo-1576091160399-112ba8d25d1d?q=80&w=300,FOR_SALE,2024-11-12 00:00:00
2936,188,다이어트용 포스트바이오틱스 유산균 (모델-76),이 상품은 헬스/건강 - 다이어트/이너뷰티 카테고리의 다이어트용 포스트바이오틱스 유산균 (모델-76) 입니다. 최고의 품질을 보장합니다.,125000,,281,https://images.unsplash.com/photo-1550572017-edd951b5c40e?q=80&w=300,FOR_SALE,2026-05-13 00:00:00
2937,189,다이어트용 가정용 자동 혈압계 (모델-77),이 상품은 헬스/건강 - 시니어/실버용품 카테고리의 다이어트용 가정용 자동 혈압계 (모델-77) 입니다. 최고의 품질을 보장합니다.,44000,,78,https://images.unsplash.com/photo-1576091160399-112ba8d25d1d?q=80&w=300,FOR_SALE,2025-04-29 00:00:00
2938,187,다이어트용 포스트바이오틱스 유산균 (모델-78),이 상품은 헬스/건강 - 건강측정기기 카테고리의 다이어트용 포스트바이오틱스 유산균 (모델-78) 입니다. 최고의 품질을 보장합니다.,104000,,124,https://images.unsplash.com/photo-1550572017-edd951b5c40e?q=80&w=300,FOR_SALE,2025-02-06 00:00:00
2939,186,가정용 가정용 자동 혈압계 (모델-79),이 상품은 헬스/건강 - 건강기능식품 카테고리의 가정용 가정용 자동 혈압계 (모델-79) 입니다. 최고의 품질을 보장합니다.,106000,100700,189,https://images.unsplash.com/photo-1576091160399-112ba8d25d1d?q=80&w=300,FOR_SALE,2026-04-19 00:00:00
2940,188,다이어트용 종합 비타민 (모델-80),이 상품은 헬스/건강 - 다이어트/이너뷰티 카테고리의 다이어트용 종합 비타민 (모델-80) 입니다. 최고의 품질을 보장합니다.,41000,36900,245,https://images.unsplash.com/photo-1584017911766-d451b3d0e843?q=80&w=300,FOR_SALE,2024-08-21 00:00:00
2941,192,가정용 포스트바이오틱스 유산균 (모델-81),이 상품은 헬스/건강 - 홍삼/녹용 카테고리의 가정용 포스트바이오틱스 유산균 (모델-81) 입니다. 최고의 품질을 보장합니다.,136000,,99,https://images.unsplash.com/photo-1550572017-edd951b5c40e?q=80&w=300,FOR_SALE,2025-05-02 00:00:00
2942,189,고함량 단백질 쉐이크 파우더 (모델-82),이 상품은 헬스/건강 - 시니어/실버용품 카테고리의 고함량 단백질 쉐이크 파우더 (모델-82) 입니다. 최고의 품질을 보장합니다.,103000,87600,15,https://images.unsplash.com/photo-1579758629938-03607ccdbaba?q=80&w=300,FOR_SALE,2025-05-16 00:00:00
2943,192,온열 어깨 온열 안마기 (모델-83),이 상품은 헬스/건강 - 홍삼/녹용 카테고리의 온열 어깨 온열 안마기 (모델-83) 입니다. 최고의 품질을 보장합니다.,116000,104400,272,https://images.unsplash.com/photo-1544005313-94ddf0286df2?q=80&w=300,FOR_SALE,2025-09-16 00:00:00
2944,189,온열 어깨 온열 안마기 (모델-84),이 상품은 헬스/건강 - 시니어/실버용품 카테고리의 온열 어깨 온열 안마기 (모델-84) 입니다. 최고의 품질을 보장합니다.,34000,32300,239,https://images.unsplash.com/photo-1544005313-94ddf0286df2?q=80&w=300,FOR_SALE,2026-05-17 00:00:00
2945,187,고함량 가정용 자동 혈압계 (모델-85),이 상품은 헬스/건강 - 건강측정기기 카테고리의 고함량 가정용 자동 혈압계 (모델-85) 입니다. 최고의 품질을 보장합니다.,24000,,210,https://images.unsplash.com/photo-1576091160399-112ba8d25d1d?q=80&w=300,FOR_SALE,2025-06-02 00:00:00
2946,188,하루 한 캡슐 단백질 쉐이크 파우더 (모델-86),이 상품은 헬스/건강 - 다이어트/이너뷰티 카테고리의 하루 한 캡슐 단백질 쉐이크 파우더 (모델-86) 입니다. 최고의 품질을 보장합니다.,141000,126900,77,https://images.unsplash.com/photo-1579758629938-03607ccdbaba?q=80&w=300,FOR_SALE,2026-03-25 00:00:00
2947,187,가정용 포스트바이오틱스 유산균 (모델-87),이 상품은 헬스/건강 - 건강측정기기 카테고리의 가정용 포스트바이오틱스 유산균 (모델-87) 입니다. 최고의 품질을 보장합니다.,86000,81700,245,https://images.unsplash.com/photo-1550572017-edd951b5c40e?q=80&w=300,FOR_SALE,2025-06-14 00:00:00
2948,187,온열 단백질 쉐이크 파우더 (모델-88),이 상품은 헬스/건강 - 건강측정기기 카테고리의 온열 단백질 쉐이크 파우더 (모델-88) 입니다. 최고의 품질을 보장합니다.,134000,127300,142,https://images.unsplash.com/photo-1579758629938-03607ccdbaba?q=80&w=300,FOR_SALE,2025-09-29 00:00:00
2949,189,가정용 단백질 쉐이크 파우더 (모델-89),이 상품은 헬스/건강 - 시니어/실버용품 카테고리의 가정용 단백질 쉐이크 파우더 (모델-89) 입니다. 최고의 품질을 보장합니다.,52000,44200,195,https://images.unsplash.com/photo-1579758629938-03607ccdbaba?q=80&w=300,FOR_SALE,2024-07-30 00:00:00
2950,189,온열 포스트바이오틱스 유산균 (모델-90),이 상품은 헬스/건강 - 시니어/실버용품 카테고리의 온열 포스트바이오틱스 유산균 (모델-90) 입니다. 최고의 품질을 보장합니다.,108000,,171,https://images.unsplash.com/photo-1550572017-edd951b5c40e?q=80&w=300,FOR_SALE,2024-08-28 00:00:00
2951,189,다이어트용 단백질 쉐이크 파우더 (모델-91),이 상품은 헬스/건강 - 시니어/실버용품 카테고리의 다이어트용 단백질 쉐이크 파우더 (모델-91) 입니다. 최고의 품질을 보장합니다.,66000,59400,126,https://images.unsplash.com/photo-1579758629938-03607ccdbaba?q=80&w=300,FOR_SALE,2026-02-16 00:00:00
2952,191,온열 어깨 온열 안마기 (모델-92),이 상품은 헬스/건강 - 의료용품 카테고리의 온열 어깨 온열 안마기 (모델-92) 입니다. 최고의 품질을 보장합니다.,115000,,228,https://images.unsplash.com/photo-1544005313-94ddf0286df2?q=80&w=300,FOR_SALE,2024-10-15 00:00:00
2953,188,가정용 단백질 쉐이크 파우더 (모델-93),이 상품은 헬스/건강 - 다이어트/이너뷰티 카테고리의 가정용 단백질 쉐이크 파우더 (모델-93) 입니다. 최고의 품질을 보장합니다.,100000,95000,30,https://images.unsplash.com/photo-1579758629938-03607ccdbaba?q=80&w=300,FOR_SALE,2025-06-27 00:00:00
2954,189,하루 한 캡슐 어깨 온열 안마기 (모델-94),이 상품은 헬스/건강 - 시니어/실버용품 카테고리의 하루 한 캡슐 어깨 온열 안마기 (모델-94) 입니다. 최고의 품질을 보장합니다.,122000,,160,https://images.unsplash.com/photo-1544005313-94ddf0286df2?q=80&w=300,FOR_SALE,2026-01-17 00:00:00
2955,186,고함량 종합 비타민 (모델-95),이 상품은 헬스/건강 - 건강기능식품 카테고리의 고함량 종합 비타민 (모델-95) 입니다. 최고의 품질을 보장합니다.,79000,,46,https://images.unsplash.com/photo-1584017911766-d451b3d0e843?q=80&w=300,FOR_SALE,2026-04-18 00:00:00
2956,187,하루 한 캡슐 어깨 온열 안마기 (모델-96),이 상품은 헬스/건강 - 건강측정기기 카테고리의 하루 한 캡슐 어깨 온열 안마기 (모델-96) 입니다. 최고의 품질을 보장합니다.,89000,71200,80,https://images.unsplash.com/photo-1544005313-94ddf0286df2?q=80&w=300,FOR_SALE,2025-06-07 00:00:00
2957,189,하루 한 캡슐 어깨 온열 안마기 (모델-97),이 상품은 헬스/건강 - 시니어/실버용품 카테고리의 하루 한 캡슐 어깨 온열 안마기 (모델-97) 입니다. 최고의 품질을 보장합니다.,149000,,84,https://images.unsplash.com/photo-1544005313-94ddf0286df2?q=80&w=300,FOR_SALE,2024-11-20 00:00:00
2958,188,고함량 가정용 자동 혈압계 (모델-98),이 상품은 헬스/건강 - 다이어트/이너뷰티 카테고리의 고함량 가정용 자동 혈압계 (모델-98) 입니다. 최고의 품질을 보장합니다.,138000,,27,https://images.unsplash.com/photo-1576091160399-112ba8d25d1d?q=80&w=300,FOR_SALE,2025-06-21 00:00:00
2959,188,하루 한 캡슐 가정용 자동 혈압계 (모델-99),이 상품은 헬스/건강 - 다이어트/이너뷰티 카테고리의 하루 한 캡슐 가정용 자동 혈압계 (모델-99) 입니다. 최고의 품질을 보장합니다.,120000,108000,211,https://images.unsplash.com/photo-1576091160399-112ba8d25d1d?q=80&w=300,FOR_SALE,2024-08-13 00:00:00
2960,187,하루 한 캡슐 가정용 자동 혈압계 (모델-100),이 상품은 헬스/건강 - 건강측정기기 카테고리의 하루 한 캡슐 가정용 자동 혈압계 (모델-100) 입니다. 최고의 품질을 보장합니다.,73000,62000,122,https://images.unsplash.com/photo-1576091160399-112ba8d25d1d?q=80&w=300,FOR_SALE,2025-12-05 00:00:00
2961,192,하루 한 캡슐 가정용 자동 혈압계 (모델-101),이 상품은 헬스/건강 - 홍삼/녹용 카테고리의 하루 한 캡슐 가정용 자동 혈압계 (모델-101) 입니다. 최고의 품질을 보장합니다.,122000,109800,155,https://images.unsplash.com/photo-1576091160399-112ba8d25d1d?q=80&w=300,FOR_SALE,2025-02-12 00:00:00
2962,191,온열 가정용 자동 혈압계 (모델-102),이 상품은 헬스/건강 - 의료용품 카테고리의 온열 가정용 자동 혈압계 (모델-102) 입니다. 최고의 품질을 보장합니다.,69000,,242,https://images.unsplash.com/photo-1576091160399-112ba8d25d1d?q=80&w=300,FOR_SALE,2025-01-28 00:00:00
2963,190,다이어트용 어깨 온열 안마기 (모델-103),이 상품은 헬스/건강 - 안마/찜질 카테고리의 다이어트용 어깨 온열 안마기 (모델-103) 입니다. 최고의 품질을 보장합니다.,87000,74000,10,https://images.unsplash.com/photo-1544005313-94ddf0286df2?q=80&w=300,FOR_SALE,2024-08-25 00:00:00
2964,188,가정용 가정용 자동 혈압계 (모델-104),이 상품은 헬스/건강 - 다이어트/이너뷰티 카테고리의 가정용 가정용 자동 혈압계 (모델-104) 입니다. 최고의 품질을 보장합니다.,131000,,223,https://images.unsplash.com/photo-1576091160399-112ba8d25d1d?q=80&w=300,FOR_SALE,2025-11-28 00:00:00
2965,191,하루 한 캡슐 단백질 쉐이크 파우더 (모델-105),이 상품은 헬스/건강 - 의료용품 카테고리의 하루 한 캡슐 단백질 쉐이크 파우더 (모델-105) 입니다. 최고의 품질을 보장합니다.,148000,,236,https://images.unsplash.com/photo-1579758629938-03607ccdbaba?q=80&w=300,FOR_SALE,2026-01-15 00:00:00
2966,189,가정용 가정용 자동 혈압계 (모델-106),이 상품은 헬스/건강 - 시니어/실버용품 카테고리의 가정용 가정용 자동 혈압계 (모델-106) 입니다. 최고의 품질을 보장합니다.,54000,,205,https://images.unsplash.com/photo-1576091160399-112ba8d25d1d?q=80&w=300,FOR_SALE,2026-03-30 00:00:00
2967,186,고함량 종합 비타민 (모델-107),이 상품은 헬스/건강 - 건강기능식품 카테고리의 고함량 종합 비타민 (모델-107) 입니다. 최고의 품질을 보장합니다.,85000,80800,198,https://images.unsplash.com/photo-1584017911766-d451b3d0e843?q=80&w=300,FOR_SALE,2025-02-19 00:00:00
2968,189,하루 한 캡슐 가정용 자동 혈압계 (모델-108),이 상품은 헬스/건강 - 시니어/실버용품 카테고리의 하루 한 캡슐 가정용 자동 혈압계 (모델-108) 입니다. 최고의 품질을 보장합니다.,26000,24700,241,https://images.unsplash.com/photo-1576091160399-112ba8d25d1d?q=80&w=300,FOR_SALE,2026-04-26 00:00:00
2969,191,고함량 포스트바이오틱스 유산균 (모델-109),이 상품은 헬스/건강 - 의료용품 카테고리의 고함량 포스트바이오틱스 유산균 (모델-109) 입니다. 최고의 품질을 보장합니다.,108000,97200,111,https://images.unsplash.com/photo-1550572017-edd951b5c40e?q=80&w=300,FOR_SALE,2025-08-06 00:00:00
2970,192,온열 포스트바이오틱스 유산균 (모델-110),이 상품은 헬스/건강 - 홍삼/녹용 카테고리의 온열 포스트바이오틱스 유산균 (모델-110) 입니다. 최고의 품질을 보장합니다.,147000,125000,13,https://images.unsplash.com/photo-1550572017-edd951b5c40e?q=80&w=300,FOR_SALE,2025-11-08 00:00:00
2971,190,온열 가정용 자동 혈압계 (모델-111),이 상품은 헬스/건강 - 안마/찜질 카테고리의 온열 가정용 자동 혈압계 (모델-111) 입니다. 최고의 품질을 보장합니다.,61000,,231,https://images.unsplash.com/photo-1576091160399-112ba8d25d1d?q=80&w=300,FOR_SALE,2026-04-19 00:00:00
2972,189,다이어트용 단백질 쉐이크 파우더 (모델-112),이 상품은 헬스/건강 - 시니어/실버용품 카테고리의 다이어트용 단백질 쉐이크 파우더 (모델-112) 입니다. 최고의 품질을 보장합니다.,113000,,67,https://images.unsplash.com/photo-1579758629938-03607ccdbaba?q=80&w=300,FOR_SALE,2025-11-10 00:00:00
2973,187,다이어트용 포스트바이오틱스 유산균 (모델-113),이 상품은 헬스/건강 - 건강측정기기 카테고리의 다이어트용 포스트바이오틱스 유산균 (모델-113) 입니다. 최고의 품질을 보장합니다.,71000,,53,https://images.unsplash.com/photo-1550572017-edd951b5c40e?q=80&w=300,FOR_SALE,2026-04-21 00:00:00
2974,187,하루 한 캡슐 단백질 쉐이크 파우더 (모델-114),이 상품은 헬스/건강 - 건강측정기기 카테고리의 하루 한 캡슐 단백질 쉐이크 파우더 (모델-114) 입니다. 최고의 품질을 보장합니다.,60000,57000,25,https://images.unsplash.com/photo-1579758629938-03607ccdbaba?q=80&w=300,FOR_SALE,2025-07-14 00:00:00
2975,186,하루 한 캡슐 포스트바이오틱스 유산균 (모델-115),이 상품은 헬스/건강 - 건강기능식품 카테고리의 하루 한 캡슐 포스트바이오틱스 유산균 (모델-115) 입니다. 최고의 품질을 보장합니다.,73000,,238,https://images.unsplash.com/photo-1550572017-edd951b5c40e?q=80&w=300,FOR_SALE,2025-07-20 00:00:00
2976,191,다이어트용 단백질 쉐이크 파우더 (모델-116),이 상품은 헬스/건강 - 의료용품 카테고리의 다이어트용 단백질 쉐이크 파우더 (모델-116) 입니다. 최고의 품질을 보장합니다.,120000,114000,101,https://images.unsplash.com/photo-1579758629938-03607ccdbaba?q=80&w=300,FOR_SALE,2024-12-22 00:00:00
2977,190,하루 한 캡슐 어깨 온열 안마기 (모델-117),이 상품은 헬스/건강 - 안마/찜질 카테고리의 하루 한 캡슐 어깨 온열 안마기 (모델-117) 입니다. 최고의 품질을 보장합니다.,78000,74100,43,https://images.unsplash.com/photo-1544005313-94ddf0286df2?q=80&w=300,FOR_SALE,2025-04-21 00:00:00
2978,190,다이어트용 단백질 쉐이크 파우더 (모델-118),이 상품은 헬스/건강 - 안마/찜질 카테고리의 다이어트용 단백질 쉐이크 파우더 (모델-118) 입니다. 최고의 품질을 보장합니다.,73000,58400,227,https://images.unsplash.com/photo-1579758629938-03607ccdbaba?q=80&w=300,FOR_SALE,2024-11-23 00:00:00
2979,189,고함량 포스트바이오틱스 유산균 (모델-119),이 상품은 헬스/건강 - 시니어/실버용품 카테고리의 고함량 포스트바이오틱스 유산균 (모델-119) 입니다. 최고의 품질을 보장합니다.,28000,,146,https://images.unsplash.com/photo-1550572017-edd951b5c40e?q=80&w=300,FOR_SALE,2025-02-03 00:00:00
2980,188,가정용 어깨 온열 안마기 (모델-120),이 상품은 헬스/건강 - 다이어트/이너뷰티 카테고리의 가정용 어깨 온열 안마기 (모델-120) 입니다. 최고의 품질을 보장합니다.,48000,,44,https://images.unsplash.com/photo-1544005313-94ddf0286df2?q=80&w=300,FOR_SALE,2025-09-16 00:00:00
2981,189,온열 어깨 온열 안마기 (모델-121),이 상품은 헬스/건강 - 시니어/실버용품 카테고리의 온열 어깨 온열 안마기 (모델-121) 입니다. 최고의 품질을 보장합니다.,32000,30400,269,https://images.unsplash.com/photo-1544005313-94ddf0286df2?q=80&w=300,FOR_SALE,2026-04-26 00:00:00
2982,191,고함량 어깨 온열 안마기 (모델-122),이 상품은 헬스/건강 - 의료용품 카테고리의 고함량 어깨 온열 안마기 (모델-122) 입니다. 최고의 품질을 보장합니다.,33000,,137,https://images.unsplash.com/photo-1544005313-94ddf0286df2?q=80&w=300,FOR_SALE,2024-08-09 00:00:00
2983,190,고함량 포스트바이오틱스 유산균 (모델-123),이 상품은 헬스/건강 - 안마/찜질 카테고리의 고함량 포스트바이오틱스 유산균 (모델-123) 입니다. 최고의 품질을 보장합니다.,14000,,264,https://images.unsplash.com/photo-1550572017-edd951b5c40e?q=80&w=300,FOR_SALE,2025-11-19 00:00:00
2984,186,하루 한 캡슐 가정용 자동 혈압계 (모델-124),이 상품은 헬스/건강 - 건강기능식품 카테고리의 하루 한 캡슐 가정용 자동 혈압계 (모델-124) 입니다. 최고의 품질을 보장합니다.,98000,88200,133,https://images.unsplash.com/photo-1576091160399-112ba8d25d1d?q=80&w=300,FOR_SALE,2025-08-14 00:00:00
2985,189,다이어트용 단백질 쉐이크 파우더 (모델-125),이 상품은 헬스/건강 - 시니어/실버용품 카테고리의 다이어트용 단백질 쉐이크 파우더 (모델-125) 입니다. 최고의 품질을 보장합니다.,101000,,293,https://images.unsplash.com/photo-1579758629938-03607ccdbaba?q=80&w=300,FOR_SALE,2025-06-02 00:00:00
2986,188,다이어트용 포스트바이오틱스 유산균 (모델-126),이 상품은 헬스/건강 - 다이어트/이너뷰티 카테고리의 다이어트용 포스트바이오틱스 유산균 (모델-126) 입니다. 최고의 품질을 보장합니다.,109000,103600,94,https://images.unsplash.com/photo-1550572017-edd951b5c40e?q=80&w=300,FOR_SALE,2026-04-15 00:00:00
2987,189,다이어트용 단백질 쉐이크 파우더 (모델-127),이 상품은 헬스/건강 - 시니어/실버용품 카테고리의 다이어트용 단백질 쉐이크 파우더 (모델-127) 입니다. 최고의 품질을 보장합니다.,87000,82600,83,https://images.unsplash.com/photo-1579758629938-03607ccdbaba?q=80&w=300,FOR_SALE,2024-07-31 00:00:00
2988,186,다이어트용 가정용 자동 혈압계 (모델-128),이 상품은 헬스/건강 - 건강기능식품 카테고리의 다이어트용 가정용 자동 혈압계 (모델-128) 입니다. 최고의 품질을 보장합니다.,130000,,179,https://images.unsplash.com/photo-1576091160399-112ba8d25d1d?q=80&w=300,FOR_SALE,2025-06-28 00:00:00
2989,191,다이어트용 가정용 자동 혈압계 (모델-129),이 상품은 헬스/건강 - 의료용품 카테고리의 다이어트용 가정용 자동 혈압계 (모델-129) 입니다. 최고의 품질을 보장합니다.,146000,,50,https://images.unsplash.com/photo-1576091160399-112ba8d25d1d?q=80&w=300,FOR_SALE,2025-08-27 00:00:00
2990,187,고함량 단백질 쉐이크 파우더 (모델-130),이 상품은 헬스/건강 - 건강측정기기 카테고리의 고함량 단백질 쉐이크 파우더 (모델-130) 입니다. 최고의 품질을 보장합니다.,112000,,176,https://images.unsplash.com/photo-1579758629938-03607ccdbaba?q=80&w=300,FOR_SALE,2026-01-26 00:00:00
2991,189,다이어트용 포스트바이오틱스 유산균 (모델-131),이 상품은 헬스/건강 - 시니어/실버용품 카테고리의 다이어트용 포스트바이오틱스 유산균 (모델-131) 입니다. 최고의 품질을 보장합니다.,72000,68400,54,https://images.unsplash.com/photo-1550572017-edd951b5c40e?q=80&w=300,FOR_SALE,2025-05-22 00:00:00
2992,186,가정용 포스트바이오틱스 유산균 (모델-132),이 상품은 헬스/건강 - 건강기능식품 카테고리의 가정용 포스트바이오틱스 유산균 (모델-132) 입니다. 최고의 품질을 보장합니다.,42000,39900,124,https://images.unsplash.com/photo-1550572017-edd951b5c40e?q=80&w=300,FOR_SALE,2025-03-12 00:00:00
2993,186,하루 한 캡슐 종합 비타민 (모델-133),이 상품은 헬스/건강 - 건강기능식품 카테고리의 하루 한 캡슐 종합 비타민 (모델-133) 입니다. 최고의 품질을 보장합니다.,80000,76000,150,https://images.unsplash.com/photo-1584017911766-d451b3d0e843?q=80&w=300,FOR_SALE,2025-04-19 00:00:00
2994,190,다이어트용 가정용 자동 혈압계 (모델-134),이 상품은 헬스/건강 - 안마/찜질 카테고리의 다이어트용 가정용 자동 혈압계 (모델-134) 입니다. 최고의 품질을 보장합니다.,98000,,82,https://images.unsplash.com/photo-1576091160399-112ba8d25d1d?q=80&w=300,FOR_SALE,2025-03-09 00:00:00
2995,191,고함량 단백질 쉐이크 파우더 (모델-135),이 상품은 헬스/건강 - 의료용품 카테고리의 고함량 단백질 쉐이크 파우더 (모델-135) 입니다. 최고의 품질을 보장합니다.,148000,140600,138,https://images.unsplash.com/photo-1579758629938-03607ccdbaba?q=80&w=300,FOR_SALE,2025-05-03 00:00:00
2996,190,고함량 단백질 쉐이크 파우더 (모델-136),이 상품은 헬스/건강 - 안마/찜질 카테고리의 고함량 단백질 쉐이크 파우더 (모델-136) 입니다. 최고의 품질을 보장합니다.,130000,123500,200,https://images.unsplash.com/photo-1579758629938-03607ccdbaba?q=80&w=300,FOR_SALE,2025-06-20 00:00:00
2997,190,하루 한 캡슐 어깨 온열 안마기 (모델-137),이 상품은 헬스/건강 - 안마/찜질 카테고리의 하루 한 캡슐 어깨 온열 안마기 (모델-137) 입니다. 최고의 품질을 보장합니다.,140000,133000,39,https://images.unsplash.com/photo-1544005313-94ddf0286df2?q=80&w=300,FOR_SALE,2025-11-23 00:00:00
2998,187,가정용 가정용 자동 혈압계 (모델-138),이 상품은 헬스/건강 - 건강측정기기 카테고리의 가정용 가정용 자동 혈압계 (모델-138) 입니다. 최고의 품질을 보장합니다.,127000,,172,https://images.unsplash.com/photo-1576091160399-112ba8d25d1d?q=80&w=300,FOR_SALE,2025-01-10 00:00:00
2999,188,고함량 단백질 쉐이크 파우더 (모델-139),이 상품은 헬스/건강 - 다이어트/이너뷰티 카테고리의 고함량 단백질 쉐이크 파우더 (모델-139) 입니다. 최고의 품질을 보장합니다.,119000,,48,https://images.unsplash.com/photo-1579758629938-03607ccdbaba?q=80&w=300,FOR_SALE,2025-01-09 00:00:00
3000,187,하루 한 캡슐 가정용 자동 혈압계 (모델-140),이 상품은 헬스/건강 - 건강측정기기 카테고리의 하루 한 캡슐 가정용 자동 혈압계 (모델-140) 입니다. 최고의 품질을 보장합니다.,92000,82800,104,https://images.unsplash.com/photo-1576091160399-112ba8d25d1d?q=80&w=300,FOR_SALE,2025-05-22 00:00:00
