user_id,is_member,membership_cancelled,tenure_days,recency_days,day_since_last_order,order_count,total_spend,cart_abandon_count,wishlist_idle_count,coupon_unused_count,bad_review_count,cancel_count,spending_drop_ratio,satisfaction_score,prefered_order_cat,seed_group,seed_type,churned
1,0,0,706,9,20,17,1241918,0,0,0,0,0,0.9,4,문구/오피스,normal,,0
2,0,0,728,4,24,14,770812,0,0,1,0,0,1.26,,헬스/건강,normal,,0
3,0,0,825,9,18,15,1185300,0,3,0,0,0,1.22,3,생활용품,risk,WISHLIST_IDLE,0
4,0,0,777,28,20,27,1285200,0,0,0,0,0,0.5,,자동차,border,,0
5,0,0,596,12,4,16,537952,0,0,0,0,0,1.33,,헬스/건강,normal,,0
6,1,0,294,3,25,13,744211,0,0,0,0,0,0.86,5,패션,normal,,0
7,0,0,739,5,29,5,313120,1,0,1,0,0,1.36,2,완구/취미,normal,,0
8,1,0,515,2,24,21,907284,0,0,0,0,0,1.32,4,생활용품,normal,,0
9,0,0,596,10,22,17,1529388,0,0,0,0,0,1.27,5,자동차,normal,,0
10,0,0,375,5,15,18,972954,0,2,0,0,0,1.24,5,생활용품,risk,WISHLIST_IDLE,0
11,0,0,353,7,19,15,316350,0,0,0,0,0,0.94,,뷰티,normal,,1
12,0,0,500,58,70,28,1408540,0,0,0,0,0,1.32,,가전/디지털,risk,LOGIN_INACTIVE,1
13,0,0,227,11,25,11,781891,0,0,0,0,0,1.16,,가전/디지털,normal,,0
14,0,0,842,12,21,20,1112660,0,0,1,0,0,1.02,,가구/인테리어,normal,,1
15,0,0,246,2,11,6,206784,0,0,0,0,0,1.15,,뷰티,normal,,1
16,0,0,388,77,77,10,265050,1,0,1,0,0,0.93,3,스포츠,composite,,0
17,0,0,214,60,82,6,290802,0,0,0,0,0,1.4,,패션,risk,LOGIN_INACTIVE,0
18,1,0,92,5,4,29,1135292,0,0,1,0,0,1.06,,뷰티,risk,COUPON_EXPIRING,0
19,0,0,316,13,14,30,649590,0,0,0,0,0,1.25,,가전/디지털,normal,,0
20,0,0,313,61,73,18,829908,0,0,0,0,0,1.39,,헬스/건강,risk,LOGIN_INACTIVE,1
21,0,0,379,14,12,25,1019725,0,0,1,0,0,1.09,5,생활용품,normal,,0
22,1,0,552,10,11,12,552564,0,0,0,0,0,1.38,,스포츠,normal,,0
23,1,0,708,6,12,11,241714,0,0,0,0,0,1.26,,생활용품,normal,,0
24,0,0,103,9,27,4,329176,0,0,0,0,0,0.91,,출산/유아동,normal,,0
25,0,0,153,22,28,19,1222783,1,1,0,0,0,0.62,,식품,border,,0
26,0,0,559,3,12,8,524184,0,0,0,0,0,1.2,4,생활용품,normal,,0
27,1,0,801,2,10,15,377625,0,0,0,0,0,1.2,,패션,normal,,0
28,0,0,640,28,22,10,655690,0,0,1,0,0,0.51,,완구/취미,border,,0
29,0,0,520,4,28,8,436136,0,0,0,0,0,1.08,4,자동차,normal,,0
30,0,0,249,14,2,27,1828440,0,0,0,0,0,1.18,,패션,normal,,0
31,0,0,898,2,53,21,1862490,1,1,0,0,0,0.93,5,스포츠,composite,,0
32,0,0,954,0,8,9,306279,0,0,0,0,0,1.29,5,문구/오피스,normal,,0
33,0,0,561,8,21,25,1338650,0,0,0,0,2,0.76,2,패션,risk,BAD_EXPERIENCE,1
34,0,0,971,13,4,19,1545631,0,0,0,0,0,1.36,,가전/디지털,normal,,1
35,0,0,901,5,27,17,469897,0,0,0,0,0,0.8,,패션,normal,,1
36,0,0,139,78,95,13,425477,0,0,0,0,2,0.88,,스포츠,composite,,1
37,0,0,824,1,26,17,1137606,0,0,0,0,0,0.82,,식품,normal,,0
38,0,0,244,8,14,29,2498379,0,0,1,0,0,1.04,4,가구/인테리어,normal,,0
39,0,0,984,25,29,15,938295,0,0,0,0,0,0.54,,식품,border,,1
40,1,0,279,6,26,21,1119363,0,0,1,0,0,0.75,,식품,normal,,0
41,0,0,58,35,58,1,38157,0,1,0,0,0,1.39,,출산/유아동,risk,FIRST_ORDER_ONLY,1
42,0,0,901,11,28,28,1572760,1,0,0,0,0,1.12,3,가전/디지털,normal,,0
43,1,0,98,7,13,7,283227,0,0,0,0,0,0.9,,헬스/건강,normal,,0
44,0,0,367,1,20,29,2099658,0,0,0,0,0,0.96,5,출산/유아동,normal,,0
45,0,0,237,7,28,19,617481,0,0,0,1,0,1.12,,자동차,risk,BAD_EXPERIENCE,0
46,0,0,402,5,30,28,2153900,0,1,1,0,0,0.9,5,출산/유아동,normal,,0
47,1,0,929,51,67,24,1683192,0,0,0,0,0,1.12,4,자동차,risk,LOGIN_INACTIVE,0
48,1,0,286,2,3,26,1858870,1,0,0,0,0,0.81,4,완구/취미,normal,,0
49,0,0,356,12,14,8,669800,0,0,0,0,0,0.21,,가전/디지털,risk,SPENDING_DROP,1
50,0,0,573,6,26,16,593408,0,0,0,2,0,1.01,,뷰티,risk,BAD_EXPERIENCE,1
51,0,0,690,54,65,21,1097775,4,0,0,0,0,1.2,4,자동차,composite,,1
52,0,1,388,82,96,10,231720,0,0,0,0,0,1.28,3,가전/디지털,risk,LOGIN_INACTIVE,0
53,1,0,209,7,3,23,1163869,0,0,0,0,0,1.3,,헬스/건강,normal,,1
54,0,0,817,0,9,7,275492,1,1,0,0,0,1.2,,완구/취미,normal,,0
55,0,0,372,7,17,7,160867,0,0,0,0,0,1.11,,스포츠,normal,,0
56,1,0,324,8,17,28,1078728,0,5,0,0,0,1.34,5,패션,risk,WISHLIST_IDLE,0
57,0,0,321,20,21,5,286130,0,0,0,0,0,0.56,4,가전/디지털,border,,0
58,0,0,738,13,23,12,806568,1,0,1,0,0,1.17,,뷰티,normal,,0
59,0,0,449,8,24,11,363605,1,0,0,0,2,0.81,,가전/디지털,risk,BAD_EXPERIENCE,0
60,0,0,634,14,24,18,410688,0,1,0,0,0,1.07,5,뷰티,normal,,0
61,0,0,76,18,56,1,46159,0,0,1,0,0,1.39,5,자동차,risk,FIRST_ORDER_ONLY,0
62,1,0,959,6,30,12,286344,1,1,0,0,0,0.97,3,자동차,normal,,0
63,0,0,51,24,38,1,64700,0,0,1,0,0,1.2,5,헬스/건강,risk,FIRST_ORDER_ONLY,1
64,0,0,991,9,12,13,1025349,0,0,0,0,0,1.1,,스포츠,normal,,0
65,0,0,267,13,6,29,1754529,0,1,1,0,0,1.03,,뷰티,normal,,0
66,0,0,208,10,20,28,1140020,0,0,1,0,0,0.83,,가전/디지털,normal,,0
67,0,0,919,27,24,14,334096,0,1,0,0,0,0.52,4,패션,border,,0
68,0,0,169,2,7,10,234330,0,0,0,0,0,1.12,,스포츠,normal,,0
69,0,0,670,3,9,11,257598,0,0,0,0,0,1.08,,생활용품,normal,,0
70,0,0,540,11,22,23,1587345,0,0,0,0,0,0.86,,가전/디지털,normal,,0
71,0,0,93,6,26,11,241637,1,1,0,0,0,1.19,,생활용품,normal,,0
72,0,0,835,7,4,10,432090,3,1,1,0,0,1.07,,반려동물,risk,CART_ABANDON,1
73,0,0,497,6,26,11,280302,0,1,0,0,0,1.01,4,출산/유아동,normal,,0
74,0,0,645,9,19,27,2398761,0,0,0,0,0,0.82,,뷰티,normal,,0
75,0,0,906,14,3,18,939726,0,0,0,0,0,1.11,,헬스/건강,normal,,0
76,0,0,843,10,3,20,897680,0,0,0,0,0,1.29,4,가구/인테리어,normal,,0
77,0,0,230,6,11,18,488682,0,1,0,0,0,1.17,,가구/인테리어,normal,,0
78,0,0,799,8,5,6,261372,0,1,0,0,0,0.84,,식품,normal,,0
79,1,0,391,7,2,17,738565,0,1,1,0,0,1.32,4,자동차,normal,,0
80,0,0,316,5,24,6,248970,0,0,0,0,0,1.04,4,가전/디지털,normal,,0
81,0,0,147,8,24,15,1055145,0,1,0,0,0,0.85,,식품,normal,,1
82,0,0,449,86,90,21,890358,1,0,0,0,0,0.85,,헬스/건강,risk,LOGIN_INACTIVE,0
83,0,0,847,11,3,9,674955,0,0,1,0,0,0.94,4,생활용품,risk,COUPON_EXPIRING,0
84,0,0,980,2,8,7,143241,0,5,0,0,0,1.31,,헬스/건강,risk,WISHLIST_IDLE,0
85,0,0,65,9,30,29,2455691,0,0,0,0,0,1.02,3,문구/오피스,normal,,0
86,0,0,675,9,2,6,312450,1,0,0,0,0,1.28,4,문구/오피스,normal,,0
87,1,0,110,2,6,10,272170,0,0,1,0,0,1.18,3,뷰티,normal,,1
88,0,0,677,4,12,30,944850,0,0,0,0,0,1.19,4,헬스/건강,normal,,0
89,0,0,736,11,24,23,994842,1,0,0,0,0,0.77,,자동차,normal,,0
90,0,0,366,5,13,28,1950704,0,0,1,0,0,0.79,,헬스/건강,normal,,0
91,0,1,197,4,24,19,1063392,0,0,0,0,0,0.89,3,식품,risk,MEMBERSHIP_CANCEL,0
92,0,0,645,76,85,7,625310,1,0,0,0,0,1.36,2,스포츠,risk,LOGIN_INACTIVE,1
93,1,0,683,13,12,17,918578,0,1,3,0,0,0.83,4,출산/유아동,risk,COUPON_EXPIRING,1
94,0,0,592,11,22,19,1619541,0,0,1,0,0,1.21,4,스포츠,risk,COUPON_EXPIRING,1
95,0,0,181,0,16,4,141824,0,0,1,0,0,1.02,,가구/인테리어,risk,COUPON_EXPIRING,0
96,0,0,418,8,27,14,669634,0,0,0,0,0,1.26,,가전/디지털,normal,,0
97,0,0,367,8,19,13,811941,0,0,0,2,2,1.01,3,패션,risk,BAD_EXPERIENCE,0
98,1,0,912,2,8,4,253284,0,1,0,0,0,1.06,,자동차,normal,,0
99,1,0,721,2,17,5,201830,0,1,0,0,0,0.97,3,패션,normal,,0
100,0,0,58,37,56,1,53479,0,0,0,0,1,0.96,,스포츠,composite,,0
101,0,0,91,79,88,30,1252590,0,0,0,0,0,1.31,,완구/취미,risk,LOGIN_INACTIVE,1
102,1,0,938,5,24,26,627770,0,0,2,0,0,0.99,3,자동차,risk,COUPON_EXPIRING,1
103,0,0,597,4,7,10,347100,0,0,0,0,0,0.81,4,문구/오피스,normal,,1
104,0,0,85,12,17,20,1710860,0,0,0,0,0,1.32,,완구/취미,normal,,0
105,0,0,854,5,6,13,427414,0,1,0,0,0,0.84,,가구/인테리어,normal,,0
106,0,0,97,7,14,27,2388528,0,0,0,0,0,1.3,3,패션,normal,,0
107,0,0,401,79,88,6,156282,0,0,0,0,0,0.76,,식품,risk,LOGIN_INACTIVE,1
108,0,0,973,3,12,24,1110888,0,0,0,0,0,1.04,,패션,normal,,0
109,0,0,339,2,7,7,391062,0,1,0,0,0,0.82,,가구/인테리어,normal,,0
110,0,0,418,8,12,21,1166067,0,0,0,0,0,0.91,,가전/디지털,normal,,0
111,0,0,378,9,30,6,386394,0,0,0,0,0,1.34,,가구/인테리어,normal,,0
112,0,0,168,6,3,5,156435,0,0,0,0,0,1.14,,가전/디지털,normal,,0
113,0,0,766,11,16,30,1998360,0,1,0,0,0,1.19,,패션,normal,,0
114,0,0,140,14,26,21,1701819,0,0,1,0,0,1.2,5,식품,normal,,0
115,1,0,72,38,60,1,43823,0,1,0,0,0,1.33,,출산/유아동,risk,FIRST_ORDER_ONLY,1
116,1,0,776,27,21,9,569664,0,1,0,0,0,0.55,,생활용품,border,,0
117,0,0,926,2,11,18,1182474,0,0,0,0,0,1.28,4,완구/취미,normal,,0
118,0,0,169,5,19,29,849584,0,0,0,0,0,1.02,4,헬스/건강,normal,,0
119,0,0,309,8,7,23,1914175,0,0,1,0,0,1.13,,패션,normal,,0
120,1,0,505,9,27,29,1880708,0,0,0,0,0,0.8,,헬스/건강,normal,,0
121,0,0,647,13,17,26,909584,0,0,0,0,0,1.28,4,반려동물,normal,,1
122,1,0,375,6,4,9,308277,0,0,1,0,0,0.96,5,가구/인테리어,normal,,0
123,0,0,736,0,4,24,1164528,0,1,1,0,0,1.16,4,가전/디지털,normal,,0
124,0,0,835,10,23,4,158232,2,0,0,0,0,1.04,,문구/오피스,risk,CART_ABANDON,0
125,0,1,366,5,27,14,838838,1,1,0,0,0,1.34,,생활용품,risk,MEMBERSHIP_CANCEL,1
126,0,0,68,9,18,22,1605516,0,1,0,0,0,1.34,,가구/인테리어,normal,,0
127,1,0,60,11,19,5,335430,0,5,0,0,0,1.03,4,가전/디지털,risk,WISHLIST_IDLE,0
128,0,0,700,39,45,16,1122768,0,0,0,0,0,0.86,,완구/취미,risk,LOGIN_INACTIVE,1
129,0,0,453,13,13,21,1568427,0,1,0,0,0,0.84,,반려동물,risk,WISHLIST_IDLE,0
130,0,1,76,16,25,24,2011008,0,1,0,0,0,0.84,,가구/인테리어,risk,MEMBERSHIP_CANCEL,1
131,0,0,975,5,24,18,1364346,4,0,0,0,0,1.28,4,출산/유아동,risk,CART_ABANDON,0
132,1,0,250,6,21,11,230703,0,1,0,0,0,1.08,,가구/인테리어,normal,,0
133,0,0,619,9,13,17,414545,1,0,0,0,0,0.82,,반려동물,normal,,0
134,0,0,767,1,6,19,1690943,1,1,0,0,0,1.05,,출산/유아동,normal,,0
135,0,0,595,14,21,6,189552,0,0,0,0,0,1.18,,출산/유아동,normal,,0
136,0,0,708,8,27,25,1523975,0,1,0,0,0,0.76,,헬스/건강,normal,,1
137,0,0,584,14,17,18,1142136,0,1,0,0,0,0.94,,식품,normal,,0
138,0,0,771,14,21,5,299275,0,0,0,0,0,1.06,,자동차,normal,,0
139,1,0,646,0,23,9,524160,0,0,0,0,0,0.8,,패션,normal,,0
140,0,0,138,21,29,20,1128360,0,0,0,0,0,0.53,,스포츠,border,,0
141,1,0,816,8,23,22,1727946,2,0,0,0,0,0.9,,패션,risk,CART_ABANDON,0
142,0,0,411,27,22,5,201020,0,0,0,0,0,0.53,4,완구/취미,border,,0
143,0,0,922,5,3,27,1475658,0,3,0,0,0,1.01,,생활용품,risk,WISHLIST_IDLE,0
144,0,0,824,12,19,19,961894,0,0,0,0,0,0.84,4,가구/인테리어,normal,,1
145,1,0,72,4,27,17,1340059,0,0,0,0,0,1.37,3,식품,normal,,0
146,0,0,999,8,22,7,464632,1,0,1,0,0,1.31,4,가구/인테리어,normal,,0
147,1,0,336,68,92,16,460334,0,0,0,0,0,0.13,,생활용품,composite,,1
148,0,0,766,2,12,25,534650,0,1,0,0,0,0.81,4,완구/취미,normal,,0
149,1,0,761,20,29,7,341313,0,0,0,0,0,0.6,4,가구/인테리어,border,,0
150,0,0,282,9,22,30,1078890,0,0,1,0,0,0.83,4,패션,normal,,1
151,0,0,842,14,22,25,1105425,1,0,0,0,0,1.05,,헬스/건강,normal,,0
152,0,0,714,7,10,6,455790,0,0,0,0,0,0.92,,생활용품,normal,,0
153,0,0,135,4,26,28,788956,0,0,0,0,0,1.37,,생활용품,normal,,0
154,0,0,242,7,4,12,1013400,1,0,0,0,0,1.17,,자동차,normal,,0
155,0,0,207,8,26,7,535675,0,0,1,0,0,1.22,4,헬스/건강,normal,,0
156,0,0,95,1,4,7,369922,0,0,0,0,0,1.17,,스포츠,normal,,0
157,0,0,98,10,14,4,219688,0,0,0,0,0,0.75,,식품,normal,,0
158,0,0,849,7,17,26,2006004,0,0,1,0,0,0.8,,생활용품,normal,,1
159,0,0,63,6,24,11,915035,0,0,1,0,0,0.97,,문구/오피스,normal,,0
160,0,0,470,0,22,13,414479,0,1,0,0,0,1.3,,헬스/건강,normal,,0
161,0,0,844,4,22,28,1305444,0,0,0,0,0,0.87,4,뷰티,normal,,0
162,0,0,459,14,5,26,1744314,0,1,0,0,0,0.87,5,반려동물,normal,,0
163,0,0,257,0,25,5,256290,0,0,0,0,0,0.95,,문구/오피스,normal,,0
164,0,0,914,12,16,21,465171,0,0,0,0,0,0.78,,문구/오피스,normal,,0
165,0,0,276,12,22,7,619962,0,0,1,2,0,0.85,,완구/취미,risk,BAD_EXPERIENCE,0
166,0,0,97,11,6,6,504480,0,0,1,0,0,0.78,,헬스/건강,normal,,0
167,1,0,724,70,75,26,1107002,0,1,1,0,0,0.81,,헬스/건강,risk,LOGIN_INACTIVE,1
168,1,0,665,1,28,30,1018110,0,0,0,0,0,0.79,3,문구/오피스,normal,,0
169,0,0,496,5,27,10,726920,0,1,0,0,0,0.84,,스포츠,normal,,0
170,0,0,872,3,26,30,779250,0,0,0,0,0,0.84,,문구/오피스,normal,,0
171,1,0,232,11,13,17,707659,0,1,0,0,0,0.81,,출산/유아동,normal,,0
172,1,0,66,33,53,1,21683,0,0,0,0,0,0.87,4,생활용품,risk,FIRST_ORDER_ONLY,1
173,0,1,886,16,26,26,2142166,0,0,0,0,0,1.09,3,자동차,risk,MEMBERSHIP_CANCEL,0
174,0,0,238,9,24,11,274241,0,0,0,0,0,0.81,,뷰티,normal,,0
175,0,0,861,4,13,30,2246730,0,2,0,2,2,1.09,1,가전/디지털,composite,,1
176,0,0,848,10,23,18,850986,0,0,0,0,0,1.2,,자동차,normal,,1
177,0,0,569,29,27,19,487369,0,0,0,0,0,0.51,,완구/취미,border,,0
178,0,0,113,14,19,27,1162431,0,0,0,0,0,0.8,4,스포츠,normal,,0
179,0,0,798,7,20,11,689975,0,0,1,0,0,0.9,,가구/인테리어,normal,,0
180,0,1,393,18,5,7,357553,0,1,0,0,0,0.89,4,패션,risk,MEMBERSHIP_CANCEL,1
181,0,0,556,0,30,22,1696838,0,1,0,0,0,1.0,,헬스/건강,normal,,0
182,1,0,528,11,8,8,536008,1,0,0,0,0,1.2,2,완구/취미,normal,,0
183,0,0,347,2,5,5,405090,0,0,3,0,0,1.33,3,문구/오피스,risk,COUPON_EXPIRING,0
184,0,0,868,12,22,9,380457,0,0,0,0,0,1.02,,출산/유아동,normal,,0
185,0,0,560,13,8,20,1641220,0,0,0,0,0,1.23,,생활용품,normal,,1
186,0,0,313,5,15,11,540661,1,0,0,0,0,1.12,,반려동물,normal,,0
187,1,0,487,0,3,4,326756,0,0,0,0,0,1.01,,가전/디지털,normal,,0
188,0,0,877,11,28,29,952476,0,0,0,0,0,0.76,,완구/취미,normal,,0
189,0,0,476,3,6,27,1808352,0,0,0,0,0,1.06,,패션,normal,,0
190,0,0,225,11,16,13,301587,1,0,0,0,0,1.21,4,식품,normal,,0
191,0,0,868,8,13,9,727704,3,0,0,0,0,1.0,,문구/오피스,risk,CART_ABANDON,1
192,0,0,363,6,26,5,276805,0,0,0,0,0,0.88,,반려동물,normal,,0
193,1,0,142,1,30,25,1600000,1,0,1,0,0,1.19,,가전/디지털,risk,CART_ABANDON,0
194,0,0,68,22,48,1,41278,0,4,0,0,0,0.79,4,헬스/건강,composite,,0
195,0,0,830,9,29,27,1282446,0,0,0,0,0,1.33,4,출산/유아동,normal,,0
196,0,0,756,74,100,20,542760,0,0,3,0,0,1.09,3,문구/오피스,composite,,1
197,0,0,981,4,16,21,1433313,0,1,1,0,0,1.36,,뷰티,normal,,0
198,0,0,252,14,30,6,480084,0,0,0,0,0,1.37,,식품,normal,,0
199,0,0,171,2,10,6,208098,0,1,1,0,0,1.09,,완구/취미,risk,WISHLIST_IDLE,0
200,0,0,486,10,19,6,484965,0,0,0,0,0,0.13,4,헬스/건강,risk,SPENDING_DROP,0
201,1,0,297,29,28,29,1856696,0,0,0,0,0,0.63,,완구/취미,border,,0
202,0,0,528,4,20,18,671310,1,0,0,0,0,0.9,,완구/취미,normal,,0
203,0,0,355,12,29,15,393030,0,0,1,0,0,1.15,,자동차,normal,,0
204,1,0,788,8,11,9,395019,1,1,0,0,0,1.18,,패션,normal,,0
205,1,0,225,3,5,8,203144,1,0,0,0,0,0.99,,패션,normal,,0
206,0,0,635,11,3,10,615420,1,5,0,0,0,1.38,5,반려동물,risk,WISHLIST_IDLE,1
207,0,0,184,14,2,13,949338,1,0,1,0,0,1.35,5,스포츠,normal,,0
208,0,0,64,11,19,8,692056,0,0,0,0,0,0.94,,자동차,normal,,1
209,0,0,647,10,6,28,2182516,0,0,0,0,0,0.78,,뷰티,normal,,1
210,0,0,68,27,50,1,17213,0,1,0,0,0,0.81,,뷰티,risk,FIRST_ORDER_ONLY,1
211,0,0,287,12,26,20,1128560,0,0,1,0,0,1.19,,뷰티,normal,,0
212,0,0,584,25,26,6,505716,0,0,1,0,0,0.52,,가전/디지털,border,,1
213,0,0,438,6,13,17,367149,0,0,1,0,0,1.32,,반려동물,normal,,1
214,0,0,280,11,30,6,469344,0,0,0,0,0,0.86,,반려동물,normal,,1
215,0,0,979,6,25,27,2005803,0,0,0,0,0,0.89,3,생활용품,normal,,1
216,0,1,948,23,12,19,544635,1,0,0,0,0,0.75,3,가구/인테리어,risk,MEMBERSHIP_CANCEL,1
217,1,0,484,2,19,12,966840,0,0,0,0,0,0.87,4,가전/디지털,normal,,0
218,0,0,38,16,38,1,70745,0,0,0,0,0,1.07,,가전/디지털,risk,FIRST_ORDER_ONLY,1
219,0,1,328,25,22,8,655488,0,0,0,0,0,0.87,,완구/취미,risk,MEMBERSHIP_CANCEL,1
220,0,0,310,0,5,24,1352040,0,1,0,0,0,0.99,4,가구/인테리어,normal,,0
221,0,0,639,6,29,19,1022276,0,0,0,0,0,0.83,,자동차,normal,,0
222,0,0,810,9,2,20,1080360,0,0,0,0,0,1.32,4,헬스/건강,normal,,0
223,0,0,425,2,3,8,445912,0,0,2,0,0,0.78,4,생활용품,risk,COUPON_EXPIRING,0
224,0,0,714,14,4,20,1747060,0,0,0,0,0,1.14,3,뷰티,normal,,0
225,1,0,616,5,29,9,553014,0,0,0,0,0,1.2,4,헬스/건강,normal,,0
226,0,0,431,1,19,26,1718288,0,0,0,0,0,0.99,,가전/디지털,normal,,0
227,0,0,481,5,7,19,635056,0,5,1,0,0,1.27,,가전/디지털,risk,WISHLIST_IDLE,0
228,0,0,766,13,18,23,2064066,0,0,1,0,0,1.02,4,가구/인테리어,normal,,0
229,0,0,179,13,6,6,133662,0,0,0,0,0,1.28,,패션,normal,,0
230,1,0,595,3,12,23,979133,2,0,1,0,0,0.89,4,생활용품,risk,CART_ABANDON,0
231,0,0,188,7,6,7,393926,1,0,3,0,0,0.13,,자동차,composite,,1
232,0,0,990,4,3,7,200781,0,0,3,0,0,0.83,,헬스/건강,risk,COUPON_EXPIRING,0
233,0,0,661,14,8,10,442190,0,3,0,0,0,1.24,,가구/인테리어,risk,WISHLIST_IDLE,0
234,0,0,416,83,101,22,1883618,0,0,0,0,0,0.79,2,출산/유아동,risk,LOGIN_INACTIVE,1
235,0,0,74,8,8,28,1262968,1,0,0,0,0,0.75,3,식품,normal,,0
236,0,0,161,14,8,27,2324295,1,0,0,0,0,0.87,,문구/오피스,normal,,0
237,0,0,169,2,28,25,1662675,1,0,0,0,0,1.01,4,헬스/건강,normal,,0
238,1,0,381,1,16,28,964852,0,0,0,0,0,0.94,,가구/인테리어,normal,,0
239,0,0,101,1,12,27,2287197,0,0,0,0,0,0.95,,생활용품,normal,,0
240,0,0,514,3,19,30,2201490,0,1,0,0,0,0.8,5,가구/인테리어,normal,,0
241,1,0,881,7,23,27,2044830,0,1,0,0,0,0.23,3,생활용품,risk,SPENDING_DROP,0
242,0,0,147,1,6,25,1793700,0,0,0,0,0,1.35,,반려동물,normal,,0
243,1,0,126,5,8,9,579465,0,1,0,0,0,0.9,,문구/오피스,normal,,0
244,0,0,802,7,10,17,948243,0,1,1,0,0,0.98,,완구/취미,normal,,0
245,0,0,38,23,38,1,75178,0,0,0,0,0,0.91,5,헬스/건강,risk,FIRST_ORDER_ONLY,0
246,0,0,815,0,28,7,202594,0,0,0,0,0,1.14,5,문구/오피스,normal,,0
247,0,0,216,4,21,14,456764,0,0,0,0,0,1.07,,생활용품,normal,,1
248,0,0,266,4,23,18,1534680,0,0,0,0,0,1.31,4,뷰티,normal,,0
249,0,0,78,12,3,21,1604694,1,0,0,0,0,1.3,4,자동차,normal,,1
250,0,0,530,6,3,18,777276,4,1,0,0,0,1.21,4,뷰티,risk,CART_ABANDON,0
251,1,0,65,39,46,1,44523,0,0,3,0,1,1.11,2,반려동물,composite,,1
252,0,0,421,12,11,25,1550150,0,0,3,0,0,0.99,,반려동물,risk,COUPON_EXPIRING,0
253,0,0,87,12,30,22,1424038,0,0,1,0,0,1.02,,헬스/건강,normal,,0
254,1,0,737,3,9,5,253760,0,0,1,0,0,0.79,,완구/취미,normal,,0
255,0,0,177,5,7,13,293579,0,0,0,0,0,1.02,,스포츠,normal,,0
256,1,0,983,6,10,20,453480,0,0,1,0,0,1.0,4,자동차,normal,,0
257,0,0,390,9,5,16,1344160,0,0,0,0,0,1.08,,반려동물,normal,,0
258,0,0,743,5,7,28,1659224,0,0,0,0,0,1.3,5,가전/디지털,normal,,0
259,0,0,137,13,29,29,1393711,0,0,1,0,0,1.01,,자동차,normal,,0
260,0,0,699,11,4,11,356576,0,0,0,0,0,1.1,,가구/인테리어,normal,,0
261,0,0,274,5,27,17,510816,0,0,1,0,0,1.03,,뷰티,normal,,0
262,1,0,380,64,91,21,1527330,0,0,0,0,0,0.12,3,헬스/건강,composite,,0
263,1,0,736,13,25,10,812490,0,0,1,0,0,1.3,4,식품,normal,,0
264,0,0,639,11,22,17,473416,0,0,0,0,0,0.85,3,문구/오피스,normal,,0
265,0,0,843,4,29,25,1926675,4,1,1,0,0,1.16,4,자동차,risk,CART_ABANDON,1
266,0,0,353,3,7,30,1608360,1,0,0,0,0,0.85,,식품,risk,CART_ABANDON,0
267,0,0,907,4,16,10,2424980,0,0,0,0,0,0.11,,출산/유아동,risk,SPENDING_DROP,0
268,0,0,324,12,27,4,225632,0,0,1,0,0,1.38,3,문구/오피스,normal,,0
269,0,0,861,0,3,19,589000,0,0,0,0,0,1.37,4,패션,normal,,0
270,1,0,747,29,28,15,477540,0,1,1,0,0,0.64,,스포츠,border,,1
271,0,0,740,13,20,20,1776920,0,2,1,1,0,0.83,,문구/오피스,composite,,1
272,0,0,239,3,10,7,543214,0,1,0,0,0,1.1,,가구/인테리어,normal,,0
273,0,0,175,5,19,26,1964170,2,0,0,0,0,1.26,4,가구/인테리어,risk,CART_ABANDON,0
274,1,0,792,5,28,19,1147448,0,1,0,0,0,1.3,,식품,normal,,0
275,0,0,878,0,24,25,1285350,0,0,0,0,0,1.21,,반려동물,normal,,0
276,1,0,761,4,19,29,1478507,3,0,1,0,0,1.01,,스포츠,risk,CART_ABANDON,0
277,0,0,902,12,9,6,353898,0,1,1,0,0,1.16,4,문구/오피스,normal,,1
278,0,0,845,26,25,29,708760,0,0,0,0,0,0.61,,완구/취미,border,,0
279,1,0,162,13,7,30,1626150,0,0,3,0,0,1.28,,스포츠,risk,COUPON_EXPIRING,0
280,0,0,524,11,2,14,375592,0,0,0,0,0,1.17,,패션,normal,,0
281,1,0,470,3,22,4,240192,0,0,0,0,0,1.09,,완구/취미,normal,,0
282,1,0,62,33,56,1,52936,0,0,0,0,0,0.15,,식품,composite,,0
283,0,0,484,5,7,6,429456,1,1,1,0,0,0.9,3,생활용품,normal,,0
284,0,0,631,9,21,4,199908,4,1,2,0,0,1.21,,자동차,composite,,1
285,0,0,151,5,7,8,283048,0,0,0,0,0,1.35,3,패션,normal,,0
286,0,0,749,7,5,30,1482690,0,0,1,0,0,1.26,,가전/디지털,normal,,0
287,0,0,824,7,14,13,481845,0,0,0,0,0,1.29,5,헬스/건강,normal,,0
288,0,0,753,3,15,27,1178307,0,0,0,0,0,0.92,3,패션,normal,,0
289,1,0,521,14,9,23,1574327,0,0,0,0,0,1.05,5,출산/유아동,normal,,0
290,1,0,769,6,23,14,669410,0,0,0,0,0,0.92,4,반려동물,normal,,0
291,1,0,630,0,3,7,445396,1,0,0,0,0,1.14,5,뷰티,normal,,0
292,0,0,881,9,24,25,649125,0,0,0,0,0,1.39,,생활용품,normal,,0
293,0,0,439,2,30,25,634750,0,0,0,0,0,1.35,,반려동물,normal,,0
294,1,0,195,1,12,18,1611414,0,0,0,1,1,1.39,4,스포츠,risk,BAD_EXPERIENCE,0
295,0,0,429,14,15,27,1541241,1,0,1,0,0,1.35,,출산/유아동,normal,,0
296,1,0,380,85,114,20,832480,0,1,0,0,0,0.85,,완구/취미,risk,LOGIN_INACTIVE,1
297,0,0,711,12,16,25,674375,0,0,0,0,0,1.06,,가구/인테리어,normal,,0
298,0,1,782,7,15,9,316863,1,1,0,0,0,0.98,,자동차,normal,,1
299,1,0,634,7,16,15,2200016,0,0,0,0,0,0.13,4,가구/인테리어,risk,SPENDING_DROP,0
300,1,0,60,26,47,1,10540,0,0,0,0,0,0.89,4,패션,risk,FIRST_ORDER_ONLY,0
301,0,0,312,12,17,6,194160,1,0,0,0,0,1.19,,반려동물,normal,,1
302,0,0,70,32,51,1,69513,0,0,1,0,0,1.18,4,생활용품,risk,FIRST_ORDER_ONLY,0
303,0,0,65,29,22,25,1984700,0,0,0,0,0,0.53,,패션,border,,0
304,0,0,880,10,11,5,311790,0,0,0,0,0,1.14,4,스포츠,normal,,0
305,0,0,468,4,7,6,308802,1,1,0,0,0,1.3,5,자동차,normal,,0
306,0,0,457,39,50,9,516123,0,1,0,1,2,0.94,,가구/인테리어,composite,,0
307,0,0,561,82,93,10,708670,0,0,0,0,0,1.24,,생활용품,risk,LOGIN_INACTIVE,1
308,0,0,250,6,22,23,1744274,0,0,1,0,0,1.19,5,가구/인테리어,normal,,0
309,0,0,762,11,6,24,2038128,0,0,0,0,0,1.05,4,반려동물,normal,,0
310,1,0,988,12,17,6,356238,0,0,1,0,0,1.3,4,생활용품,normal,,0
311,0,1,497,16,20,20,525100,0,1,0,0,0,1.08,3,헬스/건강,risk,MEMBERSHIP_CANCEL,0
312,0,1,535,10,25,7,372477,0,0,0,0,0,0.76,3,문구/오피스,normal,,0
313,0,0,737,7,7,27,1184814,0,0,0,0,0,1.21,,가전/디지털,normal,,0
314,0,0,661,11,16,14,1105650,0,0,1,1,0,1.32,1,생활용품,risk,BAD_EXPERIENCE,1
315,0,0,140,11,21,9,485901,1,0,0,0,0,0.75,,출산/유아동,normal,,0
316,0,0,73,2,22,7,577759,0,0,0,0,0,1.23,,완구/취미,normal,,0
317,0,0,558,4,21,27,1816587,0,1,0,0,0,1.27,,반려동물,normal,,0
318,0,0,188,2,2,6,270048,0,0,1,0,0,1.31,,가구/인테리어,normal,,0
319,0,0,552,10,6,10,516900,0,0,0,0,0,0.87,5,가구/인테리어,normal,,0
320,0,0,848,9,6,12,1067638,3,0,2,0,0,0.28,4,문구/오피스,composite,,1
321,0,0,913,6,3,30,1912740,0,0,0,0,0,1.39,5,반려동물,normal,,0
322,0,0,814,9,21,19,1104128,0,0,0,0,0,1.22,5,헬스/건강,normal,,0
323,1,0,986,13,29,25,2098750,0,0,0,0,0,1.12,3,가구/인테리어,normal,,0
324,0,0,125,4,30,21,1568175,1,0,2,0,0,1.17,4,식품,risk,COUPON_EXPIRING,0
325,0,0,506,77,99,26,1501500,0,0,2,0,1,1.08,,반려동물,composite,,1
326,0,0,913,10,22,17,1142723,0,0,1,0,0,1.15,4,가구/인테리어,normal,,0
327,1,0,767,11,4,13,1082809,0,0,2,0,0,0.82,,가구/인테리어,risk,COUPON_EXPIRING,0
328,0,0,370,3,8,22,497154,1,0,0,0,0,0.12,,반려동물,risk,SPENDING_DROP,0
329,0,0,886,52,77,5,382210,0,0,0,0,0,1.07,3,문구/오피스,risk,LOGIN_INACTIVE,0
330,0,0,847,0,26,15,825900,1,1,1,0,0,1.14,5,패션,normal,,0
331,0,0,58,50,57,1,23352,1,0,1,0,0,1.26,4,가구/인테리어,risk,FIRST_ORDER_ONLY,0
332,0,0,70,47,55,1,67870,1,1,0,0,0,0.94,,반려동물,risk,FIRST_ORDER_ONLY,1
333,1,0,44,20,36,1,76194,3,0,1,0,0,0.38,,식품,composite,,1
334,0,0,792,12,15,15,1009050,0,0,0,0,0,1.09,,식품,normal,,0
335,1,0,293,0,27,29,2209974,3,0,0,0,0,1.3,,생활용품,risk,CART_ABANDON,1
336,1,0,209,12,2,18,1580562,1,0,0,0,0,1.39,5,출산/유아동,normal,,0
337,0,0,504,0,14,9,223749,0,0,1,0,0,0.79,4,가구/인테리어,normal,,0
338,0,0,790,12,23,24,2115072,1,0,1,0,0,1.21,5,스포츠,normal,,0
339,0,0,798,26,27,13,846417,0,0,0,0,0,0.6,,생활용품,border,,0
340,0,1,699,12,21,21,1636992,0,1,0,0,0,1.01,,문구/오피스,normal,,1
341,0,0,962,4,4,10,248450,0,0,0,0,0,1.32,,식품,normal,,0
342,0,0,613,4,8,20,643320,0,0,0,0,0,1.16,5,식품,normal,,0
343,0,0,88,14,27,4,215628,0,0,0,0,0,1.39,,헬스/건강,normal,,0
344,0,0,809,0,28,7,482209,0,0,0,0,0,1.24,5,생활용품,normal,,0
345,0,0,519,4,20,7,144781,0,5,1,0,0,1.39,,완구/취미,risk,WISHLIST_IDLE,1
346,0,0,975,10,23,26,2337374,0,0,0,0,0,1.18,,패션,normal,,1
347,1,0,792,9,23,30,1150380,0,0,0,0,0,0.96,,가전/디지털,normal,,0
348,0,0,257,36,37,22,1481744,0,0,0,0,0,1.02,,생활용품,risk,LOGIN_INACTIVE,0
349,0,0,969,2,17,17,818584,0,0,0,0,0,1.13,4,헬스/건강,normal,,0
350,1,0,857,6,29,20,1091240,0,0,1,0,0,1.2,5,가전/디지털,normal,,0
351,0,0,809,6,28,19,785536,0,0,0,0,0,0.83,3,문구/오피스,normal,,0
352,0,0,585,28,25,26,922324,0,0,0,0,0,0.64,,완구/취미,border,,1
353,0,0,676,13,15,7,241227,0,0,2,0,0,0.85,,생활용품,risk,COUPON_EXPIRING,1
354,0,0,45,35,62,1,10273,0,4,0,0,0,1.02,,헬스/건강,composite,,1
355,0,0,487,7,20,5,302965,0,1,0,0,0,1.06,3,완구/취미,normal,,0
356,0,0,913,9,6,27,1030212,0,3,0,0,0,1.04,,출산/유아동,risk,WISHLIST_IDLE,0
357,0,1,879,24,23,6,442140,0,1,0,0,0,0.78,3,출산/유아동,risk,MEMBERSHIP_CANCEL,0
358,0,0,813,4,22,18,568854,1,0,0,0,0,1.27,,완구/취미,normal,,0
359,0,0,376,8,22,26,941824,0,0,1,0,2,1.1,3,가구/인테리어,risk,BAD_EXPERIENCE,0
360,0,0,253,12,17,20,1717620,1,0,1,0,0,0.87,,가구/인테리어,normal,,0
361,0,0,341,12,8,4,208600,0,1,0,0,0,0.81,,자동차,normal,,0
362,0,0,681,5,14,21,543816,0,1,0,0,0,0.87,,가전/디지털,normal,,0
363,0,0,940,8,12,4,280280,0,0,0,0,0,0.86,,가전/디지털,normal,,1
364,0,0,247,4,26,8,253976,0,1,0,0,0,0.79,,자동차,normal,,0
365,0,0,245,0,24,14,387338,0,0,0,0,0,1.33,,가전/디지털,normal,,0
366,0,0,444,13,30,12,430260,0,0,0,0,0,0.9,,반려동물,normal,,0
367,0,0,830,8,14,20,701660,0,0,0,0,0,0.79,,식품,normal,,0
368,0,0,477,10,9,4,89760,0,1,0,0,0,0.91,5,가전/디지털,normal,,0
369,1,0,727,12,6,21,1258446,0,0,1,0,0,1.08,,뷰티,normal,,0
370,0,0,205,5,19,29,1219276,0,0,0,0,0,1.34,2,헬스/건강,normal,,0
371,0,0,102,0,28,21,1456236,1,0,0,0,0,0.07,5,가구/인테리어,risk,SPENDING_DROP,0
372,0,0,49,25,32,1,46872,1,1,0,0,0,1.3,4,가전/디지털,risk,FIRST_ORDER_ONLY,1
373,0,0,131,4,4,22,1579886,0,1,0,0,0,1.4,,뷰티,normal,,0
374,0,0,275,9,18,17,1049240,1,1,0,0,0,1.39,,가전/디지털,normal,,0
375,0,0,523,4,9,26,1616082,0,0,0,0,0,0.76,,자동차,normal,,0
376,0,0,196,75,97,26,2143934,0,0,0,0,0,1.11,2,자동차,risk,LOGIN_INACTIVE,1
377,1,0,840,10,19,19,582084,4,0,0,0,0,0.77,,문구/오피스,risk,CART_ABANDON,1
378,0,0,421,13,14,7,468433,0,4,1,0,0,1.39,,문구/오피스,composite,,0
379,0,0,286,11,2,4,227392,0,0,0,0,0,1.28,4,식품,normal,,0
380,0,0,370,12,24,24,1175664,0,5,0,0,0,0.93,4,출산/유아동,risk,WISHLIST_IDLE,1
381,0,0,67,3,28,10,719150,0,0,0,0,0,0.86,,헬스/건강,normal,,0
382,0,0,67,48,59,1,39879,0,0,0,0,0,0.92,4,식품,risk,FIRST_ORDER_ONLY,1
383,0,0,928,10,2,10,898530,0,0,1,0,0,0.75,,완구/취미,normal,,0
384,1,0,716,21,28,17,455549,1,0,1,0,0,0.57,4,헬스/건강,border,,0
385,0,0,67,3,54,1,13325,2,1,0,0,0,0.96,,가전/디지털,composite,,0
386,0,0,397,4,4,9,294102,0,0,0,0,0,1.27,4,출산/유아동,normal,,0
387,0,0,920,4,9,14,477876,0,1,1,0,0,1.28,,출산/유아동,normal,,0
388,1,0,873,3,4,20,1549560,0,0,0,1,0,0.81,,문구/오피스,risk,BAD_EXPERIENCE,0
389,0,0,380,14,29,16,456368,0,0,1,0,0,0.79,,자동차,normal,,1
390,0,0,701,6,4,23,766958,0,0,0,0,0,1.0,,완구/취미,normal,,0
391,0,0,692,12,15,7,353878,1,4,0,0,0,1.04,4,생활용품,risk,WISHLIST_IDLE,0
392,0,0,498,9,21,29,964946,3,1,0,0,0,1.05,5,생활용품,risk,CART_ABANDON,0
393,0,0,170,1,2,10,288530,0,1,1,0,0,0.83,,생활용품,normal,,0
394,0,0,322,5,15,20,1661940,0,0,0,0,0,1.27,4,문구/오피스,normal,,0
395,0,1,190,20,20,5,385635,0,0,0,0,0,1.13,,식품,risk,MEMBERSHIP_CANCEL,0
396,0,0,209,2,17,28,1692824,0,0,1,0,0,1.09,,문구/오피스,normal,,0
397,0,0,754,23,23,25,1277850,0,1,1,0,0,0.6,,완구/취미,border,,0
398,0,0,864,25,29,10,448190,0,0,1,0,0,0.58,5,완구/취미,border,,1
399,0,0,690,4,15,14,883008,0,2,0,0,0,0.78,,뷰티,risk,WISHLIST_IDLE,0
400,0,0,714,83,83,11,200728,0,0,2,0,0,0.13,2,식품,composite,,1
401,0,0,135,5,2,4,140392,0,0,0,0,0,1.34,,스포츠,normal,,1
402,0,0,104,0,8,15,688935,0,0,0,0,0,0.86,,출산/유아동,normal,,0
403,0,0,311,2,8,21,479157,0,0,0,0,0,1.29,,패션,normal,,0
404,0,0,62,19,59,1,66848,0,0,0,1,0,0.99,,뷰티,composite,,0
405,1,0,254,3,19,29,2017530,0,1,0,0,0,1.16,3,출산/유아동,risk,WISHLIST_IDLE,0
406,0,0,690,9,8,28,1639652,0,0,0,0,0,1.27,,자동차,normal,,0
407,1,0,931,8,20,8,672736,0,0,0,0,0,1.18,,뷰티,normal,,0
408,0,0,231,8,14,6,520416,0,0,0,0,0,1.21,,출산/유아동,normal,,1
409,0,0,771,20,23,20,1697060,0,0,0,0,0,0.53,,생활용품,border,,1
410,0,0,522,13,9,10,718910,0,0,0,0,0,0.85,5,헬스/건강,normal,,0
411,1,0,443,7,19,30,933270,1,0,0,0,0,0.98,4,뷰티,risk,CART_ABANDON,0
412,0,0,696,5,15,20,1582660,0,0,1,0,0,0.96,,스포츠,normal,,0
413,0,0,85,2,16,16,810288,0,0,1,0,0,0.94,,자동차,normal,,1
414,1,0,585,8,22,20,604880,0,1,0,0,0,0.8,,가구/인테리어,normal,,0
415,0,0,54,23,37,1,45974,0,0,0,0,0,1.25,,패션,risk,FIRST_ORDER_ONLY,0
416,0,0,68,12,11,12,683304,0,0,0,0,0,1.01,,가전/디지털,normal,,0
417,1,0,835,10,2,22,1801052,0,1,1,0,0,1.31,4,반려동물,normal,,0
418,1,0,292,11,25,11,522588,0,0,3,0,0,1.24,3,뷰티,risk,COUPON_EXPIRING,0
419,0,0,532,5,27,30,937650,0,0,0,0,0,1.2,,가구/인테리어,normal,,0
420,0,0,509,7,29,10,239450,0,0,0,0,0,1.36,,뷰티,normal,,0
421,1,0,571,12,23,4,265944,0,0,0,0,0,1.01,3,생활용품,normal,,0
422,0,0,767,8,11,28,1756692,0,0,2,0,0,0.84,3,출산/유아동,risk,COUPON_EXPIRING,1
423,0,0,704,12,21,22,1567148,1,0,0,0,0,1.1,,스포츠,normal,,1
424,1,0,546,42,48,10,791830,4,0,0,0,0,1.19,4,헬스/건강,composite,,1
425,0,0,993,6,11,6,281916,0,0,3,0,0,0.79,,뷰티,risk,COUPON_EXPIRING,0
426,1,0,235,5,29,4,295408,0,1,0,0,0,1.02,,스포츠,normal,,0
427,1,0,130,6,30,27,1270701,0,0,2,0,0,1.21,,완구/취미,risk,COUPON_EXPIRING,0
428,0,0,678,9,11,9,419436,0,0,0,0,0,0.75,5,출산/유아동,normal,,0
429,1,0,516,1,28,8,578624,0,0,0,0,0,1.12,4,출산/유아동,normal,,0
430,1,0,531,7,20,19,477318,0,0,1,0,0,1.05,,완구/취미,normal,,0
431,0,0,922,9,27,26,1533662,2,1,1,0,0,1.02,,가구/인테리어,risk,CART_ABANDON,0
432,0,0,502,22,24,27,1189188,0,0,0,0,0,0.63,,헬스/건강,border,,0
433,0,0,358,10,4,30,1017996,1,0,0,0,0,0.2,,문구/오피스,risk,SPENDING_DROP,1
434,0,0,576,12,26,7,439117,0,0,0,0,0,0.78,5,문구/오피스,normal,,0
435,0,0,134,4,24,4,322168,1,0,1,0,0,1.01,,패션,risk,CART_ABANDON,0
436,0,0,786,14,6,7,440125,0,0,0,2,0,0.8,,뷰티,risk,BAD_EXPERIENCE,0
437,1,0,508,2,17,26,1471262,0,0,0,0,0,0.82,,문구/오피스,normal,,0
438,0,0,187,8,25,13,925977,0,0,0,0,0,0.93,4,출산/유아동,normal,,0
439,0,0,426,2,8,18,441252,1,0,0,0,0,0.78,,문구/오피스,normal,,0
440,0,0,890,8,22,24,803352,0,0,0,0,0,0.75,,스포츠,normal,,0
441,0,1,446,12,8,28,1476384,0,0,0,0,0,1.02,,자동차,normal,,0
442,0,0,405,2,8,4,113120,2,1,0,0,0,1.29,5,생활용품,risk,CART_ABANDON,0
443,0,0,485,6,5,5,314395,4,0,0,0,0,1.36,,출산/유아동,risk,CART_ABANDON,1
444,1,0,297,3,5,7,467159,0,0,0,0,0,0.76,,문구/오피스,normal,,0
445,1,0,529,3,4,10,564970,0,0,0,0,0,0.89,5,반려동물,normal,,0
446,1,0,845,9,17,13,433472,0,0,1,0,0,1.12,3,가전/디지털,normal,,0
447,0,0,157,9,12,12,851160,0,1,0,0,0,0.97,,패션,normal,,0
448,0,0,839,14,24,24,1480224,1,0,0,0,0,0.76,4,출산/유아동,normal,,0
449,0,0,519,4,18,22,1110208,1,0,0,0,0,0.76,5,가전/디지털,risk,CART_ABANDON,0
450,0,0,815,6,26,11,571142,0,0,0,0,0,0.94,5,반려동물,normal,,0
451,1,0,444,3,22,8,199744,0,0,1,0,0,1.04,4,헬스/건강,normal,,0
452,0,0,197,4,12,14,352674,0,1,0,0,0,0.94,,뷰티,normal,,0
453,0,0,294,23,23,4,253680,0,0,0,0,0,0.59,,완구/취미,border,,1
454,0,0,593,5,7,16,1247696,0,0,0,0,0,1.37,,출산/유아동,normal,,0
455,0,0,709,2,8,5,182285,0,0,1,0,0,1.36,4,가전/디지털,normal,,0
456,0,0,579,4,15,11,893420,2,0,0,0,0,0.86,5,식품,risk,CART_ABANDON,0
457,1,0,650,7,22,13,603174,0,0,0,0,0,1.38,,패션,normal,,0
458,1,0,446,2,17,16,1245632,0,0,0,0,0,0.85,,생활용품,normal,,0
459,0,0,553,0,26,29,2029797,0,5,1,0,0,0.95,,출산/유아동,risk,WISHLIST_IDLE,0
460,1,0,626,11,7,8,429784,0,0,0,0,0,1.12,,생활용품,normal,,0
461,0,0,133,5,6,19,1548614,0,1,0,0,0,1.31,,헬스/건강,normal,,0
462,1,0,802,62,71,27,1971675,1,1,1,0,0,0.99,4,완구/취미,risk,LOGIN_INACTIVE,1
463,1,0,662,1,15,24,602136,1,0,1,0,0,0.86,,반려동물,normal,,1
464,0,0,506,4,26,28,1839264,0,0,0,0,0,1.2,,반려동물,normal,,0
465,0,0,454,20,22,24,1256328,0,0,1,0,0,0.54,5,완구/취미,border,,0
466,0,0,757,2,10,18,943722,0,1,1,0,0,0.76,,문구/오피스,normal,,0
467,0,0,154,10,24,28,1970556,0,0,1,0,0,1.09,,완구/취미,normal,,0
468,0,0,957,6,7,10,759500,0,0,1,0,0,1.18,,출산/유아동,normal,,0
469,0,0,660,4,25,16,1183200,0,1,1,0,0,0.82,5,출산/유아동,normal,,0
470,0,0,855,12,13,22,851510,0,0,0,0,0,1.2,5,출산/유아동,normal,,0
471,0,0,232,13,17,4,80824,0,0,0,0,0,1.02,4,자동차,normal,,0
472,0,0,810,6,7,13,560573,0,0,1,0,0,0.87,3,생활용품,risk,COUPON_EXPIRING,0
473,0,0,640,13,8,18,797958,0,0,1,0,0,0.87,,완구/취미,normal,,0
474,0,0,511,10,21,17,583304,1,0,0,0,0,1.0,,가전/디지털,normal,,1
475,0,0,125,5,2,12,609276,0,0,0,0,0,0.79,,스포츠,normal,,0
476,0,0,67,10,20,28,713608,0,0,0,0,0,1.14,4,식품,normal,,1
477,1,0,332,14,17,28,2296756,0,0,0,1,1,1.19,,스포츠,risk,BAD_EXPERIENCE,0
478,0,0,305,5,23,30,2166840,0,0,0,0,0,0.96,4,출산/유아동,normal,,0
479,0,0,63,7,29,7,508655,0,1,0,0,0,1.14,3,스포츠,normal,,0
480,0,0,346,11,26,20,1051520,0,4,0,0,0,1.06,,가전/디지털,risk,WISHLIST_IDLE,0
481,0,0,252,0,22,25,1555725,0,0,0,0,0,1.27,4,완구/취미,normal,,0
482,1,0,754,7,9,14,1169126,0,0,0,0,0,1.03,5,가전/디지털,normal,,0
483,0,0,734,13,24,19,630154,0,0,0,0,0,0.84,,출산/유아동,normal,,0
484,0,0,59,2,52,1,73198,2,0,1,0,0,1.29,,출산/유아동,composite,,1
485,0,0,735,88,100,28,947072,0,0,0,0,0,1.35,,패션,risk,LOGIN_INACTIVE,1
486,0,0,347,3,25,28,1505476,0,5,0,0,0,1.18,3,완구/취미,risk,WISHLIST_IDLE,1
487,0,0,802,7,4,24,1526880,1,1,0,0,0,1.14,5,뷰티,normal,,0
488,0,1,411,10,24,24,1680552,0,0,1,0,0,1.03,4,출산/유아동,risk,MEMBERSHIP_CANCEL,0
489,0,0,325,1,11,11,346412,0,1,0,0,0,0.87,,가전/디지털,risk,WISHLIST_IDLE,0
490,0,0,436,2,29,22,1343628,1,0,0,0,0,0.79,,출산/유아동,normal,,1
491,1,0,254,13,14,21,1586235,0,0,0,0,0,1.27,,가전/디지털,normal,,0
492,0,0,739,9,20,20,982320,0,0,1,0,0,0.96,5,문구/오피스,normal,,0
493,1,0,363,13,9,30,2565420,0,0,0,0,0,1.24,5,가구/인테리어,normal,,0
494,0,0,907,11,3,29,1796869,0,1,0,0,0,1.4,,가전/디지털,normal,,0
495,0,0,647,7,22,26,1255072,0,0,0,0,0,1.39,,식품,normal,,1
496,0,0,216,13,24,14,666470,0,2,0,0,0,1.23,,가구/인테리어,risk,WISHLIST_IDLE,0
497,0,0,804,6,11,19,776435,3,0,0,0,0,1.19,,반려동물,risk,CART_ABANDON,0
498,0,0,133,8,25,16,913568,0,1,0,0,0,1.11,,생활용품,normal,,0
499,0,0,194,5,26,7,189658,0,0,0,0,0,0.86,4,가구/인테리어,normal,,0
500,0,0,512,11,17,8,465216,1,0,1,0,0,0.88,4,헬스/건강,normal,,0
501,1,0,69,58,79,24,800688,0,1,0,0,0,1.37,,가전/디지털,risk,LOGIN_INACTIVE,0
502,0,0,232,14,3,30,977670,0,5,1,0,0,0.83,,자동차,risk,WISHLIST_IDLE,1
503,0,0,406,62,71,24,947352,0,0,0,0,0,0.91,4,헬스/건강,risk,LOGIN_INACTIVE,1
504,0,0,670,2,22,26,1799200,0,1,0,0,0,0.81,,출산/유아동,normal,,0
505,0,1,945,5,22,18,1261476,0,0,0,0,0,0.83,,완구/취미,risk,MEMBERSHIP_CANCEL,1
506,0,0,560,10,23,7,607691,0,0,1,0,0,1.06,,완구/취미,normal,,0
507,0,0,823,1,27,26,1137136,0,1,0,0,0,0.94,,문구/오피스,normal,,0
508,0,0,161,28,27,8,353864,0,0,0,0,0,0.51,,반려동물,border,,1
509,1,0,658,5,24,30,1087920,4,0,0,1,0,0.83,,가구/인테리어,composite,,0
510,0,0,648,3,22,8,329040,0,0,0,0,0,0.8,,생활용품,normal,,0
511,0,0,578,4,13,7,297444,0,1,0,0,0,0.95,,헬스/건강,normal,,0
512,0,0,986,12,11,20,1566320,0,0,0,0,0,1.34,4,가구/인테리어,normal,,0
513,0,0,680,8,18,15,712560,0,0,0,0,0,0.77,4,출산/유아동,normal,,1
514,0,0,366,9,28,8,385664,2,0,0,0,0,0.98,,생활용품,risk,CART_ABANDON,0
515,0,0,56,42,52,1,43315,0,1,0,0,0,0.8,,문구/오피스,risk,FIRST_ORDER_ONLY,1
516,0,0,268,1,22,21,1161510,1,0,0,0,0,0.99,3,패션,normal,,1
517,1,0,723,9,18,25,1037525,1,0,1,0,0,1.03,,식품,risk,CART_ABANDON,0
518,0,0,139,4,5,11,986260,0,0,0,0,0,1.17,,출산/유아동,normal,,0
519,0,0,991,5,26,15,837225,0,0,0,0,0,0.81,5,헬스/건강,normal,,0
520,0,0,447,8,27,11,398057,3,1,0,1,2,1.28,,문구/오피스,composite,,1
521,1,0,234,5,26,5,355300,0,1,0,0,0,1.26,,스포츠,normal,,1
522,0,0,668,14,29,21,1528296,0,0,0,0,0,1.08,,완구/취미,normal,,0
523,0,0,733,2,6,8,557200,0,0,1,0,0,1.17,4,패션,normal,,0
524,0,1,784,19,9,15,1122300,0,0,1,0,0,1.27,3,가구/인테리어,risk,MEMBERSHIP_CANCEL,1
525,0,0,342,6,18,13,649792,0,1,1,0,0,1.01,,패션,normal,,0
526,0,0,925,1,22,14,425824,0,0,0,0,0,1.12,,자동차,normal,,1
527,0,0,821,4,19,27,507588,0,0,3,0,0,0.32,5,가전/디지털,composite,,0
528,0,0,55,74,103,1,15551,0,1,0,2,0,1.21,1,가구/인테리어,composite,,1
529,1,0,136,5,28,9,337266,0,1,0,0,0,1.0,3,자동차,normal,,0
530,0,1,175,18,23,15,791055,0,1,1,0,0,0.94,4,가전/디지털,risk,MEMBERSHIP_CANCEL,0
531,1,0,331,3,2,13,930696,0,0,1,0,0,1.17,,생활용품,normal,,0
532,0,0,974,21,20,30,2519940,0,0,0,0,0,0.55,,출산/유아동,border,,0
533,1,0,250,6,13,27,571347,0,0,0,0,0,1.08,,자동차,normal,,0
534,0,0,480,50,61,8,167240,0,0,0,0,0,1.01,,문구/오피스,risk,LOGIN_INACTIVE,0
535,0,0,973,2,19,17,940457,0,0,1,0,0,0.86,,헬스/건강,normal,,0
536,0,0,825,39,51,15,1006275,1,0,0,0,0,0.94,,뷰티,risk,LOGIN_INACTIVE,0
537,1,0,821,5,30,17,410414,0,0,0,0,0,1.18,5,출산/유아동,normal,,0
538,0,0,181,6,17,12,1019460,0,0,0,0,0,1.25,3,패션,normal,,0
539,0,0,573,11,25,16,1135472,0,1,0,0,0,0.83,,뷰티,normal,,0
540,0,1,572,3,26,15,764985,0,1,0,0,0,1.14,3,반려동물,risk,MEMBERSHIP_CANCEL,0
541,0,1,551,8,11,17,1422747,0,0,0,0,0,1.22,,반려동물,risk,MEMBERSHIP_CANCEL,1
542,1,0,347,12,5,11,599951,1,0,1,0,0,0.88,,자동차,normal,,0
543,0,0,51,2,43,1,27340,2,0,1,0,0,1.16,,문구/오피스,composite,,0
544,0,0,78,9,8,17,542623,1,0,0,0,0,1.21,,생활용품,normal,,0
545,0,0,287,5,15,11,910899,0,0,0,0,0,0.82,3,완구/취미,normal,,0
546,0,0,347,5,24,15,1121955,0,1,0,0,0,0.75,,가구/인테리어,normal,,0
547,1,0,822,5,8,25,1434925,0,1,2,0,0,0.87,5,생활용품,risk,COUPON_EXPIRING,0
548,0,0,402,4,5,15,490485,0,0,0,0,0,0.83,5,스포츠,normal,,0
549,0,0,819,12,13,15,1339785,0,0,0,0,0,1.13,,완구/취미,normal,,0
550,0,0,968,1,6,6,214650,0,1,1,0,0,1.28,4,반려동물,normal,,0
551,0,0,781,7,5,10,298140,1,0,0,0,0,1.06,,식품,normal,,1
552,0,1,266,20,25,28,1123976,0,0,0,0,0,0.91,,패션,risk,MEMBERSHIP_CANCEL,1
553,0,0,976,5,16,15,530865,1,0,0,0,0,1.36,,출산/유아동,normal,,0
554,1,0,869,0,7,20,1118660,0,0,0,0,0,1.12,,생활용품,normal,,1
555,1,0,770,3,25,29,2090900,0,0,0,0,0,0.8,,뷰티,normal,,0
556,0,0,828,8,14,18,1280700,0,0,0,0,0,0.85,,출산/유아동,normal,,0
557,1,0,666,11,2,10,872130,0,0,0,0,0,0.95,,출산/유아동,normal,,0
558,0,0,363,11,10,11,391721,0,0,0,0,0,0.78,4,완구/취미,normal,,0
559,0,0,48,22,48,1,37521,1,0,1,0,0,1.39,,헬스/건강,risk,FIRST_ORDER_ONLY,1
560,0,0,415,10,21,24,1641120,0,1,1,0,0,0.92,4,식품,normal,,0
561,1,0,478,14,21,8,469216,0,0,1,0,0,1.29,,뷰티,normal,,0
562,1,0,808,4,7,11,589072,1,0,1,0,0,1.26,,가전/디지털,normal,,0
563,0,0,657,1,25,28,1961876,1,0,0,0,0,1.14,4,식품,normal,,0
564,0,0,896,7,9,10,625010,0,0,1,0,0,1.24,,가전/디지털,normal,,0
565,0,0,516,3,25,8,614976,0,1,0,0,0,0.87,,문구/오피스,normal,,0
566,0,0,895,13,7,9,402786,0,1,0,0,0,0.93,,완구/취미,normal,,0
567,0,0,226,10,7,13,931684,4,0,0,0,0,1.03,4,반려동물,risk,CART_ABANDON,0
568,0,0,162,11,18,16,607920,0,1,0,0,0,1.0,5,스포츠,normal,,0
569,0,0,172,13,2,4,102932,0,0,0,0,0,1.36,,헬스/건강,normal,,0
570,0,0,73,12,2,23,780574,0,1,1,0,0,0.81,5,출산/유아동,normal,,0
571,0,0,551,10,20,8,625904,3,0,0,0,0,0.91,,출산/유아동,risk,CART_ABANDON,1
572,0,0,186,0,28,21,542556,0,0,0,0,0,1.29,4,출산/유아동,normal,,0
573,0,0,61,10,9,8,185160,4,0,0,0,0,0.94,5,반려동물,risk,CART_ABANDON,0
574,0,0,902,14,5,26,2196038,0,0,0,0,0,1.37,,뷰티,normal,,0
575,0,0,138,9,12,15,532680,0,1,0,0,0,0.78,,가전/디지털,normal,,1
576,1,0,242,6,18,8,511104,0,0,0,0,0,1.18,5,가전/디지털,normal,,0
577,1,0,699,13,11,13,853619,1,0,0,0,0,0.99,,스포츠,normal,,0
578,1,0,890,14,24,12,360108,0,1,1,0,0,1.26,3,헬스/건강,risk,COUPON_EXPIRING,0
579,0,0,211,6,16,14,1157926,0,0,0,0,0,1.22,,완구/취미,normal,,0
580,0,0,152,5,6,8,350704,0,0,0,0,0,1.06,4,완구/취미,normal,,0
581,0,0,676,12,22,17,1083019,0,1,1,0,0,1.0,,생활용품,normal,,0
582,0,0,569,8,19,21,1775886,0,1,0,0,0,1.13,,헬스/건강,normal,,0
583,0,0,599,9,26,17,828716,0,0,0,0,0,1.4,,가전/디지털,normal,,0
584,0,0,431,8,17,4,150040,1,0,0,0,0,1.3,,가전/디지털,normal,,0
585,1,0,898,2,11,28,2249632,0,1,1,0,0,1.34,3,가전/디지털,normal,,0
586,0,0,275,13,9,11,300542,0,0,0,0,0,0.84,,자동차,normal,,0
587,0,0,86,11,15,27,1855359,0,0,0,0,0,1.06,3,패션,normal,,0
588,1,0,951,2,2,23,902796,0,0,2,0,0,1.12,,반려동물,risk,COUPON_EXPIRING,1
589,0,0,843,2,17,8,306912,0,0,0,0,0,1.02,4,생활용품,normal,,0
590,0,0,514,12,22,14,304234,0,0,1,0,0,0.77,5,패션,normal,,0
591,0,0,237,8,7,11,599872,0,3,1,2,0,0.22,4,생활용품,composite,,0
592,0,0,594,6,6,6,286614,0,0,0,0,0,1.28,,가전/디지털,normal,,1
593,0,0,679,13,4,21,1709358,0,0,0,0,0,1.0,,자동차,normal,,0
594,0,0,882,5,22,5,378015,0,0,0,0,0,1.14,4,가구/인테리어,normal,,0
595,1,0,88,3,11,14,578662,0,0,0,0,0,1.24,4,생활용품,normal,,0
596,0,0,252,8,8,13,315146,0,0,0,0,0,0.78,,스포츠,normal,,0
597,0,0,555,0,3,29,1775728,0,0,1,0,0,1.24,4,문구/오피스,normal,,0
598,0,1,572,16,12,16,1139232,0,1,0,0,0,0.81,4,가구/인테리어,risk,MEMBERSHIP_CANCEL,1
599,0,0,575,1,18,27,1071495,0,0,0,0,0,1.31,,자동차,normal,,0
600,0,0,357,23,22,5,403500,0,0,1,0,0,0.62,4,반려동물,border,,0
601,0,0,573,3,25,9,797292,2,0,2,2,2,0.97,,자동차,composite,,1
602,0,0,681,1,6,23,1959853,0,0,0,0,0,0.95,,출산/유아동,normal,,0
603,0,0,860,14,4,29,2476397,0,0,1,0,0,0.85,4,뷰티,normal,,0
604,1,0,54,33,42,1,15189,0,0,2,0,0,0.43,3,가구/인테리어,composite,,1
605,1,0,937,9,23,17,627402,0,0,0,0,0,0.95,,스포츠,normal,,0
606,0,0,758,6,18,6,473964,0,1,0,0,0,1.15,4,자동차,normal,,0
607,0,0,118,11,27,24,1250112,0,0,0,0,0,0.82,,패션,normal,,1
608,0,0,222,9,14,16,473040,0,1,0,0,0,0.98,,패션,normal,,0
609,0,0,717,8,30,18,1456722,0,0,0,0,0,1.37,,가구/인테리어,normal,,0
610,0,0,846,6,8,16,1162048,0,0,1,0,0,1.07,,완구/취미,normal,,0
611,0,0,819,7,5,26,1468662,0,0,1,0,0,0.84,,뷰티,normal,,1
612,0,0,387,44,45,10,698440,0,1,0,0,0,1.39,3,자동차,risk,LOGIN_INACTIVE,0
613,0,0,948,0,26,10,754330,0,0,0,0,0,0.8,,자동차,normal,,0
614,0,0,143,4,29,16,1266688,1,0,1,0,0,0.92,5,생활용품,risk,COUPON_EXPIRING,0
615,0,1,976,18,15,6,388974,1,0,0,0,0,1.36,,생활용품,risk,MEMBERSHIP_CANCEL,1
616,1,0,608,11,27,19,780159,1,0,1,0,0,1.12,3,반려동물,normal,,1
617,0,0,70,8,27,30,1380750,0,0,0,0,0,0.96,,자동차,normal,,0
618,0,1,811,11,28,30,1844580,0,1,1,0,0,1.07,3,문구/오피스,normal,,0
619,0,0,176,12,23,14,1025710,0,0,1,0,0,1.36,5,반려동물,normal,,0
620,1,0,709,7,22,8,262176,0,0,0,0,2,1.2,,출산/유아동,risk,BAD_EXPERIENCE,0
621,0,0,281,5,8,16,720880,1,0,1,0,0,1.28,,자동차,risk,COUPON_EXPIRING,0
622,0,0,978,4,18,13,472550,0,0,0,0,0,1.02,,가구/인테리어,normal,,0
623,0,0,908,8,15,15,1328580,1,0,1,0,0,1.05,,문구/오피스,normal,,0
624,0,0,241,8,21,15,619785,0,0,1,0,0,1.2,4,뷰티,normal,,0
625,0,0,709,4,24,17,561085,1,1,0,0,0,1.17,,가구/인테리어,normal,,0
626,1,0,481,1,17,23,760564,0,0,1,0,0,1.18,,출산/유아동,normal,,0
627,0,0,276,53,83,17,1353013,0,0,1,0,0,1.37,,자동차,risk,LOGIN_INACTIVE,0
628,0,0,995,87,108,29,2084491,0,0,0,0,0,0.93,4,생활용품,risk,LOGIN_INACTIVE,1
629,1,0,374,13,30,12,892284,0,0,1,0,0,0.77,3,출산/유아동,normal,,0
630,0,0,217,12,13,4,352084,0,0,0,0,0,1.37,4,문구/오피스,normal,,0
631,1,0,307,8,14,17,769284,0,0,0,0,0,1.36,3,스포츠,normal,,0
632,0,0,191,10,14,17,727073,0,0,0,0,0,0.9,4,문구/오피스,normal,,0
633,1,0,880,2,18,26,923390,0,0,1,0,0,1.16,4,생활용품,normal,,0
634,1,0,917,8,7,6,747096,0,0,0,0,0,0.29,,식품,risk,SPENDING_DROP,0
635,0,0,784,8,4,11,1612806,0,0,1,0,0,0.36,,식품,risk,SPENDING_DROP,0
636,0,0,728,14,9,11,648098,0,1,0,0,0,1.27,,스포츠,normal,,0
637,1,0,848,4,23,16,428512,0,1,0,0,0,1.16,,가구/인테리어,normal,,0
638,0,0,947,1,5,22,1763916,1,0,0,0,0,0.92,,자동차,normal,,0
639,0,0,53,46,33,1,64230,1,0,0,0,0,1.27,,반려동물,risk,FIRST_ORDER_ONLY,0
640,0,0,275,10,15,6,415110,1,0,0,0,0,0.85,,뷰티,normal,,0
641,1,0,70,14,7,13,313586,0,0,0,0,0,1.4,,가구/인테리어,normal,,0
642,1,0,619,0,7,23,2032878,0,1,0,0,0,0.77,5,스포츠,normal,,0
643,0,0,590,8,26,4,159872,0,0,1,0,0,0.77,,반려동물,normal,,1
644,0,0,285,1,25,8,292728,0,0,1,0,0,0.98,4,가전/디지털,normal,,0
645,0,0,727,43,64,21,1784685,0,1,1,0,0,0.91,,식품,risk,LOGIN_INACTIVE,1
646,0,0,347,6,5,26,1581840,0,0,0,0,0,1.03,,생활용품,normal,,1
647,0,0,493,5,25,18,1000944,3,0,0,0,0,1.03,5,식품,risk,CART_ABANDON,0
648,0,0,899,1,16,24,1006104,1,1,0,0,0,1.02,,스포츠,normal,,0
649,0,0,906,14,22,23,2059259,0,0,0,0,0,0.96,,스포츠,normal,,0
650,1,0,250,5,9,29,856109,0,0,0,0,0,0.95,4,반려동물,normal,,0
651,0,1,386,11,2,4,252420,0,0,0,0,0,0.9,,완구/취미,normal,,0
652,1,0,454,9,21,6,286860,1,0,0,0,0,1.15,5,헬스/건강,risk,CART_ABANDON,0
653,0,0,491,10,26,24,1849032,0,0,0,0,0,1.27,5,스포츠,normal,,0
654,0,0,107,4,15,19,676989,0,0,0,0,0,1.0,5,문구/오피스,normal,,0
655,0,0,81,5,2,22,453398,1,0,1,0,0,1.01,,패션,risk,CART_ABANDON,0
656,0,0,76,1,17,24,779208,0,0,0,0,0,0.96,4,완구/취미,normal,,0
657,0,0,469,1,19,15,915720,0,0,0,0,0,1.39,3,패션,normal,,0
658,0,0,929,10,5,19,1311152,1,0,1,0,0,1.29,,스포츠,risk,COUPON_EXPIRING,1
659,0,0,390,13,24,7,539735,0,0,0,0,0,1.28,,문구/오피스,normal,,0
660,0,0,984,4,2,30,806400,1,0,0,0,0,1.37,,식품,risk,CART_ABANDON,0
661,0,0,764,9,27,14,976486,0,0,0,0,0,1.05,4,출산/유아동,normal,,1
662,1,0,386,13,6,8,593368,0,0,0,1,2,0.91,,반려동물,risk,BAD_EXPERIENCE,0
663,0,0,347,5,26,19,1582111,0,0,0,0,0,0.8,3,가전/디지털,normal,,0
664,0,0,915,13,9,21,986706,0,0,0,0,0,0.89,3,스포츠,normal,,0
665,1,0,281,4,28,25,1761750,3,0,0,0,0,1.13,,생활용품,risk,CART_ABANDON,0
666,0,0,524,10,6,26,2239302,0,0,1,0,0,1.0,5,뷰티,normal,,1
667,1,0,948,9,18,18,838980,0,0,0,0,0,0.86,5,스포츠,normal,,0
668,0,0,950,9,22,13,433901,0,1,0,0,0,0.91,,뷰티,normal,,0
669,0,0,251,4,2,18,1483578,0,0,0,0,0,1.35,,패션,normal,,0
670,0,0,422,1,8,6,238452,3,0,0,0,0,1.04,4,패션,risk,CART_ABANDON,0
671,0,0,724,6,25,5,376945,0,0,3,0,0,0.93,,문구/오피스,risk,COUPON_EXPIRING,0
672,0,0,591,33,51,19,504184,0,1,0,0,0,0.78,4,헬스/건강,risk,LOGIN_INACTIVE,0
673,0,0,42,29,34,1,61496,0,1,0,0,0,1.01,4,헬스/건강,risk,FIRST_ORDER_ONLY,0
674,0,0,270,2,27,19,886977,1,0,0,0,0,1.23,,가구/인테리어,risk,CART_ABANDON,0
675,0,0,989,11,21,20,1649780,0,1,3,0,0,0.86,4,가구/인테리어,risk,COUPON_EXPIRING,0
676,0,0,230,2,12,6,477996,0,0,0,0,0,0.97,4,완구/취미,normal,,0
677,0,0,330,14,4,9,381393,0,1,0,0,0,1.38,,문구/오피스,normal,,0
678,0,0,61,7,29,22,1153702,0,0,0,0,0,1.19,,자동차,normal,,0
679,0,0,915,25,27,13,1117324,0,0,0,0,0,0.57,,생활용품,border,,0
680,0,0,618,4,23,15,1256475,0,0,1,0,0,0.95,2,문구/오피스,normal,,0
681,0,0,972,8,26,14,1168790,0,0,0,0,0,0.76,5,뷰티,normal,,0
682,0,0,59,8,51,1,59516,4,2,0,0,0,1.2,5,헬스/건강,composite,,0
683,0,0,331,3,23,9,591507,3,0,0,0,0,1.4,,완구/취미,risk,CART_ABANDON,1
684,1,0,653,8,24,5,324965,0,0,0,0,0,1.12,,식품,normal,,0
685,0,0,871,5,11,29,998818,1,0,0,0,0,1.05,,반려동물,normal,,0
686,1,0,595,33,39,8,330504,0,0,0,0,0,0.76,,헬스/건강,risk,LOGIN_INACTIVE,0
687,0,0,905,9,5,13,350636,0,0,0,0,0,1.29,,뷰티,normal,,0
688,0,0,317,2,13,5,285640,0,0,1,0,0,1.11,4,패션,normal,,0
689,0,0,790,4,6,6,274710,0,1,0,0,0,0.77,4,반려동물,normal,,0
690,0,0,314,12,23,15,1059375,0,3,0,0,0,0.92,4,패션,risk,WISHLIST_IDLE,0
691,0,0,378,2,20,23,1773829,0,0,0,0,0,1.19,,식품,normal,,0
692,0,0,316,2,15,20,461510,0,0,1,0,0,0.11,,식품,composite,,1
693,1,0,380,8,23,26,1738490,0,1,0,0,0,1.02,,뷰티,risk,WISHLIST_IDLE,0
694,0,0,87,12,15,21,663390,0,0,0,0,0,0.91,4,패션,normal,,0
695,0,0,442,2,21,20,1168980,0,1,0,0,0,1.19,,뷰티,normal,,0
696,0,0,886,12,29,18,1582128,0,0,0,0,0,1.29,,가전/디지털,normal,,0
697,1,0,169,5,21,24,786384,0,0,0,0,0,1.31,,완구/취미,normal,,0
698,0,0,818,9,23,7,608678,0,0,0,0,0,0.84,5,뷰티,normal,,1
699,1,0,567,2,9,27,1087722,0,0,2,0,0,0.75,,가전/디지털,risk,COUPON_EXPIRING,0
700,0,0,764,3,5,23,662400,0,0,0,0,0,0.81,,뷰티,normal,,0
701,0,0,166,7,2,10,862960,0,0,0,0,0,1.01,,반려동물,normal,,0
702,1,0,899,3,28,9,487026,0,0,1,0,0,1.15,,출산/유아동,normal,,1
703,0,0,209,7,2,17,751791,2,0,0,0,0,1.08,,스포츠,risk,CART_ABANDON,1
704,0,0,356,4,23,19,629071,1,0,0,0,0,1.0,3,가구/인테리어,normal,,1
705,1,0,879,1,16,26,1940718,0,0,0,0,0,0.83,,식품,normal,,0
706,1,0,42,85,112,1,46294,0,1,3,0,0,0.78,3,생활용품,composite,,1
707,0,0,275,5,30,20,1776400,0,5,0,0,0,0.98,,뷰티,risk,WISHLIST_IDLE,1
708,0,0,530,6,29,14,536970,4,0,0,0,0,1.01,,스포츠,risk,CART_ABANDON,0
709,0,0,680,10,7,19,1642550,0,0,0,0,0,0.96,,완구/취미,normal,,0
710,0,0,416,9,21,22,1604306,0,0,0,0,0,0.9,,스포츠,normal,,0
711,1,0,168,7,23,25,2061100,0,0,0,0,0,1.35,,스포츠,normal,,0
712,0,0,302,1,30,29,1241374,0,0,1,0,0,1.35,4,출산/유아동,normal,,0
713,1,0,686,4,5,5,124520,0,1,0,0,0,1.14,,생활용품,risk,WISHLIST_IDLE,0
714,1,0,388,1,24,9,710262,0,1,0,0,0,0.88,4,패션,normal,,0
715,1,0,562,7,23,12,689976,0,0,0,0,0,1.09,5,문구/오피스,normal,,0
716,1,0,256,1,20,29,672133,0,5,3,0,0,1.28,,스포츠,composite,,0
717,0,0,408,2,23,6,535356,0,1,0,0,0,1.06,3,스포츠,normal,,0
718,0,0,425,67,69,15,571065,0,0,0,0,0,1.32,,헬스/건강,risk,LOGIN_INACTIVE,0
719,0,0,861,8,11,8,265808,0,0,0,0,0,0.97,5,패션,normal,,0
720,1,0,901,4,28,11,582439,0,0,1,0,0,0.85,4,스포츠,normal,,0
721,0,0,136,8,20,13,671320,1,1,0,0,0,1.01,5,패션,normal,,0
722,1,0,619,11,30,5,172660,0,1,1,0,0,1.17,3,반려동물,normal,,0
723,1,0,406,6,10,5,231405,0,0,0,0,0,1.11,,자동차,normal,,0
724,0,0,397,20,25,27,760563,0,0,1,0,0,0.65,,출산/유아동,border,,1
725,0,0,672,11,21,17,519571,1,0,0,0,0,1.22,3,출산/유아동,normal,,1
726,0,0,96,7,18,6,346661,0,0,0,0,0,0.44,3,가구/인테리어,risk,SPENDING_DROP,1
727,0,0,86,12,27,5,228560,0,1,0,0,0,1.23,,자동차,normal,,0
728,0,1,553,17,14,21,1458324,0,0,0,0,0,0.84,,반려동물,risk,MEMBERSHIP_CANCEL,0
729,0,0,978,9,30,7,477372,0,0,1,0,0,0.9,,뷰티,normal,,0
730,0,0,662,3,9,6,444846,1,1,0,0,0,1.12,,헬스/건강,risk,CART_ABANDON,0
731,0,0,118,1,3,30,1098240,0,0,0,0,0,1.14,,스포츠,normal,,0
732,0,0,359,28,23,11,793562,0,0,0,0,0,0.57,,가구/인테리어,border,,1
733,0,1,892,23,30,27,1319571,0,0,0,0,0,1.11,3,반려동물,risk,MEMBERSHIP_CANCEL,0
734,0,0,599,14,10,11,679723,0,0,0,0,0,1.34,,헬스/건강,normal,,0
735,0,0,696,7,10,26,787332,0,0,1,0,0,0.9,5,패션,normal,,0
736,0,0,626,27,27,27,1857843,0,0,0,0,0,0.64,,가구/인테리어,border,,0
737,1,0,570,13,3,4,221712,0,3,1,0,0,0.8,,가구/인테리어,risk,WISHLIST_IDLE,0
738,1,0,453,58,75,23,1613358,0,0,0,0,0,0.87,,식품,risk,LOGIN_INACTIVE,0
739,0,0,59,42,58,1,66895,1,1,0,2,2,0.35,1,반려동물,composite,,1
740,1,0,171,8,14,29,1672488,1,1,0,0,0,1.12,,가구/인테리어,normal,,0
741,1,0,847,8,10,22,908710,1,0,1,0,0,0.9,3,반려동물,normal,,0
742,0,0,347,12,23,4,223860,0,0,0,0,0,0.97,5,문구/오피스,normal,,0
743,0,0,99,9,10,15,1078528,0,0,0,0,0,0.05,,출산/유아동,risk,SPENDING_DROP,1
744,0,0,62,45,42,1,14850,0,0,0,0,0,0.76,,완구/취미,risk,FIRST_ORDER_ONLY,1
745,0,0,283,6,3,21,638946,0,0,0,0,1,0.79,3,헬스/건강,risk,BAD_EXPERIENCE,0
746,0,0,865,4,10,28,2376388,0,0,0,0,0,1.15,,자동차,normal,,0
747,0,0,298,1,22,5,125230,0,0,0,0,0,0.96,5,식품,normal,,0
748,0,0,794,3,3,21,1133034,1,5,1,0,0,1.3,,헬스/건강,risk,WISHLIST_IDLE,1
749,0,0,105,9,9,26,1711814,0,0,0,0,0,0.8,3,자동차,normal,,0
750,0,0,393,69,94,10,745210,0,0,0,0,0,0.77,,가전/디지털,risk,LOGIN_INACTIVE,0
751,1,0,44,28,34,1,13346,0,5,0,0,0,0.85,3,완구/취미,composite,,0
752,1,0,792,12,25,20,1732160,0,0,1,0,0,1.0,,자동차,normal,,0
753,0,0,93,90,97,22,872740,0,1,0,0,0,0.8,,문구/오피스,risk,LOGIN_INACTIVE,0
754,0,0,575,9,22,22,1645556,0,0,1,0,0,1.27,,반려동물,normal,,0
755,0,0,543,10,18,23,2028623,0,0,1,0,0,0.94,,뷰티,normal,,1
756,0,0,396,3,27,11,741873,0,0,1,0,0,1.2,,완구/취미,normal,,0
757,0,0,810,14,15,18,1213776,0,0,0,0,0,0.99,4,자동차,normal,,0
758,0,0,679,3,16,19,1423081,0,1,1,0,0,1.35,5,뷰티,normal,,0
759,0,0,73,26,59,1,35965,0,0,3,1,2,0.83,3,뷰티,composite,,1
760,0,1,230,1,15,4,218084,0,0,0,0,0,0.82,,패션,normal,,0
761,0,0,913,6,2,5,209400,1,0,1,0,0,1.35,,스포츠,normal,,0
762,0,0,422,0,14,17,877965,1,0,1,0,0,1.33,,생활용품,risk,CART_ABANDON,1
763,0,0,816,14,13,6,473022,1,0,0,0,0,1.03,,문구/오피스,normal,,1
764,0,0,548,11,6,28,1233260,0,0,1,0,0,1.08,4,생활용품,risk,COUPON_EXPIRING,0
765,0,0,667,9,13,4,317776,0,0,0,0,0,1.13,,문구/오피스,normal,,0
766,0,0,159,3,11,28,2370368,0,0,1,0,0,1.13,,식품,normal,,0
767,0,0,352,5,14,17,1049852,0,1,0,0,0,1.36,,문구/오피스,normal,,0
768,0,0,275,6,18,27,1524717,0,0,1,0,0,0.94,4,뷰티,risk,COUPON_EXPIRING,0
769,0,0,340,7,16,13,641056,1,0,1,0,0,1.39,,가구/인테리어,normal,,0
770,0,0,67,17,50,1,13584,0,0,1,0,0,1.24,3,출산/유아동,risk,FIRST_ORDER_ONLY,0
771,0,0,878,3,2,21,1764231,0,0,0,0,0,1.36,,반려동물,normal,,0
772,0,0,496,11,16,22,1942028,0,0,1,0,0,1.22,,가전/디지털,normal,,0
773,0,0,49,20,42,1,25264,0,1,1,0,0,1.23,,반려동물,risk,FIRST_ORDER_ONLY,1
774,0,0,136,5,7,27,2334447,0,0,0,0,0,1.19,,자동차,normal,,0
775,0,1,783,20,12,6,150162,0,1,0,0,0,0.96,,패션,risk,MEMBERSHIP_CANCEL,1
776,0,0,917,14,22,25,616750,1,0,0,0,0,1.13,,출산/유아동,normal,,1
777,1,0,749,3,10,11,897798,0,1,0,0,0,0.93,,반려동물,normal,,0
778,0,0,70,39,50,1,44481,1,0,0,0,0,0.79,,생활용품,composite,,0
779,0,0,300,10,13,22,1836318,0,1,1,0,0,1.3,4,반려동물,normal,,0
780,0,0,744,7,17,13,928291,0,0,0,0,0,0.89,,식품,normal,,0
781,0,0,842,4,15,28,2201108,0,0,0,0,0,1.05,,완구/취미,normal,,1
782,0,0,736,1,13,14,1010492,0,0,0,0,0,1.27,,생활용품,normal,,0
783,0,0,675,6,23,19,964877,0,0,0,0,0,1.3,5,식품,normal,,0
784,0,0,122,26,24,17,1060137,0,0,0,0,0,0.64,5,문구/오피스,border,,1
785,0,0,557,8,9,12,774516,2,0,0,0,0,0.89,4,가구/인테리어,risk,CART_ABANDON,1
786,0,0,858,26,21,10,632120,0,0,1,0,0,0.62,3,가전/디지털,border,,1
787,0,0,994,5,26,14,396452,0,0,0,0,0,0.88,,완구/취미,normal,,0
788,1,0,918,8,14,9,450531,0,0,0,0,0,1.02,,가구/인테리어,normal,,0
789,0,0,810,3,2,21,519288,0,0,0,0,0,1.08,,헬스/건강,normal,,0
790,0,0,556,0,7,29,1656045,0,0,0,0,0,0.91,5,가전/디지털,normal,,0
791,1,0,827,1,28,12,834312,0,0,0,0,0,0.93,5,패션,normal,,0
792,0,0,138,9,18,6,446664,1,0,0,0,0,1.35,,문구/오피스,risk,CART_ABANDON,0
793,0,0,460,3,28,29,1766651,0,0,0,0,0,0.95,4,스포츠,normal,,0
794,0,0,267,1,10,18,1472166,0,0,0,0,0,1.01,,식품,normal,,1
795,1,0,554,4,24,12,1078656,0,0,1,0,0,1.22,4,생활용품,normal,,0
796,0,0,841,8,24,15,512925,0,0,0,0,0,1.25,5,가구/인테리어,normal,,0
797,1,0,438,7,20,18,617040,0,0,1,0,0,1.38,,가구/인테리어,normal,,0
798,0,0,634,6,8,7,589400,3,0,2,0,0,1.29,,패션,composite,,0
799,0,0,405,13,6,27,669195,0,0,0,0,0,0.75,4,자동차,normal,,1
800,0,0,274,12,19,26,2185508,0,0,0,0,0,0.96,,가구/인테리어,normal,,1
801,0,0,554,8,19,26,797498,1,0,0,0,0,0.83,,반려동물,normal,,0
802,0,0,225,8,25,4,143688,0,0,1,0,0,0.78,,스포츠,normal,,0
803,0,0,567,2,22,17,1508886,0,0,0,0,0,1.01,3,식품,normal,,0
804,1,0,180,6,11,13,721942,0,0,0,0,0,1.17,,가구/인테리어,normal,,0
805,0,1,357,18,23,8,374392,0,1,0,0,0,1.14,,생활용품,risk,MEMBERSHIP_CANCEL,1
806,0,0,275,14,12,18,679302,0,0,0,0,0,0.96,,가전/디지털,normal,,1
807,0,1,213,13,4,9,186606,0,0,0,0,0,1.1,,뷰티,risk,MEMBERSHIP_CANCEL,1
808,0,0,122,9,16,7,283542,0,0,1,0,0,0.97,,식품,normal,,0
809,0,0,257,4,11,4,303432,0,3,0,0,0,1.01,,스포츠,risk,WISHLIST_IDLE,0
810,1,0,614,10,23,21,977613,0,0,0,0,0,0.93,,스포츠,normal,,1
811,1,0,637,1,6,12,1061532,0,0,0,0,0,1.25,,가구/인테리어,normal,,0
812,0,0,679,4,27,22,1805100,0,0,0,0,0,0.89,,생활용품,normal,,0
813,0,0,689,2,6,29,1206487,0,0,1,0,0,1.38,3,문구/오피스,risk,COUPON_EXPIRING,0
814,1,0,886,7,15,20,1636500,0,0,0,0,0,1.11,,문구/오피스,normal,,0
815,0,0,852,29,23,16,1315040,0,1,0,0,0,0.64,3,뷰티,border,,0
816,0,0,913,4,24,24,929472,0,0,0,0,0,1.26,3,완구/취미,normal,,0
817,0,0,183,8,30,25,1926750,0,0,1,0,0,1.31,5,완구/취미,normal,,0
818,1,0,42,26,42,1,60129,0,0,1,0,0,1.36,,스포츠,risk,FIRST_ORDER_ONLY,0
819,0,0,512,5,18,10,455440,0,0,0,0,0,0.99,3,패션,normal,,0
820,1,0,574,14,2,12,669432,0,0,0,0,0,0.78,,자동차,normal,,0
821,1,0,781,4,10,26,715000,1,5,1,0,0,1.35,,가구/인테리어,risk,WISHLIST_IDLE,1
822,0,0,525,0,7,24,1969320,3,0,0,0,0,0.82,,가구/인테리어,risk,CART_ABANDON,1
823,0,0,975,11,6,23,993301,1,0,1,0,0,1.3,,스포츠,risk,COUPON_EXPIRING,0
824,0,0,712,70,93,18,1101366,0,0,1,0,0,0.88,,뷰티,risk,LOGIN_INACTIVE,1
825,0,0,400,13,23,4,245924,1,0,1,0,0,1.22,5,스포츠,normal,,1
826,0,1,588,19,23,15,1092660,0,0,0,0,0,0.88,,완구/취미,risk,MEMBERSHIP_CANCEL,1
827,0,0,806,4,4,8,340968,0,0,0,0,0,1.08,,식품,normal,,0
828,1,0,710,11,28,9,183798,0,0,0,0,0,1.05,,스포츠,normal,,0
829,0,0,773,1,20,30,2420610,0,1,0,0,0,0.81,,가구/인테리어,normal,,0
830,1,0,665,23,24,14,590730,0,0,0,0,0,0.63,,가전/디지털,border,,0
831,0,0,983,13,8,24,897528,0,0,0,0,0,0.93,,뷰티,normal,,0
832,0,0,383,6,9,22,982806,0,0,1,0,0,0.92,,자동차,normal,,0
833,0,0,330,1,17,18,1197900,0,0,0,2,2,1.04,,가구/인테리어,risk,BAD_EXPERIENCE,1
834,0,0,234,0,28,30,2116530,0,0,1,0,0,1.03,,자동차,normal,,1
835,0,0,890,10,27,24,1388136,0,0,0,0,0,1.29,4,뷰티,normal,,0
836,0,0,335,1,18,29,1380951,0,0,0,0,0,0.82,4,식품,normal,,0
837,1,0,706,2,17,25,958125,0,0,0,0,0,1.18,4,반려동물,normal,,0
838,0,0,390,11,5,5,335195,1,0,0,0,0,0.97,,헬스/건강,normal,,0
839,0,0,984,29,27,24,1606176,0,0,0,0,0,0.59,4,가구/인테리어,border,,0
840,0,0,505,74,86,26,2133872,0,0,0,0,0,0.97,,가구/인테리어,risk,LOGIN_INACTIVE,0
841,0,0,67,40,49,1,45305,0,1,0,0,0,1.02,,문구/오피스,risk,FIRST_ORDER_ONLY,0
842,0,0,227,8,7,4,237588,1,1,1,0,0,0.88,,뷰티,normal,,0
843,1,0,829,2,6,22,1400652,0,0,0,0,0,1.27,,반려동물,normal,,0
844,0,0,880,5,16,8,575224,0,0,0,1,1,1.32,,패션,risk,BAD_EXPERIENCE,0
845,0,0,249,3,29,6,279894,0,0,2,0,0,1.11,,반려동물,risk,COUPON_EXPIRING,0
846,0,1,548,2,13,4,132380,0,0,0,0,0,1.34,4,뷰티,normal,,0
847,0,0,445,13,16,25,1295400,0,0,0,0,0,1.25,,스포츠,normal,,0
848,0,0,469,12,12,8,456944,0,0,0,0,0,1.01,5,반려동물,normal,,0
849,0,0,415,7,23,6,141150,0,0,0,0,0,0.99,,가전/디지털,normal,,0
850,0,0,573,13,2,14,1010660,1,0,0,0,0,0.87,5,출산/유아동,normal,,1
851,0,0,45,31,32,1,73000,0,0,0,0,0,0.95,,가전/디지털,risk,FIRST_ORDER_ONLY,0
852,0,0,227,21,26,9,790281,0,0,0,0,0,0.62,4,반려동물,border,,0
853,1,0,224,5,6,4,345796,0,0,0,0,0,1.37,4,패션,normal,,0
854,0,0,492,8,3,16,955328,4,0,0,0,0,1.27,,가전/디지털,risk,CART_ABANDON,0
855,0,0,859,7,24,15,958755,0,1,0,0,0,0.87,,뷰티,normal,,0
856,0,0,60,44,47,1,35901,0,0,1,0,0,1.13,5,반려동물,risk,FIRST_ORDER_ONLY,0
857,1,0,535,4,3,5,179655,1,0,0,0,0,1.14,,가전/디지털,normal,,0
858,0,0,318,6,12,15,882240,0,0,0,0,0,0.94,,반려동물,normal,,0
859,1,0,77,7,12,17,1003289,0,4,0,0,0,0.77,,헬스/건강,risk,WISHLIST_IDLE,0
860,1,0,239,89,115,11,356345,0,0,1,2,2,1.33,3,반려동물,composite,,1
861,1,0,529,0,4,22,1381732,0,0,1,0,0,1.16,,스포츠,normal,,0
862,0,0,451,8,25,7,212261,0,0,0,0,0,1.01,,완구/취미,normal,,0
863,0,0,824,4,25,9,273519,0,0,0,1,1,0.87,,뷰티,risk,BAD_EXPERIENCE,0
864,0,0,586,8,29,14,1194827,0,0,0,0,0,0.42,,가구/인테리어,risk,SPENDING_DROP,0
865,0,0,765,12,7,27,1519749,0,0,0,0,0,0.87,,가전/디지털,normal,,0
866,0,0,339,0,15,13,612937,0,0,0,0,0,0.92,,패션,normal,,0
867,0,0,869,49,72,23,752859,0,0,0,0,0,0.79,5,헬스/건강,risk,LOGIN_INACTIVE,0
868,0,0,683,13,16,26,1953900,0,0,0,0,0,1.35,3,자동차,normal,,0
869,0,0,411,5,12,4,261592,0,0,1,0,0,1.07,,헬스/건강,normal,,0
870,1,0,774,2,23,21,1493646,0,0,1,0,0,1.38,5,가구/인테리어,normal,,0
871,0,0,558,8,13,24,741384,0,1,0,0,0,0.94,5,완구/취미,normal,,0
872,0,0,522,26,20,14,334250,0,0,0,0,0,0.61,,자동차,border,,1
873,0,0,629,11,17,13,659945,0,0,0,0,0,1.37,3,문구/오피스,normal,,0
874,0,0,159,6,8,7,333872,1,0,0,0,0,0.85,,완구/취미,normal,,0
875,1,0,812,6,19,28,2059260,0,0,1,0,0,0.93,,헬스/건강,normal,,0
876,1,0,431,10,5,28,1726228,0,0,0,0,0,1.01,4,출산/유아동,normal,,0
877,0,0,535,4,28,30,2209508,0,1,0,0,0,0.38,5,뷰티,risk,SPENDING_DROP,0
878,0,0,731,71,71,18,591966,0,0,1,0,0,1.02,3,가구/인테리어,risk,LOGIN_INACTIVE,1
879,1,0,289,25,29,23,1977448,1,0,0,0,0,0.54,5,가전/디지털,border,,0
880,0,0,700,7,23,22,702306,1,0,2,0,0,1.26,,출산/유아동,risk,COUPON_EXPIRING,1
881,0,1,583,5,8,21,864192,2,0,0,0,0,1.06,,반려동물,risk,CART_ABANDON,1
882,0,0,360,1,30,8,192384,0,0,0,0,0,1.14,4,완구/취미,normal,,0
883,0,0,875,2,16,11,941204,0,1,1,0,0,1.32,,가전/디지털,normal,,0
884,1,0,310,7,25,9,262386,0,0,0,0,0,1.31,5,출산/유아동,normal,,0
885,1,0,942,6,4,19,1418692,1,1,0,0,0,1.22,3,생활용품,normal,,0
886,0,0,722,8,24,23,531507,0,1,0,0,0,1.28,5,패션,normal,,0
887,0,0,902,11,26,30,756900,0,0,0,0,0,1.17,,완구/취미,normal,,0
888,0,1,866,8,5,17,665278,0,0,0,0,0,1.26,,스포츠,risk,MEMBERSHIP_CANCEL,0
889,0,0,482,10,12,15,579075,1,0,0,0,0,0.81,,반려동물,normal,,0
890,0,0,770,1,16,24,2026344,0,0,0,0,0,1.2,,완구/취미,normal,,1
891,0,0,866,7,24,14,753284,0,0,0,0,0,0.85,,뷰티,normal,,0
892,0,0,86,3,30,13,891904,0,0,0,0,0,1.22,5,가전/디지털,normal,,0
893,1,0,709,4,17,22,1708366,0,0,1,0,0,0.83,,생활용품,normal,,0
894,0,0,359,4,14,23,1235675,1,0,0,0,0,0.95,,자동차,risk,CART_ABANDON,0
895,0,0,798,8,25,15,1316100,0,0,0,0,0,0.97,,반려동물,normal,,0
896,0,0,62,50,56,1,11865,0,0,1,0,0,1.17,4,문구/오피스,composite,,1
897,0,0,213,4,21,11,392425,0,0,0,0,0,1.34,4,반려동물,normal,,0
898,0,0,920,11,29,4,354788,1,0,0,0,0,0.77,,식품,normal,,1
899,0,0,161,3,18,22,691368,2,1,1,0,0,0.23,,생활용품,composite,,0
900,0,0,876,11,7,12,625488,0,0,0,0,0,1.39,,가구/인테리어,normal,,0
901,0,0,39,28,32,1,49683,0,1,1,0,0,0.84,,반려동물,risk,FIRST_ORDER_ONLY,1
902,0,0,659,12,20,11,908138,0,0,0,0,0,0.96,5,반려동물,normal,,0
903,0,0,134,3,17,24,846168,0,0,0,0,0,1.13,3,가구/인테리어,normal,,0
904,0,0,558,4,20,23,488934,0,1,0,2,0,1.33,,패션,risk,BAD_EXPERIENCE,1
905,0,0,885,5,21,22,1755644,2,0,0,0,0,0.93,,문구/오피스,risk,CART_ABANDON,0
906,1,0,554,8,11,20,1185480,0,0,0,0,0,1.19,,식품,normal,,0
907,0,0,376,10,16,20,692200,1,1,0,0,0,0.96,,식품,normal,,0
908,0,0,541,7,7,20,868700,0,0,0,0,0,1.35,,완구/취미,normal,,1
909,1,0,410,10,23,18,790938,0,0,0,0,0,0.95,,가구/인테리어,normal,,0
910,0,0,387,12,18,13,1064037,0,0,0,0,0,1.12,,패션,normal,,0
911,0,0,391,10,8,8,575480,4,1,0,0,0,0.85,,완구/취미,risk,CART_ABANDON,1
912,0,0,867,25,22,23,1272084,0,0,1,0,0,0.55,4,반려동물,border,,0
913,1,0,422,13,25,27,1655991,0,0,0,0,0,1.02,,가구/인테리어,normal,,0
914,0,0,473,0,15,28,1857744,0,0,0,0,0,0.93,,패션,normal,,0
915,0,0,781,51,68,30,1606350,0,0,0,0,0,1.26,4,문구/오피스,risk,LOGIN_INACTIVE,1
916,0,0,59,45,41,1,31026,0,0,0,0,0,0.8,,식품,risk,FIRST_ORDER_ONLY,0
917,0,0,107,12,23,19,1351394,0,1,0,0,0,0.93,,출산/유아동,normal,,0
918,0,0,660,6,3,23,765785,0,0,0,0,0,1.03,,자동차,normal,,0
919,1,0,173,7,6,13,386061,0,0,0,0,0,0.85,2,출산/유아동,normal,,0
920,0,0,663,4,20,30,369704,0,1,0,2,0,0.11,2,자동차,composite,,0
921,1,0,776,11,25,29,1773379,1,0,0,0,0,1.24,,스포츠,normal,,0
922,0,0,248,5,16,10,498420,0,3,0,0,0,1.21,,스포츠,risk,WISHLIST_IDLE,0
923,0,0,825,14,2,22,882855,0,0,0,0,0,0.07,,헬스/건강,risk,SPENDING_DROP,0
924,0,0,994,8,13,5,110615,0,1,1,0,0,1.32,,뷰티,normal,,0
925,0,0,869,8,17,14,798658,0,0,0,0,0,1.12,,식품,normal,,0
926,0,0,859,1,19,21,855498,0,1,3,0,0,1.35,5,식품,risk,COUPON_EXPIRING,0
927,0,0,255,12,4,24,1835640,0,0,1,0,0,1.4,3,식품,normal,,0
928,0,0,726,5,4,8,350496,0,0,0,0,0,1.2,5,가전/디지털,normal,,0
929,1,0,502,14,2,30,2178600,0,0,1,0,0,0.76,,가전/디지털,normal,,0
930,0,0,390,72,93,11,593208,1,0,0,0,0,1.1,4,가전/디지털,risk,LOGIN_INACTIVE,1
931,0,0,848,13,20,10,664840,1,0,0,0,0,0.87,,완구/취미,normal,,0
932,0,0,271,4,7,8,265792,0,0,1,0,0,0.27,4,헬스/건강,risk,SPENDING_DROP,0
933,0,0,951,5,9,14,663152,0,0,1,0,0,0.9,4,가구/인테리어,normal,,0
934,1,0,850,5,2,10,379970,1,1,0,0,0,1.37,,생활용품,normal,,0
935,0,0,514,13,25,4,189356,0,0,0,0,0,0.88,,가구/인테리어,normal,,0
936,0,0,664,13,5,16,514720,1,0,0,0,0,1.09,,반려동물,normal,,0
937,0,0,834,3,5,9,756972,0,0,1,0,0,1.02,3,뷰티,risk,COUPON_EXPIRING,0
938,1,0,878,26,26,6,495894,0,0,0,0,0,0.64,4,패션,border,,0
939,0,0,423,21,26,7,199913,0,1,0,0,0,0.63,5,출산/유아동,border,,1
940,0,0,56,69,94,1,71579,0,1,0,0,0,0.76,,완구/취미,composite,,1
941,0,0,947,10,23,10,584150,2,0,0,0,0,0.86,,패션,risk,CART_ABANDON,0
942,0,0,433,14,5,9,371538,0,0,0,0,0,0.99,,스포츠,normal,,0
943,0,0,331,9,12,30,711960,0,0,1,0,0,0.77,,식품,normal,,0
944,0,0,995,6,3,8,555344,0,0,0,1,0,0.82,,패션,risk,BAD_EXPERIENCE,1
945,1,0,55,45,40,1,10094,0,0,1,0,0,1.04,,헬스/건강,risk,FIRST_ORDER_ONLY,1
946,0,0,191,5,23,12,815004,1,0,0,0,0,1.07,,헬스/건강,normal,,0
947,0,0,932,9,8,30,1094790,0,0,1,0,0,0.9,4,반려동물,normal,,0
948,0,0,821,24,25,6,437586,0,0,0,0,0,0.61,,가구/인테리어,border,,0
949,0,0,744,9,18,18,1579518,0,1,0,0,0,0.84,,가구/인테리어,normal,,0
950,0,1,443,8,6,17,416245,0,0,0,0,0,1.27,4,스포츠,risk,MEMBERSHIP_CANCEL,0
951,1,0,206,25,23,4,204688,0,0,0,0,0,0.59,4,완구/취미,border,,0
952,1,0,69,50,55,27,73878,0,3,0,0,0,0.32,,자동차,composite,,0
953,0,0,841,8,10,14,395808,0,0,0,0,0,1.1,,식품,normal,,0
954,0,0,292,7,28,7,241962,0,0,0,1,1,0.98,3,문구/오피스,risk,BAD_EXPERIENCE,0
955,0,0,144,13,18,21,922635,0,1,1,0,0,0.88,4,뷰티,normal,,0
956,0,0,756,3,26,30,665730,0,0,0,0,0,1.26,,완구/취미,normal,,0
957,0,0,940,8,18,22,575498,0,0,0,0,0,1.37,,뷰티,normal,,0
958,0,0,230,5,7,20,662500,0,0,1,0,0,0.9,5,가전/디지털,normal,,0
959,0,0,793,2,19,28,2116128,1,0,1,0,0,1.37,,생활용품,normal,,0
960,0,0,459,14,18,13,977795,1,0,0,0,0,1.36,5,자동차,normal,,0
961,1,0,136,26,22,4,243368,0,0,0,0,0,0.52,,출산/유아동,border,,0
962,1,0,224,12,27,30,1553400,0,0,0,0,0,1.13,4,자동차,normal,,0
963,0,0,914,5,4,11,546282,1,0,1,0,0,0.83,5,식품,normal,,0
964,1,0,659,10,6,27,1268406,0,0,0,0,0,0.76,,자동차,normal,,0
965,0,0,593,21,28,7,234143,0,0,0,0,0,0.61,4,완구/취미,border,,0
966,1,0,217,1,30,18,1165392,1,1,0,0,0,1.29,4,식품,normal,,0
967,0,0,175,3,16,12,909888,3,1,0,0,0,1.27,,헬스/건강,risk,CART_ABANDON,1
968,0,0,165,6,25,20,1350400,4,1,0,0,0,1.21,5,식품,risk,CART_ABANDON,0
969,0,0,713,52,65,5,283630,0,0,1,0,0,1.17,,헬스/건강,risk,LOGIN_INACTIVE,1
970,0,0,916,4,13,25,772275,0,0,0,0,0,1.13,,가전/디지털,normal,,0
971,0,0,665,6,23,11,603152,0,0,0,0,0,1.11,,뷰티,normal,,0
972,0,0,639,6,21,30,2640660,1,0,0,0,0,0.82,,식품,normal,,0
973,0,0,872,10,5,30,973200,0,0,0,0,0,1.19,5,헬스/건강,normal,,0
974,0,0,491,13,14,23,580175,0,0,1,0,0,1.12,,패션,normal,,0
975,0,0,98,6,28,20,1531920,0,0,0,0,0,0.77,,반려동물,normal,,0
976,0,0,161,4,15,14,332066,0,1,0,0,0,1.28,5,식품,normal,,0
977,0,0,420,3,10,15,1176885,0,0,0,0,0,1.16,,스포츠,normal,,0
978,0,0,872,27,21,28,1741292,0,0,0,0,0,0.55,,헬스/건강,border,,0
979,0,0,611,11,27,23,1146044,0,0,1,0,0,0.81,4,패션,normal,,0
980,0,0,380,9,17,16,710464,0,0,1,0,0,1.07,,뷰티,normal,,0
981,1,0,885,7,30,14,943278,0,5,0,0,0,0.82,,헬스/건강,risk,WISHLIST_IDLE,1
982,1,0,990,8,24,13,764712,0,0,0,0,0,1.2,,스포츠,normal,,0
983,1,0,155,1,24,10,730360,1,0,0,0,0,0.98,,스포츠,normal,,0
984,1,0,454,1,29,8,468184,0,1,0,0,0,0.9,,가전/디지털,normal,,0
985,1,0,101,3,19,30,1209510,0,0,0,0,0,1.29,,뷰티,normal,,0
986,0,0,311,14,9,11,854898,0,0,0,0,0,0.91,,패션,normal,,0
987,0,0,938,28,29,4,310136,0,0,0,0,0,0.56,,헬스/건강,border,,1
988,0,0,969,14,14,22,1194028,0,1,1,0,0,0.92,,문구/오피스,normal,,0
989,1,0,433,14,9,15,929445,0,0,0,0,0,0.96,5,문구/오피스,normal,,0
990,0,0,779,3,27,30,1106310,0,1,1,0,0,1.21,,출산/유아동,normal,,0
991,0,0,381,1,27,21,1047081,0,0,0,0,0,1.11,,문구/오피스,normal,,0
992,0,0,536,41,41,11,296703,0,0,0,0,0,0.79,5,완구/취미,risk,LOGIN_INACTIVE,1
993,0,0,519,8,22,21,578382,1,0,0,1,0,0.79,,완구/취미,risk,BAD_EXPERIENCE,0
994,0,1,342,15,10,27,637578,0,0,0,0,0,1.36,,출산/유아동,risk,MEMBERSHIP_CANCEL,1
995,0,0,737,7,11,10,599320,0,0,1,0,0,1.37,4,완구/취미,risk,COUPON_EXPIRING,1
996,0,0,612,2,20,22,1714048,4,1,0,0,0,0.3,3,식품,composite,,0
997,0,0,259,3,21,27,1174662,0,0,1,0,0,1.22,,헬스/건강,normal,,0
998,0,0,151,1,14,14,990962,0,0,0,0,0,1.3,,생활용품,normal,,0
999,0,0,158,4,13,13,389277,0,1,0,0,0,0.21,,가전/디지털,risk,SPENDING_DROP,1
1000,0,0,722,10,4,15,967905,0,0,0,0,0,1.32,4,반려동물,normal,,1
1001,1,0,630,0,23,5,344545,0,0,1,0,0,0.76,3,자동차,normal,,0
1002,0,0,453,4,2,12,967820,1,1,0,0,0,0.12,4,생활용품,risk,SPENDING_DROP,0
1003,0,0,159,13,23,15,604095,0,0,1,0,0,1.21,,출산/유아동,normal,,0
1004,1,0,241,8,6,28,2193520,0,0,0,0,0,1.37,,헬스/건강,normal,,0
1005,0,0,886,14,11,7,407386,0,0,0,0,0,0.86,,완구/취미,normal,,0
1006,0,0,569,3,21,7,282443,1,5,1,0,0,1.35,,스포츠,risk,WISHLIST_IDLE,0
1007,0,0,458,12,16,21,1057620,0,0,0,0,0,0.43,,가전/디지털,risk,SPENDING_DROP,0
1008,0,0,873,29,21,10,669650,0,1,0,0,0,0.63,,생활용품,border,,0
1009,0,0,739,10,12,6,534714,0,0,0,0,0,1.24,4,가전/디지털,normal,,0
1010,1,0,265,4,12,24,906168,0,0,1,0,0,1.03,,문구/오피스,normal,,0
1011,0,0,446,1,17,17,393091,0,0,0,0,0,1.0,5,가전/디지털,normal,,0
1012,0,0,865,12,11,19,517256,0,0,1,0,0,0.95,4,문구/오피스,normal,,0
1013,1,0,825,14,20,22,939884,0,0,0,0,0,0.78,,가구/인테리어,normal,,1
1014,0,0,454,3,13,13,349336,0,1,0,2,2,1.08,,완구/취미,composite,,1
1015,1,0,161,7,7,10,490410,0,0,0,0,0,0.88,4,가전/디지털,normal,,0
1016,0,0,687,0,3,24,1680048,0,0,1,0,0,0.75,,완구/취미,normal,,0
1017,0,0,77,76,103,1,43840,2,1,1,0,0,0.99,,생활용품,composite,,1
1018,0,0,377,3,30,24,1337568,0,0,1,0,0,1.0,,반려동물,normal,,0
1019,0,0,982,3,28,30,2519730,0,0,0,0,0,0.78,,완구/취미,normal,,1
1020,0,0,519,2,23,28,1378300,0,1,0,0,0,1.26,,가전/디지털,risk,WISHLIST_IDLE,0
1021,0,0,609,5,7,9,482571,1,0,0,0,0,0.94,,가전/디지털,normal,,0
1022,1,0,351,13,20,13,705575,0,0,1,0,0,1.32,5,반려동물,normal,,0
1023,1,0,628,13,17,6,277902,0,1,0,0,0,0.82,,가구/인테리어,normal,,0
1024,0,0,98,13,14,11,485969,0,0,0,0,0,1.03,,반려동물,normal,,0
1025,1,0,508,3,6,15,1169040,2,0,1,0,0,1.25,,식품,risk,CART_ABANDON,0
1026,0,0,385,0,20,27,590274,1,0,1,0,0,1.35,,생활용품,normal,,0
1027,0,1,533,8,30,15,410940,0,0,0,0,0,0.79,,자동차,risk,MEMBERSHIP_CANCEL,0
1028,0,0,47,64,81,1,17433,0,0,1,2,1,1.14,,생활용품,composite,,1
1029,0,0,693,26,20,4,248640,0,0,0,0,0,0.58,3,뷰티,border,,1
1030,0,0,456,12,20,21,1070430,1,0,0,0,0,0.06,5,가전/디지털,risk,SPENDING_DROP,0
1031,0,0,720,6,11,22,1555268,0,3,0,0,0,1.15,5,자동차,risk,WISHLIST_IDLE,0
1032,0,0,525,7,30,24,961728,0,1,0,0,0,0.94,3,헬스/건강,normal,,0
1033,0,0,238,6,10,27,1107351,0,0,1,0,0,0.84,4,헬스/건강,normal,,0
1034,1,0,480,11,30,18,895518,1,0,0,0,0,0.89,4,반려동물,normal,,0
1035,0,0,491,14,15,16,1285904,0,3,0,0,0,0.99,,뷰티,risk,WISHLIST_IDLE,1
1036,0,0,468,2,25,25,2236475,0,0,3,0,0,0.88,,패션,risk,COUPON_EXPIRING,1
1037,0,0,862,9,13,25,2018375,0,0,0,0,0,1.17,,문구/오피스,normal,,0
1038,0,0,462,2,17,10,342400,0,0,1,0,0,1.37,4,문구/오피스,normal,,0
1039,0,0,36,43,36,1,66594,0,1,0,0,0,1.36,,반려동물,risk,FIRST_ORDER_ONLY,1
1040,0,0,271,6,20,26,1107314,0,0,0,0,0,0.85,,문구/오피스,normal,,0
1041,0,0,648,12,27,16,734832,0,0,0,0,0,1.23,5,헬스/건강,normal,,0
1042,0,0,558,5,21,28,2507260,0,1,0,0,0,1.26,,가전/디지털,normal,,1
1043,0,0,81,0,29,6,161484,0,0,1,0,0,0.98,,뷰티,normal,,0
1044,0,0,214,3,11,27,773631,0,1,0,0,0,1.29,,패션,normal,,0
1045,0,0,406,11,7,19,1101544,0,1,0,0,0,1.32,4,자동차,normal,,0
1046,0,0,485,1,19,9,663273,0,0,0,0,0,1.39,,패션,normal,,0
1047,0,0,928,14,9,26,906308,0,0,0,0,1,1.24,2,가구/인테리어,risk,BAD_EXPERIENCE,1
1048,0,0,448,7,7,19,429685,0,1,0,0,0,1.04,,출산/유아동,normal,,0
1049,0,0,246,7,30,22,497244,1,1,0,0,0,1.33,5,자동차,risk,WISHLIST_IDLE,0
1050,0,0,130,2,6,15,890025,0,1,0,0,0,1.36,5,가구/인테리어,normal,,0
1051,1,0,261,10,12,25,1457950,0,1,0,0,0,1.14,,패션,normal,,0
1052,0,0,566,0,21,29,2167837,1,0,0,0,0,1.08,5,생활용품,normal,,0
1053,0,0,985,14,2,20,1683480,0,0,0,0,0,1.21,,자동차,normal,,0
1054,0,0,519,6,12,12,303624,0,1,0,0,0,1.18,5,완구/취미,normal,,0
1055,0,0,624,0,6,14,299586,0,0,0,0,0,1.34,,반려동물,normal,,0
1056,0,0,457,0,24,19,886816,0,0,1,0,0,0.36,,스포츠,risk,SPENDING_DROP,0
1057,0,0,410,2,13,26,1411436,0,0,0,0,0,1.34,3,가구/인테리어,normal,,1
1058,0,0,146,12,23,25,1544025,1,1,0,0,0,0.83,5,완구/취미,normal,,1
1059,0,0,169,3,4,28,1209964,0,0,1,1,0,1.26,,출산/유아동,risk,BAD_EXPERIENCE,0
1060,1,0,73,11,27,27,1747251,1,0,0,0,0,1.16,,출산/유아동,normal,,0
1061,1,0,706,13,12,18,609678,0,0,0,0,0,1.35,4,생활용품,normal,,0
1062,0,0,250,1,24,6,192024,0,0,0,0,0,0.78,3,완구/취미,normal,,0
1063,0,0,456,5,22,6,536280,0,5,3,0,0,1.07,,문구/오피스,composite,,1
1064,0,0,513,2,18,5,104135,0,1,3,0,0,1.32,,뷰티,risk,COUPON_EXPIRING,0
1065,0,0,776,1,24,10,299320,0,1,0,0,0,0.9,,생활용품,normal,,0
1066,0,0,710,3,20,16,942256,3,0,0,0,0,1.03,5,완구/취미,risk,CART_ABANDON,0
1067,0,0,67,9,30,20,1059720,1,0,0,0,0,1.07,4,가구/인테리어,risk,CART_ABANDON,0
1068,0,0,897,6,4,28,2196572,0,0,0,0,0,1.13,5,자동차,normal,,0
1069,1,0,774,10,21,15,429510,0,0,0,0,0,0.98,,완구/취미,normal,,0
1070,0,0,551,29,22,29,1721237,0,0,1,0,0,0.51,,식품,border,,1
1071,0,0,479,27,27,15,1207620,0,0,1,0,0,0.52,,뷰티,border,,0
1072,1,0,828,22,26,27,626616,1,0,0,0,0,0.55,,가전/디지털,border,,1
1073,0,0,870,13,23,17,724982,0,1,0,0,0,0.76,,가구/인테리어,normal,,0
1074,1,0,213,4,12,19,872480,0,0,0,0,0,1.37,,가전/디지털,normal,,0
1075,0,0,344,3,8,27,1759191,0,0,0,0,0,0.24,5,가전/디지털,risk,SPENDING_DROP,0
1076,0,0,60,34,41,1,30788,0,0,2,0,0,0.25,3,완구/취미,composite,,0
1077,0,0,184,9,6,23,2056660,0,0,1,0,0,1.31,5,출산/유아동,normal,,0
1078,0,0,638,7,4,16,334815,0,0,0,0,0,0.14,,가구/인테리어,risk,SPENDING_DROP,1
1079,1,0,997,14,17,24,1362456,0,0,0,0,0,0.88,4,뷰티,normal,,0
1080,0,0,389,12,22,8,400040,0,0,1,0,0,0.91,,완구/취미,normal,,0
1081,0,0,541,14,2,22,1343870,0,0,0,0,0,1.16,3,문구/오피스,normal,,0
1082,0,0,601,7,16,6,329196,0,2,0,0,0,1.25,,가전/디지털,risk,WISHLIST_IDLE,0
1083,1,0,928,12,3,15,1231410,0,0,0,0,0,1.29,,반려동물,normal,,0
1084,1,0,635,2,27,19,1059250,1,0,0,0,0,1.32,4,가구/인테리어,normal,,0
1085,0,0,903,12,22,10,446670,1,2,0,0,0,1.23,,뷰티,risk,WISHLIST_IDLE,0
1086,1,0,878,24,23,20,1050700,0,0,1,0,0,0.52,,패션,border,,0
1087,0,0,89,10,22,4,300944,0,0,1,0,0,0.85,,패션,normal,,0
1088,1,0,451,8,7,24,1877136,0,0,3,0,0,0.93,4,생활용품,risk,COUPON_EXPIRING,0
1089,1,0,524,4,7,23,847481,0,0,0,0,0,0.96,,가구/인테리어,normal,,0
1090,0,0,437,2,12,19,1313945,0,0,0,0,0,1.01,,생활용품,normal,,0
1091,0,0,687,13,26,14,343364,0,0,3,0,0,0.78,,반려동물,risk,COUPON_EXPIRING,0
1092,1,0,800,11,24,5,186420,0,1,0,0,0,0.82,,반려동물,normal,,0
1093,0,0,790,3,4,9,605043,1,0,0,0,0,1.24,,반려동물,normal,,0
1094,0,0,470,8,3,19,1686630,0,0,0,0,0,1.11,,완구/취미,normal,,0
1095,1,0,893,3,16,6,245088,0,1,0,0,0,0.91,3,식품,normal,,0
1096,0,0,759,8,2,10,645096,0,0,0,0,0,0.35,,출산/유아동,risk,SPENDING_DROP,0
1097,0,0,572,43,61,8,566344,1,0,1,0,0,1.25,4,스포츠,composite,,0
1098,0,0,295,9,17,10,209370,0,0,1,0,0,1.08,,자동차,normal,,0
1099,0,0,228,6,8,30,1198680,0,1,0,0,0,0.93,,문구/오피스,normal,,0
1100,0,0,443,8,14,21,860013,0,0,0,0,0,0.88,4,식품,normal,,0
1101,0,0,462,1,22,12,688860,0,0,1,0,0,1.19,4,생활용품,normal,,0
1102,0,0,475,43,67,28,973560,0,1,0,0,0,1.32,3,가전/디지털,risk,LOGIN_INACTIVE,1
1103,0,0,813,11,11,22,1058068,1,1,0,2,0,0.79,,가전/디지털,risk,BAD_EXPERIENCE,1
1104,0,0,971,14,28,22,1167606,0,0,0,0,0,1.29,,문구/오피스,normal,,0
1105,0,0,271,7,25,14,993020,0,0,0,0,0,1.24,,식품,normal,,0
1106,0,0,551,37,65,19,1090600,0,0,1,0,0,0.8,,자동차,risk,LOGIN_INACTIVE,1
1107,0,1,933,15,21,4,106228,1,1,1,0,0,0.95,,가구/인테리어,risk,MEMBERSHIP_CANCEL,0
1108,1,0,641,2,5,27,729459,0,0,1,0,0,1.23,3,출산/유아동,normal,,0
1109,1,0,64,1,59,1,13980,1,0,0,0,0,0.42,4,뷰티,composite,,0
1110,0,0,802,3,16,6,334800,0,0,0,0,0,1.23,4,자동차,normal,,0
1111,0,0,280,1,14,8,555752,0,0,1,0,0,1.02,,가전/디지털,normal,,0
1112,0,0,650,14,3,4,113032,1,1,0,0,0,1.22,,반려동물,normal,,0
1113,0,0,881,4,2,10,556460,1,0,0,0,0,1.28,,자동차,normal,,0
1114,1,0,105,13,20,24,1849464,0,0,3,0,0,1.22,4,뷰티,risk,COUPON_EXPIRING,0
1115,0,0,353,5,4,5,340710,0,0,0,0,0,1.18,,반려동물,normal,,0
1116,0,0,803,8,19,15,586440,0,0,0,0,0,1.13,5,자동차,normal,,0
1117,0,0,538,5,26,15,874965,0,0,1,0,0,1.19,,가전/디지털,normal,,0
1118,0,0,428,6,4,27,904179,1,0,0,0,0,0.35,,가전/디지털,risk,SPENDING_DROP,0
1119,1,0,971,0,12,9,777312,1,1,0,0,0,0.97,3,뷰티,normal,,0
1120,0,0,911,11,7,24,918888,1,0,1,0,0,1.01,,자동차,normal,,0
1121,0,0,489,14,5,30,2571510,0,0,0,0,0,0.92,,뷰티,normal,,0
1122,0,0,740,2,25,17,1044204,0,0,0,0,0,0.38,5,완구/취미,risk,SPENDING_DROP,0
1123,0,0,464,8,23,21,1501185,0,0,0,0,0,1.24,,스포츠,normal,,0
1124,0,0,291,10,22,7,556227,0,0,0,0,0,1.22,3,가전/디지털,normal,,0
1125,0,0,576,12,5,29,2462303,0,0,1,0,0,0.91,,반려동물,normal,,0
1126,0,0,370,13,8,16,522544,1,0,0,0,0,0.94,5,출산/유아동,normal,,0
1127,0,0,41,34,31,1,62822,0,0,0,0,0,1.36,4,가구/인테리어,risk,FIRST_ORDER_ONLY,1
1128,0,0,443,3,11,16,1218672,0,1,0,0,0,1.14,2,패션,normal,,0
1129,1,0,563,0,17,25,1547350,0,0,0,0,0,1.27,,뷰티,normal,,0
1130,0,0,611,62,62,28,2111312,0,0,0,0,0,1.38,,출산/유아동,risk,LOGIN_INACTIVE,1
1131,0,0,99,7,26,16,502080,0,0,0,0,0,1.22,,반려동물,normal,,0
1132,0,0,706,14,5,26,2069496,0,0,0,0,0,1.06,,스포츠,normal,,0
1133,1,0,377,8,26,14,1107946,0,0,0,0,0,0.83,4,패션,normal,,0
1134,1,0,55,22,39,1,16385,0,0,0,0,0,1.12,,완구/취미,risk,FIRST_ORDER_ONLY,0
1135,0,0,238,14,16,19,1110645,1,0,0,0,0,1.03,5,식품,normal,,0
1136,0,0,56,39,55,1,33151,0,0,0,0,0,1.23,,생활용품,risk,FIRST_ORDER_ONLY,1
1137,0,0,247,3,12,13,1100632,0,0,0,0,0,1.34,,반려동물,normal,,0
1138,0,0,228,2,6,28,161721,0,0,0,0,0,0.26,,가전/디지털,risk,SPENDING_DROP,1
1139,0,0,710,8,5,15,1123035,0,0,0,0,0,1.02,4,출산/유아동,normal,,1
1140,1,0,149,4,30,6,401256,0,0,1,0,0,1.35,3,생활용품,risk,COUPON_EXPIRING,0
1141,0,0,84,2,4,7,311381,0,0,1,0,0,0.99,,스포츠,normal,,0
1142,0,0,549,1,27,12,531780,0,0,0,0,0,0.88,,뷰티,normal,,0
1143,0,0,196,73,81,13,925743,0,0,0,0,0,0.82,4,가전/디지털,risk,LOGIN_INACTIVE,1
1144,0,0,603,0,11,22,835208,0,0,0,0,0,0.89,4,완구/취미,normal,,0
1145,0,0,546,7,17,25,1201625,0,0,0,0,0,1.1,3,생활용품,normal,,0
1146,0,0,132,2,23,29,1062560,1,0,0,0,0,1.06,5,문구/오피스,normal,,0
1147,1,0,639,2,9,6,445194,0,0,0,0,0,0.92,,뷰티,normal,,0
1148,0,0,830,6,3,5,310030,0,0,0,0,0,1.36,,완구/취미,normal,,0
1149,0,0,520,9,28,16,791264,0,0,0,0,0,1.26,4,완구/취미,normal,,0
1150,0,0,721,69,69,17,690455,0,0,0,0,0,0.8,5,가구/인테리어,risk,LOGIN_INACTIVE,1
1151,0,1,127,8,4,17,664343,0,0,0,0,0,0.93,4,자동차,normal,,1
1152,0,0,886,14,12,24,1434696,0,0,1,0,0,1.31,,자동차,normal,,1
1153,0,0,583,7,14,19,721829,0,0,0,0,0,0.97,4,뷰티,normal,,0
1154,0,0,691,10,4,20,1059520,0,1,1,0,0,1.14,4,스포츠,normal,,0
1155,1,0,380,14,30,11,687368,1,0,0,0,0,0.95,,문구/오피스,normal,,0
1156,0,0,403,8,23,30,2218230,0,0,0,0,0,0.87,,가전/디지털,normal,,0
1157,0,1,971,9,6,23,1349364,0,0,0,0,0,1.11,4,자동차,risk,MEMBERSHIP_CANCEL,0
1158,0,0,533,29,25,29,1239141,0,0,0,0,0,0.53,,스포츠,border,,0
1159,0,0,889,7,13,24,1252680,0,0,1,0,0,1.05,,패션,normal,,0
1160,0,0,209,4,21,14,412202,0,1,1,0,0,1.39,,패션,risk,COUPON_EXPIRING,0
1161,1,0,253,12,10,6,509322,0,1,0,0,0,0.93,4,생활용품,normal,,0
1162,0,0,490,3,10,22,587026,1,0,0,0,0,0.82,4,헬스/건강,normal,,0
1163,0,0,456,5,5,17,651338,0,0,1,0,0,0.79,5,스포츠,normal,,0
1164,0,0,344,1,19,6,331086,0,0,0,0,0,1.03,,문구/오피스,normal,,0
1165,0,1,972,16,20,5,139240,0,0,0,0,0,0.93,,자동차,risk,MEMBERSHIP_CANCEL,0
1166,1,0,296,3,21,11,604571,3,0,0,0,0,0.76,4,생활용품,risk,CART_ABANDON,1
1167,0,0,885,13,14,9,419634,0,0,0,0,0,1.12,1,생활용품,normal,,0
1168,0,0,336,12,17,23,835498,0,1,0,0,0,1.05,2,생활용품,normal,,0
1169,0,0,973,2,9,9,509670,0,0,3,0,0,1.13,5,헬스/건강,risk,COUPON_EXPIRING,0
1170,0,0,516,3,9,16,530480,0,0,0,0,0,0.85,,완구/취미,normal,,0
1171,0,0,931,9,26,16,1117248,0,4,0,0,0,1.19,,완구/취미,risk,WISHLIST_IDLE,0
1172,0,0,956,8,12,29,1804235,0,0,1,0,0,1.04,5,가구/인테리어,risk,COUPON_EXPIRING,0
1173,0,0,207,11,4,15,1042515,0,0,0,0,0,0.98,4,반려동물,normal,,0
1174,0,0,314,11,11,12,603156,0,1,1,0,0,1.2,4,헬스/건강,normal,,1
1175,0,0,309,10,24,22,626538,0,1,0,0,0,0.97,3,스포츠,normal,,1
1176,0,0,80,7,15,16,1253904,1,0,0,0,0,0.9,,스포츠,normal,,0
1177,1,0,993,4,17,15,610830,0,1,0,0,0,1.14,,자동차,normal,,0
1178,0,0,260,47,49,29,2029884,0,0,0,2,0,1.35,4,자동차,composite,,0
1179,0,0,321,7,6,20,1168480,0,0,1,0,0,0.87,3,가구/인테리어,normal,,0
1180,0,0,379,2,18,17,488784,0,0,0,0,0,1.18,4,헬스/건강,normal,,0
1181,1,0,952,20,23,29,1248769,0,0,0,0,0,0.59,5,스포츠,border,,0
1182,1,0,128,12,5,6,331584,0,0,0,0,0,1.05,,자동차,normal,,0
1183,0,0,437,11,7,28,1120476,0,0,0,0,0,0.96,,자동차,normal,,0
1184,1,0,844,4,18,9,204435,0,1,0,0,0,0.86,,문구/오피스,normal,,0
1185,0,0,219,13,6,19,982471,1,1,0,0,0,0.93,,완구/취미,normal,,0
1186,0,0,525,2,24,11,378411,0,0,0,0,0,0.78,,가전/디지털,normal,,0
1187,0,0,199,0,11,16,1286304,0,0,0,0,0,1.11,,가전/디지털,normal,,0
1188,0,0,473,14,18,27,2191320,1,1,0,0,0,1.14,,출산/유아동,normal,,0
1189,0,0,917,11,14,26,1376830,0,0,0,0,0,1.07,,패션,normal,,0
1190,0,0,97,5,4,29,1976901,3,0,1,0,0,1.0,5,완구/취미,risk,CART_ABANDON,0
1191,1,0,382,7,8,4,88408,0,0,0,0,0,1.04,5,완구/취미,normal,,0
1192,1,0,869,12,25,22,843238,0,0,0,0,0,0.76,5,패션,normal,,0
1193,1,0,985,39,52,11,921822,0,0,0,0,0,0.88,3,가전/디지털,risk,LOGIN_INACTIVE,1
1194,0,0,311,2,30,5,166375,0,0,0,0,0,1.0,,자동차,normal,,0
1195,0,0,953,6,4,24,1404672,0,0,0,0,0,1.36,,뷰티,normal,,1
1196,1,0,129,5,12,19,861821,0,0,0,0,0,0.82,4,패션,normal,,0
1197,0,0,788,8,10,27,751923,0,0,2,0,0,0.77,,가구/인테리어,risk,COUPON_EXPIRING,0
1198,0,0,877,9,16,14,916608,0,1,0,0,0,1.09,,자동차,risk,WISHLIST_IDLE,0
1199,0,0,836,7,15,18,1572606,0,1,0,0,0,1.12,3,자동차,risk,WISHLIST_IDLE,0
1200,0,0,904,4,12,8,621224,4,0,0,1,0,1.25,,가구/인테리어,composite,,1
1201,0,1,105,7,2,5,187120,0,0,0,0,0,1.29,2,자동차,risk,MEMBERSHIP_CANCEL,1
1202,0,1,620,18,10,17,809285,0,0,1,0,0,0.92,,헬스/건강,risk,MEMBERSHIP_CANCEL,0
1203,0,0,127,3,16,29,1209474,1,0,0,0,0,1.05,4,생활용품,normal,,1
1204,0,0,691,11,13,14,1140482,1,0,0,0,0,1.33,,완구/취미,normal,,0
1205,0,0,819,5,22,30,1883970,0,0,1,0,0,1.13,,식품,normal,,1
1206,0,0,345,12,21,25,1303775,0,0,0,0,0,0.96,3,식품,normal,,0
1207,0,0,367,22,28,20,1460920,0,0,1,0,0,0.53,,가전/디지털,border,,0
1208,1,0,284,14,9,29,2344998,1,1,0,0,0,1.08,,패션,normal,,0
1209,0,0,820,6,15,17,1078004,0,0,3,0,0,1.37,,출산/유아동,risk,COUPON_EXPIRING,0
1210,0,0,853,5,30,6,164748,0,1,0,0,0,1.06,,뷰티,normal,,0
1211,0,0,401,5,5,4,241484,0,1,0,0,0,1.37,,헬스/건강,normal,,1
1212,0,0,279,25,29,22,1117952,0,0,0,0,0,0.56,,출산/유아동,border,,0
1213,1,0,163,1,4,6,126672,0,0,1,0,0,1.36,,반려동물,normal,,0
1214,0,0,887,10,22,29,1157332,3,0,0,0,0,0.84,5,패션,risk,CART_ABANDON,1
1215,0,0,1000,13,24,25,1670625,0,0,0,0,0,0.95,4,반려동물,normal,,0
1216,1,0,60,46,57,1,61231,0,1,0,0,0,0.86,,패션,risk,FIRST_ORDER_ONLY,1
1217,0,0,667,4,21,12,1067460,0,0,0,0,0,1.05,4,패션,normal,,0
1218,0,0,221,10,26,12,1049844,0,0,0,0,0,0.77,5,가전/디지털,normal,,0
1219,0,0,740,2,24,14,1147328,0,0,0,0,0,0.94,5,뷰티,normal,,0
1220,1,0,894,6,15,26,1321268,0,1,0,0,0,0.89,,뷰티,normal,,0
1221,0,0,212,11,6,18,446814,0,0,0,0,0,0.82,,식품,normal,,0
1222,0,0,189,2,25,18,533268,0,0,0,0,0,0.91,,스포츠,normal,,0
1223,0,0,505,6,5,19,1133445,1,0,0,0,0,0.77,2,뷰티,normal,,0
1224,0,0,460,3,13,9,257922,0,1,1,0,0,1.0,,생활용품,normal,,0
1225,0,0,569,7,23,30,2162970,0,1,0,0,0,1.28,5,뷰티,normal,,0
1226,0,0,784,6,23,27,1653993,1,0,1,0,0,0.87,,가구/인테리어,normal,,1
1227,0,0,228,4,15,29,934322,0,1,0,0,0,1.32,4,뷰티,normal,,0
1228,0,0,585,9,17,11,620609,1,0,0,0,0,1.25,,출산/유아동,normal,,0
1229,1,0,429,11,12,24,1653408,0,0,0,0,0,1.38,,생활용품,normal,,0
1230,0,0,276,6,12,10,861880,2,0,0,0,0,1.13,,반려동물,risk,CART_ABANDON,0
1231,0,0,808,12,3,28,2229668,1,0,0,0,0,1.4,,식품,normal,,0
1232,0,0,105,4,12,18,402264,0,0,2,0,0,1.06,,완구/취미,risk,COUPON_EXPIRING,0
1233,1,0,996,14,21,18,904860,1,1,0,0,0,0.92,,자동차,normal,,0
1234,0,0,932,0,28,24,1201848,0,0,0,0,0,0.75,,출산/유아동,normal,,0
1235,0,0,101,82,90,11,867724,0,0,0,0,0,0.8,5,반려동물,risk,LOGIN_INACTIVE,0
1236,0,0,893,14,19,21,1567104,0,1,0,0,0,1.25,5,생활용품,normal,,0
1237,0,0,373,12,21,29,774590,0,0,0,0,0,1.11,,가전/디지털,normal,,1
1238,0,0,178,13,9,28,1987720,0,0,0,0,0,0.88,4,문구/오피스,normal,,0
1239,0,0,499,1,12,25,1304750,1,0,0,0,0,1.24,,자동차,normal,,0
1240,1,0,233,10,11,12,644364,0,1,0,0,0,0.86,4,생활용품,normal,,0
1241,0,0,843,14,11,7,423955,1,0,0,0,0,0.8,3,헬스/건강,normal,,1
1242,0,0,50,22,36,1,45396,1,0,0,0,0,1.24,,패션,risk,FIRST_ORDER_ONLY,1
1243,0,0,184,8,26,14,1133818,0,0,0,0,0,1.26,4,문구/오피스,normal,,0
1244,0,0,867,1,13,15,646800,0,0,1,0,0,1.22,,헬스/건강,normal,,1
1245,0,0,883,12,26,23,720521,1,0,0,0,0,1.09,,완구/취미,normal,,1
1246,0,0,607,3,17,26,1717456,0,1,0,0,0,1.03,,문구/오피스,normal,,0
1247,1,0,584,12,27,29,2109779,0,0,0,0,0,1.25,4,완구/취미,normal,,0
1248,0,0,774,27,26,27,1342440,0,1,0,0,0,0.55,4,패션,border,,0
1249,1,0,263,14,3,15,371520,0,0,0,0,0,1.39,4,가구/인테리어,normal,,0
1250,0,0,724,5,15,15,314610,1,1,0,0,0,1.3,4,뷰티,normal,,0
1251,1,0,593,8,26,23,811187,0,0,0,0,0,1.11,,가구/인테리어,normal,,0
1252,1,0,43,17,40,1,65789,0,0,0,0,0,1.1,3,식품,risk,FIRST_ORDER_ONLY,0
1253,0,0,367,21,28,5,269265,0,1,0,0,0,0.55,5,패션,border,,1
1254,0,0,375,11,11,19,1393251,0,1,0,0,0,1.21,3,문구/오피스,normal,,0
1255,0,0,597,9,21,8,264984,0,0,0,0,0,0.97,4,식품,normal,,0
1256,0,0,247,28,21,7,212331,0,0,1,0,0,0.62,4,헬스/건강,border,,1
1257,0,0,651,13,24,21,1238055,1,0,0,0,0,1.01,,문구/오피스,normal,,0
1258,0,0,379,14,30,24,375360,0,0,0,0,0,0.09,,식품,risk,SPENDING_DROP,0
1259,0,0,169,14,17,4,102292,0,0,3,0,0,0.92,,완구/취미,risk,COUPON_EXPIRING,1
1260,0,0,976,12,9,21,645729,0,0,1,0,0,1.21,,출산/유아동,normal,,0
1261,0,0,705,12,2,7,571515,0,0,0,0,0,1.37,4,자동차,normal,,0
1262,0,0,581,3,15,25,517300,0,1,0,0,0,1.22,4,문구/오피스,normal,,0
1263,0,0,252,7,19,30,1535490,0,0,0,0,0,0.88,5,출산/유아동,normal,,0
1264,0,0,359,5,6,20,1460420,1,0,0,0,0,0.93,4,뷰티,normal,,0
1265,0,0,936,29,23,23,1726817,0,0,0,0,0,0.61,,완구/취미,border,,0
1266,0,0,191,9,7,26,928850,1,0,0,0,0,0.9,,가구/인테리어,normal,,0
1267,0,0,822,0,25,11,324093,0,0,0,0,0,1.37,4,가전/디지털,normal,,0
1268,0,0,62,10,8,22,759418,0,0,0,0,0,0.88,,출산/유아동,normal,,0
1269,0,0,65,27,45,1,46053,1,0,0,0,0,1.18,,출산/유아동,risk,FIRST_ORDER_ONLY,1
1270,0,0,271,6,13,8,357128,1,1,2,0,0,1.07,,반려동물,risk,COUPON_EXPIRING,0
1271,0,0,110,4,2,17,1305464,0,0,1,0,0,0.79,,가전/디지털,normal,,0
1272,1,0,596,4,8,18,1335330,0,0,0,0,0,0.87,,문구/오피스,normal,,0
1273,1,0,74,7,27,28,2503592,0,2,0,0,0,0.9,5,생활용품,risk,WISHLIST_IDLE,0
1274,0,0,944,0,28,26,2144974,2,0,0,0,0,1.03,5,가구/인테리어,risk,CART_ABANDON,0
1275,0,0,300,4,17,28,1971396,1,1,0,0,0,1.36,,생활용품,risk,CART_ABANDON,1
1276,0,0,439,8,10,27,889758,0,0,0,0,0,1.24,4,패션,normal,,0
1277,0,0,124,9,30,4,136160,0,0,1,0,0,1.24,3,문구/오피스,normal,,0
1278,0,0,629,13,21,25,2236425,1,0,1,0,0,0.75,,스포츠,risk,COUPON_EXPIRING,0
1279,1,0,846,6,26,14,1050196,3,0,0,0,0,0.82,4,식품,risk,CART_ABANDON,1
1280,0,0,772,53,56,12,553728,0,0,1,0,0,1.12,,헬스/건강,risk,LOGIN_INACTIVE,1
1281,0,0,543,9,8,16,833552,0,1,0,0,0,1.24,4,식품,normal,,1
1282,1,0,401,7,9,21,1605828,1,0,0,0,0,1.12,,뷰티,normal,,0
1283,0,0,296,6,29,8,206008,0,0,1,0,0,0.8,,헬스/건강,normal,,0
1284,1,0,621,20,29,25,944725,0,0,0,0,0,0.56,,가구/인테리어,border,,0
1285,0,0,718,36,61,12,947532,1,0,1,0,0,1.15,,식품,risk,LOGIN_INACTIVE,1
1286,1,0,870,9,19,12,619380,0,0,0,0,0,1.18,,반려동물,normal,,0
1287,0,0,806,0,28,26,2188316,0,0,0,0,0,0.96,4,가전/디지털,normal,,0
1288,0,1,575,9,9,6,338364,0,0,1,0,0,1.24,2,뷰티,normal,,0
1289,0,0,772,2,2,21,688380,1,0,0,0,0,0.88,,완구/취미,normal,,0
1290,0,0,220,3,25,30,777750,0,0,0,0,0,0.84,5,뷰티,normal,,0
1291,0,0,122,25,24,18,892314,0,0,0,0,0,0.63,5,가전/디지털,border,,1
1292,0,0,217,11,4,17,694433,0,0,0,0,0,1.1,4,뷰티,normal,,0
1293,0,0,923,14,15,25,855600,0,0,0,0,0,1.02,,헬스/건강,normal,,1
1294,0,0,294,11,28,17,710294,0,0,0,0,0,1.19,,출산/유아동,normal,,0
1295,0,0,50,42,45,1,38257,1,0,1,0,0,1.1,4,출산/유아동,risk,FIRST_ORDER_ONLY,0
1296,0,0,57,49,43,1,48736,0,0,1,0,0,1.27,4,가구/인테리어,composite,,1
1297,1,0,178,12,24,22,805574,1,0,0,0,0,1.37,5,스포츠,normal,,0
1298,0,0,633,7,14,7,264061,0,0,1,0,0,1.27,4,가구/인테리어,normal,,0
1299,0,0,989,0,18,11,326931,0,0,2,0,0,1.1,3,자동차,risk,COUPON_EXPIRING,0
1300,0,0,400,8,6,12,520452,0,0,1,0,0,0.84,,헬스/건강,normal,,0
1301,0,0,285,5,22,29,919735,1,0,0,0,0,1.22,4,식품,risk,CART_ABANDON,0
1302,0,0,228,10,10,18,1156680,0,0,0,0,0,1.25,,완구/취미,normal,,0
1303,0,0,84,21,21,26,623402,0,0,0,0,0,0.6,,스포츠,border,,0
1304,1,0,884,1,16,19,1305262,0,0,1,0,0,0.77,,가전/디지털,risk,COUPON_EXPIRING,0
1305,0,0,37,49,33,1,30876,0,0,0,0,0,0.94,,식품,risk,FIRST_ORDER_ONLY,1
1306,0,0,744,24,28,23,1897316,0,0,0,0,0,0.59,5,문구/오피스,border,,0
1307,0,0,381,6,17,5,126465,0,0,0,0,0,0.78,,가구/인테리어,normal,,0
1308,0,0,327,14,9,18,1738275,0,0,0,0,0,0.26,,자동차,risk,SPENDING_DROP,0
1309,0,0,636,1,9,16,1186064,0,0,0,0,0,0.96,5,자동차,normal,,0
1310,1,0,38,41,32,1,71573,0,0,0,0,0,1.21,,문구/오피스,risk,FIRST_ORDER_ONLY,1
1311,1,0,480,9,29,11,883256,0,0,0,0,0,1.16,,패션,normal,,0
1312,0,0,42,48,39,1,61337,0,0,1,0,0,1.35,3,가전/디지털,risk,FIRST_ORDER_ONLY,1
1313,0,0,997,8,25,21,433671,0,0,1,0,0,1.17,5,가구/인테리어,normal,,0
1314,0,0,545,7,30,21,1105398,0,2,1,0,0,1.09,5,패션,composite,,0
1315,0,0,127,2,24,25,1810975,0,0,0,0,0,1.12,,식품,normal,,0
1316,1,0,742,11,11,25,1835750,0,0,1,0,0,1.24,,출산/유아동,normal,,0
1317,0,0,437,11,25,8,713984,0,0,1,0,0,0.91,4,헬스/건강,normal,,0
1318,0,0,954,0,28,18,1280556,0,1,0,0,0,0.98,5,자동차,normal,,0
1319,1,0,40,27,40,1,34504,0,0,0,0,0,0.99,3,반려동물,risk,FIRST_ORDER_ONLY,0
1320,0,0,146,7,14,25,1508350,0,0,0,0,0,1.12,4,식품,normal,,0
1321,0,0,603,8,2,30,1488120,0,0,0,0,0,1.08,,스포츠,normal,,0
1322,0,1,910,20,24,9,338364,0,1,0,0,0,0.6,4,자동차,border,,0
1323,0,0,933,4,9,5,234110,1,0,0,0,0,0.98,5,반려동물,normal,,0
1324,0,0,598,4,20,30,1838910,1,0,0,0,0,1.27,4,문구/오피스,normal,,0
1325,0,0,164,1,5,29,2308516,0,0,0,0,0,1.1,,생활용품,normal,,0
1326,0,0,56,5,54,1,14555,4,0,2,0,0,1.01,5,출산/유아동,composite,,1
1327,1,0,532,8,29,7,513604,0,2,0,0,0,0.76,5,가전/디지털,risk,WISHLIST_IDLE,0
1328,0,0,900,0,27,10,238530,0,0,0,0,0,1.11,4,자동차,normal,,0
1329,0,0,671,9,2,30,1560960,3,0,0,0,0,1.07,3,식품,risk,CART_ABANDON,1
1330,0,0,802,25,22,7,142814,1,0,0,0,0,0.63,,자동차,border,,0
1331,1,0,378,9,4,6,216864,1,0,0,0,0,0.82,2,헬스/건강,normal,,1
1332,1,0,291,3,14,13,1162889,0,1,0,0,0,1.24,,뷰티,normal,,0
1333,0,0,259,27,24,17,691339,1,0,0,0,0,0.55,,가전/디지털,border,,0
1334,0,0,138,1,10,17,421277,0,1,0,0,0,1.09,,가구/인테리어,normal,,0
1335,0,0,825,0,28,19,1157377,0,0,0,0,0,0.21,4,가전/디지털,risk,SPENDING_DROP,0
1336,0,1,821,4,18,29,944820,0,0,0,0,0,0.76,2,헬스/건강,risk,MEMBERSHIP_CANCEL,1
1337,0,0,955,0,18,10,466310,0,0,0,0,0,1.28,,자동차,normal,,1
1338,0,1,87,6,6,28,2232160,0,1,1,0,0,1.37,,출산/유아동,risk,COUPON_EXPIRING,0
1339,1,0,979,79,96,25,321864,0,0,3,0,0,0.41,,문구/오피스,composite,,1
1340,0,0,597,13,10,10,580630,0,0,1,0,0,1.33,4,스포츠,risk,COUPON_EXPIRING,0
1341,0,0,600,78,106,29,1317673,0,0,1,0,0,1.34,4,뷰티,risk,LOGIN_INACTIVE,1
1342,0,0,199,6,3,20,955640,0,0,0,0,0,0.78,3,패션,normal,,0
1343,0,0,439,76,78,25,559150,0,0,0,0,0,1.12,,패션,risk,LOGIN_INACTIVE,1
1344,0,0,356,4,20,29,1270954,1,0,0,0,0,0.92,,문구/오피스,normal,,0
1345,0,0,229,6,26,29,2179234,0,0,0,0,0,1.26,4,자동차,normal,,0
1346,0,0,910,8,22,13,1037335,0,0,0,0,0,1.26,,자동차,normal,,0
1347,0,0,453,24,29,22,1155704,0,0,0,0,0,0.59,,식품,border,,0
1348,0,0,239,14,8,10,342020,0,0,1,0,0,0.94,,패션,normal,,0
1349,0,0,854,6,14,8,217432,0,0,1,0,0,1.06,5,문구/오피스,normal,,0
1350,0,0,715,1,16,16,1195984,1,0,0,0,0,1.24,,문구/오피스,normal,,0
1351,0,0,635,11,9,13,1146028,0,0,0,0,0,1.34,,생활용품,normal,,1
1352,0,0,309,2,18,27,915744,1,5,0,0,0,0.43,4,가구/인테리어,composite,,0
1353,0,0,504,5,2,23,903877,0,0,0,0,0,0.85,,가구/인테리어,normal,,0
1354,0,0,46,50,31,1,38394,0,0,0,0,0,1.35,,문구/오피스,risk,FIRST_ORDER_ONLY,1
1355,0,0,496,1,23,29,1133871,0,1,0,0,0,0.97,,패션,normal,,0
1356,1,0,183,4,28,28,1264788,0,0,0,0,0,1.13,,문구/오피스,normal,,0
1357,0,0,378,13,18,28,1557864,0,0,2,0,0,1.37,5,뷰티,risk,COUPON_EXPIRING,0
1358,0,0,289,0,2,28,2445996,0,0,1,0,0,0.79,5,문구/오피스,normal,,0
1359,0,0,179,72,80,18,353745,1,0,0,0,0,0.43,3,문구/오피스,composite,,1
1360,0,0,360,28,23,6,177534,1,0,0,0,0,0.63,,생활용품,border,,0
1361,0,0,717,6,22,18,698904,0,0,0,0,0,0.93,,패션,normal,,0
1362,0,0,511,7,21,19,1081024,0,0,1,0,0,1.33,,뷰티,normal,,0
1363,0,0,472,77,97,27,1996785,0,0,2,0,0,1.11,,스포츠,composite,,0
1364,1,0,108,2,20,16,460064,0,0,0,0,0,1.09,3,패션,normal,,0
1365,0,0,329,1,8,28,966189,0,0,1,0,0,0.18,,출산/유아동,risk,SPENDING_DROP,0
1366,0,0,267,5,14,9,308241,0,1,0,0,0,0.88,,문구/오피스,normal,,0
1367,0,0,754,1,4,9,372726,0,0,0,0,0,0.9,,반려동물,normal,,0
1368,0,0,745,5,6,20,1626120,0,2,0,0,0,0.83,,출산/유아동,risk,WISHLIST_IDLE,0
1369,0,0,136,14,23,18,1060056,0,0,0,2,1,0.86,,스포츠,risk,BAD_EXPERIENCE,1
1370,0,0,204,13,14,5,292685,0,1,0,0,0,0.93,,스포츠,risk,WISHLIST_IDLE,0
1371,0,0,522,3,23,11,580624,0,0,0,0,0,1.35,4,스포츠,normal,,0
1372,1,0,818,12,17,18,1571238,0,0,0,0,0,0.85,,완구/취미,normal,,0
1373,0,0,959,9,30,6,263436,2,0,0,0,0,1.38,,문구/오피스,risk,CART_ABANDON,0
1374,0,0,408,11,28,21,1772316,0,0,0,0,0,1.24,,스포츠,normal,,1
1375,0,0,297,13,28,30,1555620,1,1,0,0,0,1.19,4,출산/유아동,normal,,1
1376,0,0,478,0,12,14,700042,0,0,0,0,0,1.07,4,출산/유아동,normal,,0
1377,0,0,662,8,25,26,1980914,0,1,0,0,0,1.06,5,헬스/건강,normal,,0
1378,1,0,472,13,17,5,254630,1,0,1,0,0,1.31,4,뷰티,normal,,0
1379,0,0,48,36,31,1,57977,0,1,1,0,0,0.87,4,스포츠,composite,,0
1380,0,0,167,10,10,18,1315350,0,0,0,0,0,1.25,,출산/유아동,normal,,0
1381,1,0,134,9,6,9,566199,0,1,0,0,0,1.37,,뷰티,normal,,0
1382,1,0,37,23,36,1,12118,0,0,0,0,0,1.26,,문구/오피스,risk,FIRST_ORDER_ONLY,0
1383,1,0,877,0,21,14,701680,0,0,1,0,0,1.14,,가전/디지털,normal,,0
1384,0,0,316,8,11,26,962962,0,0,1,0,0,1.15,5,반려동물,normal,,0
1385,1,0,704,1,22,21,651231,0,0,0,0,0,1.05,,출산/유아동,normal,,0
1386,0,0,829,14,3,29,2257795,0,1,0,0,0,1.1,3,헬스/건강,normal,,0
1387,1,0,459,7,8,18,800622,0,0,0,0,0,1.26,4,출산/유아동,normal,,0
1388,1,0,125,11,22,23,1850971,0,5,0,0,0,0.85,5,반려동물,risk,WISHLIST_IDLE,0
1389,0,0,997,6,18,22,1873784,0,0,1,0,0,0.96,,생활용품,normal,,1
1390,1,0,260,7,25,22,550088,0,0,0,0,0,0.75,,식품,normal,,0
1391,1,0,250,10,22,24,1227048,0,0,1,0,0,1.18,3,생활용품,normal,,0
1392,0,0,833,6,14,15,952485,0,0,0,0,0,0.83,,출산/유아동,normal,,0
1393,1,0,981,8,7,12,778908,1,0,0,0,0,1.09,,헬스/건강,normal,,0
1394,1,0,667,6,8,18,691128,0,1,0,0,0,1.16,3,뷰티,normal,,0
1395,0,0,196,10,19,24,1326984,0,1,0,0,0,1.36,,반려동물,normal,,0
1396,0,0,983,14,20,21,703773,0,0,2,0,0,1.19,,패션,risk,COUPON_EXPIRING,0
1397,0,0,605,12,12,9,750123,0,1,0,0,0,1.38,,헬스/건강,normal,,1
1398,0,0,473,9,9,9,442197,0,0,0,0,0,0.82,,완구/취미,normal,,0
1399,0,0,168,8,24,20,1425540,0,0,2,0,0,1.09,4,스포츠,risk,COUPON_EXPIRING,0
1400,0,1,392,0,21,21,1302000,0,0,0,0,0,0.92,4,헬스/건강,normal,,0
1401,1,0,258,7,22,4,142900,1,1,1,0,0,0.8,,자동차,risk,CART_ABANDON,0
1402,0,0,555,2,3,23,1060346,0,0,0,0,0,0.92,5,식품,normal,,0
1403,0,0,148,13,13,5,237745,0,0,0,0,0,0.82,,패션,normal,,0
1404,0,0,395,3,5,30,1451670,0,0,1,0,0,1.28,,문구/오피스,normal,,0
1405,0,0,805,13,18,19,622497,0,0,1,0,0,0.78,4,생활용품,normal,,0
1406,0,0,332,13,6,23,788900,0,0,1,0,0,1.25,4,문구/오피스,risk,COUPON_EXPIRING,0
1407,0,0,452,9,18,18,647856,0,0,0,0,0,1.14,,반려동물,normal,,0
1408,0,0,194,12,17,30,626430,0,0,1,0,0,1.09,4,스포츠,normal,,0
1409,0,0,416,6,7,28,1062236,1,0,1,0,0,1.25,5,자동차,normal,,1
1410,0,0,55,36,47,1,54287,0,0,3,0,0,0.93,,반려동물,composite,,0
1411,0,0,407,11,20,24,1807368,1,0,0,0,0,1.21,3,반려동물,normal,,1
1412,0,0,354,2,18,23,848562,0,0,0,0,0,0.8,4,뷰티,normal,,0
1413,0,0,37,30,33,1,40420,1,5,0,0,0,0.85,4,가전/디지털,composite,,1
1414,0,0,958,7,30,24,844056,3,1,0,0,0,0.75,5,뷰티,risk,CART_ABANDON,1
1415,0,0,594,3,22,5,378975,0,0,0,0,0,0.95,,식품,normal,,0
1416,1,0,597,9,14,29,1411400,0,1,3,0,0,0.37,4,생활용품,composite,,1
1417,1,0,718,6,6,13,270842,0,1,1,0,0,1.21,,가전/디지털,normal,,0
1418,0,0,354,3,4,15,1333815,0,1,0,0,0,1.28,,식품,normal,,1
1419,1,0,814,2,8,7,197722,0,0,1,0,0,1.17,4,반려동물,normal,,0
1420,0,0,372,24,27,24,665544,0,0,0,0,0,0.52,,완구/취미,border,,0
1421,1,0,626,7,13,26,602550,0,0,0,0,0,1.21,4,가구/인테리어,normal,,0
1422,0,0,526,2,27,26,1092000,1,0,0,0,0,0.2,3,출산/유아동,risk,SPENDING_DROP,1
1423,0,0,555,2,14,12,483408,1,1,0,0,0,1.15,5,문구/오피스,normal,,0
1424,0,0,896,12,29,20,1589000,0,0,0,0,0,0.82,5,패션,normal,,0
1425,0,0,622,13,7,5,388050,1,0,0,0,0,1.05,4,헬스/건강,normal,,0
1426,0,0,263,7,27,10,484780,1,0,1,0,0,1.37,,스포츠,normal,,0
1427,1,0,393,87,92,4,161364,0,0,0,0,0,1.23,,가구/인테리어,risk,LOGIN_INACTIVE,0
1428,0,0,810,6,27,7,439978,0,0,0,0,0,0.9,,식품,normal,,0
1429,0,0,207,3,30,21,878451,0,0,1,0,0,1.26,,자동차,normal,,0
1430,0,0,268,5,19,21,1267938,0,0,0,0,0,1.05,,문구/오피스,normal,,1
1431,1,0,963,7,9,27,1111752,0,0,1,0,0,1.12,5,문구/오피스,normal,,0
1432,0,1,946,4,20,12,1023468,0,0,0,0,0,1.04,,헬스/건강,normal,,0
1433,0,0,928,13,20,30,2325390,0,0,2,0,0,0.86,,스포츠,risk,COUPON_EXPIRING,0
1434,0,0,742,14,21,11,895488,0,3,0,0,0,0.89,3,생활용품,risk,WISHLIST_IDLE,0
1435,1,0,653,5,18,8,414832,2,0,0,0,0,1.38,,가전/디지털,risk,CART_ABANDON,0
1436,0,0,806,12,25,16,433840,0,0,1,0,0,0.92,,문구/오피스,normal,,0
1437,0,0,560,9,27,21,1701567,0,0,0,0,0,0.98,,가구/인테리어,normal,,0
1438,0,1,769,11,25,10,687840,0,0,0,0,0,1.1,2,반려동물,normal,,0
1439,0,0,877,13,26,5,126500,0,0,0,0,0,1.35,,헬스/건강,normal,,0
1440,0,0,143,13,20,24,1488936,0,0,1,0,0,0.86,,식품,normal,,1
1441,1,0,952,11,20,10,322640,0,0,0,0,0,1.26,4,식품,normal,,0
1442,0,0,660,28,23,27,625023,0,0,0,0,0,0.51,,뷰티,border,,0
1443,1,0,261,14,2,30,2234130,1,0,0,0,0,1.07,,가전/디지털,normal,,0
1444,0,0,46,22,34,1,21696,0,0,1,0,0,0.1,,자동차,composite,,1
1445,1,0,167,2,7,16,407760,0,0,0,0,0,1.22,4,가전/디지털,normal,,0
1446,0,0,820,14,18,25,1934025,1,0,0,0,0,1.22,,생활용품,normal,,1
1447,0,0,360,9,8,5,382750,0,0,0,0,0,0.87,,뷰티,normal,,0
1448,0,0,957,10,27,24,1428312,0,0,0,0,0,0.93,5,문구/오피스,normal,,0
1449,0,0,152,4,2,7,502215,0,0,0,0,0,0.76,,반려동물,normal,,0
1450,0,0,394,2,6,25,1439500,0,0,1,0,0,0.88,5,헬스/건강,normal,,0
1451,0,0,418,11,14,15,429795,0,0,0,0,0,1.35,,생활용품,normal,,0
1452,0,0,742,9,21,26,1696526,0,1,0,0,0,0.76,,스포츠,risk,WISHLIST_IDLE,0
1453,0,0,524,1,6,11,617155,0,1,0,0,0,1.1,5,문구/오피스,normal,,0
1454,0,0,374,12,6,16,764608,0,0,0,0,0,1.23,,가구/인테리어,normal,,0
1455,0,0,86,2,17,8,216424,0,0,0,0,0,0.9,,생활용품,normal,,0
1456,0,0,344,0,7,19,533197,0,0,0,0,0,1.03,,생활용품,normal,,0
1457,0,0,82,6,9,22,814814,0,0,0,0,0,1.34,,문구/오피스,normal,,0
1458,1,0,387,4,29,14,571018,0,0,0,0,0,0.89,5,자동차,normal,,0
1459,0,0,947,4,3,26,1370928,0,0,0,0,0,1.34,,식품,normal,,0
1460,1,0,637,14,26,19,1504325,0,1,0,0,0,0.79,4,가전/디지털,normal,,0
1461,1,0,664,10,26,18,1181106,0,0,0,0,0,0.91,,생활용품,normal,,0
1462,0,0,921,1,6,19,1005328,0,0,1,0,0,0.79,3,출산/유아동,risk,COUPON_EXPIRING,0
1463,0,0,46,43,34,1,40127,0,1,0,0,0,1.02,,자동차,risk,FIRST_ORDER_ONLY,1
1464,1,0,841,1,17,12,494604,0,0,0,2,2,0.81,2,반려동물,risk,BAD_EXPERIENCE,0
1465,0,0,518,1,6,15,359925,1,0,0,1,0,0.79,2,패션,risk,BAD_EXPERIENCE,0
1466,0,0,103,6,16,20,666500,0,0,0,0,0,0.8,,가구/인테리어,normal,,0
1467,0,0,892,13,11,5,336660,1,1,0,0,0,0.88,5,문구/오피스,normal,,0
1468,1,0,239,1,24,17,732192,0,0,0,0,0,0.26,,스포츠,risk,SPENDING_DROP,0
1469,0,0,496,11,15,18,958680,0,0,0,0,0,0.97,,완구/취미,normal,,0
1470,1,0,882,13,26,25,1156550,0,0,1,0,0,1.36,4,헬스/건강,normal,,0
1471,1,0,918,6,30,12,859116,0,0,0,0,0,0.79,4,식품,normal,,0
1472,0,0,910,2,24,11,904849,0,0,0,0,0,1.02,,패션,normal,,0
1473,0,0,378,5,22,7,162876,0,0,0,0,0,1.13,,가전/디지털,normal,,0
1474,0,0,538,1,10,25,622375,0,5,0,0,0,1.1,,뷰티,risk,WISHLIST_IDLE,1
1475,1,0,900,11,20,6,331986,0,0,0,0,0,1.21,,스포츠,normal,,0
1476,0,0,863,2,3,14,748874,0,0,1,0,0,0.94,,완구/취미,normal,,0
1477,0,0,55,44,37,1,18535,0,0,0,0,0,0.9,4,문구/오피스,risk,FIRST_ORDER_ONLY,0
1478,0,0,761,26,21,18,1338102,0,0,0,0,0,0.52,,패션,border,,0
1479,0,0,353,58,63,19,1575100,0,0,1,0,0,1.25,,완구/취미,risk,LOGIN_INACTIVE,1
1480,0,1,814,11,18,10,578930,0,1,1,0,0,1.04,,식품,normal,,1
1481,0,0,128,11,28,4,218468,0,0,1,0,0,1.18,,출산/유아동,normal,,0
1482,0,0,279,57,58,4,350304,0,1,1,0,0,0.82,3,문구/오피스,risk,LOGIN_INACTIVE,1
1483,0,0,222,10,23,30,707850,0,0,0,0,0,1.3,,뷰티,normal,,0
1484,1,0,878,1,9,21,1436694,0,0,0,0,0,1.14,,반려동물,normal,,0
1485,0,0,658,7,30,28,1098020,1,0,0,0,0,0.76,,완구/취미,normal,,0
1486,1,0,610,8,22,30,1739400,1,0,1,0,0,1.3,,출산/유아동,normal,,0
1487,0,0,468,14,10,21,1257060,0,0,0,0,0,1.37,,뷰티,normal,,0
1488,0,0,594,8,25,15,758355,0,0,0,0,0,1.03,5,문구/오피스,normal,,0
1489,0,0,612,2,3,4,93468,1,0,0,0,0,1.06,4,문구/오피스,risk,CART_ABANDON,0
1490,0,0,253,6,20,30,934710,0,0,0,0,0,1.18,4,자동차,normal,,0
1491,0,0,583,7,17,9,498987,2,0,0,0,0,1.34,4,스포츠,risk,CART_ABANDON,0
1492,0,0,830,6,20,27,2228553,0,0,0,0,0,0.98,,완구/취미,normal,,0
1493,0,0,180,4,30,26,821366,0,0,0,0,0,0.78,,가구/인테리어,normal,,0
1494,0,0,717,3,7,21,1761858,0,1,0,0,0,1.11,4,패션,normal,,0
1495,0,0,800,2,13,14,476350,4,0,0,0,0,1.27,,출산/유아동,risk,CART_ABANDON,0
1496,0,0,715,90,109,13,978432,0,4,0,0,0,1.0,,패션,composite,,1
1497,0,0,332,7,18,4,243784,0,0,0,0,0,0.97,3,헬스/건강,normal,,0
1498,0,0,57,29,49,1,75867,0,0,0,0,0,0.83,,완구/취미,risk,FIRST_ORDER_ONLY,0
1499,0,0,469,56,71,21,1801233,0,0,0,0,0,1.39,4,가전/디지털,risk,LOGIN_INACTIVE,0
1500,0,1,830,5,16,30,231456,2,0,0,0,0,0.28,3,가전/디지털,composite,,0
1501,0,0,833,9,22,25,1034900,1,1,0,0,0,0.82,4,가전/디지털,normal,,0
1502,0,0,546,11,15,10,200550,0,1,3,0,0,0.92,,반려동물,risk,COUPON_EXPIRING,1
1503,0,0,156,6,12,20,457480,1,0,1,0,0,1.24,,가구/인테리어,normal,,0
1504,0,1,43,41,31,1,45861,0,0,1,0,0,1.2,,패션,risk,FIRST_ORDER_ONLY,1
1505,0,0,541,89,112,23,500820,1,1,0,2,2,0.07,2,완구/취미,composite,,1
1506,0,1,947,6,16,4,156260,0,0,0,0,0,1.09,,완구/취미,normal,,1
1507,0,0,866,3,28,7,439516,0,1,0,0,0,1.37,5,패션,normal,,0
1508,1,0,492,9,23,24,1105293,0,0,1,1,2,0.18,,가구/인테리어,composite,,1
1509,0,0,381,12,23,12,317532,0,0,0,0,0,1.19,,패션,normal,,0
1510,0,0,925,33,44,5,413100,1,0,1,0,0,1.33,,식품,risk,LOGIN_INACTIVE,1
1511,0,0,132,7,4,7,527625,0,0,1,0,0,1.1,4,문구/오피스,normal,,0
1512,0,0,628,12,14,28,1320200,0,0,1,0,0,1.17,3,패션,normal,,0
1513,0,0,587,9,10,7,440622,0,5,0,0,0,0.78,,헬스/건강,risk,WISHLIST_IDLE,0
1514,0,1,726,15,11,24,907440,0,1,0,0,0,0.78,,반려동물,risk,MEMBERSHIP_CANCEL,0
1515,1,0,758,13,10,16,1232064,0,0,0,0,0,1.03,4,헬스/건강,normal,,0
1516,0,0,74,28,20,9,546561,0,1,0,0,0,0.59,4,가구/인테리어,border,,1
1517,0,0,375,46,73,29,1418999,0,0,0,0,0,1.03,,생활용품,risk,LOGIN_INACTIVE,0
1518,1,0,438,4,27,29,2117290,1,0,1,0,0,0.87,3,반려동물,normal,,1
1519,0,0,404,11,11,17,460751,0,0,1,0,0,0.98,,헬스/건강,risk,COUPON_EXPIRING,0
1520,0,0,771,14,23,4,303080,0,0,2,0,0,0.94,,생활용품,risk,COUPON_EXPIRING,0
1521,0,0,962,7,24,8,1396057,0,0,0,0,0,0.06,,패션,risk,SPENDING_DROP,0
1522,0,0,347,11,5,9,288873,0,1,3,0,0,1.37,,반려동물,risk,COUPON_EXPIRING,1
1523,0,0,589,10,14,29,807940,0,1,0,0,0,0.82,3,자동차,normal,,0
1524,0,0,588,6,17,22,1866018,1,0,1,0,0,0.86,5,뷰티,normal,,0
1525,0,1,963,11,16,23,501055,1,0,0,0,0,1.22,,출산/유아동,risk,MEMBERSHIP_CANCEL,0
1526,1,0,713,12,15,9,269811,0,0,0,0,0,0.88,5,완구/취미,normal,,0
1527,0,0,294,11,26,12,992964,0,0,0,0,0,1.22,,반려동물,normal,,0
1528,0,0,605,0,16,28,1845788,1,0,0,0,0,0.92,4,식품,normal,,0
1529,0,0,239,4,6,20,723500,0,0,0,0,0,0.96,,패션,normal,,1
1530,0,0,430,12,26,12,662076,0,0,0,0,0,0.95,,뷰티,normal,,0
1531,0,0,352,10,16,15,965595,0,1,1,0,0,0.8,4,패션,normal,,0
1532,0,0,258,2,24,8,629184,0,0,0,1,2,1.23,,뷰티,risk,BAD_EXPERIENCE,0
1533,1,0,811,13,4,23,1818840,0,0,0,0,0,0.91,,자동차,normal,,0
1534,1,0,720,10,23,13,543452,0,0,1,0,0,1.11,,스포츠,normal,,0
1535,1,0,761,2,28,16,472608,1,0,0,0,0,1.1,,반려동물,normal,,0
1536,0,0,927,1,21,18,2051112,1,1,0,0,0,0.13,,반려동물,risk,SPENDING_DROP,1
1537,0,0,871,3,12,23,1976482,0,0,1,0,0,0.97,4,뷰티,normal,,0
1538,0,0,962,4,2,11,271557,1,1,0,0,0,1.23,,반려동물,normal,,1
1539,0,0,130,11,29,20,1438960,0,0,0,0,0,0.79,5,자동차,normal,,0
1540,0,0,413,2,10,17,906185,0,0,0,0,0,0.92,,자동차,normal,,0
1541,0,1,905,8,8,5,336995,0,0,0,0,0,1.04,,패션,normal,,0
1542,1,0,625,1,2,29,1798232,0,0,0,0,0,1.05,4,문구/오피스,normal,,0
1543,1,0,584,9,10,20,1411860,2,0,0,0,0,1.13,,완구/취미,risk,CART_ABANDON,0
1544,0,0,373,5,17,5,187060,0,0,1,0,0,1.19,,완구/취미,normal,,0
1545,1,0,445,3,3,12,380832,1,1,0,0,0,1.38,4,패션,normal,,0
1546,0,0,318,22,28,26,970502,1,1,0,0,0,0.54,,가구/인테리어,border,,0
1547,0,0,871,1,6,22,765050,1,0,0,0,0,1.0,,헬스/건강,normal,,0
1548,0,0,220,14,20,30,1426080,1,0,0,0,0,0.78,,가전/디지털,normal,,0
1549,0,0,59,15,59,1,33033,0,0,0,0,0,0.87,,가전/디지털,risk,FIRST_ORDER_ONLY,0
1550,0,0,768,71,90,6,482784,0,0,1,0,0,1.08,,반려동물,risk,LOGIN_INACTIVE,0
1551,0,0,948,8,27,25,2075625,0,0,0,0,0,1.28,,뷰티,normal,,0
1552,0,0,71,30,51,1,51854,0,1,0,0,0,1.11,,가구/인테리어,risk,FIRST_ORDER_ONLY,1
1553,0,0,663,3,26,6,157248,2,0,0,0,0,1.25,4,가전/디지털,risk,CART_ABANDON,0
1554,1,0,376,6,29,6,860580,0,0,0,0,0,0.36,,헬스/건강,risk,SPENDING_DROP,0
1555,0,0,915,12,14,18,790272,0,1,0,0,0,0.96,4,완구/취미,normal,,1
1556,0,0,662,5,16,27,803763,4,1,1,0,0,1.03,,가구/인테리어,composite,,0
1557,0,0,948,1,24,13,413855,0,1,1,0,0,1.39,,출산/유아동,normal,,0
1558,0,0,887,7,19,4,249832,0,0,1,0,0,1.13,5,완구/취미,normal,,0
1559,0,0,693,7,3,28,2478644,0,0,0,0,0,0.88,5,자동차,normal,,0
1560,0,0,621,3,11,17,653786,0,0,0,0,0,1.01,4,식품,normal,,0
1561,0,0,681,7,27,16,352336,0,0,0,0,0,1.09,,가전/디지털,normal,,0
1562,1,0,639,1,17,24,2144520,1,0,0,0,0,1.15,5,문구/오피스,normal,,0
1563,1,0,91,5,27,15,1142955,0,0,0,0,0,1.05,,스포츠,normal,,0
1564,1,0,83,11,21,16,816480,0,1,0,0,0,1.32,,문구/오피스,normal,,0
1565,0,0,427,7,29,28,2475648,0,1,0,0,0,0.76,,반려동물,normal,,0
1566,0,0,626,13,2,6,409830,1,1,0,0,0,0.98,,가구/인테리어,normal,,0
1567,0,1,381,12,16,20,1675740,0,0,0,0,0,0.84,4,패션,risk,MEMBERSHIP_CANCEL,0
1568,0,0,676,2,27,16,476496,0,0,1,0,0,1.11,5,패션,normal,,0
1569,0,0,154,9,24,12,873564,1,0,0,0,0,0.84,,식품,normal,,0
1570,0,0,402,8,20,19,565402,0,1,1,0,0,1.34,,반려동물,normal,,0
1571,1,0,798,25,27,12,659004,1,0,0,0,0,0.63,5,생활용품,border,,0
1572,0,0,386,1,26,5,431475,1,1,1,2,1,1.3,,패션,composite,,0
1573,0,0,781,14,12,11,811140,0,0,0,0,0,1.29,3,출산/유아동,normal,,0
1574,1,0,927,13,17,12,519372,0,1,0,0,0,1.33,,가전/디지털,normal,,0
1575,0,0,346,0,3,29,918140,0,0,1,0,0,1.09,,가구/인테리어,normal,,0
1576,0,1,765,20,24,9,713934,0,0,0,0,0,1.0,3,생활용품,risk,MEMBERSHIP_CANCEL,0
1577,1,0,850,5,2,29,2410103,0,0,1,0,0,1.17,5,생활용품,normal,,0
1578,1,0,120,1,5,28,1924496,1,0,1,0,0,1.33,,헬스/건강,normal,,0
1579,1,0,895,10,4,7,428995,0,0,1,0,0,1.23,,헬스/건강,normal,,0
1580,1,0,896,21,26,11,855228,0,0,0,0,0,0.59,4,완구/취미,border,,0
1581,0,0,75,0,17,25,1340250,1,1,0,0,0,1.32,,식품,normal,,0
1582,0,0,864,6,19,22,1383580,4,0,0,0,0,1.27,,스포츠,risk,CART_ABANDON,1
1583,0,0,628,9,8,29,1628396,0,0,0,0,0,0.1,4,생활용품,risk,SPENDING_DROP,0
1584,0,0,42,33,37,1,19269,1,1,0,0,0,0.95,,자동차,composite,,0
1585,0,0,853,8,23,15,1092870,0,0,0,0,0,0.94,,헬스/건강,normal,,0
1586,0,0,869,11,13,29,2244281,0,0,1,0,0,0.97,,식품,risk,COUPON_EXPIRING,0
1587,1,0,602,0,14,17,948311,1,0,0,0,0,1.04,5,완구/취미,normal,,0
1588,1,0,621,42,52,22,1164834,1,1,0,0,0,1.11,,헬스/건강,risk,LOGIN_INACTIVE,1
1589,1,0,293,6,27,29,1712392,0,0,0,0,0,0.97,3,패션,normal,,0
1590,0,0,895,56,61,18,478242,0,0,0,0,0,0.8,,식품,risk,LOGIN_INACTIVE,0
1591,0,1,638,6,25,10,212750,0,0,0,0,0,1.25,3,가구/인테리어,risk,MEMBERSHIP_CANCEL,0
1592,0,0,565,10,24,5,302815,0,0,0,0,0,1.33,,완구/취미,normal,,1
1593,0,0,145,1,16,7,605640,1,0,1,0,0,0.76,4,출산/유아동,normal,,1
1594,0,0,884,4,24,14,1096914,0,0,0,0,0,0.86,,생활용품,normal,,0
1595,1,0,475,11,21,4,274484,1,0,1,0,0,0.92,,자동차,normal,,1
1596,0,0,758,2,2,6,185028,0,0,1,0,0,1.26,,완구/취미,normal,,1
1597,1,0,425,13,3,22,470492,0,0,1,0,0,1.35,,자동차,normal,,0
1598,0,0,387,1,12,6,288762,1,1,1,0,0,0.98,,자동차,normal,,0
1599,1,0,730,10,23,29,1566870,0,1,0,0,0,1.03,5,생활용품,normal,,0
1600,1,0,914,90,101,5,390285,0,1,0,0,0,1.11,,가전/디지털,risk,LOGIN_INACTIVE,0
1601,0,0,820,9,23,26,1767792,0,1,0,0,0,1.29,3,반려동물,normal,,1
1602,0,1,69,21,11,5,241705,1,0,0,0,0,1.2,,스포츠,risk,MEMBERSHIP_CANCEL,1
1603,0,0,63,4,13,7,255654,1,1,0,0,0,1.08,,가전/디지털,normal,,0
1604,0,0,838,4,4,26,765388,0,0,1,0,0,1.37,,생활용품,normal,,0
1605,0,0,56,36,52,1,58994,1,0,0,0,0,0.91,,문구/오피스,risk,FIRST_ORDER_ONLY,1
1606,0,0,430,6,4,5,121795,0,1,0,0,0,1.13,,가전/디지털,normal,,1
1607,1,0,79,6,20,24,1827840,1,1,0,0,0,0.8,2,문구/오피스,normal,,0
1608,0,0,794,7,17,16,871056,0,0,0,0,0,1.06,,가전/디지털,normal,,0
1609,0,0,58,29,58,1,59147,0,0,0,0,0,1.13,,식품,risk,FIRST_ORDER_ONLY,0
1610,0,0,462,7,16,4,277644,0,1,0,0,0,0.76,4,뷰티,normal,,1
1611,0,0,708,5,28,9,193032,0,0,0,0,0,0.92,4,문구/오피스,normal,,0
1612,0,0,248,4,5,16,1283376,0,0,0,0,0,0.87,4,출산/유아동,normal,,0
1613,0,0,779,12,6,22,1071026,0,0,1,0,0,0.8,,뷰티,normal,,0
1614,0,0,866,0,20,27,680967,0,1,1,0,0,0.78,,식품,normal,,0
1615,0,0,65,21,26,11,816904,0,0,0,0,0,0.56,4,문구/오피스,border,,0
1616,0,0,873,2,21,11,229361,0,0,1,0,0,1.35,,패션,normal,,0
1617,0,0,70,30,57,1,40270,0,1,3,0,0,0.86,,스포츠,composite,,1
1618,0,0,963,2,27,29,612190,1,0,0,0,0,1.09,3,가전/디지털,normal,,0
1619,0,0,321,7,16,6,139392,0,0,1,0,0,0.82,,반려동물,normal,,0
1620,0,0,412,1,7,29,1437704,2,0,0,0,0,1.03,4,뷰티,risk,CART_ABANDON,0
1621,0,0,874,9,25,24,1017648,0,1,0,0,0,0.83,,자동차,normal,,1
1622,0,0,991,7,25,22,452320,0,0,0,0,0,1.25,,자동차,normal,,0
1623,0,0,507,3,19,20,1373660,0,0,0,0,0,1.32,,생활용품,normal,,0
1624,1,0,827,7,24,22,1796564,0,0,3,0,0,1.09,4,스포츠,risk,COUPON_EXPIRING,0
1625,0,0,828,12,12,5,254880,0,0,0,0,0,1.31,4,자동차,normal,,0
1626,0,0,620,6,21,6,241560,0,0,1,0,0,1.27,,완구/취미,normal,,0
1627,1,0,67,39,59,1,33282,3,1,0,0,0,1.22,4,자동차,composite,,0
1628,0,0,294,2,23,29,1211400,0,0,0,0,0,0.31,,식품,risk,SPENDING_DROP,0
1629,0,0,827,13,18,8,275032,0,1,1,0,0,1.13,4,가전/디지털,normal,,0
1630,0,0,260,45,72,26,951184,0,2,0,0,0,1.16,4,스포츠,composite,,0
1631,0,0,193,54,76,8,682216,0,1,0,0,0,0.82,,헬스/건강,risk,LOGIN_INACTIVE,1
1632,1,0,67,53,65,1,55145,4,0,1,0,0,1.01,,패션,composite,,1
1633,0,0,158,69,71,22,1086624,0,0,0,0,0,0.86,,패션,risk,LOGIN_INACTIVE,1
1634,0,0,759,14,28,17,504934,0,0,0,0,0,1.31,5,생활용품,normal,,1
1635,1,0,656,2,18,9,437355,4,0,1,0,2,1.3,,생활용품,composite,,0
1636,1,0,949,3,5,29,2175667,0,3,0,0,0,1.11,,생활용품,risk,WISHLIST_IDLE,0
1637,0,0,487,26,22,30,2410770,1,1,0,0,0,0.51,,식품,border,,1
1638,0,0,883,6,13,20,1348080,0,0,0,0,0,1.26,4,문구/오피스,normal,,0
1639,0,0,731,0,16,13,995215,0,0,0,0,0,1.25,,생활용품,normal,,0
1640,0,0,37,33,33,1,25397,0,0,0,0,0,0.2,,생활용품,composite,,0
1641,1,0,281,12,15,12,456180,1,0,1,0,0,1.11,5,헬스/건강,normal,,0
1642,0,0,332,28,27,14,466088,0,1,0,0,0,0.64,,출산/유아동,border,,1
1643,0,1,763,5,5,23,1688660,0,0,0,0,0,1.28,,생활용품,risk,MEMBERSHIP_CANCEL,1
1644,0,0,675,9,23,25,1746050,0,0,0,0,0,0.91,,스포츠,normal,,0
1645,0,0,797,23,24,8,355720,1,0,0,0,0,0.64,,패션,border,,0
1646,1,0,95,12,24,30,1547190,0,0,0,0,0,1.18,5,뷰티,normal,,0
1647,0,0,475,0,13,19,1045114,0,0,0,0,0,1.35,3,문구/오피스,normal,,1
1648,0,0,751,4,17,22,1393942,0,0,0,0,0,1.22,,완구/취미,normal,,0
1649,0,0,799,12,30,12,767700,1,0,0,0,0,0.99,,자동차,normal,,1
1650,0,0,43,26,33,1,26577,1,0,2,0,0,1.38,4,반려동물,composite,,0
1651,0,0,438,0,19,13,273494,0,1,2,0,0,1.35,,헬스/건강,risk,COUPON_EXPIRING,1
1652,0,0,149,13,12,20,885920,0,0,0,0,0,1.36,,문구/오피스,normal,,1
1653,0,0,450,6,11,22,1728034,0,1,0,0,0,1.04,,반려동물,normal,,0
1654,0,1,199,3,13,14,426636,0,0,1,0,0,0.45,3,완구/취미,risk,SPENDING_DROP,1
1655,0,0,617,9,8,15,1259544,0,0,0,0,0,0.36,5,식품,risk,SPENDING_DROP,0
1656,0,0,795,12,3,10,793500,0,0,3,0,0,0.9,,뷰티,risk,COUPON_EXPIRING,0
1657,0,0,90,1,22,4,143952,1,0,0,0,0,0.86,,패션,risk,CART_ABANDON,1
1658,0,0,807,8,16,15,481620,1,0,0,0,0,0.89,4,패션,normal,,0
1659,0,0,733,4,25,30,1292910,0,1,0,0,0,0.92,,가전/디지털,normal,,0
1660,0,0,726,14,23,25,2132025,0,0,0,0,0,0.86,,출산/유아동,normal,,0
1661,0,0,895,10,2,24,2144184,0,0,0,0,0,0.85,5,패션,normal,,0
1662,1,0,533,38,46,18,1374426,0,0,0,0,0,1.05,,출산/유아동,risk,LOGIN_INACTIVE,0
1663,0,0,721,13,3,5,334035,0,1,1,0,0,0.79,,스포츠,normal,,1
1664,0,0,393,77,81,15,389700,0,1,0,0,0,1.19,5,스포츠,risk,LOGIN_INACTIVE,0
1665,0,0,376,2,12,6,484206,0,1,0,0,0,0.77,5,식품,normal,,0
1666,1,0,292,21,27,13,470288,0,0,0,0,0,0.65,,자동차,border,,0
1667,0,0,263,1,8,5,347780,0,0,0,0,0,1.25,,생활용품,normal,,0
1668,0,0,988,11,2,9,399987,0,0,0,0,0,0.91,4,패션,normal,,0
1669,1,0,796,22,22,8,529352,0,1,0,0,0,0.52,,헬스/건강,border,,0
1670,0,0,849,13,16,26,1293032,0,0,0,0,0,1.15,4,반려동물,normal,,0
1671,0,0,354,5,29,4,328344,0,1,0,0,0,0.89,,패션,normal,,1
1672,0,0,290,36,65,15,1132095,0,0,1,0,0,1.06,3,패션,risk,LOGIN_INACTIVE,0
1673,0,0,624,7,3,5,435180,0,0,0,0,0,0.83,,자동차,normal,,0
1674,1,0,886,2,28,20,924020,0,0,0,0,0,0.85,4,헬스/건강,normal,,0
1675,1,0,422,10,29,7,343924,1,0,0,0,0,1.38,,가구/인테리어,normal,,0
1676,1,0,151,13,17,26,2001532,1,0,0,0,0,0.92,4,생활용품,normal,,0
1677,0,1,549,9,12,16,1248224,0,0,0,0,0,1.38,,출산/유아동,risk,MEMBERSHIP_CANCEL,1
1678,0,0,216,2,7,26,2252406,0,0,0,0,0,0.91,2,가구/인테리어,normal,,0
1679,1,0,414,8,23,8,321776,0,0,0,0,0,1.31,5,자동차,normal,,0
1680,0,0,54,18,42,1,37664,0,1,0,0,0,1.4,,완구/취미,risk,FIRST_ORDER_ONLY,0
1681,0,0,913,14,22,11,910305,1,0,1,0,0,0.82,4,헬스/건강,normal,,0
1682,0,1,338,8,23,5,422290,2,1,0,0,0,1.18,,반려동물,risk,CART_ABANDON,1
1683,1,0,850,1,22,13,811993,0,1,0,0,0,1.25,,출산/유아동,normal,,0
1684,0,0,470,10,3,9,780102,0,0,0,0,0,1.29,,자동차,normal,,1
1685,1,0,732,5,14,8,537529,0,0,0,0,0,0.15,3,자동차,risk,SPENDING_DROP,0
1686,0,0,238,14,22,29,835780,0,0,0,0,0,0.8,,반려동물,normal,,0
1687,0,0,844,14,23,22,1426810,0,0,0,0,0,1.19,3,식품,normal,,1
1688,0,0,798,6,20,22,1049928,0,0,0,0,0,1.27,,식품,normal,,0
1689,0,0,548,12,2,5,189840,0,0,1,0,0,1.18,,패션,normal,,0
1690,0,0,697,13,22,6,510168,0,0,0,0,0,0.95,,가구/인테리어,normal,,0
1691,0,0,645,3,26,10,763600,1,0,0,0,0,1.12,5,자동차,normal,,0
1692,0,0,475,45,47,18,1594422,0,0,0,0,0,1.33,,출산/유아동,risk,LOGIN_INACTIVE,1
1693,1,0,676,9,7,29,1081178,3,0,0,0,0,1.05,,헬스/건강,risk,CART_ABANDON,0
1694,1,0,607,9,17,20,1501920,0,1,1,2,2,1.36,,생활용품,risk,BAD_EXPERIENCE,0
1695,0,0,769,8,8,26,912886,1,0,0,0,0,0.95,,스포츠,risk,CART_ABANDON,0
1696,0,0,802,12,20,25,1597300,0,0,0,0,0,0.83,5,반려동물,normal,,0
1697,1,0,420,13,2,7,394542,0,1,1,0,0,0.05,4,가전/디지털,composite,,1
1698,1,0,634,7,14,17,1022210,0,0,0,0,0,1.01,,뷰티,normal,,0
1699,1,0,518,9,16,22,1332496,1,0,1,0,0,1.0,3,생활용품,normal,,0
1700,1,0,496,11,3,15,805140,1,0,0,0,0,0.98,4,자동차,normal,,0
1701,0,0,285,7,8,26,648232,2,0,0,0,0,1.03,4,반려동물,risk,CART_ABANDON,1
1702,0,1,140,25,30,18,1204848,0,0,0,0,0,0.88,3,자동차,risk,MEMBERSHIP_CANCEL,1
1703,0,0,667,7,25,15,315630,0,0,0,0,0,0.85,,뷰티,normal,,0
1704,1,0,750,3,15,17,1007811,0,0,0,0,0,0.94,4,스포츠,normal,,0
1705,0,0,695,13,19,20,1279220,0,0,1,0,0,1.18,,완구/취미,risk,COUPON_EXPIRING,0
1706,1,0,398,12,10,13,757809,0,0,0,0,0,0.8,,생활용품,normal,,1
1707,1,0,686,1,14,13,676754,0,0,0,0,0,1.31,5,패션,normal,,0
1708,0,0,65,36,49,25,16257,0,0,0,0,0,0.22,,문구/오피스,composite,,0
1709,0,0,548,11,8,27,2426868,0,1,0,0,0,1.36,,자동차,normal,,0
1710,0,0,315,2,5,7,147315,1,0,0,0,0,0.79,4,가구/인테리어,normal,,0
1711,0,0,177,13,17,9,231138,0,0,1,0,0,0.98,4,출산/유아동,normal,,0
1712,0,0,705,11,27,13,963378,0,0,0,0,0,1.31,5,자동차,normal,,0
1713,0,0,98,35,39,8,204992,0,0,1,0,0,1.0,,가구/인테리어,risk,LOGIN_INACTIVE,1
1714,0,0,685,3,20,27,733239,0,0,0,0,0,0.98,,식품,normal,,0
1715,0,0,857,1,8,8,643880,0,0,0,0,0,1.21,3,자동차,normal,,0
1716,0,0,254,5,20,16,1027536,0,1,1,0,0,1.11,,자동차,normal,,0
1717,0,0,885,1,20,17,826642,1,0,0,0,0,0.94,,식품,normal,,0
1718,1,0,772,5,14,12,850092,0,0,1,0,0,1.11,2,반려동물,normal,,0
1719,0,0,966,3,11,5,220300,0,0,1,0,0,1.23,5,스포츠,normal,,0
1720,1,0,938,3,8,5,303175,0,0,0,0,0,1.18,,가전/디지털,normal,,0
1721,1,0,368,26,28,4,316328,0,0,0,0,0,0.62,,반려동물,border,,0
1722,0,0,625,12,30,5,305645,0,1,0,0,0,0.93,,자동차,normal,,0
1723,0,0,656,0,6,28,889084,0,1,0,0,0,0.94,,뷰티,normal,,0
1724,0,0,329,3,3,18,1072728,0,0,0,0,0,1.1,5,가구/인테리어,normal,,0
1725,1,0,914,2,3,29,1200977,3,0,1,0,0,1.02,,뷰티,risk,CART_ABANDON,0
1726,0,0,829,5,25,18,736254,0,0,1,0,0,1.16,,반려동물,normal,,0
1727,1,0,69,2,2,6,413831,0,0,0,0,0,0.05,4,가전/디지털,risk,SPENDING_DROP,0
1728,0,0,262,4,15,11,895400,0,0,0,0,0,1.34,4,생활용품,normal,,0
1729,0,0,527,25,25,29,620687,0,0,0,0,0,0.54,,패션,border,,0
1730,0,0,118,2,10,27,1850094,0,0,1,2,2,1.34,,출산/유아동,risk,BAD_EXPERIENCE,1
1731,0,0,848,4,28,21,1762215,0,0,0,0,0,1.35,,헬스/건강,normal,,0
1732,0,0,194,0,6,29,1705113,0,1,0,0,0,1.28,,헬스/건강,normal,,0
1733,0,0,999,12,2,29,925390,0,0,0,0,0,1.27,,출산/유아동,normal,,1
1734,0,0,113,14,13,13,359658,0,1,0,0,0,1.29,,뷰티,normal,,0
1735,0,0,63,21,44,1,44137,0,0,0,0,0,1.07,4,출산/유아동,risk,FIRST_ORDER_ONLY,1
1736,0,0,912,9,29,29,1275130,1,0,0,0,0,1.1,4,패션,normal,,0
1737,0,0,953,14,16,21,844116,0,0,0,0,0,1.08,,가구/인테리어,normal,,0
1738,0,0,244,2,12,6,151536,0,0,0,2,1,1.0,1,완구/취미,risk,BAD_EXPERIENCE,0
1739,0,1,320,5,18,26,1022424,1,0,0,0,0,1.04,,출산/유아동,risk,MEMBERSHIP_CANCEL,1
1740,0,1,250,4,6,29,901320,0,0,0,0,0,1.38,4,반려동물,risk,MEMBERSHIP_CANCEL,0
1741,0,0,773,5,24,11,819676,0,0,0,0,0,1.35,,패션,normal,,0
1742,0,0,525,13,3,6,501204,0,0,0,0,0,0.9,,패션,normal,,0
1743,0,0,420,7,20,8,424048,1,0,0,0,0,1.33,,패션,risk,CART_ABANDON,0
1744,0,0,236,2,6,7,591619,1,0,0,0,0,1.11,,반려동물,normal,,0
1745,0,0,227,0,13,9,521226,0,0,0,0,0,1.19,,가구/인테리어,normal,,0
1746,0,0,890,4,20,25,1753375,0,0,0,0,0,1.23,5,완구/취미,normal,,0
1747,0,0,612,13,8,26,1209598,1,0,0,0,0,1.34,4,출산/유아동,normal,,0
1748,0,0,372,8,28,4,351876,0,0,1,0,0,0.76,,자동차,normal,,1
1749,0,0,81,12,7,18,384354,1,0,0,0,0,1.08,,패션,normal,,1
1750,0,0,63,42,43,1,33810,0,0,0,0,0,1.16,,문구/오피스,risk,FIRST_ORDER_ONLY,0
1751,0,0,274,2,30,25,1537200,0,0,0,0,0,1.07,,식품,normal,,1
1752,1,0,873,2,7,14,938196,0,0,0,0,0,1.01,,출산/유아동,normal,,0
1753,0,0,145,2,27,21,788340,0,0,0,0,0,0.85,5,생활용품,normal,,0
1754,0,0,352,22,29,22,1370182,1,1,0,0,0,0.55,,헬스/건강,border,,1
1755,0,0,740,11,20,28,2036160,0,0,0,0,0,1.28,,식품,normal,,0
1756,0,0,478,2,28,24,1413192,0,1,0,0,0,1.0,2,자동차,normal,,0
1757,1,0,739,4,21,14,1223866,0,0,0,0,0,0.88,3,패션,normal,,0
1758,1,0,169,3,22,27,683127,0,0,1,0,0,0.9,4,가전/디지털,normal,,0
1759,0,0,125,13,22,9,278739,0,0,1,0,0,0.86,4,생활용품,normal,,0
1760,0,0,441,86,99,6,522150,0,1,0,0,0,1.1,,자동차,risk,LOGIN_INACTIVE,1
1761,0,0,487,50,74,21,1525020,0,1,0,1,1,0.82,,헬스/건강,composite,,0
1762,0,0,917,13,23,8,161000,0,0,0,0,0,1.08,5,반려동물,normal,,0
1763,1,0,512,55,75,19,1576468,0,0,0,0,0,1.23,,완구/취미,risk,LOGIN_INACTIVE,0
1764,1,0,348,13,14,16,971776,0,0,0,0,0,0.83,,생활용품,normal,,0
1765,0,0,734,2,5,13,500097,0,0,0,0,0,0.8,,뷰티,normal,,0
1766,0,0,56,46,40,1,24780,0,0,0,0,0,0.89,,가전/디지털,risk,FIRST_ORDER_ONLY,0
1767,0,0,851,13,24,22,762718,0,1,0,0,0,1.29,,생활용품,normal,,1
1768,0,0,662,9,21,17,958732,0,0,0,0,0,1.08,5,완구/취미,normal,,1
1769,0,0,173,11,19,10,226080,0,1,0,0,0,0.76,4,가전/디지털,normal,,0
1770,0,0,823,52,58,26,527254,0,0,0,0,0,0.85,4,패션,risk,LOGIN_INACTIVE,1
1771,0,0,465,8,29,21,685230,2,0,0,0,0,0.87,,가전/디지털,risk,CART_ABANDON,0
1772,1,0,623,11,2,11,732237,0,0,0,0,0,1.28,5,스포츠,normal,,0
1773,0,0,735,12,20,9,253665,0,0,0,0,0,0.86,5,헬스/건강,normal,,0
1774,0,1,834,19,9,18,895878,0,0,1,0,0,1.32,,헬스/건강,risk,MEMBERSHIP_CANCEL,0
1775,0,0,974,6,23,23,1074514,0,0,1,0,0,0.8,,식품,normal,,0
1776,0,0,710,1,30,14,1018570,0,0,0,0,0,1.11,,가전/디지털,normal,,0
1777,0,0,171,0,4,28,1256808,0,0,0,0,0,1.34,4,패션,normal,,0
1778,0,0,683,2,5,26,2251522,0,0,1,0,0,1.05,,자동차,normal,,0
1779,0,0,805,13,4,23,2052796,0,0,0,0,0,1.36,,스포츠,normal,,0
1780,0,0,475,14,17,4,338476,0,0,2,0,0,1.16,,반려동물,risk,COUPON_EXPIRING,0
1781,0,0,655,2,2,30,2655120,0,5,0,0,0,1.25,,헬스/건강,risk,WISHLIST_IDLE,1
1782,0,0,538,9,16,8,589648,0,1,0,0,0,0.98,5,반려동물,normal,,0
1783,0,0,489,10,29,22,1977624,2,0,0,0,0,1.18,,뷰티,risk,CART_ABANDON,0
1784,0,0,793,13,25,4,158996,0,0,0,0,0,1.28,4,생활용품,normal,,0
1785,0,0,453,12,7,21,1394106,0,0,0,2,2,0.88,,가구/인테리어,risk,BAD_EXPERIENCE,0
1786,0,0,639,14,7,22,1430286,0,0,0,0,0,1.16,,식품,normal,,1
1787,1,0,842,27,22,4,236164,1,0,0,0,0,0.61,,가구/인테리어,border,,0
1788,0,0,493,9,11,17,480216,0,0,0,0,0,0.76,,패션,normal,,0
1789,0,0,626,12,21,4,319748,0,0,0,0,0,0.98,,헬스/건강,normal,,0
1790,0,0,931,9,11,23,1682818,0,1,0,0,0,1.15,4,스포츠,normal,,0
1791,0,0,927,4,5,20,1477280,0,0,0,0,0,1.36,,식품,normal,,0
1792,1,0,271,6,25,14,1258446,0,0,0,0,0,1.1,,출산/유아동,normal,,1
1793,0,0,39,17,34,1,32400,0,0,0,0,0,0.76,,문구/오피스,risk,FIRST_ORDER_ONLY,0
1794,0,0,202,7,3,16,1151952,0,0,1,0,0,0.76,,완구/취미,normal,,0
1795,1,0,243,4,19,21,1115457,0,0,0,2,2,1.11,3,뷰티,risk,BAD_EXPERIENCE,0
1796,0,0,254,13,23,21,533253,0,5,1,0,0,1.11,4,반려동물,risk,WISHLIST_IDLE,1
1797,0,0,814,7,10,23,779493,0,0,1,0,0,0.76,3,스포츠,normal,,0
1798,0,0,867,5,2,18,471456,0,0,0,0,0,1.0,4,패션,normal,,0
1799,1,0,472,1,20,25,1666175,0,0,1,1,0,0.98,4,완구/취미,risk,BAD_EXPERIENCE,1
1800,1,0,62,43,44,1,48560,0,1,0,0,0,1.33,,헬스/건강,risk,FIRST_ORDER_ONLY,1
1801,0,0,574,12,17,5,112780,0,0,0,0,0,1.32,,완구/취미,normal,,0
1802,0,1,95,12,5,29,1355576,0,1,0,0,0,0.9,4,문구/오피스,risk,MEMBERSHIP_CANCEL,0
1803,0,1,318,2,21,13,333710,0,0,0,0,0,1.02,,패션,normal,,0
1804,0,0,898,14,13,16,665680,0,0,0,0,0,1.26,,출산/유아동,normal,,0
1805,0,0,391,14,13,7,540204,1,2,1,0,0,1.25,4,반려동물,risk,WISHLIST_IDLE,0
1806,0,0,187,20,24,9,571383,0,1,0,0,0,0.57,4,뷰티,border,,1
1807,1,0,982,6,11,19,1098637,0,0,0,0,0,1.14,,식품,normal,,0
1808,0,0,234,1,29,14,705278,0,0,0,0,0,0.8,,완구/취미,normal,,0
1809,1,0,354,5,25,8,524584,0,0,1,0,0,1.33,,헬스/건강,normal,,0
1810,0,0,63,11,9,5,358465,0,0,0,0,0,1.31,4,완구/취미,normal,,1
1811,0,0,857,7,9,26,1007942,0,0,0,0,0,1.25,,완구/취미,normal,,0
1812,0,0,717,8,25,21,1098153,0,0,0,0,0,0.96,,생활용품,normal,,0
1813,0,0,235,2,20,14,840168,0,1,0,0,0,1.31,,반려동물,normal,,0
1814,1,0,475,1,18,7,440657,0,0,0,0,0,0.79,,완구/취미,normal,,0
1815,0,0,601,48,63,5,130905,0,0,0,0,0,1.05,,자동차,risk,LOGIN_INACTIVE,0
1816,0,0,843,5,22,11,529727,0,0,0,0,0,1.09,,스포츠,normal,,0
1817,1,0,933,11,11,27,936819,0,1,0,0,0,1.13,4,헬스/건강,normal,,0
1818,0,0,885,7,16,26,1199640,2,1,0,0,0,0.77,3,생활용품,risk,CART_ABANDON,0
1819,1,0,607,0,9,20,911780,0,0,0,0,0,1.26,,완구/취미,normal,,0
1820,0,0,265,3,28,26,2296060,1,1,0,0,0,0.77,,식품,normal,,0
1821,0,0,46,15,37,1,72287,0,0,0,0,0,0.86,,완구/취미,risk,FIRST_ORDER_ONLY,0
1822,1,0,628,6,7,30,1842420,0,0,2,0,0,1.2,,헬스/건강,risk,COUPON_EXPIRING,0
1823,0,0,911,10,8,14,880838,0,0,1,0,0,1.08,,가구/인테리어,normal,,0
1824,0,0,584,9,29,7,238518,0,0,0,0,0,0.93,,생활용품,normal,,0
1825,0,0,568,1,25,16,1324928,0,0,0,0,0,1.28,5,문구/오피스,normal,,0
1826,1,0,126,55,75,22,1045264,0,0,0,0,0,0.92,5,헬스/건강,risk,LOGIN_INACTIVE,1
1827,0,0,500,4,30,29,1877895,0,0,0,0,0,0.77,,자동차,normal,,0
1828,0,0,174,0,19,5,323005,0,0,0,0,0,0.9,,패션,normal,,0
1829,1,0,785,24,22,25,811950,0,0,0,0,0,0.6,4,가전/디지털,border,,0
1830,1,0,343,11,18,16,1403600,0,0,1,0,0,1.19,3,출산/유아동,normal,,0
1831,0,0,528,9,13,27,2090178,0,4,0,0,0,1.25,,식품,risk,WISHLIST_IDLE,0
1832,0,0,710,11,20,14,919548,0,0,0,2,0,0.82,3,가구/인테리어,risk,BAD_EXPERIENCE,0
1833,0,0,206,1,16,9,725886,0,0,1,0,0,1.3,5,자동차,normal,,0
1834,0,0,135,13,6,30,1776630,0,0,0,0,0,1.31,,반려동물,normal,,0
1835,0,0,533,0,12,6,536112,0,1,1,0,0,1.28,,헬스/건강,normal,,0
1836,0,0,332,12,8,29,2197185,0,1,0,0,0,1.0,,출산/유아동,normal,,1
1837,0,0,167,8,7,25,970520,4,0,0,0,0,0.28,,생활용품,composite,,1
1838,0,0,341,14,12,6,128928,1,0,0,0,0,1.18,5,출산/유아동,normal,,0
1839,0,0,797,9,22,30,1256370,0,0,0,0,0,0.99,4,자동차,normal,,0
1840,0,0,633,13,15,8,603504,0,0,3,0,0,0.81,,스포츠,risk,COUPON_EXPIRING,0
1841,0,0,822,25,23,14,317912,0,0,0,0,0,0.52,4,반려동물,border,,1
1842,0,0,80,11,25,23,574880,0,0,0,0,0,0.43,4,가구/인테리어,risk,SPENDING_DROP,1
1843,0,0,933,9,17,8,482304,0,1,0,0,0,0.91,4,생활용품,normal,,1
1844,0,0,103,9,3,17,1523438,0,0,0,0,0,1.08,5,식품,normal,,0
1845,0,0,103,4,12,7,195958,1,0,0,0,0,0.88,,자동차,normal,,1
1846,0,0,987,5,24,6,537540,0,0,0,0,0,1.34,3,반려동물,normal,,0
1847,0,0,73,15,53,1,17910,0,0,0,0,0,0.98,,헬스/건강,risk,FIRST_ORDER_ONLY,0
1848,0,0,63,36,51,1,21265,0,0,0,0,0,1.18,,헬스/건강,risk,FIRST_ORDER_ONLY,1
1849,1,0,444,3,20,30,2516310,0,0,2,0,0,0.83,,생활용품,risk,COUPON_EXPIRING,0
1850,1,0,312,6,23,13,332566,0,1,1,0,0,1.06,5,가구/인테리어,normal,,0
1851,1,0,527,0,29,9,366858,0,0,0,0,0,1.0,,스포츠,normal,,0
1852,0,1,411,25,9,4,234656,0,0,1,0,0,0.92,,출산/유아동,risk,MEMBERSHIP_CANCEL,1
1853,1,0,482,23,25,25,843525,0,0,1,0,0,0.58,,생활용품,border,,1
1854,0,0,710,43,64,30,2210580,0,0,0,0,0,0.83,,반려동물,risk,LOGIN_INACTIVE,0
1855,1,0,619,0,6,21,1769859,1,0,0,0,0,1.02,,출산/유아동,normal,,0
1856,0,0,197,14,29,17,1474410,1,0,0,0,0,0.93,,뷰티,normal,,0
1857,0,0,601,12,20,7,350945,0,0,1,0,0,1.12,5,패션,normal,,0
1858,0,0,876,0,15,22,1868218,0,0,1,0,0,1.18,4,가구/인테리어,normal,,0
1859,0,0,701,11,2,23,983641,0,0,1,2,1,1.36,,문구/오피스,risk,BAD_EXPERIENCE,0
1860,0,0,336,13,12,28,1846712,0,0,1,0,0,1.25,,자동차,normal,,1
1861,0,0,826,14,16,21,793737,0,0,0,0,0,0.88,,헬스/건강,normal,,0
1862,0,0,495,12,19,24,856896,0,0,1,0,0,1.28,4,완구/취미,normal,,0
1863,0,0,798,12,28,28,688856,0,1,0,0,0,1.24,4,생활용품,normal,,0
1864,0,0,579,7,8,6,489534,0,0,1,0,0,0.89,,가구/인테리어,normal,,0
1865,1,0,279,6,11,11,904695,0,1,0,0,0,1.22,,식품,normal,,0
1866,0,0,72,9,5,23,1512434,0,1,1,0,0,1.38,,뷰티,normal,,0
1867,0,0,618,21,22,9,337176,0,0,1,0,0,0.63,,패션,border,,0
1868,0,0,975,1,21,11,270237,0,0,0,0,0,0.75,,문구/오피스,normal,,0
1869,0,0,346,1,2,28,767704,0,0,0,0,0,1.21,3,가전/디지털,normal,,0
1870,0,0,638,3,7,7,388388,0,0,1,0,0,1.17,,출산/유아동,normal,,0
1871,1,0,696,7,24,5,302875,0,0,3,0,0,1.24,,자동차,risk,COUPON_EXPIRING,1
1872,0,0,88,9,25,18,1479870,0,0,0,0,0,1.36,,완구/취미,normal,,0
1873,0,0,269,2,7,17,1171555,0,0,0,0,0,0.84,,출산/유아동,normal,,0
1874,0,0,74,4,28,13,624611,0,0,0,0,0,1.15,,출산/유아동,normal,,0
1875,0,0,62,40,48,1,29570,0,0,0,0,0,1.06,4,반려동물,risk,FIRST_ORDER_ONLY,0
1876,0,0,728,2,3,26,1036100,0,0,0,0,0,1.27,4,헬스/건강,normal,,0
1877,0,0,974,12,15,16,604240,0,0,0,1,0,1.1,,뷰티,risk,BAD_EXPERIENCE,0
1878,0,0,37,44,31,1,11615,0,0,0,0,0,0.97,4,스포츠,risk,FIRST_ORDER_ONLY,0
1879,0,0,532,1,8,23,564328,0,0,0,0,0,0.88,,문구/오피스,normal,,0
1880,0,0,449,9,3,30,2602710,0,1,0,0,0,0.84,,뷰티,risk,WISHLIST_IDLE,0
1881,0,0,883,13,10,4,245784,1,0,0,0,0,1.01,,생활용품,normal,,0
1882,0,0,567,1,20,7,293391,0,1,0,0,0,1.29,,완구/취미,normal,,0
1883,0,0,322,4,9,18,1320372,0,1,1,0,0,1.24,,가전/디지털,normal,,0
1884,0,0,937,2,30,13,484484,3,0,0,0,0,0.76,4,출산/유아동,risk,CART_ABANDON,1
1885,0,0,993,9,10,15,307840,0,0,1,0,0,0.28,5,스포츠,risk,SPENDING_DROP,0
1886,0,0,903,51,54,10,2219076,1,4,0,0,0,0.14,,식품,composite,,1
1887,0,0,140,5,16,17,1008695,3,0,1,0,0,0.84,,식품,risk,CART_ABANDON,0
1888,0,0,613,5,5,22,1542288,0,0,0,0,0,0.82,3,생활용품,normal,,0
1889,1,0,655,24,29,21,670236,0,0,1,0,0,0.62,,완구/취미,border,,0
1890,0,0,321,7,19,17,1293581,0,1,0,0,0,1.02,,출산/유아동,normal,,1
1891,1,0,534,7,3,10,212670,2,0,0,0,0,0.77,5,생활용품,risk,CART_ABANDON,0
1892,0,1,733,5,4,30,1030710,0,0,0,0,0,1.12,,반려동물,risk,MEMBERSHIP_CANCEL,0
1893,0,0,367,0,3,17,1239453,0,0,0,0,0,1.29,3,생활용품,normal,,0
1894,0,0,462,9,25,10,367580,0,0,1,0,0,0.93,,완구/취미,normal,,0
1895,0,0,582,6,10,12,946284,1,0,0,0,0,0.9,4,반려동물,normal,,0
1896,1,0,480,5,10,20,1531640,0,0,1,0,0,0.79,4,자동차,risk,COUPON_EXPIRING,0
1897,0,0,821,11,17,10,394490,1,0,0,0,0,1.32,,자동차,normal,,0
1898,0,0,47,48,31,1,10632,0,0,1,2,2,0.94,,생활용품,composite,,1
1899,0,0,184,4,5,6,439440,0,0,1,0,0,1.3,3,가구/인테리어,normal,,0
1900,0,0,641,12,25,16,639328,0,0,0,0,0,1.36,,가구/인테리어,normal,,0
1901,0,0,911,9,23,27,2422467,1,0,0,0,0,1.22,,문구/오피스,normal,,0
1902,1,0,457,0,19,5,320750,0,5,1,0,0,1.36,4,가전/디지털,risk,WISHLIST_IDLE,0
1903,0,0,68,30,54,9,22685,0,0,0,0,0,0.08,4,문구/오피스,composite,,1
1904,0,0,39,34,35,1,75699,0,0,0,0,0,0.92,,헬스/건강,risk,FIRST_ORDER_ONLY,1
1905,0,0,253,9,10,4,86308,4,5,3,0,0,0.93,,가전/디지털,composite,,1
1906,1,0,73,23,56,1,12101,1,0,0,1,2,0.78,,문구/오피스,composite,,1
1907,1,0,765,8,6,6,228348,0,0,0,0,0,1.25,,문구/오피스,normal,,0
1908,0,0,212,14,14,4,153784,0,0,1,0,0,1.07,,생활용품,normal,,0
1909,1,0,392,14,6,26,2113410,0,1,0,0,0,0.88,4,뷰티,normal,,0
1910,0,0,223,14,9,13,846898,1,0,0,0,0,0.85,,헬스/건강,normal,,0
1911,0,0,850,22,25,7,444619,0,0,0,0,0,0.55,,문구/오피스,border,,0
1912,0,0,353,10,29,4,288444,0,0,0,0,0,0.86,,패션,normal,,0
1913,0,0,330,6,15,5,115420,0,0,0,0,0,0.84,4,문구/오피스,normal,,0
1914,0,0,90,1,25,6,258234,0,1,0,0,0,1.39,,식품,normal,,0
1915,0,0,497,1,13,24,761760,0,0,0,0,0,1.1,,문구/오피스,normal,,0
1916,0,0,71,7,25,15,1144200,0,0,1,0,0,1.25,,완구/취미,normal,,0
1917,0,0,995,12,10,27,1644327,0,0,1,0,0,1.18,,완구/취미,normal,,0
1918,0,0,510,23,20,8,474408,0,1,0,0,0,0.55,,뷰티,border,,0
1919,0,0,821,12,22,27,1265328,1,0,1,0,0,0.92,,뷰티,normal,,0
1920,0,0,68,23,54,1,23311,1,0,0,0,0,0.96,4,뷰티,risk,FIRST_ORDER_ONLY,0
1921,0,0,247,6,16,25,512425,0,1,0,0,0,1.0,,스포츠,normal,,0
1922,0,0,775,12,14,15,600105,1,0,0,0,0,1.35,,가구/인테리어,normal,,0
1923,0,0,965,6,29,18,1402794,0,1,0,0,0,0.94,4,뷰티,normal,,0
1924,0,0,909,1,23,18,736632,0,0,0,0,0,0.77,4,문구/오피스,normal,,0
1925,0,0,885,8,11,7,599298,0,1,1,1,1,0.83,2,출산/유아동,risk,BAD_EXPERIENCE,0
1926,1,0,274,4,3,29,1747830,0,1,0,0,0,1.11,3,헬스/건강,normal,,0
1927,1,0,214,1,12,7,537117,0,0,0,0,0,0.86,,식품,normal,,0
1928,0,0,648,12,7,12,267036,1,0,0,0,0,0.93,,패션,normal,,0
1929,1,0,65,42,58,1,10330,0,0,0,1,0,1.11,,자동차,composite,,0
1930,0,0,290,5,23,13,749879,0,5,1,0,0,1.22,,식품,risk,WISHLIST_IDLE,0
1931,1,0,343,9,27,20,1500400,0,1,0,0,0,1.31,5,가구/인테리어,normal,,0
1932,0,0,415,3,5,4,132824,3,0,0,0,0,1.32,,완구/취미,risk,CART_ABANDON,0
1933,1,0,827,4,4,25,1111075,0,0,0,0,0,0.78,,헬스/건강,normal,,0
1934,1,0,821,8,15,23,472627,0,0,0,0,0,1.21,,생활용품,normal,,0
1935,1,0,953,8,14,24,646296,1,0,0,0,0,1.2,4,생활용품,normal,,0
1936,0,0,668,7,19,7,185409,0,1,0,0,0,0.76,,생활용품,normal,,0
1937,0,0,546,13,5,13,670137,0,0,0,0,0,1.13,4,뷰티,normal,,0
1938,0,0,840,10,19,18,1338966,0,0,1,0,0,1.24,4,식품,normal,,0
1939,0,0,838,5,23,8,213400,0,0,0,0,0,0.94,,패션,normal,,0
1940,0,0,537,27,25,24,1513848,1,1,0,0,0,0.53,,뷰티,border,,1
1941,0,0,229,11,5,20,459320,0,4,0,0,0,1.31,,출산/유아동,risk,WISHLIST_IDLE,1
1942,0,1,822,6,17,20,760700,0,0,0,0,0,0.9,,가전/디지털,risk,MEMBERSHIP_CANCEL,1
1943,1,0,60,39,52,1,36581,0,0,1,0,0,0.85,,문구/오피스,risk,FIRST_ORDER_ONLY,1
1944,0,0,562,12,5,19,872993,0,1,0,0,0,1.32,4,생활용품,normal,,0
1945,0,0,944,1,30,21,439194,0,0,0,0,0,1.22,,문구/오피스,normal,,0
1946,0,0,435,12,13,21,1701336,1,0,0,0,0,1.17,5,식품,normal,,0
1947,1,0,948,4,8,25,942200,0,0,0,0,1,1.38,2,완구/취미,risk,BAD_EXPERIENCE,0
1948,0,0,98,12,14,22,1542750,0,1,0,0,0,1.18,,스포츠,normal,,0
1949,0,0,458,12,16,4,266912,0,0,0,0,0,1.13,3,뷰티,normal,,0
1950,0,0,773,11,30,15,579255,0,0,0,0,0,1.01,3,반려동물,normal,,0
1951,1,0,903,2,14,13,383864,0,1,0,0,0,0.99,,출산/유아동,normal,,0
1952,1,0,724,8,26,30,1614600,1,0,1,0,0,1.21,4,가전/디지털,normal,,0
1953,0,0,175,9,19,26,1276990,0,0,1,0,0,1.08,4,반려동물,normal,,0
1954,0,0,84,0,11,11,374462,0,0,1,0,0,1.28,,완구/취미,normal,,0
1955,0,0,938,3,3,14,550396,0,1,0,0,0,1.22,,식품,normal,,0
1956,0,0,886,11,19,28,1984444,0,0,0,0,0,0.9,,가전/디지털,normal,,0
1957,0,0,943,5,9,23,1394099,0,0,0,0,0,1.28,5,패션,normal,,0
1958,0,0,342,14,17,28,2103640,0,1,0,0,0,1.28,4,가구/인테리어,normal,,0
1959,1,0,866,6,29,22,792594,0,0,1,0,0,1.23,,헬스/건강,risk,COUPON_EXPIRING,0
1960,0,0,619,9,4,8,630848,3,0,0,0,0,0.9,,완구/취미,risk,CART_ABANDON,0
1961,0,0,578,1,12,19,1282196,0,0,1,0,0,0.78,4,패션,normal,,0
1962,0,1,891,9,16,25,1026825,0,0,2,0,0,1.26,,가전/디지털,risk,COUPON_EXPIRING,0
1963,1,0,815,59,62,28,1588272,0,0,0,0,0,0.98,,뷰티,risk,LOGIN_INACTIVE,1
1964,0,0,531,3,3,4,342164,0,0,2,0,0,1.24,,스포츠,risk,COUPON_EXPIRING,0
1965,1,0,716,1,9,21,1744365,3,0,0,0,1,0.96,3,완구/취미,composite,,0
1966,1,0,368,8,29,18,1875240,0,4,0,0,0,0.32,,헬스/건강,composite,,0
1967,0,0,974,7,7,8,701264,0,1,0,0,0,1.03,,패션,normal,,0
1968,0,0,70,7,22,8,555568,0,0,1,2,0,1.31,,헬스/건강,risk,BAD_EXPERIENCE,0
1969,0,0,273,11,19,14,1015630,0,0,0,0,0,0.83,4,패션,normal,,0
1970,0,0,501,11,18,20,1645660,0,0,0,0,0,0.77,,자동차,normal,,0
1971,0,0,72,24,57,1,78790,0,2,0,0,0,0.05,5,가구/인테리어,composite,,1
1972,0,0,488,11,4,27,1383998,0,0,1,0,0,0.18,,식품,risk,SPENDING_DROP,0
1973,0,0,815,5,15,24,1896288,0,0,0,2,1,1.05,3,생활용품,risk,BAD_EXPERIENCE,0
1974,0,0,320,2,15,15,451335,0,1,0,0,0,1.26,,문구/오피스,normal,,0
1975,0,0,210,13,7,12,990024,0,0,1,0,0,1.05,,문구/오피스,normal,,0
1976,0,0,244,0,24,10,430770,0,0,0,0,0,0.82,,출산/유아동,normal,,0
1977,0,0,915,7,28,6,411756,0,0,0,0,0,1.38,5,생활용품,normal,,1
1978,0,0,493,2,3,7,410228,0,1,0,0,0,0.94,,가전/디지털,normal,,0
1979,0,0,625,6,20,30,1514970,0,0,0,0,0,1.03,,완구/취미,normal,,0
1980,0,0,68,3,20,22,956648,0,1,0,0,0,1.4,,자동차,normal,,0
1981,0,0,873,27,21,22,715814,1,1,0,0,0,0.51,,뷰티,border,,1
1982,0,0,85,13,4,21,1660218,0,1,1,0,0,0.89,,가구/인테리어,risk,COUPON_EXPIRING,0
1983,0,0,258,7,30,16,402496,1,0,1,0,0,0.94,,패션,normal,,0
1984,0,0,273,2,15,10,801400,0,1,0,0,0,0.9,,자동차,normal,,0
1985,0,0,943,12,16,7,286713,0,0,0,0,0,0.91,4,패션,normal,,0
1986,0,0,65,25,29,21,509481,0,0,0,0,0,0.61,,완구/취미,border,,0
1987,0,0,623,5,5,30,1461060,0,4,0,0,0,0.85,,스포츠,risk,WISHLIST_IDLE,0
1988,1,0,613,13,4,9,368820,1,0,0,0,0,0.98,4,자동차,normal,,0
1989,0,0,71,25,57,1,53401,0,1,0,0,0,1.04,,식품,risk,FIRST_ORDER_ONLY,1
1990,0,0,626,68,79,9,599832,1,0,0,0,0,1.24,,자동차,risk,LOGIN_INACTIVE,1
1991,0,0,523,11,2,4,345112,1,0,1,0,0,1.02,,헬스/건강,normal,,0
1992,0,0,432,12,15,19,434036,0,0,0,0,0,1.35,,헬스/건강,normal,,0
1993,0,0,922,13,7,22,573958,0,0,1,0,0,1.25,,생활용품,normal,,0
1994,0,0,963,13,9,11,315497,0,0,1,0,0,0.12,4,완구/취미,risk,SPENDING_DROP,1
1995,0,0,257,3,8,15,640740,0,0,0,0,0,0.78,4,헬스/건강,normal,,1
1996,0,0,443,14,22,29,1839615,0,1,0,0,0,1.33,,뷰티,normal,,0
1997,0,0,405,66,75,11,268136,0,0,0,0,0,1.11,3,완구/취미,risk,LOGIN_INACTIVE,0
1998,0,0,52,15,35,1,65935,0,0,3,0,0,0.94,,패션,composite,,0
1999,0,0,415,9,25,4,200840,0,1,1,0,0,1.24,4,뷰티,risk,COUPON_EXPIRING,0
2000,0,0,960,9,3,9,704151,0,0,0,0,0,1.34,,자동차,normal,,0
2001,1,0,675,9,6,23,630131,0,4,0,0,0,0.88,,가구/인테리어,risk,WISHLIST_IDLE,0
2002,0,0,376,9,13,18,1015542,0,1,0,0,0,1.14,,가전/디지털,normal,,1
2003,0,0,716,22,22,12,559524,1,0,1,0,0,0.56,4,식품,border,,1
2004,0,0,779,24,27,6,498756,0,0,0,0,0,0.55,3,자동차,border,,1
2005,0,0,933,8,22,25,1806250,0,0,1,0,0,1.21,5,출산/유아동,normal,,0
2006,0,0,495,1,16,23,1149034,0,0,0,0,0,1.23,,반려동물,normal,,0
2007,0,0,984,4,12,21,798273,0,0,0,0,0,0.79,4,반려동물,normal,,0
2008,0,0,295,13,12,26,1728506,0,0,0,0,0,0.09,5,완구/취미,risk,SPENDING_DROP,1
2009,0,0,366,3,23,7,185290,0,0,1,0,0,1.05,,출산/유아동,normal,,0
2010,0,0,327,7,21,8,293008,0,0,1,0,0,0.85,4,자동차,normal,,0
2011,0,0,573,8,9,6,320046,0,1,0,0,0,1.1,5,패션,risk,WISHLIST_IDLE,0
2012,0,0,244,11,2,22,1312300,0,0,0,0,0,1.07,5,뷰티,normal,,0
2013,0,0,909,9,8,16,758240,1,0,0,0,0,1.39,5,출산/유아동,normal,,0
2014,0,0,422,1,13,17,467364,0,0,0,1,1,0.94,,자동차,risk,BAD_EXPERIENCE,0
2015,0,0,964,8,12,5,429945,0,0,0,0,0,0.87,,완구/취미,normal,,0
2016,0,0,614,42,42,27,1674702,0,0,0,0,0,1.01,,스포츠,risk,LOGIN_INACTIVE,0
2017,0,0,580,23,25,27,2246670,0,0,0,0,0,0.61,,식품,border,,0
2018,0,0,864,37,54,6,252726,0,0,1,0,0,0.76,,식품,risk,LOGIN_INACTIVE,0
2019,1,0,421,3,27,9,658620,4,1,0,0,0,0.86,,생활용품,risk,CART_ABANDON,0
2020,1,0,838,4,30,22,959838,0,0,1,0,0,1.27,,출산/유아동,normal,,0
2021,0,0,340,1,11,11,472318,0,0,0,0,0,1.18,,가구/인테리어,normal,,0
2022,1,0,234,13,24,16,1249840,0,0,0,0,0,1.35,4,완구/취미,normal,,0
2023,0,0,907,13,3,14,942998,0,0,0,0,0,0.94,,식품,normal,,0
2024,1,0,79,79,85,5,149065,0,0,0,0,0,0.91,4,완구/취미,risk,LOGIN_INACTIVE,0
2025,0,0,694,2,6,21,861273,0,0,0,0,0,1.13,4,완구/취미,normal,,0
2026,0,0,932,0,24,16,418096,0,0,0,0,0,1.05,5,문구/오피스,normal,,0
2027,0,0,98,5,14,25,1420725,0,1,0,0,0,1.29,,헬스/건강,normal,,0
2028,1,0,545,0,29,5,185065,1,0,0,0,0,1.36,3,스포츠,risk,CART_ABANDON,0
2029,0,0,393,3,16,13,940192,0,0,0,0,0,0.11,4,반려동물,risk,SPENDING_DROP,0
2030,0,0,173,3,29,25,1149550,0,0,0,0,0,1.27,,헬스/건강,normal,,0
2031,0,0,349,4,4,12,924624,3,1,0,0,0,1.0,,가구/인테리어,risk,CART_ABANDON,0
2032,0,0,57,17,44,1,72470,0,0,1,0,0,1.09,,가전/디지털,risk,FIRST_ORDER_ONLY,0
2033,0,0,273,12,10,26,1516164,0,1,1,0,0,1.32,4,스포츠,normal,,0
2034,0,0,131,7,12,29,1873052,0,0,0,0,0,0.81,,가구/인테리어,normal,,0
2035,0,0,694,9,20,19,850136,0,0,0,0,0,0.86,4,가구/인테리어,normal,,0
2036,0,0,284,7,11,21,1153824,0,0,0,0,0,0.89,5,문구/오피스,normal,,0
2037,0,0,498,12,12,15,686070,0,0,0,0,0,1.12,,완구/취미,normal,,0
2038,0,0,229,5,29,4,233836,0,0,0,0,0,1.3,4,스포츠,normal,,0
2039,1,0,33,15,33,1,44894,0,0,0,0,0,1.03,,생활용품,risk,FIRST_ORDER_ONLY,0
2040,1,0,407,3,18,23,1476577,0,0,0,0,0,0.92,,가구/인테리어,normal,,0
2041,1,0,460,11,10,13,304380,0,0,0,0,0,0.28,3,자동차,risk,SPENDING_DROP,0
2042,0,0,606,1,10,19,1444228,0,0,0,0,0,1.02,,자동차,normal,,1
2043,0,1,360,3,16,7,603512,1,0,0,0,0,1.05,,스포츠,normal,,0
2044,0,0,805,6,4,16,1266592,0,4,0,0,0,1.02,5,자동차,risk,WISHLIST_IDLE,0
2045,0,0,194,10,30,18,1274688,0,0,1,0,0,1.34,,가구/인테리어,normal,,0
2046,1,0,128,5,23,29,1708651,1,0,0,0,0,1.09,,생활용품,normal,,0
2047,0,0,644,8,3,23,909627,1,1,0,0,0,1.3,,생활용품,risk,CART_ABANDON,0
2048,0,0,402,0,24,13,1034306,0,1,0,0,0,0.94,,뷰티,normal,,0
2049,1,0,432,56,71,11,837661,0,1,1,1,0,0.91,,헬스/건강,composite,,1
2050,0,0,49,26,36,1,27778,0,0,0,0,0,1.34,,헬스/건강,risk,FIRST_ORDER_ONLY,0
2051,0,0,969,13,17,17,966586,0,0,0,0,0,1.04,5,자동차,normal,,0
2052,0,0,579,6,12,24,1165848,0,0,0,0,0,1.29,,식품,normal,,0
2053,0,0,542,70,97,16,1189696,0,0,0,0,0,1.08,3,패션,risk,LOGIN_INACTIVE,0
2054,0,0,834,7,14,20,463080,0,0,1,0,0,0.96,5,헬스/건강,normal,,0
2055,0,0,924,10,22,23,238692,0,0,0,0,0,0.15,,자동차,risk,SPENDING_DROP,1
2056,0,1,843,11,26,17,513230,0,0,0,0,0,0.77,,헬스/건강,normal,,0
2057,0,0,270,2,28,16,448320,0,0,0,0,0,1.36,,출산/유아동,normal,,0
2058,1,0,977,14,2,25,2055050,0,1,0,0,0,1.25,5,완구/취미,normal,,0
2059,0,0,919,9,4,20,818740,0,0,0,0,0,0.96,,패션,normal,,0
2060,0,0,268,12,27,28,1416492,0,4,1,0,0,0.75,,출산/유아동,risk,WISHLIST_IDLE,1
2061,0,0,910,4,21,30,1631850,0,0,0,0,0,0.88,,스포츠,normal,,0
2062,1,0,665,8,23,26,1318850,1,3,0,0,0,1.37,,가전/디지털,risk,WISHLIST_IDLE,0
2063,0,0,715,1,24,25,563150,2,0,3,1,2,1.39,,자동차,composite,,1
2064,0,0,254,0,13,18,969786,1,0,1,0,0,0.93,,패션,normal,,0
2065,1,0,994,8,25,21,1185009,0,0,0,0,0,0.85,,식품,normal,,0
2066,0,0,754,13,25,26,776750,0,0,0,0,0,1.08,4,가구/인테리어,normal,,0
2067,1,0,455,10,14,4,222120,0,0,0,2,0,1.17,3,생활용품,risk,BAD_EXPERIENCE,0
2068,0,0,448,0,29,7,371756,4,2,0,0,0,0.84,,패션,composite,,0
2069,0,0,547,20,28,7,283199,0,0,0,0,0,0.59,3,헬스/건강,border,,1
2070,0,1,590,16,30,5,142985,0,0,0,0,0,1.14,,뷰티,risk,MEMBERSHIP_CANCEL,1
2071,0,0,238,10,29,21,1234695,0,1,0,0,0,1.37,3,뷰티,normal,,0
2072,1,0,931,0,16,25,982675,0,0,1,0,0,1.37,3,출산/유아동,normal,,0
2073,0,0,716,10,16,9,505116,0,0,0,0,0,1.36,5,가전/디지털,normal,,0
2074,0,0,175,11,21,25,1761150,1,0,0,0,0,1.0,,식품,normal,,0
2075,0,0,630,0,18,4,149976,0,0,1,0,0,0.79,,스포츠,risk,COUPON_EXPIRING,0
2076,0,0,259,22,24,17,929492,0,0,1,0,0,0.55,,문구/오피스,border,,0
2077,0,0,756,82,103,20,1670220,1,0,0,0,0,1.24,,스포츠,risk,LOGIN_INACTIVE,0
2078,0,1,206,7,7,25,1725300,0,0,0,0,0,1.36,3,패션,risk,MEMBERSHIP_CANCEL,1
2079,0,1,529,20,23,11,232903,0,1,0,0,0,0.59,,뷰티,border,,0
2080,0,0,839,7,2,24,894792,1,0,0,0,0,0.84,4,반려동물,normal,,0
2081,0,0,67,49,53,1,20375,0,0,0,0,0,0.92,,스포츠,risk,FIRST_ORDER_ONLY,1
2082,0,0,436,12,10,29,641828,1,5,1,0,0,0.93,,가전/디지털,risk,WISHLIST_IDLE,1
2083,0,0,56,56,81,1,40254,1,0,1,0,0,1.36,,식품,composite,,1
2084,0,0,678,12,21,18,1607922,0,0,0,0,0,1.13,,가구/인테리어,normal,,0
2085,0,0,896,7,29,22,942260,0,0,0,0,0,1.14,,가구/인테리어,normal,,0
2086,0,0,248,2,15,16,590128,0,0,0,0,0,1.04,,가전/디지털,normal,,0
2087,1,0,657,69,90,22,985402,1,0,1,0,0,1.34,5,반려동물,risk,LOGIN_INACTIVE,0
2088,0,0,218,9,25,30,1574970,0,0,0,0,0,1.31,,출산/유아동,normal,,1
2089,0,0,629,8,16,16,1358992,0,3,1,0,0,1.03,,자동차,risk,WISHLIST_IDLE,0
2090,0,0,312,4,18,7,298417,0,1,1,0,0,1.33,,자동차,normal,,0
2091,0,0,312,1,12,30,1386990,0,0,1,0,0,1.14,,반려동물,normal,,0
2092,0,0,189,6,2,8,190752,0,0,0,0,0,1.17,,가전/디지털,normal,,0
2093,0,0,775,7,14,25,981000,0,0,1,0,0,1.37,,문구/오피스,normal,,1
2094,0,0,818,10,23,13,646490,1,1,0,0,0,1.12,,가구/인테리어,normal,,0
2095,1,0,367,1,2,10,467550,0,5,0,0,0,1.34,,스포츠,risk,WISHLIST_IDLE,0
2096,0,0,195,0,20,19,1462753,0,1,0,0,0,0.85,,스포츠,normal,,1
2097,0,0,743,11,6,29,1708332,1,1,1,0,0,1.17,,식품,risk,WISHLIST_IDLE,1
2098,0,0,247,3,12,20,1008500,0,1,1,0,0,1.03,5,뷰티,normal,,0
2099,0,0,164,65,94,29,2102993,0,1,1,0,0,1.29,,출산/유아동,risk,LOGIN_INACTIVE,1
2100,0,0,52,15,38,1,57775,0,0,0,0,0,1.06,5,출산/유아동,risk,FIRST_ORDER_ONLY,0
2101,0,0,478,6,5,29,2046287,0,0,0,0,0,0.31,,패션,risk,SPENDING_DROP,0
2102,0,0,58,35,46,1,35450,0,1,0,0,0,0.92,,출산/유아동,composite,,0
2103,0,0,73,0,17,7,589750,0,0,0,0,0,1.39,,자동차,normal,,0
2104,0,0,123,25,29,15,469395,0,0,0,0,0,0.61,,가전/디지털,border,,0
2105,0,0,671,11,4,22,1011736,0,0,0,0,0,0.87,,가전/디지털,normal,,1
2106,0,0,248,12,11,27,1638873,0,0,0,0,0,0.75,,식품,normal,,0
2107,0,0,565,25,21,12,938232,0,0,1,0,0,0.64,,뷰티,border,,1
2108,0,0,768,85,109,4,296812,0,0,0,1,0,1.26,,패션,composite,,1
2109,0,0,771,3,23,19,794542,1,0,0,0,0,0.98,,뷰티,normal,,0
2110,0,0,321,0,21,10,296170,0,0,0,0,0,0.98,5,자동차,normal,,0
2111,1,0,140,11,25,27,877743,0,1,0,0,0,1.22,,생활용품,normal,,0
2112,0,0,461,10,13,23,1210260,0,0,0,0,0,1.17,,뷰티,normal,,0
2113,1,0,544,0,3,30,1720860,0,0,1,0,0,0.76,,출산/유아동,normal,,1
2114,0,0,53,20,36,1,29609,0,1,1,0,0,0.91,4,가전/디지털,risk,FIRST_ORDER_ONLY,1
2115,0,0,757,3,20,4,280600,0,0,1,0,0,1.23,,헬스/건강,normal,,0
2116,0,0,586,5,28,11,795762,0,0,3,0,0,1.23,3,패션,risk,COUPON_EXPIRING,0
2117,0,0,606,8,2,18,717552,0,0,0,0,0,0.81,,가구/인테리어,normal,,0
2118,0,0,349,11,15,16,753360,1,2,0,0,0,1.02,,가전/디지털,risk,WISHLIST_IDLE,0
2119,0,0,254,9,16,5,296595,0,0,1,0,0,1.34,,완구/취미,normal,,0
2120,0,0,847,13,15,28,2348696,0,0,0,0,0,1.06,5,반려동물,normal,,0
2121,0,0,670,2,3,5,176990,0,0,0,0,0,1.22,5,가구/인테리어,normal,,0
2122,1,0,704,14,11,26,1277744,0,0,1,0,0,0.84,5,패션,normal,,0
2123,0,0,447,1,5,13,1023136,0,0,0,0,0,0.37,3,가구/인테리어,risk,SPENDING_DROP,0
2124,0,1,733,8,5,9,655722,0,1,0,0,0,1.19,3,뷰티,risk,MEMBERSHIP_CANCEL,0
2125,0,0,78,5,9,8,653232,0,0,1,0,0,0.99,3,패션,normal,,0
2126,0,0,363,4,25,12,329184,1,0,2,0,0,0.84,4,식품,composite,,0
2127,0,0,135,13,21,27,1739529,0,0,2,0,0,1.27,4,출산/유아동,risk,COUPON_EXPIRING,0
2128,0,0,195,13,15,17,740639,0,0,0,0,0,1.35,,식품,normal,,0
2129,0,0,297,0,6,15,1055685,0,0,0,0,0,0.99,,자동차,normal,,0
2130,1,0,628,14,16,30,623340,0,0,0,0,0,0.96,,가전/디지털,normal,,0
2131,0,0,113,6,9,22,763290,0,0,1,0,0,0.1,3,패션,risk,SPENDING_DROP,0
2132,0,0,149,86,92,24,1829304,0,0,0,0,0,0.83,3,출산/유아동,risk,LOGIN_INACTIVE,1
2133,0,1,104,9,5,22,915508,0,2,0,0,0,0.84,,반려동물,risk,WISHLIST_IDLE,1
2134,0,0,682,27,29,4,162876,0,0,0,0,0,0.56,4,패션,border,,0
2135,0,0,648,10,28,7,311269,1,0,0,0,0,1.1,,식품,normal,,0
2136,1,0,196,4,16,5,328600,3,1,1,0,0,1.18,4,가구/인테리어,risk,CART_ABANDON,1
2137,0,0,664,2,3,24,1483536,0,0,0,0,0,1.2,4,자동차,normal,,0
2138,1,0,290,8,4,14,508186,0,0,0,0,0,1.11,,헬스/건강,normal,,0
2139,0,0,416,10,13,16,1430208,0,1,1,0,0,1.25,,출산/유아동,normal,,1
2140,0,0,475,2,29,16,672048,0,0,0,0,0,0.25,4,자동차,risk,SPENDING_DROP,0
2141,0,0,477,8,2,26,1319942,3,0,1,0,0,1.3,,패션,risk,CART_ABANDON,0
2142,0,1,91,7,2,17,1000280,0,0,0,0,0,1.34,,자동차,normal,,0
2143,0,0,76,2,8,16,1060960,0,0,0,0,0,0.77,,출산/유아동,normal,,0
2144,0,1,263,10,2,15,433395,0,0,2,0,0,0.81,,식품,risk,COUPON_EXPIRING,0
2145,0,0,50,31,49,1,67978,3,2,0,0,0,0.83,5,뷰티,composite,,1
2146,0,0,444,4,25,26,1765114,0,0,0,0,0,1.36,4,헬스/건강,normal,,0
2147,1,0,657,0,12,18,1445814,0,1,0,0,0,1.17,,가전/디지털,normal,,0
2148,1,0,712,9,19,20,1442960,0,0,0,0,0,1.22,,가구/인테리어,normal,,1
2149,0,0,279,6,12,22,1559800,1,0,0,0,0,0.96,3,자동차,normal,,0
2150,0,0,566,4,22,23,1846739,0,1,0,0,0,1.05,,반려동물,normal,,0
2151,0,0,250,20,21,28,2315236,0,1,0,0,0,0.58,,완구/취미,border,,0
2152,0,0,58,47,48,23,37568,0,0,1,0,0,0.12,5,자동차,composite,,1
2153,0,0,389,70,97,8,331824,0,1,1,0,0,1.05,,가전/디지털,risk,LOGIN_INACTIVE,1
2154,0,0,728,2,10,22,916762,0,1,0,0,0,1.21,4,출산/유아동,normal,,0
2155,0,0,798,4,29,11,707531,1,0,0,0,0,0.87,4,가구/인테리어,risk,CART_ABANDON,1
2156,1,0,60,1,15,26,1163734,0,0,0,0,0,0.94,,패션,normal,,1
2157,0,0,364,7,23,10,292530,0,0,1,0,0,0.76,,출산/유아동,normal,,0
2158,1,0,554,5,28,25,1552100,1,0,0,0,0,0.97,,문구/오피스,normal,,0
2159,1,0,118,23,21,16,998640,0,0,0,0,0,0.5,5,완구/취미,border,,0
2160,0,0,39,28,37,1,71192,1,0,0,0,0,0.25,,생활용품,composite,,0
2161,0,0,967,11,18,17,415242,1,0,0,0,0,1.06,5,헬스/건강,normal,,0
2162,0,0,513,0,8,29,1954107,0,0,0,0,0,1.15,,뷰티,normal,,0
2163,0,0,698,8,27,9,538884,0,0,0,0,0,0.77,,스포츠,normal,,0
2164,0,0,870,11,11,19,513589,0,0,0,0,0,1.17,,헬스/건강,normal,,0
2165,0,0,544,12,26,17,1157360,0,0,0,0,0,0.99,3,출산/유아동,normal,,0
2166,0,0,922,14,15,17,163832,0,0,0,0,0,0.25,,가전/디지털,risk,SPENDING_DROP,0
2167,0,0,927,12,27,24,1749408,1,0,1,0,0,1.22,,가전/디지털,normal,,0
2168,0,0,647,7,10,13,796835,0,0,0,0,0,1.09,,헬스/건강,normal,,0
2169,0,0,661,11,26,10,834910,0,1,0,0,0,1.3,5,식품,normal,,0
2170,1,0,868,1,10,23,1985659,0,0,0,0,0,0.95,,가구/인테리어,normal,,0
2171,0,0,74,13,11,14,660828,0,0,1,0,0,0.94,3,완구/취미,normal,,0
2172,0,0,194,11,9,8,429752,1,0,0,0,0,1.22,,문구/오피스,normal,,0
2173,1,0,49,43,36,1,19598,0,1,1,1,0,0.82,4,스포츠,composite,,0
2174,0,0,775,24,27,27,1118070,0,0,0,0,0,0.55,,완구/취미,border,,0
2175,1,0,970,14,22,30,1235490,0,0,0,0,0,1.2,4,완구/취미,normal,,0
2176,0,0,927,8,26,6,514146,0,1,0,0,0,1.04,5,뷰티,normal,,0
2177,0,0,619,28,20,24,661848,0,0,1,0,0,0.56,4,문구/오피스,border,,0
2178,0,0,808,3,24,23,320868,0,0,0,0,0,0.28,,뷰티,risk,SPENDING_DROP,0
2179,0,0,460,0,26,12,750492,0,0,0,0,0,1.12,,스포츠,normal,,1
2180,0,1,456,6,30,29,1497734,2,1,1,0,0,1.04,3,가구/인테리어,risk,CART_ABANDON,1
2181,0,0,182,0,28,29,805591,0,0,0,1,0,1.01,,완구/취미,risk,BAD_EXPERIENCE,0
2182,1,0,390,5,30,17,1050022,0,0,2,0,0,0.93,,출산/유아동,risk,COUPON_EXPIRING,0
2183,0,0,595,6,12,25,1574050,0,0,0,0,0,0.81,,자동차,normal,,0
2184,0,0,320,7,15,9,503928,0,0,0,0,0,0.97,,패션,normal,,0
2185,0,0,888,6,27,29,2598197,1,0,0,0,0,0.8,,생활용품,normal,,1
2186,1,0,421,4,12,16,543360,0,1,1,0,0,0.92,,패션,normal,,0
2187,0,0,584,9,21,28,2293368,1,0,1,0,0,1.29,,완구/취미,normal,,0
2188,0,1,601,6,19,10,758100,0,0,1,0,0,1.28,,자동차,normal,,0
2189,0,1,807,11,16,5,113025,1,0,0,0,0,1.15,,생활용품,risk,MEMBERSHIP_CANCEL,1
2190,0,0,998,3,18,8,591184,0,0,0,0,0,1.23,,문구/오피스,normal,,0
2191,1,0,686,11,19,21,1034733,0,0,1,0,0,1.24,,패션,normal,,0
2192,0,0,335,10,20,24,215880,0,0,0,0,0,0.29,3,패션,risk,SPENDING_DROP,0
2193,0,0,198,13,10,19,1218337,1,5,0,0,0,0.99,,완구/취미,risk,WISHLIST_IDLE,1
2194,0,0,599,0,11,12,739812,1,4,0,0,0,1.25,4,출산/유아동,risk,WISHLIST_IDLE,0
2195,1,0,581,0,20,13,808431,0,0,0,0,0,0.91,,스포츠,normal,,0
2196,0,0,969,5,20,4,103672,0,1,2,0,0,1.22,,문구/오피스,risk,COUPON_EXPIRING,0
2197,0,0,210,10,29,12,309660,0,1,0,0,0,1.09,3,반려동물,normal,,0
2198,0,0,203,5,18,28,1588944,0,1,0,0,0,1.3,,생활용품,normal,,0
2199,1,0,101,3,5,8,621392,0,0,0,0,0,1.05,3,패션,normal,,0
2200,1,0,434,1,23,23,1390810,0,1,0,0,0,1.4,,식품,normal,,0
2201,0,0,595,11,7,25,1160150,0,0,0,0,0,1.3,,완구/취미,normal,,0
2202,0,0,865,10,18,14,1007454,0,1,0,0,0,1.12,,출산/유아동,normal,,0
2203,0,0,310,10,26,9,439263,0,1,0,0,0,1.17,,생활용품,normal,,0
2204,0,0,621,6,24,27,1530711,0,0,0,0,0,1.35,,출산/유아동,normal,,0
2205,1,0,161,13,16,10,452270,0,0,0,0,0,1.13,3,생활용품,normal,,0
2206,1,0,717,14,23,25,783275,0,1,3,0,1,1.33,,출산/유아동,composite,,0
2207,0,0,210,14,14,28,1887844,0,0,0,0,0,1.11,5,반려동물,normal,,0
2208,0,0,83,14,15,30,1200660,0,0,0,0,0,1.17,,출산/유아동,normal,,0
2209,0,1,521,83,91,7,164745,4,1,0,0,0,1.19,,자동차,composite,,1
2210,0,1,791,8,22,29,2282967,0,1,0,0,0,1.05,,가구/인테리어,normal,,1
2211,0,0,654,5,24,18,972198,0,0,0,0,0,0.95,,식품,normal,,0
2212,0,0,667,5,4,10,252150,1,0,0,0,0,0.79,,스포츠,risk,CART_ABANDON,0
2213,1,0,676,0,19,19,1133331,0,2,0,0,0,1.16,,가전/디지털,risk,WISHLIST_IDLE,0
2214,0,0,906,8,8,16,1380160,0,0,0,0,0,1.09,,문구/오피스,normal,,0
2215,0,0,77,10,17,8,577952,0,0,0,0,0,0.82,4,출산/유아동,normal,,0
2216,0,0,706,12,23,7,165557,0,0,0,0,0,1.32,,스포츠,normal,,0
2217,0,0,162,2,20,21,1859529,0,1,0,0,0,0.81,,문구/오피스,normal,,1
2218,1,0,197,3,27,24,657440,2,0,1,0,0,0.07,4,생활용품,composite,,0
2219,0,0,858,2,20,19,738549,0,0,0,0,0,0.93,3,가전/디지털,normal,,0
2220,0,0,583,10,29,26,2008058,0,0,0,0,0,0.78,,패션,normal,,0
2221,0,0,383,0,15,26,2192684,0,0,0,0,0,1.09,4,패션,normal,,1
2222,1,0,945,3,8,27,1737288,0,0,1,0,0,1.04,4,완구/취미,normal,,0
2223,0,0,163,12,7,27,1311552,0,0,0,1,1,1.19,2,출산/유아동,risk,BAD_EXPERIENCE,1
2224,0,0,986,0,13,25,916075,0,0,0,0,0,1.19,,가구/인테리어,normal,,0
2225,0,0,287,8,10,27,1531440,0,0,1,0,0,1.1,3,식품,normal,,0
2226,0,0,138,3,4,7,423108,2,1,0,0,0,1.21,,문구/오피스,risk,CART_ABANDON,0
2227,0,0,872,5,29,24,634824,0,4,0,0,0,0.96,,자동차,risk,WISHLIST_IDLE,0
2228,0,0,855,8,21,30,893520,0,0,0,2,1,1.32,2,문구/오피스,risk,BAD_EXPERIENCE,1
2229,0,0,114,13,30,21,811188,0,1,1,0,0,1.16,,헬스/건강,normal,,0
2230,0,1,496,10,11,15,817860,0,0,1,0,0,0.77,4,문구/오피스,risk,MEMBERSHIP_CANCEL,1
2231,1,0,850,6,25,30,2280090,1,1,0,0,0,0.89,,패션,normal,,0
2232,0,0,687,5,17,8,389248,0,0,0,0,0,0.83,5,패션,normal,,0
2233,0,0,570,5,16,22,901846,0,0,0,0,0,1.04,,생활용품,normal,,0
2234,1,0,581,6,19,7,331184,0,0,1,0,0,0.97,4,헬스/건강,normal,,0
2235,0,0,782,8,11,15,621795,3,4,0,0,2,0.81,2,패션,composite,,1
2236,0,1,458,15,16,29,1367959,0,0,1,0,0,1.21,,생활용품,risk,MEMBERSHIP_CANCEL,0
2237,0,0,804,1,13,9,600822,0,0,1,0,0,1.07,,패션,normal,,1
2238,0,0,684,1,15,27,765207,0,0,1,0,0,1.33,,헬스/건강,normal,,0
2239,0,0,585,21,23,6,438102,0,0,1,0,0,0.62,,문구/오피스,border,,0
2240,0,0,67,46,53,1,36659,0,1,0,0,0,0.92,4,출산/유아동,risk,FIRST_ORDER_ONLY,0
2241,0,0,86,11,6,13,473629,0,0,0,0,0,0.91,4,가전/디지털,normal,,0
2242,0,0,849,20,29,10,398650,0,1,0,0,0,0.61,5,헬스/건강,border,,0
2243,1,0,453,11,28,22,979704,0,1,0,0,0,1.04,,스포츠,normal,,1
2244,0,0,674,11,14,7,521206,0,1,3,0,0,1.4,4,가구/인테리어,risk,COUPON_EXPIRING,0
2245,0,0,997,3,10,16,684672,0,1,0,0,0,1.3,4,문구/오피스,normal,,0
2246,0,0,196,10,24,8,390872,0,0,0,0,0,1.33,4,완구/취미,normal,,0
2247,0,0,802,7,15,10,489280,1,0,0,0,0,0.76,,패션,normal,,0
2248,0,0,944,24,24,19,559721,0,0,0,0,0,0.5,,뷰티,border,,0
2249,0,0,36,39,35,1,50261,0,0,0,0,0,0.98,,출산/유아동,risk,FIRST_ORDER_ONLY,0
2250,0,0,622,88,107,17,589218,0,0,3,0,0,0.3,3,가구/인테리어,composite,,1
2251,1,0,221,10,7,28,2343488,0,0,2,0,0,1.28,4,가구/인테리어,risk,COUPON_EXPIRING,0
2252,0,0,106,0,8,23,1434855,0,0,1,0,0,0.97,4,반려동물,normal,,0
2253,0,0,799,3,28,27,1499337,0,1,0,0,0,1.11,4,가전/디지털,normal,,1
2254,0,0,204,2,19,19,949525,0,0,0,0,0,1.37,3,문구/오피스,normal,,0
2255,0,0,318,14,13,6,337044,0,0,0,0,0,1.2,,헬스/건강,normal,,0
2256,0,0,654,13,8,13,513565,0,0,0,0,0,1.13,,반려동물,normal,,0
2257,1,0,589,7,20,20,1230500,0,0,0,0,0,0.94,5,반려동물,normal,,0
2258,0,0,389,4,9,22,1711116,0,0,0,0,0,0.88,,가구/인테리어,normal,,0
2259,1,0,601,9,13,26,2230904,2,1,0,0,0,1.06,,가구/인테리어,composite,,0
2260,0,0,154,1,10,14,699916,0,0,0,0,0,0.82,,헬스/건강,normal,,0
2261,0,0,75,7,27,29,875017,0,0,0,0,0,1.01,5,생활용품,normal,,0
2262,1,0,387,6,11,20,737820,0,0,0,0,0,1.17,4,가구/인테리어,normal,,0
2263,0,1,917,5,6,24,1825776,0,0,0,0,0,1.28,,생활용품,risk,MEMBERSHIP_CANCEL,0
2264,1,0,329,63,76,15,685695,0,0,0,0,0,0.79,4,패션,risk,LOGIN_INACTIVE,0
2265,1,0,722,0,12,14,314608,2,4,0,0,0,0.94,,헬스/건강,composite,,0
2266,0,0,551,6,5,17,1041964,1,0,0,0,0,0.84,4,반려동물,risk,CART_ABANDON,0
2267,0,0,43,23,38,1,51879,0,0,0,0,0,0.77,,뷰티,risk,FIRST_ORDER_ONLY,0
2268,1,0,240,0,13,25,1737900,0,0,1,0,0,1.23,,문구/오피스,normal,,0
2269,0,0,107,13,4,28,977900,0,0,0,0,0,0.9,4,가전/디지털,normal,,0
2270,0,0,257,3,22,7,299929,0,0,1,0,0,0.83,,헬스/건강,normal,,0
2271,0,0,222,3,25,10,533130,0,1,0,0,0,0.97,3,스포츠,normal,,0
2272,0,0,371,2,18,10,723930,0,1,0,0,0,1.03,,반려동물,normal,,0
2273,0,0,237,4,20,4,348432,0,0,0,0,0,0.79,,자동차,normal,,0
2274,1,0,657,5,9,29,2242077,0,0,0,0,0,1.34,4,헬스/건강,normal,,0
2275,1,0,308,4,23,30,2017620,0,0,0,0,0,1.01,,반려동물,normal,,0
2276,0,0,154,5,24,28,1211644,1,1,0,0,0,1.28,5,가구/인테리어,normal,,1
2277,0,0,927,28,20,22,1846966,0,0,0,0,0,0.59,,가구/인테리어,border,,0
2278,0,0,486,4,5,17,934031,0,1,0,0,0,1.01,5,뷰티,normal,,0
2279,0,0,774,6,7,22,1272018,4,0,1,0,0,1.35,,반려동물,risk,CART_ABANDON,1
2280,1,0,385,10,9,27,1736370,0,0,0,0,0,1.35,4,뷰티,normal,,0
2281,1,0,840,10,30,8,515552,0,0,0,0,0,1.34,5,패션,normal,,0
2282,0,0,457,7,20,28,1113196,0,0,0,0,0,1.17,,출산/유아동,normal,,0
2283,0,0,774,14,15,24,1098168,0,0,0,0,0,0.93,5,문구/오피스,normal,,0
2284,0,0,353,6,19,25,1576500,0,0,0,0,0,0.77,,자동차,normal,,0
2285,0,0,163,6,25,29,1139178,0,0,0,0,0,1.15,,패션,normal,,0
2286,0,0,970,12,19,28,843192,0,0,0,0,0,1.37,,반려동물,normal,,0
2287,0,0,163,6,30,6,525222,0,0,0,0,0,0.91,,뷰티,normal,,1
2288,0,1,885,3,17,19,705736,0,0,0,0,0,1.29,,반려동물,risk,MEMBERSHIP_CANCEL,0
2289,1,0,340,8,21,7,528661,0,1,1,0,0,0.76,,가전/디지털,normal,,0
2290,1,0,455,11,10,8,378104,0,1,1,0,0,1.01,4,반려동물,normal,,0
2291,0,0,666,12,11,10,779360,0,0,0,0,0,0.84,4,식품,normal,,0
2292,0,0,911,10,7,22,1560548,0,0,0,0,0,0.88,3,완구/취미,normal,,0
2293,0,0,255,9,5,30,2408820,0,1,1,0,0,1.13,4,반려동물,normal,,0
2294,0,0,71,3,14,13,706875,0,0,1,0,0,0.82,,문구/오피스,normal,,0
2295,0,0,483,20,26,24,1398960,0,0,0,0,0,0.6,,문구/오피스,border,,0
2296,0,0,289,3,12,21,1027404,0,0,1,0,0,0.82,,식품,normal,,0
2297,0,0,864,4,20,13,354135,3,0,0,0,0,0.13,4,헬스/건강,composite,,0
2298,0,0,547,14,23,10,749530,0,0,0,0,0,1.2,4,자동차,normal,,1
2299,0,0,873,1,11,21,545475,0,0,0,0,0,0.81,4,문구/오피스,normal,,0
2300,0,0,34,40,34,1,21946,0,0,1,0,0,1.34,,출산/유아동,risk,FIRST_ORDER_ONLY,1
2301,0,0,44,49,43,1,25606,4,0,0,0,0,1.33,,가구/인테리어,composite,,1
2302,0,0,134,47,75,27,679968,0,2,1,1,2,1.25,3,가구/인테리어,composite,,1
2303,0,0,274,5,8,5,148945,0,0,0,0,0,1.19,,패션,normal,,0
2304,0,0,917,14,20,19,628254,0,0,0,0,0,0.96,,자동차,normal,,0
2305,0,0,161,13,24,19,595175,0,0,1,0,0,1.26,3,뷰티,normal,,0
2306,1,0,656,10,11,7,154882,1,0,0,0,0,1.31,,패션,normal,,0
2307,0,0,593,8,27,9,284121,0,0,1,0,0,1.05,3,가구/인테리어,normal,,1
2308,1,0,366,5,6,24,2004336,1,4,1,0,0,0.89,,문구/오피스,risk,WISHLIST_IDLE,0
2309,0,0,929,8,13,19,1602403,0,1,0,0,0,0.8,,자동차,normal,,0
2310,0,0,867,1,3,21,1794366,0,1,0,0,0,1.0,3,헬스/건강,normal,,0
2311,0,0,651,4,7,29,1528358,0,0,0,0,0,0.78,4,반려동물,normal,,0
2312,0,0,303,1,12,26,1262196,0,0,0,0,0,1.38,,반려동물,normal,,0
2313,0,0,457,1,15,9,478764,0,0,1,0,0,0.86,,문구/오피스,normal,,0
2314,0,0,568,11,11,24,716088,0,0,0,0,0,1.22,5,생활용품,normal,,0
2315,0,0,784,7,20,6,336990,0,1,0,0,0,1.0,,가구/인테리어,normal,,0
2316,0,0,578,75,98,13,636402,1,0,0,0,0,1.39,,뷰티,risk,LOGIN_INACTIVE,1
2317,0,0,503,7,13,14,1017464,0,0,0,0,0,1.33,,가구/인테리어,normal,,0
2318,0,0,519,10,25,9,281943,0,0,0,0,0,1.17,,식품,normal,,0
2319,1,0,435,0,10,16,1122736,1,0,0,2,1,0.8,,문구/오피스,risk,BAD_EXPERIENCE,0
2320,0,0,918,8,2,7,486878,1,1,0,0,0,0.87,,자동차,risk,CART_ABANDON,0
2321,0,0,856,12,5,18,372132,0,0,1,0,0,1.02,,출산/유아동,normal,,0
2322,0,0,120,10,10,23,762335,0,0,0,0,0,1.01,,생활용품,normal,,1
2323,0,0,53,26,36,1,29409,0,0,0,0,0,0.9,,뷰티,risk,FIRST_ORDER_ONLY,1
2324,0,0,350,0,19,8,451208,0,1,3,0,0,0.98,4,스포츠,risk,COUPON_EXPIRING,1
2325,0,0,669,4,3,22,443696,0,0,3,0,0,0.92,4,가구/인테리어,risk,COUPON_EXPIRING,0
2326,1,0,178,3,13,29,966860,0,1,0,0,0,0.77,4,출산/유아동,normal,,0
2327,0,0,381,3,12,28,2185792,1,0,0,0,0,1.13,4,뷰티,normal,,0
2328,0,0,67,12,15,30,1737420,0,0,0,0,0,1.37,5,가구/인테리어,normal,,0
2329,0,0,101,9,26,21,1698144,0,0,1,0,0,0.76,,가구/인테리어,normal,,0
2330,0,0,84,14,11,6,200472,0,1,0,0,0,0.96,5,문구/오피스,normal,,0
2331,0,0,139,9,12,13,475111,0,3,1,0,0,1.35,3,식품,risk,WISHLIST_IDLE,0
2332,0,0,540,8,15,13,1033812,0,1,0,0,0,0.77,5,스포츠,normal,,0
2333,1,0,66,29,52,1,13268,0,0,0,0,0,1.39,4,헬스/건강,risk,FIRST_ORDER_ONLY,0
2334,1,0,659,12,5,21,821604,0,1,0,0,0,1.34,,뷰티,normal,,0
2335,0,0,316,14,30,16,925164,0,0,0,0,0,0.18,4,문구/오피스,risk,SPENDING_DROP,0
2336,0,1,49,15,36,1,46471,0,0,0,0,0,1.1,,가전/디지털,risk,FIRST_ORDER_ONLY,0
2337,0,0,500,9,22,23,607223,0,0,0,0,0,1.15,,뷰티,normal,,1
2338,0,0,499,0,14,21,603519,0,0,2,0,0,0.91,3,가구/인테리어,risk,COUPON_EXPIRING,0
2339,0,0,339,5,16,28,718648,0,0,0,0,0,0.81,,출산/유아동,normal,,0
2340,0,0,488,10,19,11,319638,0,1,0,0,0,0.98,,반려동물,risk,WISHLIST_IDLE,0
2341,1,0,347,3,17,20,1444560,0,0,0,0,0,1.01,5,문구/오피스,normal,,0
2342,0,0,368,7,26,12,1024692,1,0,1,0,0,1.28,5,헬스/건강,normal,,1
2343,0,0,348,10,7,21,1081668,0,1,0,0,0,0.95,,반려동물,normal,,0
2344,0,0,845,0,10,4,121948,0,0,0,0,0,0.97,5,식품,normal,,0
2345,0,0,954,6,21,11,375727,0,0,0,0,0,1.3,,패션,normal,,0
2346,0,0,89,6,7,13,1878866,0,0,0,0,0,0.23,5,자동차,risk,SPENDING_DROP,1
2347,0,0,278,3,23,28,1089928,0,0,0,0,0,0.98,,패션,normal,,0
2348,0,0,928,1,12,11,420838,0,0,0,0,0,1.34,4,반려동물,normal,,0
2349,0,0,679,6,14,8,352744,1,0,0,0,0,1.04,5,출산/유아동,normal,,0
2350,0,0,557,90,114,7,267379,0,0,0,0,0,1.05,4,스포츠,risk,LOGIN_INACTIVE,0
2351,1,0,986,6,13,9,463986,1,1,0,0,0,0.89,,반려동물,risk,CART_ABANDON,0
2352,0,0,189,13,13,11,267597,1,1,0,0,0,0.85,,식품,risk,WISHLIST_IDLE,0
2353,0,0,54,30,34,1,16389,0,0,0,0,0,1.19,,식품,risk,FIRST_ORDER_ONLY,1
2354,0,0,276,5,21,11,545402,0,0,0,0,0,0.75,,문구/오피스,normal,,0
2355,0,0,82,2,24,24,1554552,0,0,0,0,0,0.97,,자동차,normal,,0
2356,0,0,795,20,27,26,2197442,0,0,0,0,0,0.59,,반려동물,border,,1
2357,0,0,891,14,6,23,1144020,0,0,0,0,0,1.27,4,반려동물,normal,,0
2358,0,1,199,20,9,10,308580,1,0,0,0,0,1.35,,생활용품,risk,MEMBERSHIP_CANCEL,0
2359,0,0,137,4,12,28,1943004,0,0,1,2,0,1.04,,완구/취미,risk,BAD_EXPERIENCE,1
2360,0,0,362,12,13,23,1050295,0,0,0,0,0,0.8,,패션,normal,,0
2361,0,0,33,23,33,1,64799,0,0,0,0,0,1.17,,헬스/건강,risk,FIRST_ORDER_ONLY,0
2362,0,0,649,39,46,10,908947,0,0,0,0,0,0.3,3,가구/인테리어,composite,,1
2363,0,0,751,1,14,6,496272,0,0,0,0,0,1.0,3,생활용품,normal,,0
2364,0,0,549,10,15,30,1404090,0,0,0,0,0,1.07,,출산/유아동,normal,,1
2365,0,0,59,24,40,6,20895,1,0,1,0,0,0.17,3,생활용품,composite,,0
2366,0,0,89,11,9,5,397240,0,0,3,0,0,1.24,,식품,risk,COUPON_EXPIRING,0
2367,0,0,212,13,9,26,769262,0,0,0,0,0,1.18,,가구/인테리어,normal,,0
2368,1,0,931,6,14,20,947060,0,0,1,0,0,1.21,,가전/디지털,normal,,0
2369,0,0,562,10,19,7,325059,0,0,0,0,0,0.8,5,식품,normal,,0
2370,1,0,977,3,18,14,535906,0,0,0,0,0,1.32,5,패션,normal,,0
2371,0,0,457,5,13,30,1243560,2,0,0,0,0,1.04,5,생활용품,risk,CART_ABANDON,0
2372,0,0,884,2,17,6,263976,1,0,0,0,0,1.38,,완구/취미,normal,,0
2373,0,0,560,13,13,11,785543,0,0,0,0,0,1.39,,반려동물,normal,,1
2374,0,0,601,7,18,12,701640,0,0,0,0,0,1.27,,식품,normal,,0
2375,0,0,785,5,28,13,464997,0,0,0,0,0,0.75,,생활용품,normal,,0
2376,0,0,652,2,20,17,1273181,0,0,0,0,0,0.82,,헬스/건강,normal,,0
2377,0,0,748,0,29,30,2258190,0,0,1,0,0,1.21,,뷰티,normal,,0
2378,0,0,671,3,25,9,556983,0,3,0,0,0,0.89,,패션,risk,WISHLIST_IDLE,0
2379,0,1,134,8,20,8,275600,0,1,0,0,0,1.34,,패션,risk,MEMBERSHIP_CANCEL,0
2380,0,0,866,3,11,8,677392,0,1,0,0,0,1.31,,식품,normal,,0
2381,0,0,807,11,2,25,1440025,1,1,0,0,0,1.05,3,패션,normal,,0
2382,1,0,442,1,29,8,704992,0,0,0,0,0,0.88,,문구/오피스,normal,,0
2383,1,0,685,8,6,24,774456,0,0,1,0,0,1.36,,스포츠,normal,,0
2384,0,0,852,3,8,8,626304,0,1,3,0,0,1.35,,패션,risk,COUPON_EXPIRING,0
2385,0,0,336,5,4,26,1865110,0,0,0,0,0,1.01,5,문구/오피스,normal,,0
2386,1,0,705,3,23,17,653327,0,0,1,0,0,1.03,,스포츠,normal,,0
2387,1,0,175,28,24,4,159452,0,1,0,0,0,0.58,4,가구/인테리어,border,,0
2388,0,0,189,6,28,6,638124,0,1,3,0,0,0.28,,가전/디지털,composite,,1
2389,0,0,581,20,25,29,2121205,0,0,0,0,0,0.6,5,식품,border,,0
2390,0,0,681,14,11,12,923976,1,0,0,0,0,1.39,,가전/디지털,normal,,1
2391,0,0,346,9,24,17,455855,0,0,0,0,0,0.99,,문구/오피스,normal,,1
2392,0,0,989,9,8,6,414282,0,0,1,0,0,0.75,4,헬스/건강,normal,,0
2393,0,0,980,5,11,7,499205,0,0,1,0,0,1.22,,문구/오피스,normal,,0
2394,0,0,717,0,19,26,686244,0,0,0,0,0,1.17,,식품,normal,,0
2395,0,0,812,0,11,27,1443420,0,0,0,0,0,0.91,,생활용품,normal,,0
2396,0,0,475,6,30,15,1300665,0,0,1,0,0,0.87,,패션,normal,,0
2397,0,0,730,1,10,24,2100192,0,0,0,0,0,0.98,4,패션,normal,,1
2398,0,0,261,0,21,5,107875,0,0,1,0,0,1.0,,가전/디지털,normal,,0
2399,0,0,172,7,28,18,1423566,0,0,1,0,0,1.15,,가전/디지털,normal,,1
2400,0,0,969,7,27,8,267696,0,0,0,0,0,1.17,4,문구/오피스,normal,,0
2401,0,0,555,1,5,10,771380,4,0,1,0,0,1.03,5,패션,risk,CART_ABANDON,1
2402,0,0,642,9,17,6,423072,0,0,0,0,0,0.88,,패션,normal,,0
2403,0,0,223,28,23,10,824540,1,0,1,0,0,0.56,,반려동물,border,,0
2404,0,0,425,10,19,12,345336,0,0,0,0,0,0.85,,생활용품,normal,,0
2405,0,0,312,5,9,15,786525,0,0,0,0,0,0.86,,생활용품,normal,,0
2406,1,0,457,6,23,9,347535,0,1,0,0,0,0.97,,문구/오피스,normal,,0
2407,0,0,51,25,37,1,54691,1,0,0,0,0,0.05,4,출산/유아동,composite,,1
2408,0,0,550,12,14,9,687240,0,1,0,0,0,0.96,4,가구/인테리어,normal,,1
2409,0,0,439,12,25,24,672600,0,0,0,0,0,1.36,,헬스/건강,normal,,0
2410,0,0,169,3,2,17,1380825,0,1,0,0,0,1.35,4,문구/오피스,normal,,0
2411,0,0,61,45,46,1,31878,0,0,0,0,0,1.31,,반려동물,risk,FIRST_ORDER_ONLY,1
2412,0,0,824,12,5,18,645156,1,0,0,0,0,0.83,,스포츠,normal,,0
2413,0,0,552,10,18,27,1919943,0,0,0,0,0,1.04,,패션,normal,,1
2414,0,0,209,1,3,6,231324,0,0,0,0,0,1.19,2,문구/오피스,normal,,1
2415,0,0,281,1,23,19,509067,4,0,3,2,2,1.2,2,완구/취미,composite,,1
2416,0,0,706,7,5,22,1524798,0,0,0,0,0,1.01,3,생활용품,normal,,1
2417,1,0,526,6,11,28,709324,0,0,1,0,0,1.31,,반려동물,risk,COUPON_EXPIRING,0
2418,0,0,857,4,2,13,289757,0,0,0,0,0,1.29,3,스포츠,normal,,0
2419,0,0,201,10,14,13,881127,0,0,0,0,0,1.2,5,완구/취미,normal,,0
2420,0,0,917,1,20,8,239624,0,0,0,0,0,0.76,,반려동물,normal,,0
2421,1,0,430,29,21,4,330732,0,0,0,0,0,0.51,,자동차,border,,0
2422,0,0,98,11,24,14,456484,0,0,1,0,0,0.85,,뷰티,normal,,0
2423,0,0,91,8,3,4,150540,0,0,0,0,0,1.19,,출산/유아동,normal,,0
2424,1,0,991,5,21,18,1435158,1,1,3,0,0,0.96,,가구/인테리어,risk,COUPON_EXPIRING,0
2425,0,0,790,3,13,20,1689720,1,0,2,0,0,1.12,,가전/디지털,risk,COUPON_EXPIRING,1
2426,0,0,59,23,46,1,22008,0,2,0,0,0,0.37,4,가전/디지털,composite,,1
2427,0,0,433,2,26,17,1495201,0,0,0,0,0,1.31,,자동차,normal,,0
2428,0,1,983,2,25,22,1876182,0,0,0,0,0,0.77,,문구/오피스,normal,,1
2429,1,0,751,10,6,27,613575,0,0,0,0,0,1.18,5,반려동물,normal,,0
2430,0,0,868,0,12,16,500384,0,0,0,0,0,0.89,,출산/유아동,normal,,1
2431,0,0,567,14,5,8,580104,1,0,0,0,0,1.17,5,식품,normal,,0
2432,0,0,262,3,12,27,2029212,0,1,0,0,0,1.21,,문구/오피스,normal,,0
2433,0,1,978,3,27,30,650580,0,0,0,0,0,1.13,,생활용품,normal,,1
2434,0,1,900,9,20,20,1015500,0,0,0,0,0,0.75,4,완구/취미,normal,,0
2435,0,0,934,9,19,13,336427,2,1,1,2,2,0.97,,가구/인테리어,composite,,1
2436,1,0,110,14,10,11,538087,0,0,0,0,0,1.25,,헬스/건강,normal,,0
2437,0,0,234,8,22,16,371856,0,1,0,0,0,0.84,4,생활용품,normal,,0
2438,0,0,499,8,4,24,1577184,1,1,0,0,0,1.26,3,스포츠,normal,,1
2439,0,1,322,10,16,26,532740,2,2,0,0,0,1.4,3,가전/디지털,composite,,1
2440,0,0,942,9,15,4,340672,1,0,0,0,0,0.94,,식품,normal,,0
2441,0,0,156,8,20,8,290848,0,0,0,0,0,0.9,,패션,normal,,0
2442,0,0,811,13,13,17,404124,0,0,1,0,0,1.03,,완구/취미,normal,,0
2443,0,1,947,9,18,26,2207712,0,1,0,0,0,1.1,2,패션,risk,MEMBERSHIP_CANCEL,0
2444,0,0,301,6,19,17,1511963,1,0,0,0,0,1.22,4,가전/디지털,normal,,1
2445,1,0,960,58,71,16,658608,0,0,0,0,0,0.87,3,반려동물,risk,LOGIN_INACTIVE,0
2446,1,0,587,13,24,18,1574748,0,0,0,0,0,1.17,,생활용품,normal,,0
2447,0,0,464,13,12,6,252912,0,1,0,2,2,1.33,,식품,risk,BAD_EXPERIENCE,1
2448,0,0,534,4,20,4,206792,0,0,0,0,0,0.96,5,가전/디지털,normal,,0
2449,0,0,548,7,16,23,919103,0,1,1,0,0,1.0,3,완구/취미,normal,,0
2450,0,0,622,13,8,4,273648,1,0,0,0,0,1.35,,자동차,normal,,0
2451,0,0,357,68,74,26,2022228,0,1,0,0,0,1.06,,스포츠,risk,LOGIN_INACTIVE,1
2452,0,0,131,13,6,22,1456400,1,0,0,0,0,1.1,5,완구/취미,normal,,0
2453,1,0,723,1,28,6,362508,0,0,1,0,0,0.98,5,헬스/건강,normal,,0
2454,0,0,64,11,21,5,220345,0,0,0,0,0,1.09,4,패션,normal,,0
2455,0,0,73,24,55,1,12183,0,0,0,0,0,0.9,4,뷰티,risk,FIRST_ORDER_ONLY,0
2456,1,0,78,1,5,10,396510,0,0,0,0,0,1.0,,반려동물,normal,,0
2457,1,0,71,71,88,9,39761,0,1,0,0,0,0.29,4,생활용품,composite,,1
2458,0,0,453,2,30,4,101940,0,1,0,0,0,0.76,,식품,normal,,0
2459,1,0,891,4,27,8,341152,1,0,0,0,0,0.92,,완구/취미,normal,,0
2460,0,0,647,7,13,29,1489266,0,0,0,0,0,1.4,,스포츠,normal,,0
2461,0,0,888,5,17,26,833586,0,0,0,0,0,1.36,,자동차,normal,,0
2462,0,0,436,14,15,23,1955368,0,2,0,0,0,1.07,4,패션,risk,WISHLIST_IDLE,0
2463,0,0,721,4,10,15,1032705,0,0,0,0,0,1.0,5,스포츠,normal,,0
2464,0,0,977,8,19,17,1273249,0,1,0,0,0,1.24,,완구/취미,normal,,0
2465,1,0,578,3,27,12,706620,0,1,0,0,0,1.35,,패션,normal,,0
2466,1,0,620,6,22,24,983376,1,1,0,0,0,1.39,4,출산/유아동,normal,,0
2467,0,1,366,19,12,30,1545030,0,1,1,0,0,1.06,,자동차,risk,MEMBERSHIP_CANCEL,1
2468,0,0,64,14,18,19,1104014,0,0,0,0,0,1.25,,자동차,normal,,0
2469,0,0,634,3,23,23,1219138,0,1,0,0,0,1.4,5,출산/유아동,normal,,0
2470,0,0,405,13,19,26,627926,0,0,0,0,0,0.96,,자동차,normal,,0
2471,0,0,429,11,3,5,214600,0,0,0,0,0,1.28,4,완구/취미,normal,,0
2472,0,0,528,3,10,5,212860,1,0,0,0,0,1.12,,패션,normal,,0
2473,0,0,538,7,9,26,2189928,1,1,0,0,0,0.93,3,패션,normal,,0
2474,1,0,413,10,22,29,598183,0,5,0,0,0,0.84,,헬스/건강,risk,WISHLIST_IDLE,0
2475,0,0,172,5,3,15,560805,0,0,0,0,0,0.97,4,완구/취미,normal,,1
2476,1,0,249,8,5,25,1521200,0,0,0,0,0,1.34,,헬스/건강,normal,,0
2477,0,0,331,12,23,23,1161017,0,0,0,0,0,1.29,,반려동물,normal,,0
2478,0,0,252,1,27,14,464534,0,0,0,0,0,0.77,,완구/취미,normal,,0
2479,0,0,470,5,7,9,723483,0,0,0,0,0,1.19,4,헬스/건강,normal,,0
2480,0,0,885,10,13,9,310950,0,0,0,2,2,1.09,,식품,risk,BAD_EXPERIENCE,1
2481,0,0,418,5,11,25,1621375,1,0,0,0,0,1.38,4,자동차,normal,,0
2482,0,0,678,13,22,29,887197,0,0,0,0,0,1.18,4,스포츠,normal,,0
2483,0,0,412,13,13,10,792753,0,0,0,0,0,0.36,5,자동차,risk,SPENDING_DROP,1
2484,0,0,250,8,29,19,648090,0,0,0,0,0,1.0,,자동차,normal,,0
2485,0,0,203,6,4,30,1848300,2,0,0,0,0,1.22,,가전/디지털,risk,CART_ABANDON,0
2486,0,0,46,3,44,1,17760,4,0,3,0,0,1.38,5,헬스/건강,composite,,0
2487,1,0,869,13,9,28,256172,1,0,0,0,0,0.18,,완구/취미,risk,SPENDING_DROP,1
2488,1,0,798,3,28,14,542108,4,0,0,0,0,1.22,4,가구/인테리어,risk,CART_ABANDON,0
2489,0,0,883,1,7,25,1205525,0,0,0,0,0,1.35,,자동차,normal,,0
2490,1,0,99,4,18,20,1302180,1,0,0,0,0,0.85,,패션,normal,,0
2491,0,0,438,9,28,8,414056,0,0,1,0,2,0.84,,완구/취미,risk,BAD_EXPERIENCE,0
2492,0,0,169,3,10,11,411048,0,0,0,0,0,1.05,4,완구/취미,normal,,1
2493,0,0,684,1,5,23,1458545,0,0,0,0,0,0.92,5,반려동물,normal,,0
2494,0,0,593,13,24,6,279738,0,0,1,0,0,0.99,3,반려동물,normal,,0
2495,1,0,146,14,3,29,1175921,0,0,0,0,0,1.19,5,뷰티,normal,,0
2496,1,0,388,0,15,7,274939,0,0,0,0,0,1.05,,스포츠,normal,,0
2497,0,0,459,14,27,8,516232,0,1,0,0,0,0.86,,식품,normal,,1
2498,0,0,922,6,6,7,216496,0,0,0,0,0,1.28,5,스포츠,normal,,0
2499,0,0,220,1,20,8,418144,0,1,0,0,0,1.04,5,생활용품,normal,,0
2500,0,0,531,6,26,25,2086100,0,0,0,0,0,1.08,,헬스/건강,normal,,0
2501,0,0,559,54,81,18,1048950,0,0,0,0,0,1.22,,식품,risk,LOGIN_INACTIVE,1
2502,0,0,117,4,10,10,616540,0,1,3,0,0,0.84,,자동차,risk,COUPON_EXPIRING,0
2503,0,0,820,12,18,16,831776,0,0,0,0,0,0.89,,식품,normal,,0
2504,1,0,713,3,30,13,354198,1,0,0,0,0,1.24,4,식품,risk,CART_ABANDON,0
2505,0,0,857,0,10,24,506760,0,0,0,0,0,1.02,4,반려동물,normal,,0
2506,0,0,530,10,13,26,1534156,0,0,0,0,0,0.91,,패션,normal,,1
2507,1,0,614,8,5,17,439484,0,0,0,0,0,0.84,4,식품,normal,,0
2508,0,0,133,0,29,9,549900,0,0,0,0,0,0.82,,완구/취미,normal,,0
2509,0,0,223,42,43,13,427895,0,0,0,0,0,1.27,3,자동차,risk,LOGIN_INACTIVE,1
2510,0,0,623,11,8,28,841820,1,0,3,0,0,1.22,,뷰티,risk,COUPON_EXPIRING,1
2511,1,0,287,6,28,17,360128,0,0,0,0,0,0.81,4,스포츠,normal,,0
2512,0,0,550,3,25,26,1816256,0,0,0,0,0,1.21,,자동차,normal,,0
2513,0,0,557,6,17,24,1059384,0,0,0,2,0,0.92,2,가전/디지털,risk,BAD_EXPERIENCE,0
2514,1,0,111,7,2,28,2236276,0,0,0,0,0,1.32,,반려동물,normal,,0
2515,0,0,873,10,23,4,359512,0,0,0,0,0,1.05,4,헬스/건강,normal,,0
2516,0,0,440,1,26,20,688680,1,0,0,0,0,0.92,5,헬스/건강,normal,,0
2517,0,0,371,5,10,24,1623048,0,0,0,0,0,0.97,,가전/디지털,normal,,0
2518,0,0,902,1,21,16,710192,0,0,0,0,0,1.04,4,스포츠,normal,,0
2519,1,0,890,1,24,25,2141750,0,0,1,0,0,0.91,4,생활용품,normal,,0
2520,0,1,470,1,6,15,1089810,0,0,0,0,0,1.1,,출산/유아동,normal,,0
2521,0,0,441,5,17,4,188772,0,0,1,0,0,1.09,4,가구/인테리어,normal,,0
2522,0,0,353,13,3,27,1127007,0,0,2,0,0,1.22,,헬스/건강,risk,COUPON_EXPIRING,0
2523,1,0,449,1,11,25,1473600,0,1,0,0,0,1.03,4,생활용품,normal,,0
2524,0,0,283,0,11,27,930852,0,0,0,0,0,1.19,4,식품,normal,,0
2525,0,0,701,10,5,9,621882,0,0,0,0,0,1.01,,가전/디지털,normal,,0
2526,0,0,814,6,8,21,1564101,0,0,0,0,0,0.95,,헬스/건강,normal,,1
2527,0,0,638,6,20,21,1825194,1,1,1,0,0,1.11,,헬스/건강,risk,COUPON_EXPIRING,0
2528,0,0,88,4,19,4,195284,0,0,0,0,0,1.01,5,반려동물,normal,,0
2529,0,1,766,13,4,11,716716,0,0,1,2,2,1.26,3,자동차,risk,BAD_EXPERIENCE,1
2530,0,1,737,10,7,7,582743,1,1,0,0,0,0.93,,식품,risk,WISHLIST_IDLE,0
2531,1,0,111,22,24,12,468300,0,0,0,0,0,0.57,4,출산/유아동,border,,0
2532,1,0,257,0,4,21,699400,0,0,1,0,0,0.07,4,식품,risk,SPENDING_DROP,0
2533,1,0,753,7,18,14,1235374,0,1,0,0,0,0.94,5,반려동물,normal,,1
2534,1,0,519,21,24,23,631465,0,1,0,0,0,0.58,3,스포츠,border,,0
2535,0,0,869,5,15,17,1133118,0,0,0,0,0,1.18,5,출산/유아동,normal,,0
2536,1,0,61,30,58,1,63265,0,0,1,0,0,1.21,4,뷰티,risk,FIRST_ORDER_ONLY,0
2537,0,0,264,13,5,17,714697,0,1,0,0,0,0.98,,가구/인테리어,normal,,0
2538,0,0,242,11,29,30,2229540,0,0,0,0,0,0.89,,헬스/건강,normal,,0
2539,0,0,579,1,4,21,1001490,0,0,0,0,0,1.13,5,생활용품,normal,,0
2540,1,0,114,6,18,22,920656,0,0,0,1,0,1.29,2,패션,risk,BAD_EXPERIENCE,0
2541,0,0,565,5,8,17,722670,0,0,1,0,0,0.88,3,식품,normal,,0
2542,0,0,881,13,9,7,210539,0,1,0,0,0,1.13,,헬스/건강,normal,,0
2543,1,0,928,0,11,28,766556,0,0,0,0,0,1.24,,가구/인테리어,normal,,0
2544,0,0,588,12,12,15,1289955,0,0,1,0,0,1.28,5,가전/디지털,normal,,0
2545,0,1,756,9,20,11,398288,0,2,1,0,0,0.89,,생활용품,risk,WISHLIST_IDLE,0
2546,1,0,992,5,26,8,518632,0,1,0,0,0,1.14,5,가전/디지털,normal,,0
2547,1,0,248,5,19,27,776277,0,1,1,0,0,1.29,,뷰티,normal,,0
2548,0,0,565,13,15,30,1305810,1,0,0,0,0,0.87,,출산/유아동,normal,,1
2549,1,0,475,12,3,10,359270,0,0,0,0,0,0.92,5,패션,normal,,0
2550,0,0,160,13,8,12,635868,0,0,0,0,0,1.25,,가전/디지털,normal,,1
2551,0,0,308,29,20,23,1877766,0,0,0,0,0,0.6,4,완구/취미,border,,0
2552,0,0,772,10,11,17,1147415,1,0,0,0,0,1.16,,헬스/건강,normal,,0
2553,1,0,92,8,25,27,1162269,0,0,0,0,0,1.33,3,패션,normal,,0
2554,0,0,49,73,80,1,13772,0,0,2,0,0,0.89,4,뷰티,composite,,1
2555,0,0,360,0,24,26,1134276,0,0,0,0,0,1.23,3,헬스/건강,normal,,0
2556,1,0,156,11,21,12,1066080,1,1,0,0,0,1.28,2,가전/디지털,normal,,0
2557,0,0,749,88,105,17,751825,0,0,0,0,0,0.76,,식품,risk,LOGIN_INACTIVE,1
2558,0,0,724,24,22,7,406245,0,0,1,0,0,0.6,3,스포츠,border,,0
2559,1,0,91,2,24,25,1415900,0,1,0,0,0,1.2,4,가전/디지털,normal,,0
2560,0,0,509,52,65,13,414817,0,0,0,0,0,0.79,,스포츠,risk,LOGIN_INACTIVE,1
2561,0,0,68,9,27,12,688272,0,0,0,0,0,1.1,,자동차,normal,,0
2562,0,0,126,14,8,26,2113020,0,3,0,0,0,0.95,4,가구/인테리어,risk,WISHLIST_IDLE,0
2563,0,0,760,10,21,6,163884,0,1,0,0,0,0.8,4,스포츠,normal,,0
2564,1,0,39,26,32,1,32993,0,0,0,0,0,1.24,,식품,risk,FIRST_ORDER_ONLY,0
2565,1,0,451,11,14,19,1457775,0,5,0,1,0,0.86,,스포츠,composite,,0
2566,0,0,155,69,90,16,514752,0,0,0,0,0,1.24,,가전/디지털,risk,LOGIN_INACTIVE,1
2567,1,0,915,40,49,4,200844,0,0,0,0,0,1.16,,가전/디지털,risk,LOGIN_INACTIVE,0
2568,0,1,447,10,23,4,173152,3,0,0,0,0,0.88,3,패션,risk,CART_ABANDON,0
2569,1,0,611,9,9,20,1024240,0,0,0,0,0,1.37,,자동차,normal,,0
2570,0,0,450,6,30,20,1066880,0,0,0,0,0,0.99,,가전/디지털,normal,,0
2571,0,0,239,4,9,13,560898,0,0,0,0,0,0.96,,반려동물,normal,,0
2572,0,0,520,4,8,4,258268,0,0,1,0,0,0.86,,자동차,normal,,0
2573,0,0,933,89,104,28,2479624,0,1,0,0,0,1.32,4,헬스/건강,risk,LOGIN_INACTIVE,1
2574,0,0,706,13,2,30,1578060,0,1,0,0,0,1.37,,문구/오피스,normal,,0
2575,0,0,394,8,12,13,423787,1,0,0,0,0,0.92,4,헬스/건강,risk,CART_ABANDON,0
2576,1,0,266,0,3,20,1291860,0,0,1,0,0,0.89,,가구/인테리어,normal,,0
2577,0,0,351,11,25,12,872232,0,0,0,0,0,1.04,4,출산/유아동,normal,,0
2578,0,0,685,9,10,21,1677837,0,0,0,0,0,1.3,,자동차,normal,,0
2579,0,0,82,36,38,24,1842816,0,0,0,0,0,1.04,,반려동물,risk,LOGIN_INACTIVE,1
2580,0,0,836,3,27,4,354516,0,1,0,0,0,1.36,,가전/디지털,normal,,0
2581,0,0,404,6,17,22,468916,0,0,0,0,0,0.27,,패션,risk,SPENDING_DROP,1
2582,0,0,80,10,5,17,1196426,0,0,0,0,0,1.22,,출산/유아동,normal,,0
2583,0,0,269,4,24,9,424755,1,0,1,0,0,1.39,,반려동물,normal,,0
2584,0,0,589,5,2,22,1242318,0,1,0,0,0,1.26,5,완구/취미,normal,,0
2585,0,0,937,24,22,17,850986,0,0,0,0,0,0.62,4,헬스/건강,border,,0
2586,0,0,133,7,28,17,713932,1,1,0,0,0,1.37,,문구/오피스,normal,,0
2587,0,0,398,0,29,8,412408,0,1,1,0,0,1.03,,뷰티,normal,,0
2588,1,0,833,6,29,9,534897,0,0,0,0,2,1.24,,패션,risk,BAD_EXPERIENCE,0
2589,0,0,354,9,9,24,1760952,1,1,0,0,0,0.88,3,패션,normal,,0
2590,0,0,419,3,2,25,621720,0,0,0,0,0,0.28,3,식품,risk,SPENDING_DROP,0
2591,0,0,146,12,21,14,662396,0,0,1,0,0,1.31,,출산/유아동,normal,,0
2592,1,0,988,13,30,8,673512,0,0,0,0,0,0.78,,자동차,normal,,0
2593,1,0,456,5,15,10,392250,0,0,0,0,0,0.91,4,출산/유아동,normal,,0
2594,0,0,348,3,22,25,1345950,2,0,0,0,0,1.23,4,스포츠,risk,CART_ABANDON,0
2595,1,0,610,1,23,7,278117,0,1,0,0,0,0.81,3,생활용품,risk,WISHLIST_IDLE,0
2596,0,1,963,16,28,18,652626,1,0,1,0,0,1.05,3,자동차,risk,MEMBERSHIP_CANCEL,0
2597,0,0,751,20,28,9,340317,0,1,0,0,0,0.59,,가전/디지털,border,,1
2598,1,0,996,14,21,21,1764273,0,0,0,0,0,1.25,,문구/오피스,normal,,0
2599,0,0,687,4,23,15,863970,0,1,1,0,0,1.21,4,스포츠,normal,,0
2600,0,0,661,5,29,8,359496,0,0,0,0,0,1.29,3,패션,normal,,0
2601,0,0,831,12,9,4,329664,0,0,0,0,0,0.77,,가구/인테리어,normal,,1
2602,0,0,83,13,17,8,601712,0,3,0,0,0,0.98,,반려동물,risk,WISHLIST_IDLE,0
2603,1,0,137,5,26,6,490554,0,0,0,0,0,1.15,5,스포츠,normal,,0
2604,1,0,867,0,22,5,130480,0,0,0,0,0,1.02,,스포츠,normal,,0
2605,0,0,425,11,18,16,634592,0,0,0,0,0,0.91,,완구/취미,normal,,0
2606,0,0,401,10,23,29,2186571,0,0,0,0,0,0.88,,반려동물,normal,,0
2607,0,0,193,33,41,25,604500,0,1,0,0,0,0.76,,문구/오피스,risk,LOGIN_INACTIVE,1
2608,0,0,89,13,20,18,545616,0,0,1,0,0,1.13,,출산/유아동,normal,,0
2609,0,0,741,5,28,28,2106580,0,0,0,0,0,1.08,5,뷰티,normal,,0
2610,1,0,813,28,23,22,1346466,1,0,0,0,0,0.61,,자동차,border,,0
2611,0,0,866,14,10,18,1307934,0,0,0,0,0,1.04,,완구/취미,normal,,0
2612,0,0,582,10,26,6,441144,0,0,3,0,0,1.05,,가전/디지털,risk,COUPON_EXPIRING,0
2613,0,0,469,10,22,17,1194284,0,2,0,0,0,1.23,5,생활용품,risk,WISHLIST_IDLE,0
2614,0,0,473,5,21,15,1037130,0,0,0,0,0,1.22,5,자동차,normal,,0
2615,0,0,298,11,9,26,532298,0,0,0,0,0,1.02,,출산/유아동,normal,,0
2616,0,0,935,0,12,13,734097,0,0,0,0,0,1.02,3,패션,normal,,0
2617,0,0,128,4,3,8,531776,0,3,0,0,0,0.99,,헬스/건강,risk,WISHLIST_IDLE,0
2618,0,0,374,7,29,19,986727,0,0,0,0,0,1.04,,가전/디지털,normal,,0
2619,0,0,572,9,7,27,1464183,3,1,1,0,0,0.75,,출산/유아동,risk,CART_ABANDON,1
2620,1,0,348,1,2,12,501852,1,0,0,0,0,1.17,4,뷰티,normal,,0
2621,1,0,425,1,19,30,2197560,0,1,1,0,0,1.06,,식품,risk,COUPON_EXPIRING,0
2622,0,0,152,3,13,10,300070,0,0,0,0,0,1.08,,문구/오피스,normal,,0
2623,0,0,333,14,15,10,617170,0,0,0,0,0,1.15,5,헬스/건강,normal,,0
2624,0,0,854,8,13,20,839840,0,0,0,0,0,0.97,,자동차,normal,,0
2625,1,0,886,9,3,23,2035201,0,1,0,0,0,0.8,,식품,normal,,0
2626,0,0,627,6,12,9,605853,0,1,1,0,0,0.82,,스포츠,normal,,0
2627,0,0,413,12,21,18,779508,0,0,1,0,0,1.13,,패션,normal,,0
2628,0,0,605,12,20,13,416247,0,0,0,0,0,0.79,3,패션,normal,,0
2629,0,0,605,1,28,10,538420,1,0,0,0,0,1.14,,반려동물,normal,,0
2630,0,0,237,4,7,30,1004190,0,1,0,0,0,1.23,3,완구/취미,normal,,0
2631,0,0,841,13,3,11,366487,0,0,0,0,0,1.34,4,자동차,normal,,0
2632,0,0,152,1,11,13,944255,0,0,0,0,0,1.17,,헬스/건강,normal,,1
2633,0,0,260,13,3,15,423405,0,0,0,0,0,0.95,,가구/인테리어,normal,,0
2634,1,0,520,7,19,17,126108,0,0,0,0,0,0.35,,스포츠,risk,SPENDING_DROP,0
2635,1,0,622,2,23,11,1403161,1,5,1,0,0,0.35,,문구/오피스,composite,,0
2636,0,0,688,13,30,17,934711,0,0,0,0,0,0.8,,반려동물,normal,,0
2637,0,0,999,9,27,23,770431,4,1,1,0,0,1.24,4,패션,risk,CART_ABANDON,1
2638,0,1,77,0,30,6,534006,0,1,0,0,0,1.27,4,가전/디지털,risk,WISHLIST_IDLE,0
2639,0,0,608,2,15,16,1375824,1,0,0,0,0,1.28,4,자동차,normal,,0
2640,0,0,713,6,7,15,1049130,0,0,0,0,0,0.84,4,가구/인테리어,normal,,0
2641,0,0,258,10,10,20,1701720,0,1,0,0,0,0.75,3,반려동물,normal,,1
2642,0,0,642,3,6,15,991455,0,0,0,0,0,1.05,,패션,normal,,0
2643,0,0,266,2,6,26,623948,0,0,0,0,0,1.3,4,식품,normal,,0
2644,0,0,407,9,17,21,774564,0,0,0,0,0,0.83,,출산/유아동,normal,,0
2645,0,0,418,1,11,23,1468918,0,0,0,2,2,1.19,2,가전/디지털,risk,BAD_EXPERIENCE,1
2646,0,0,783,14,6,4,350536,0,1,0,0,0,1.11,,생활용품,normal,,1
2647,1,0,870,14,28,9,394605,0,0,0,0,0,0.95,,가전/디지털,normal,,0
2648,0,0,329,7,27,19,1373985,0,0,0,0,0,1.22,,헬스/건강,normal,,0
2649,0,0,40,17,37,1,44024,1,0,0,0,0,1.0,5,스포츠,risk,FIRST_ORDER_ONLY,1
2650,0,0,397,10,28,16,1063264,0,0,0,0,0,1.07,,문구/오피스,normal,,1
2651,1,0,582,7,25,20,1398540,0,0,1,0,0,1.15,5,뷰티,normal,,0
2652,0,0,303,1,8,30,2130990,0,0,0,0,0,1.33,4,패션,normal,,0
2653,1,0,923,9,2,8,252464,1,0,1,0,0,1.11,4,가전/디지털,normal,,0
2654,0,1,346,22,28,4,225276,0,0,1,0,0,1.24,3,생활용품,risk,MEMBERSHIP_CANCEL,0
2655,0,0,279,8,2,4,188692,0,0,0,0,0,1.31,,자동차,normal,,0
2656,0,0,660,12,26,20,1245800,0,0,1,0,0,1.12,,문구/오피스,normal,,0
2657,0,0,135,9,24,13,467935,0,1,0,0,0,1.37,,생활용품,normal,,0
2658,0,0,375,7,6,11,565114,0,1,1,0,0,1.02,,식품,normal,,1
2659,0,0,714,0,28,10,634340,0,0,0,0,0,1.07,,반려동물,normal,,1
2660,0,0,629,4,29,29,2520564,0,0,0,0,0,1.24,,뷰티,normal,,0
2661,0,0,914,12,12,17,1186719,0,0,1,0,0,0.99,,출산/유아동,normal,,0
2662,0,0,738,8,23,25,1108075,1,0,1,0,0,1.22,3,헬스/건강,normal,,0
2663,1,0,838,12,5,4,356268,0,0,0,0,0,1.03,,식품,normal,,0
2664,0,0,586,5,15,20,1181240,0,1,0,0,0,1.02,5,뷰티,normal,,1
2665,0,0,574,0,21,19,1374213,0,1,0,0,0,1.38,3,패션,normal,,0
2666,0,0,347,9,12,27,2220777,0,0,0,0,0,0.88,,문구/오피스,normal,,0
2667,0,0,390,14,13,19,1201199,0,0,0,0,0,1.15,,출산/유아동,normal,,0
2668,1,0,76,22,57,1,25768,0,0,3,0,0,0.94,,패션,composite,,0
2669,1,0,494,4,12,26,937878,0,0,0,0,0,0.19,4,자동차,risk,SPENDING_DROP,0
2670,0,0,378,14,5,17,1238637,0,0,0,0,0,1.22,,뷰티,normal,,1
2671,0,0,111,9,8,29,1914029,0,1,0,0,0,0.82,,반려동물,normal,,0
2672,0,0,256,13,3,29,906366,0,0,1,0,0,1.17,5,스포츠,risk,COUPON_EXPIRING,0
2673,0,0,208,2,18,12,681600,0,0,0,0,0,1.25,,문구/오피스,normal,,0
2674,0,0,231,7,14,23,1696641,0,0,0,0,0,0.92,,출산/유아동,normal,,0
2675,0,0,50,15,48,1,49323,1,0,0,0,0,0.88,5,스포츠,risk,FIRST_ORDER_ONLY,1
2676,0,0,934,5,29,30,1461810,0,0,0,0,0,1.09,4,스포츠,normal,,0
2677,1,0,824,7,5,16,1045440,0,0,1,0,0,0.97,,뷰티,normal,,0
2678,1,0,217,83,95,22,557942,0,0,1,0,0,1.36,3,식품,risk,LOGIN_INACTIVE,1
2679,1,0,777,2,17,24,907920,0,0,0,0,0,1.35,5,뷰티,normal,,0
2680,0,0,366,6,20,29,819337,3,0,0,0,0,1.28,3,자동차,risk,CART_ABANDON,0
2681,1,0,816,10,23,18,722286,0,0,0,0,0,1.39,5,식품,normal,,0
2682,0,0,388,11,30,15,727635,0,1,0,1,2,1.05,2,패션,risk,BAD_EXPERIENCE,1
2683,0,0,151,14,7,8,565040,0,0,1,0,0,0.99,,완구/취미,normal,,0
2684,0,0,716,8,10,19,1098637,0,0,0,0,0,1.25,,출산/유아동,normal,,0
2685,0,0,911,37,56,4,260036,0,0,0,0,0,1.12,,반려동물,risk,LOGIN_INACTIVE,1
2686,0,0,126,7,17,20,1382100,0,0,0,0,0,0.93,,완구/취미,normal,,1
2687,0,0,872,4,21,7,291578,0,5,0,0,0,0.93,4,스포츠,risk,WISHLIST_IDLE,0
2688,0,0,592,12,23,9,468459,0,0,0,0,0,1.06,,스포츠,normal,,0
2689,0,0,515,6,13,18,1254726,0,0,0,0,0,0.76,4,식품,normal,,0
2690,0,0,370,11,21,14,763196,0,0,0,0,0,0.95,,가구/인테리어,normal,,0
2691,0,0,502,8,17,28,2367932,0,1,1,0,0,0.86,3,헬스/건강,normal,,0
2692,1,0,803,23,24,8,438528,0,1,0,0,0,0.63,,문구/오피스,border,,0
2693,0,0,275,5,20,15,1211880,0,1,0,0,0,0.82,,완구/취미,normal,,0
2694,0,0,718,4,16,14,1114652,1,0,0,0,0,0.92,,패션,normal,,0
2695,0,0,133,13,30,25,1359875,0,0,0,0,0,1.36,,뷰티,normal,,0
2696,1,0,572,5,14,18,960570,0,0,0,0,0,1.23,,스포츠,normal,,0
2697,0,0,59,74,97,30,58066,0,0,0,0,0,0.06,,식품,composite,,1
2698,1,0,864,13,13,22,1841356,0,0,0,0,0,1.35,,반려동물,normal,,0
2699,0,0,729,6,14,7,180649,0,1,0,0,0,1.34,,문구/오피스,normal,,0
2700,0,0,715,1,26,24,1088424,0,0,0,2,1,1.18,2,헬스/건강,risk,BAD_EXPERIENCE,1
2701,0,0,61,21,24,18,1457100,0,0,0,0,0,0.61,,생활용품,border,,1
2702,0,0,745,9,17,19,991515,1,0,0,0,0,0.96,,식품,normal,,0
2703,0,0,102,38,52,14,677740,0,0,0,0,0,1.01,,생활용품,risk,LOGIN_INACTIVE,0
2704,0,0,255,9,28,4,283580,0,0,0,0,0,1.19,,출산/유아동,normal,,0
2705,0,0,926,0,26,25,843600,0,0,0,0,0,1.12,,스포츠,normal,,0
2706,0,1,336,9,3,24,2017872,0,0,0,0,0,1.09,3,가전/디지털,normal,,1
2707,0,0,756,1,14,14,566426,0,0,3,0,0,1.26,,뷰티,risk,COUPON_EXPIRING,0
2708,0,0,849,12,20,21,1587663,0,0,0,0,0,0.88,,완구/취미,normal,,1
2709,0,0,558,3,13,17,1133339,0,0,0,0,0,0.79,4,생활용품,normal,,1
2710,0,0,196,8,19,8,384808,0,0,0,0,0,1.27,4,패션,normal,,0
2711,0,0,169,24,22,30,628710,0,0,0,0,0,0.57,,완구/취미,border,,0
2712,0,0,689,3,15,13,950404,1,1,0,0,0,1.21,4,생활용품,normal,,0
2713,0,0,641,20,20,27,761373,1,0,1,0,0,0.64,4,출산/유아동,border,,0
2714,1,0,798,3,27,25,1693425,0,0,0,0,0,1.28,,출산/유아동,normal,,0
2715,1,0,904,0,18,16,685120,1,0,1,0,0,1.19,,스포츠,normal,,0
2716,0,0,978,28,26,11,601227,0,0,0,0,0,0.56,,스포츠,border,,1
2717,1,0,166,1,27,22,804056,0,1,0,0,0,0.86,,생활용품,normal,,0
2718,0,0,701,10,7,12,746880,1,1,0,0,0,0.82,4,패션,normal,,0
2719,0,1,868,25,27,19,745446,0,1,1,0,0,0.64,,스포츠,border,,1
2720,0,0,704,4,14,24,1651152,0,0,0,0,0,0.96,4,완구/취미,normal,,0
2721,1,0,138,1,18,13,426218,0,0,0,0,0,1.25,,문구/오피스,normal,,0
2722,1,0,410,1,8,26,1821950,1,0,1,0,0,1.2,,출산/유아동,normal,,0
2723,0,0,119,63,72,8,265136,0,0,1,0,0,1.22,4,출산/유아동,risk,LOGIN_INACTIVE,1
2724,1,0,162,8,26,28,1585612,1,1,0,0,0,1.19,,가전/디지털,normal,,0
2725,0,0,88,1,10,9,796041,0,0,0,0,0,0.79,,자동차,normal,,0
2726,0,0,173,2,16,7,295043,0,1,0,0,0,0.75,5,출산/유아동,normal,,0
2727,0,0,959,12,14,19,1104888,0,0,0,0,0,0.76,,생활용품,normal,,0
2728,0,0,737,57,62,17,1310360,4,0,3,0,0,1.0,,출산/유아동,composite,,1
2729,0,0,570,0,3,7,398678,2,1,1,0,2,0.78,2,식품,composite,,0
2730,0,0,925,4,22,16,1008928,0,0,0,0,0,0.94,4,가구/인테리어,normal,,0
2731,1,0,687,1,14,22,546700,0,1,0,0,0,1.15,4,식품,normal,,0
2732,0,0,456,12,10,4,97400,1,0,0,0,0,1.17,,헬스/건강,normal,,0
2733,1,0,365,2,12,11,385066,0,0,0,0,0,0.83,,출산/유아동,normal,,0
2734,1,0,815,13,13,6,198516,0,1,0,0,0,1.0,,패션,normal,,0
2735,1,0,38,26,35,1,10451,1,4,0,0,0,0.91,,스포츠,composite,,1
2736,0,0,812,14,26,22,512314,0,0,0,0,0,0.93,5,출산/유아동,normal,,0
2737,0,0,204,13,28,4,201584,0,1,0,1,0,1.24,3,가구/인테리어,risk,BAD_EXPERIENCE,0
2738,0,0,56,34,46,1,21070,0,0,0,0,0,1.27,,패션,risk,FIRST_ORDER_ONLY,0
2739,0,0,446,9,8,12,782880,0,1,0,0,0,0.95,,가전/디지털,normal,,0
2740,1,0,843,1,6,29,1509508,0,0,0,0,0,1.37,,출산/유아동,normal,,0
2741,0,0,783,7,20,22,474408,1,0,0,0,0,1.14,4,패션,normal,,0
2742,0,0,564,28,27,7,214725,1,0,0,0,0,0.64,3,문구/오피스,border,,0
2743,0,0,50,43,38,1,37372,1,5,0,2,1,0.81,,완구/취미,composite,,1
2744,0,0,325,1,26,21,1668387,0,0,0,0,0,1.18,,문구/오피스,normal,,0
2745,0,0,69,6,10,5,247085,0,1,0,0,0,1.21,,패션,normal,,0
2746,0,0,878,11,16,22,1112386,0,0,0,0,0,0.9,,패션,normal,,0
2747,0,0,291,2,10,11,825836,0,0,0,1,1,1.34,,헬스/건강,risk,BAD_EXPERIENCE,0
2748,0,0,179,12,2,14,834526,0,1,1,0,0,1.13,,뷰티,normal,,0
2749,0,0,954,7,25,26,1260246,0,0,1,0,0,1.0,4,헬스/건강,normal,,0
2750,0,0,925,4,7,14,1167488,0,0,1,0,0,1.33,4,완구/취미,normal,,0
2751,0,0,897,9,24,15,887640,0,0,0,0,0,0.82,,생활용품,normal,,0
2752,1,0,61,24,45,1,54750,1,0,0,0,0,0.98,,문구/오피스,risk,FIRST_ORDER_ONLY,0
2753,1,0,869,7,6,22,919864,0,0,0,0,0,0.97,,가구/인테리어,normal,,0
2754,0,0,85,12,8,25,534125,0,0,0,0,0,1.09,,식품,normal,,0
2755,0,0,46,43,32,1,72437,2,0,0,1,1,1.35,2,문구/오피스,composite,,1
2756,0,0,443,7,3,23,1078355,4,1,0,0,0,0.99,,가구/인테리어,risk,CART_ABANDON,0
2757,0,1,248,14,25,22,1720422,0,0,0,0,0,1.03,,자동차,normal,,0
2758,0,0,426,22,24,11,824747,0,0,0,0,0,0.53,3,스포츠,border,,0
2759,0,0,257,10,26,11,568700,0,0,0,0,0,1.35,,완구/취미,normal,,0
2760,0,1,346,6,2,12,870924,0,1,1,0,0,1.37,,뷰티,normal,,0
2761,0,0,639,4,24,16,795136,0,2,0,0,0,1.18,3,생활용품,risk,WISHLIST_IDLE,0
2762,0,0,508,8,30,14,998928,0,0,0,0,0,0.84,5,반려동물,normal,,0
2763,0,0,308,7,24,14,369096,0,0,1,0,0,0.91,4,반려동물,normal,,0
2764,0,0,64,15,56,1,78194,0,1,0,0,0,0.83,5,가구/인테리어,risk,FIRST_ORDER_ONLY,0
2765,0,0,430,5,11,9,348885,0,0,0,0,0,1.04,,패션,normal,,1
2766,0,0,369,2,13,28,1782172,0,5,1,0,0,1.37,5,출산/유아동,risk,WISHLIST_IDLE,0
2767,0,0,712,7,19,20,1440400,0,0,0,0,0,1.13,4,패션,normal,,0
2768,0,0,232,1,9,8,238808,1,0,1,0,0,1.15,,헬스/건강,normal,,1
2769,0,0,985,5,19,26,1887522,1,1,1,0,0,1.25,,자동차,normal,,1
2770,0,0,194,8,27,25,2046550,0,0,0,0,0,1.33,3,식품,normal,,0
2771,0,0,267,13,27,19,569981,0,0,0,0,0,0.99,,가전/디지털,normal,,0
2772,1,0,237,9,28,17,592008,0,0,0,0,0,0.95,5,출산/유아동,normal,,0
2773,0,0,68,36,58,17,747201,0,0,0,0,0,0.76,4,식품,risk,LOGIN_INACTIVE,1
2774,0,0,56,15,54,1,30868,0,0,1,0,0,0.85,4,문구/오피스,risk,FIRST_ORDER_ONLY,0
2775,0,0,968,7,13,27,1593027,0,0,3,0,0,1.09,,자동차,risk,COUPON_EXPIRING,0
2776,1,0,734,13,24,8,231456,0,4,0,0,0,0.84,4,스포츠,risk,WISHLIST_IDLE,0
2777,0,0,49,4,32,12,62198,3,0,0,0,0,0.34,,스포츠,composite,,0
2778,0,0,73,9,13,10,865430,1,0,0,0,0,1.11,5,생활용품,normal,,0
2779,0,0,607,11,22,16,341936,0,0,1,0,0,0.97,,뷰티,normal,,0
2780,0,0,217,3,6,23,1669869,0,0,0,0,0,0.97,,완구/취미,normal,,0
2781,0,0,162,9,22,26,2088632,0,0,0,0,0,1.12,,패션,normal,,1
2782,0,0,62,50,58,1,25618,0,0,0,0,0,0.83,3,문구/오피스,risk,FIRST_ORDER_ONLY,1
2783,0,0,801,11,13,21,767718,0,1,1,0,0,1.04,4,식품,risk,WISHLIST_IDLE,0
2784,0,0,335,9,22,30,1377390,0,0,0,0,0,1.14,,가구/인테리어,normal,,0
2785,1,0,411,29,27,7,481264,1,1,0,0,0,0.51,4,뷰티,border,,0
2786,0,0,228,0,30,23,1866772,0,1,0,0,0,1.31,5,스포츠,normal,,0
2787,0,0,377,14,7,29,1716626,0,0,0,0,0,1.02,5,가전/디지털,normal,,0
2788,0,0,193,5,21,16,487200,0,0,0,0,0,0.87,4,자동차,normal,,0
2789,0,0,648,12,17,24,1894104,0,1,0,0,0,1.26,5,자동차,normal,,0
2790,0,0,235,14,26,19,1022219,0,0,0,0,0,1.32,4,완구/취미,normal,,0
2791,1,0,697,14,16,13,1144156,0,3,1,0,0,0.99,3,자동차,composite,,0
2792,0,0,59,49,39,1,39673,0,0,0,0,0,1.25,,완구/취미,risk,FIRST_ORDER_ONLY,0
2793,1,0,716,4,6,4,233620,0,1,1,0,0,1.16,,헬스/건강,normal,,0
2794,0,0,111,9,11,27,573561,0,0,0,0,0,0.9,4,헬스/건강,normal,,0
2795,0,0,190,4,30,17,713864,0,0,1,0,0,1.29,,패션,normal,,1
2796,1,0,434,4,21,8,321256,1,0,0,0,0,0.9,3,문구/오피스,normal,,0
2797,0,0,42,44,35,1,53527,1,0,0,0,0,0.82,,패션,risk,FIRST_ORDER_ONLY,1
2798,0,0,787,1,26,7,562156,0,0,0,0,0,0.79,3,출산/유아동,normal,,0
2799,1,0,947,5,15,19,411730,1,0,0,0,0,0.83,,뷰티,normal,,0
2800,1,0,876,3,8,23,1454704,0,1,0,0,0,1.27,5,헬스/건강,normal,,0
2801,0,0,221,9,19,9,465894,0,1,0,0,0,0.96,,생활용품,normal,,0
2802,0,0,760,86,105,17,1412428,0,0,0,0,0,0.98,,생활용품,risk,LOGIN_INACTIVE,1
2803,0,0,868,2,7,4,306112,0,0,0,0,0,1.22,,패션,normal,,0
2804,0,0,472,5,2,11,281567,0,0,0,0,0,1.12,5,반려동물,normal,,0
2805,0,0,711,0,15,26,1544452,0,0,1,0,0,1.17,,자동차,normal,,0
2806,0,0,209,7,18,13,1093027,0,0,0,0,0,0.92,,출산/유아동,normal,,0
2807,0,0,791,14,11,29,215365,0,0,0,0,0,0.34,,스포츠,risk,SPENDING_DROP,0
2808,0,0,812,6,16,5,338340,0,0,0,0,0,1.15,4,스포츠,normal,,0
2809,1,0,296,10,20,13,941980,0,0,1,0,0,1.23,,식품,normal,,0
2810,0,0,66,29,59,1,22924,0,0,0,0,1,0.97,2,반려동물,composite,,1
2811,0,0,343,5,9,11,520168,0,1,0,0,0,0.82,4,뷰티,normal,,0
2812,1,0,216,2,26,9,741096,4,0,0,0,0,0.99,5,스포츠,risk,CART_ABANDON,0
2813,0,0,307,22,25,5,129370,0,0,0,0,0,0.51,,자동차,border,,0
2814,0,0,559,11,4,4,271696,1,0,1,0,0,0.79,4,자동차,normal,,0
2815,1,0,333,10,24,22,590876,0,0,0,0,0,1.2,5,출산/유아동,normal,,0
2816,1,0,409,6,11,13,381329,0,0,0,0,0,0.99,,스포츠,normal,,0
2817,0,0,194,5,9,6,521622,0,0,0,0,0,1.09,,뷰티,normal,,0
2818,0,0,153,24,29,22,1435566,1,0,0,0,0,0.64,4,생활용품,border,,0
2819,0,0,47,40,34,1,75034,0,0,1,0,0,0.95,,출산/유아동,risk,FIRST_ORDER_ONLY,0
2820,0,0,296,2,18,19,1079670,1,0,0,0,0,0.1,5,자동차,risk,SPENDING_DROP,1
2821,1,0,925,13,4,8,542392,1,0,0,0,0,0.84,,가구/인테리어,normal,,0
2822,1,0,60,7,15,28,828464,0,4,0,0,0,1.14,,자동차,risk,WISHLIST_IDLE,0
2823,0,1,888,9,23,20,1501060,0,0,0,0,0,0.87,,생활용품,risk,MEMBERSHIP_CANCEL,1
2824,0,0,492,0,18,26,663234,0,0,0,0,0,0.8,,패션,normal,,0
2825,0,0,843,12,15,13,423657,0,0,0,0,0,1.07,,생활용품,normal,,0
2826,1,0,64,22,52,1,61214,0,0,0,0,0,1.38,,패션,risk,FIRST_ORDER_ONLY,0
2827,0,0,628,8,5,11,807719,1,0,0,0,0,0.98,4,뷰티,normal,,0
2828,1,0,896,10,13,20,1502220,1,0,0,0,0,0.77,,뷰티,normal,,0
2829,0,0,450,5,14,22,902264,0,0,0,0,0,1.06,,문구/오피스,normal,,0
2830,0,0,791,24,27,8,161856,0,1,0,0,0,0.52,,식품,border,,1
2831,0,0,529,3,13,10,750460,0,0,0,0,0,1.22,3,반려동물,normal,,1
2832,0,0,89,8,9,28,742448,0,0,1,0,0,1.09,,스포츠,normal,,0
2833,0,0,658,10,20,23,1579111,0,0,1,0,0,1.14,,완구/취미,normal,,0
2834,0,0,481,7,30,10,304110,0,0,0,0,0,1.36,4,뷰티,normal,,0
2835,0,0,599,8,25,8,1196304,0,0,0,0,0,0.41,,패션,risk,SPENDING_DROP,0
2836,0,0,371,5,15,17,441235,0,0,0,0,0,1.01,,패션,normal,,0
2837,0,0,314,14,26,13,412334,0,1,0,0,0,0.89,5,스포츠,normal,,1
2838,0,0,76,11,3,8,301240,0,1,0,0,0,0.97,4,가구/인테리어,normal,,0
2839,1,0,60,46,43,1,23031,0,0,0,0,0,1.19,,완구/취미,risk,FIRST_ORDER_ONLY,1
2840,0,0,170,9,27,19,780653,0,0,0,0,0,1.06,,헬스/건강,normal,,0
2841,0,0,72,13,5,8,310544,0,0,1,0,0,1.37,3,가전/디지털,normal,,0
2842,0,0,405,5,2,13,358488,1,0,1,0,0,1.08,4,생활용품,normal,,0
2843,0,0,797,63,78,27,1278855,0,0,0,0,0,0.9,,가전/디지털,risk,LOGIN_INACTIVE,0
2844,0,0,377,6,5,8,570752,0,0,0,0,0,0.93,4,패션,normal,,0
2845,0,0,285,29,24,20,555800,0,0,0,0,0,0.59,,문구/오피스,border,,0
2846,0,0,78,7,24,11,620785,0,1,0,0,0,1.17,,자동차,normal,,1
2847,0,0,337,2,26,14,991032,4,0,0,0,0,0.98,5,문구/오피스,risk,CART_ABANDON,1
2848,0,0,404,2,16,8,503200,0,0,0,0,0,0.91,,스포츠,normal,,0
2849,1,0,289,14,11,8,200840,0,0,0,0,0,1.3,,패션,normal,,0
2850,0,0,248,5,4,7,478520,0,0,1,0,0,0.82,,가구/인테리어,normal,,0
2851,0,0,931,82,85,20,1728640,1,0,0,1,0,1.01,,패션,composite,,1
2852,0,0,190,7,18,22,1287506,0,0,0,0,0,1.13,,생활용품,normal,,0
2853,1,0,878,3,15,16,493840,0,0,0,0,0,1.29,,가전/디지털,normal,,0
2854,0,1,891,11,29,29,1651318,0,0,0,0,0,1.27,,생활용품,risk,MEMBERSHIP_CANCEL,1
2855,0,0,628,2,10,26,1858896,0,0,1,0,0,0.9,,자동차,normal,,0
2856,0,0,367,5,3,6,298014,1,1,1,0,0,1.34,3,스포츠,normal,,1
2857,0,0,772,2,14,5,349460,0,1,1,0,0,1.26,,패션,normal,,0
2858,0,0,840,3,23,23,1692271,0,0,0,0,0,1.35,5,뷰티,normal,,0
2859,0,0,154,77,87,29,1051859,0,1,1,0,0,1.15,5,헬스/건강,risk,LOGIN_INACTIVE,1
2860,0,1,733,10,21,15,619920,1,0,0,0,0,0.36,,식품,risk,SPENDING_DROP,1
2861,0,1,106,20,10,6,181728,0,0,0,0,0,0.82,4,생활용품,risk,MEMBERSHIP_CANCEL,1
2862,1,0,166,4,2,24,1555224,1,0,0,0,0,0.95,,가구/인테리어,normal,,0
2863,0,0,515,13,20,7,142037,0,0,0,0,0,1.02,,뷰티,normal,,1
2864,0,0,822,4,27,22,577720,0,1,0,0,0,0.94,4,출산/유아동,normal,,0
2865,0,0,575,7,18,30,1436280,0,0,0,0,0,1.27,,완구/취미,normal,,0
2866,0,0,992,6,10,28,1714944,0,1,0,0,0,0.96,4,자동차,normal,,0
2867,0,0,674,4,27,19,516097,0,0,0,0,0,1.31,,완구/취미,normal,,0
2868,0,0,331,4,21,18,1599246,0,0,0,0,0,1.15,3,스포츠,normal,,0
2869,1,0,294,6,25,26,1504620,0,1,0,0,0,0.95,,자동차,normal,,0
2870,0,0,913,6,2,4,197516,0,0,0,0,0,0.9,5,식품,normal,,0
2871,0,0,779,1,19,6,155760,1,1,0,0,0,0.81,3,가구/인테리어,risk,CART_ABANDON,0
2872,0,0,606,9,14,4,254212,0,0,0,0,0,0.9,,식품,normal,,0
2873,0,1,457,22,11,5,113970,0,0,1,0,0,1.01,3,생활용품,risk,MEMBERSHIP_CANCEL,1
2874,1,0,957,8,14,13,1144039,0,0,0,0,0,1.05,,출산/유아동,normal,,0
2875,0,1,312,6,27,24,815088,0,0,1,0,0,1.27,,출산/유아동,normal,,1
2876,1,0,831,1,16,4,334952,1,0,0,0,0,1.06,,가구/인테리어,normal,,0
2877,0,0,989,4,21,22,1008832,0,1,1,0,0,1.04,,스포츠,normal,,0
2878,0,0,173,14,30,7,207788,0,0,0,0,0,1.29,,자동차,normal,,1
2879,0,0,344,9,2,5,211555,1,0,0,0,0,1.36,,완구/취미,normal,,0
2880,1,0,425,5,29,29,2187354,0,0,0,0,0,1.18,5,가전/디지털,normal,,0
2881,1,0,739,9,25,13,953758,1,1,0,0,0,0.86,,가구/인테리어,normal,,0
2882,0,0,171,7,26,22,516450,0,0,0,0,0,1.34,5,헬스/건강,normal,,0
2883,0,0,74,45,54,1,24636,0,0,0,0,0,1.22,5,가전/디지털,risk,FIRST_ORDER_ONLY,1
2884,0,1,527,3,5,30,2386890,0,0,0,0,0,1.03,,헬스/건강,normal,,0
2885,1,0,339,8,17,8,319624,1,0,0,0,0,1.11,4,자동차,normal,,0
2886,0,0,926,8,14,18,947955,1,0,0,0,0,0.31,,뷰티,risk,SPENDING_DROP,1
2887,0,0,524,10,4,21,1137780,0,1,1,0,0,0.93,,자동차,normal,,0
2888,0,0,870,1,30,23,831240,1,0,1,0,0,0.2,5,생활용품,risk,SPENDING_DROP,1
2889,0,0,163,7,29,24,1200336,0,0,0,0,0,1.32,,가전/디지털,normal,,0
2890,0,0,457,2,12,7,162470,0,1,0,0,0,0.87,3,생활용품,normal,,0
2891,0,1,828,4,14,15,894255,0,1,0,0,0,1.14,,식품,normal,,0
2892,0,0,164,4,23,4,251784,0,0,1,0,0,1.14,5,스포츠,normal,,0
2893,1,0,316,10,6,11,905476,0,1,0,0,0,1.39,,패션,normal,,0
2894,0,0,825,9,6,16,1079408,0,0,1,0,0,0.79,5,스포츠,normal,,0
2895,0,0,696,34,36,19,284172,1,0,0,0,0,0.38,4,반려동물,composite,,1
2896,0,0,485,1,29,6,481500,0,0,0,0,0,1.25,,문구/오피스,normal,,0
2897,0,0,70,39,52,1,49708,1,1,0,0,0,1.19,,뷰티,composite,,0
2898,0,0,112,12,23,23,1680564,0,0,1,0,0,0.8,,식품,normal,,0
2899,0,0,741,4,18,12,436392,0,1,1,0,0,1.37,,완구/취미,normal,,1
2900,1,0,703,35,59,11,743083,1,0,0,0,0,0.84,4,반려동물,risk,LOGIN_INACTIVE,0
2901,0,0,620,2,30,20,766220,0,0,0,0,0,1.22,3,뷰티,normal,,1
2902,1,0,901,4,5,16,1328080,0,0,1,0,0,1.22,,가구/인테리어,risk,COUPON_EXPIRING,0
2903,0,0,254,6,10,8,282016,0,0,0,0,0,1.08,5,완구/취미,normal,,0
2904,0,0,994,10,21,14,401324,0,2,0,0,0,1.29,,반려동물,risk,WISHLIST_IDLE,0
2905,0,0,860,9,23,11,317636,0,2,0,0,0,1.39,,가전/디지털,risk,WISHLIST_IDLE,0
2906,1,0,981,8,6,29,2109228,0,1,0,0,1,1.33,1,가구/인테리어,risk,BAD_EXPERIENCE,1
2907,0,0,326,9,29,22,1365276,0,0,0,0,0,0.87,4,식품,normal,,0
2908,1,0,484,12,10,23,1238182,0,0,0,0,0,0.91,3,가전/디지털,normal,,0
2909,0,0,704,6,26,27,2079459,0,1,1,0,0,0.8,,스포츠,normal,,1
2910,0,0,287,3,3,29,2199563,0,0,0,0,0,0.96,,가구/인테리어,normal,,1
2911,0,0,550,10,28,19,1211630,1,0,0,0,0,1.26,,스포츠,risk,CART_ABANDON,0
2912,0,0,57,30,43,1,44923,0,1,0,0,0,1.35,,가전/디지털,composite,,0
2913,0,0,179,6,7,9,648126,0,0,0,0,0,0.96,5,스포츠,normal,,1
2914,1,0,65,37,50,16,35633,0,0,3,0,0,0.39,4,뷰티,composite,,1
2915,0,0,414,1,20,28,1095976,0,0,0,0,0,0.8,,생활용품,normal,,0
2916,0,0,751,3,14,19,1515725,0,0,0,0,0,1.37,4,스포츠,normal,,0
2917,0,0,728,3,29,16,1224048,2,0,1,0,0,0.94,3,가구/인테리어,risk,CART_ABANDON,1
2918,0,0,91,12,2,10,256310,0,1,0,0,0,1.37,3,식품,normal,,0
2919,1,0,209,9,7,26,1381302,1,0,0,0,0,0.9,,자동차,normal,,0
2920,1,0,945,2,27,30,1035000,0,0,0,0,0,1.09,,스포츠,normal,,0
2921,1,0,235,10,16,6,300504,0,1,0,0,0,0.94,,출산/유아동,normal,,0
2922,0,0,212,2,2,15,1227855,0,0,0,0,0,0.76,5,스포츠,normal,,0
2923,0,0,201,8,17,13,691743,0,0,0,0,0,0.85,,출산/유아동,normal,,1
2924,0,0,774,6,26,23,1091074,0,0,0,0,0,1.23,4,출산/유아동,normal,,0
2925,1,0,421,5,4,14,315742,0,0,0,0,0,1.08,4,가구/인테리어,normal,,0
2926,0,0,370,11,19,23,1231535,0,0,1,0,0,0.89,,패션,normal,,0
2927,0,0,73,3,15,5,107035,1,0,0,0,0,0.77,4,가구/인테리어,normal,,0
2928,0,0,729,8,9,27,549963,0,0,0,0,0,0.84,,자동차,normal,,0
2929,0,0,715,4,8,30,2396580,0,0,0,0,0,1.03,,스포츠,normal,,0
2930,0,1,204,6,19,22,526878,1,0,0,0,0,1.01,,문구/오피스,risk,MEMBERSHIP_CANCEL,1
2931,1,0,920,14,27,17,1289824,0,1,0,0,0,1.19,,반려동물,normal,,0
2932,0,0,314,3,29,4,80752,0,0,0,0,0,1.36,,반려동물,normal,,0
2933,0,0,161,6,14,16,873440,0,0,0,0,0,0.94,4,헬스/건강,normal,,1
2934,1,0,812,40,58,29,684400,0,0,0,0,0,1.01,3,출산/유아동,risk,LOGIN_INACTIVE,0
2935,0,0,910,11,7,17,1489149,0,0,0,0,0,0.98,,패션,normal,,0
2936,0,0,897,0,22,14,1028580,0,1,1,0,0,1.23,,가전/디지털,risk,COUPON_EXPIRING,0
2937,0,0,397,13,7,7,444073,0,0,0,0,0,0.84,4,가구/인테리어,normal,,0
2938,0,0,46,37,38,1,49866,0,0,1,0,0,1.17,3,완구/취미,risk,FIRST_ORDER_ONLY,1
2939,0,0,118,11,29,25,1623132,0,0,1,0,0,0.32,4,생활용품,risk,SPENDING_DROP,0
2940,0,0,107,12,5,15,470925,0,0,0,0,0,0.96,,식품,normal,,1
2941,0,0,762,6,28,20,875980,0,0,0,0,0,0.87,,가구/인테리어,normal,,0
2942,1,0,286,1,16,5,281115,0,0,0,0,0,0.92,,뷰티,normal,,0
2943,0,0,881,1,19,15,1297770,4,0,0,0,0,1.29,3,출산/유아동,risk,CART_ABANDON,0
2944,0,1,970,14,28,29,1756414,0,0,0,0,0,1.33,,생활용품,risk,MEMBERSHIP_CANCEL,0
2945,0,0,396,11,26,26,1525368,0,0,1,0,0,0.78,,자동차,normal,,0
2946,0,0,48,27,34,1,21568,0,0,0,0,0,1.39,,가구/인테리어,risk,FIRST_ORDER_ONLY,1
2947,1,0,876,4,9,22,492822,4,0,0,0,0,1.38,5,자동차,risk,CART_ABANDON,0
2948,1,0,845,13,23,14,470974,0,0,0,0,0,1.39,,패션,normal,,0
2949,0,1,603,8,16,15,376620,0,0,0,0,0,1.35,,반려동물,risk,MEMBERSHIP_CANCEL,1
2950,0,0,179,12,8,9,417600,0,0,0,0,0,0.79,,헬스/건강,normal,,0
2951,0,0,260,4,16,20,1534080,0,0,0,0,0,1.16,,헬스/건강,normal,,0
2952,0,0,660,9,25,20,995800,0,1,0,0,0,1.0,,가구/인테리어,normal,,0
2953,0,0,818,1,25,7,366086,0,0,0,0,0,1.06,4,스포츠,normal,,0
2954,1,0,189,7,5,23,1449874,0,1,1,0,0,1.31,3,반려동물,normal,,0
2955,0,0,276,8,23,11,920348,0,1,0,0,0,1.32,,가전/디지털,normal,,0
2956,0,0,585,5,25,8,696976,0,0,0,0,0,1.25,,생활용품,normal,,0
2957,0,0,300,9,16,28,2013032,0,0,1,2,0,1.12,,자동차,risk,BAD_EXPERIENCE,1
2958,1,0,302,7,20,19,1088662,0,1,1,0,0,1.36,,가구/인테리어,normal,,0
2959,0,1,903,4,27,24,1350384,0,0,0,1,1,0.91,,완구/취미,risk,BAD_EXPERIENCE,0
2960,0,0,930,0,16,7,509740,0,1,0,0,0,0.84,,패션,normal,,0
2961,1,0,849,14,12,24,1375920,0,0,0,0,0,0.98,,자동차,normal,,0
2962,0,0,171,11,14,22,529364,1,0,0,0,0,1.13,3,가전/디지털,normal,,0
2963,0,0,274,14,21,20,1751940,0,0,0,0,0,1.12,3,출산/유아동,normal,,0
2964,1,0,533,12,21,5,381275,0,1,2,1,2,1.24,,반려동물,composite,,0
2965,0,0,903,3,11,13,326352,0,1,0,0,0,1.4,4,자동차,normal,,0
2966,0,0,746,1,27,24,1945800,0,0,1,0,0,1.2,4,헬스/건강,normal,,0
2967,0,0,383,10,2,10,203420,0,0,0,0,0,0.85,,스포츠,normal,,0
2968,0,0,262,11,24,10,856730,0,0,1,0,0,1.02,5,자동차,normal,,0
2969,0,0,678,5,6,22,1400300,0,0,0,0,0,0.81,5,문구/오피스,normal,,0
2970,0,0,901,9,27,10,571656,3,1,0,0,0,0.3,,패션,composite,,1
2971,0,0,203,2,9,10,551060,0,0,0,0,0,1.15,,생활용품,normal,,0
2972,0,0,659,3,24,5,333920,0,0,0,0,0,1.39,4,완구/취미,normal,,0
2973,0,0,97,0,15,17,279056,0,0,0,0,0,0.42,,반려동물,risk,SPENDING_DROP,1
2974,0,0,340,29,21,22,1569282,0,0,0,0,0,0.64,,가전/디지털,border,,0
2975,0,0,549,88,92,8,174960,0,0,0,0,0,1.01,5,가구/인테리어,risk,LOGIN_INACTIVE,0
2976,0,0,950,2,19,9,459405,0,0,2,0,0,0.94,3,식품,risk,COUPON_EXPIRING,1
2977,0,0,771,29,25,21,432012,1,0,0,0,0,0.51,,반려동물,border,,0
2978,0,0,277,11,12,17,1295247,0,0,0,0,0,1.14,,완구/취미,normal,,0
2979,0,0,379,14,27,25,1209050,0,0,0,0,0,1.39,,스포츠,normal,,0
2980,0,0,800,9,3,22,1197944,0,0,0,0,0,0.87,,가전/디지털,normal,,0
2981,0,0,904,3,14,27,1874286,0,1,1,0,0,1.37,4,뷰티,normal,,0
2982,1,0,971,14,20,17,378692,0,0,0,0,0,1.12,4,가전/디지털,normal,,0
2983,1,0,405,10,2,15,1087230,0,0,0,0,0,1.17,5,가구/인테리어,normal,,1
2984,1,0,84,4,25,18,518382,2,0,0,0,0,0.79,4,식품,risk,CART_ABANDON,0
2985,0,0,686,0,16,13,1003626,0,1,3,0,0,1.0,,반려동물,risk,COUPON_EXPIRING,0
2986,1,0,624,10,8,29,306906,0,1,0,0,0,0.39,,생활용품,risk,SPENDING_DROP,0
2987,0,0,221,9,14,23,902267,0,1,0,0,0,1.06,,출산/유아동,normal,,0
2988,0,1,237,10,15,9,229689,1,1,0,0,0,0.84,,출산/유아동,risk,MEMBERSHIP_CANCEL,1
2989,0,0,534,7,25,24,1359936,0,0,0,0,0,1.15,,식품,normal,,0
2990,0,0,562,23,22,14,1096396,0,1,1,0,0,0.52,,가구/인테리어,border,,1
2991,0,0,590,13,24,25,584500,1,1,0,0,0,1.38,3,문구/오피스,normal,,0
2992,0,0,114,14,11,21,1132026,0,0,0,0,0,0.96,,패션,normal,,0
2993,0,0,962,26,24,27,1985121,0,0,1,0,0,0.57,5,완구/취미,border,,1
2994,1,0,702,4,28,26,1687660,0,0,0,0,0,1.05,,자동차,normal,,0
2995,0,0,540,7,19,12,650304,0,0,0,0,0,1.14,,스포츠,normal,,0
2996,0,0,385,7,16,17,1360850,0,5,0,0,0,0.84,,생활용품,risk,WISHLIST_IDLE,1
2997,0,0,572,9,16,20,801480,0,0,0,0,0,1.27,5,반려동물,normal,,0
2998,1,0,584,12,6,8,580528,0,0,0,0,0,1.0,5,완구/취미,normal,,0
2999,0,0,508,0,2,7,453418,0,0,0,0,0,1.36,3,식품,normal,,1
3000,0,0,402,6,25,5,360710,0,0,0,0,0,1.2,,자동차,normal,,0
3001,0,0,471,6,11,24,1964616,1,0,0,0,0,0.79,3,반려동물,normal,,1
3002,0,0,656,8,8,18,650682,1,0,1,0,0,0.84,,자동차,normal,,0
3003,0,0,429,3,13,25,1384900,0,0,0,0,0,1.12,,자동차,normal,,0
3004,0,0,691,8,23,6,325800,0,0,0,0,0,1.21,4,문구/오피스,normal,,0
3005,0,0,61,11,18,19,1377101,0,1,0,0,0,0.78,,생활용품,normal,,0
3006,1,0,724,1,25,18,489312,0,0,0,0,0,0.9,4,완구/취미,normal,,0
3007,1,0,652,5,25,21,1638336,0,0,0,0,0,1.34,5,자동차,normal,,0
3008,0,0,145,83,86,17,1069793,4,0,1,0,0,1.12,3,패션,composite,,1
3009,0,0,628,24,29,19,449920,0,0,0,0,0,0.57,4,식품,border,,0
3010,0,0,840,14,22,25,1252475,0,0,0,0,0,0.76,4,스포츠,normal,,1
3011,1,0,236,9,30,25,2042275,0,0,0,0,0,0.92,3,가구/인테리어,normal,,1
3012,1,0,750,11,22,18,1147428,0,1,0,0,0,1.14,5,가전/디지털,normal,,0
3013,0,0,522,74,93,27,1440315,0,0,0,0,0,1.18,,문구/오피스,risk,LOGIN_INACTIVE,1
3014,0,0,819,4,23,28,1168328,0,0,0,0,0,0.98,5,뷰티,normal,,0
3015,0,0,276,7,11,27,679239,1,0,1,0,0,0.81,,뷰티,normal,,0
3016,0,0,304,7,26,10,501160,1,0,0,0,0,1.01,4,자동차,normal,,0
3017,0,0,849,12,23,22,1729794,0,0,0,0,0,0.99,,출산/유아동,normal,,0
3018,0,0,917,8,12,4,260092,0,0,0,0,0,0.95,,완구/취미,normal,,0
3019,0,0,107,12,13,25,2207075,0,0,0,0,0,0.8,,문구/오피스,normal,,0
3020,0,1,662,41,50,12,1050816,0,1,0,0,0,1.08,,뷰티,risk,LOGIN_INACTIVE,1
3021,0,0,106,58,64,27,2112021,0,0,0,0,0,1.13,3,헬스/건강,risk,LOGIN_INACTIVE,1
3022,1,0,324,1,26,9,467226,1,1,0,0,0,0.82,5,식품,risk,CART_ABANDON,0
3023,0,0,118,26,26,26,2285530,0,0,0,0,0,0.63,5,식품,border,,0
3024,1,0,627,29,26,23,1429220,0,1,0,0,0,0.52,,패션,border,,1
3025,0,0,274,65,65,25,1987525,0,0,0,0,0,1.36,,문구/오피스,risk,LOGIN_INACTIVE,1
3026,1,0,100,14,6,28,1102416,0,0,0,0,0,1.15,,가전/디지털,normal,,0
3027,1,0,738,67,83,19,401546,0,0,0,0,0,0.86,,스포츠,risk,LOGIN_INACTIVE,0
3028,0,0,870,8,29,19,633954,0,0,0,0,0,1.24,,식품,normal,,0
3029,0,0,541,10,10,13,737165,0,0,0,0,0,1.13,,출산/유아동,normal,,0
3030,0,0,166,7,25,18,954702,0,1,1,0,0,0.8,4,가구/인테리어,normal,,0
3031,0,0,140,7,7,17,1451953,0,0,0,0,0,1.27,3,완구/취미,normal,,0
3032,0,0,912,64,84,23,1737673,0,1,0,0,0,1.35,,가전/디지털,risk,LOGIN_INACTIVE,1
3033,0,0,525,9,19,23,2041894,0,0,0,0,0,0.96,,출산/유아동,normal,,0
3034,0,1,964,7,26,12,703848,1,0,0,0,0,1.35,,스포츠,risk,MEMBERSHIP_CANCEL,1
3035,0,0,655,11,8,27,2012013,1,1,0,0,0,1.38,,반려동물,normal,,0
3036,0,0,246,11,16,17,1081710,0,0,0,0,0,0.89,,스포츠,normal,,1
3037,1,0,977,3,18,16,377072,0,1,1,0,0,1.09,,가전/디지털,normal,,0
3038,1,0,361,7,21,29,1501388,0,0,0,0,0,0.83,,패션,normal,,0
3039,0,0,428,6,19,19,436194,0,0,2,0,0,0.06,4,완구/취미,composite,,0
3040,0,1,318,17,2,23,1412844,1,0,0,0,0,1.21,,출산/유아동,risk,MEMBERSHIP_CANCEL,1
3041,0,0,366,89,109,24,646272,0,0,0,0,0,1.28,4,가구/인테리어,risk,LOGIN_INACTIVE,1
3042,0,0,828,14,17,26,749710,0,0,0,0,0,0.94,,스포츠,normal,,1
3043,0,0,488,3,29,15,423120,0,0,0,0,0,0.89,,가구/인테리어,normal,,0
3044,0,0,54,19,44,1,61785,0,0,0,0,0,0.78,5,생활용품,risk,FIRST_ORDER_ONLY,0
3045,0,0,963,4,13,26,2260232,0,0,0,0,0,1.03,4,생활용품,normal,,0
3046,0,0,913,4,4,26,2301910,1,0,1,0,0,1.19,,스포츠,normal,,0
3047,0,0,406,2,4,9,382131,1,0,0,0,0,1.03,5,자동차,normal,,0
3048,1,0,993,14,12,5,278590,0,1,0,0,0,1.24,,뷰티,normal,,0
3049,0,0,609,8,30,9,364401,1,1,1,0,0,1.04,,생활용품,normal,,1
3050,0,0,396,65,82,5,258950,0,0,0,0,0,1.28,5,문구/오피스,risk,LOGIN_INACTIVE,1
3051,0,0,153,12,25,18,755370,0,4,3,0,1,1.31,3,식품,composite,,1
3052,1,0,458,2,15,13,1350132,0,0,0,0,0,0.06,2,뷰티,risk,SPENDING_DROP,1
3053,0,0,66,8,17,8,630632,0,1,0,0,0,0.8,5,자동차,normal,,0
3054,0,0,67,6,7,27,1345302,0,0,0,0,0,1.28,,뷰티,normal,,0
3055,0,0,834,10,24,28,1911588,0,0,0,0,0,0.88,,가전/디지털,normal,,0
3056,0,0,192,13,27,24,1904736,0,0,0,0,0,0.92,,자동차,normal,,0
3057,0,0,407,8,13,10,815790,0,1,0,0,0,0.89,,가구/인테리어,normal,,0
3058,0,0,745,13,6,24,1015440,0,1,1,0,0,1.35,,반려동물,normal,,0
3059,0,0,379,11,7,4,213468,0,0,0,0,0,0.97,,뷰티,normal,,0
3060,0,0,990,6,18,13,639860,1,0,1,0,0,1.39,,스포츠,normal,,0
3061,0,0,99,4,5,24,807144,0,1,0,0,0,1.37,,식품,normal,,0
3062,0,0,867,9,15,15,861285,0,0,2,0,0,1.0,5,문구/오피스,risk,COUPON_EXPIRING,1
3063,0,0,683,0,11,16,904128,0,1,0,0,0,1.19,,생활용품,normal,,0
3064,1,0,824,24,28,19,846716,0,0,0,0,0,0.59,3,반려동물,border,,0
3065,0,0,607,7,24,15,1160550,0,0,0,0,0,0.86,5,헬스/건강,normal,,0
3066,0,0,689,4,12,25,1414375,1,0,0,0,0,0.3,,가구/인테리어,risk,SPENDING_DROP,0
3067,0,0,271,0,4,14,516292,1,0,1,0,0,0.91,,패션,normal,,0
3068,0,0,89,11,5,20,1032600,0,0,0,0,0,1.24,,가구/인테리어,normal,,0
3069,0,0,617,80,82,8,533136,0,0,0,0,0,1.33,4,문구/오피스,risk,LOGIN_INACTIVE,1
3070,0,0,613,10,2,5,176655,0,0,0,0,0,1.29,,문구/오피스,normal,,0
3071,0,0,393,6,16,10,227750,0,0,0,0,0,1.08,,헬스/건강,normal,,0
3072,0,0,132,5,14,18,1223064,0,0,3,0,0,1.2,4,식품,risk,COUPON_EXPIRING,1
3073,0,0,979,4,13,25,2120825,0,0,0,0,0,1.38,3,식품,normal,,0
3074,0,0,972,5,12,4,205824,0,0,0,0,0,1.16,5,뷰티,normal,,0
3075,0,0,177,4,18,18,1220076,1,1,0,0,0,0.8,,생활용품,normal,,0
3076,0,0,699,20,27,11,671198,0,1,1,0,0,0.63,3,패션,border,,0
3077,0,0,602,10,18,28,1161972,0,0,0,0,0,0.81,,가전/디지털,normal,,0
3078,0,0,684,10,24,6,265464,0,1,0,0,0,0.94,,패션,normal,,0
3079,0,0,387,2,3,13,608465,0,1,0,0,0,1.16,4,출산/유아동,normal,,0
3080,0,0,697,14,10,28,2260048,0,0,0,0,0,0.84,,반려동물,normal,,0
3081,0,0,253,13,25,5,337485,0,0,0,0,0,0.81,4,식품,normal,,0
3082,0,1,815,16,30,9,517059,0,0,0,0,0,1.4,4,식품,risk,MEMBERSHIP_CANCEL,0
3083,0,0,356,10,28,11,251790,0,0,0,0,0,0.81,,식품,normal,,1
3084,0,1,982,0,13,21,873516,0,0,0,0,0,0.79,4,식품,normal,,0
3085,1,0,349,14,28,4,330844,0,0,0,0,0,1.34,4,스포츠,normal,,0
3086,1,0,985,2,12,11,656117,0,0,1,0,0,0.81,,생활용품,normal,,0
3087,0,0,176,3,27,29,1730198,0,0,0,0,0,1.27,4,반려동물,normal,,0
3088,0,0,435,7,4,26,1208818,0,0,0,0,0,1.2,3,가구/인테리어,normal,,0
3089,0,0,497,8,15,18,565686,0,0,1,0,0,0.83,,문구/오피스,normal,,0
3090,1,0,214,0,26,7,291774,0,1,0,0,0,1.08,,반려동물,normal,,0
3091,0,0,100,1,11,11,660198,0,0,0,0,0,1.14,,뷰티,normal,,0
3092,0,1,618,9,18,21,613305,0,0,0,0,0,0.98,3,완구/취미,risk,MEMBERSHIP_CANCEL,1
3093,0,0,904,3,5,7,173117,2,0,2,0,0,0.96,,헬스/건강,composite,,1
3094,1,0,468,27,21,24,1424952,1,0,0,0,0,0.5,,자동차,border,,1
3095,1,0,282,11,19,24,770160,0,1,0,0,0,1.06,5,출산/유아동,normal,,0
3096,1,0,388,13,29,13,119770,0,0,0,0,0,0.4,,패션,risk,SPENDING_DROP,0
3097,1,0,878,4,20,12,818616,0,1,0,0,0,1.33,,가구/인테리어,normal,,0
3098,1,0,848,6,13,19,524514,0,0,0,0,0,1.21,5,문구/오피스,normal,,0
3099,1,0,784,13,22,15,1202880,0,0,1,0,0,1.24,,생활용품,risk,COUPON_EXPIRING,0
3100,1,0,86,13,8,16,1363248,1,0,0,0,0,1.17,,스포츠,normal,,0
3101,0,0,822,12,3,12,1533675,0,0,0,0,0,0.06,,출산/유아동,risk,SPENDING_DROP,0
3102,0,0,937,20,20,28,1951348,1,0,0,0,0,0.55,,스포츠,border,,1
3103,1,0,347,6,21,23,1656506,0,0,1,0,0,0.84,3,출산/유아동,normal,,0
3104,0,0,313,3,24,28,2252656,0,0,0,0,0,0.96,,식품,normal,,0
3105,0,0,69,12,2,30,2548290,1,0,0,0,0,1.11,,생활용품,normal,,1
3106,0,0,315,28,27,10,590910,0,0,0,0,0,0.54,,헬스/건강,border,,1
3107,0,0,614,11,18,26,1176682,0,0,0,0,0,0.97,3,생활용품,normal,,1
3108,0,0,65,13,20,27,2284281,0,0,1,0,0,1.34,,헬스/건강,normal,,0
3109,0,0,769,2,23,30,2069970,0,0,0,0,0,0.96,,식품,normal,,0
3110,0,0,54,56,84,1,37025,1,1,0,1,1,1.38,1,문구/오피스,composite,,1
3111,0,0,921,10,8,22,859166,1,0,0,0,0,1.2,,식품,normal,,0
3112,0,0,321,7,13,17,1496170,0,0,3,0,0,1.09,,뷰티,risk,COUPON_EXPIRING,0
3113,0,1,788,6,5,19,1358443,0,0,0,0,0,1.01,,가구/인테리어,risk,MEMBERSHIP_CANCEL,0
3114,0,0,400,5,30,18,757908,0,0,0,0,0,0.92,3,패션,normal,,0
3115,0,0,369,59,64,20,671140,0,0,0,0,0,0.8,4,가전/디지털,risk,LOGIN_INACTIVE,0
3116,0,0,175,11,11,21,1009512,0,1,0,0,0,1.1,,문구/오피스,normal,,0
3117,0,0,164,4,14,29,168483,1,1,0,0,0,0.12,4,자동차,risk,SPENDING_DROP,0
3118,1,0,82,12,12,27,1749222,0,0,0,0,0,0.98,3,가전/디지털,normal,,0
3119,0,0,239,11,14,12,1027644,1,0,0,0,0,1.35,,가구/인테리어,normal,,0
3120,0,1,925,24,17,28,2219112,0,0,0,0,0,0.94,,식품,risk,MEMBERSHIP_CANCEL,1
3121,0,0,707,10,12,12,681672,1,1,0,0,0,1.02,3,스포츠,normal,,0
3122,0,0,50,48,38,1,29639,1,0,3,0,0,1.17,,식품,composite,,1
3123,0,0,988,4,23,19,693044,0,0,0,0,0,1.25,4,문구/오피스,normal,,0
3124,0,0,953,12,8,27,1922211,0,0,0,0,0,1.26,,문구/오피스,normal,,0
3125,1,0,654,5,28,5,395555,0,0,0,0,0,0.77,,출산/유아동,normal,,0
3126,0,0,679,9,4,26,1904916,0,1,0,0,0,0.82,,문구/오피스,normal,,0
3127,1,0,481,12,24,10,540290,1,0,1,0,0,0.91,4,패션,normal,,0
3128,0,0,600,6,10,30,1669560,1,0,0,0,0,1.05,,문구/오피스,risk,CART_ABANDON,0
3129,0,0,889,7,20,9,570132,0,0,1,0,0,0.83,,반려동물,normal,,0
3130,0,0,245,9,13,29,1549586,0,2,0,0,0,0.96,4,뷰티,risk,WISHLIST_IDLE,0
3131,0,0,146,11,26,30,2471610,0,0,0,0,0,1.03,,문구/오피스,normal,,0
3132,1,0,411,87,116,19,399304,1,0,1,0,0,1.23,4,생활용품,risk,LOGIN_INACTIVE,0
3133,0,0,945,1,22,16,2042716,0,0,0,0,0,0.33,,헬스/건강,risk,SPENDING_DROP,0
3134,1,0,248,4,12,22,778932,4,0,0,0,0,1.29,,문구/오피스,risk,CART_ABANDON,1
3135,0,0,586,9,17,27,862380,0,0,0,0,0,0.81,5,완구/취미,normal,,0
3136,0,0,536,8,5,4,145768,0,0,0,0,0,0.97,,패션,normal,,1
3137,0,0,136,11,25,16,822064,0,0,1,0,0,1.37,5,반려동물,normal,,0
3138,0,0,368,5,11,22,699116,2,1,0,0,0,1.21,,가전/디지털,risk,CART_ABANDON,0
3139,0,0,419,12,6,26,1208350,0,3,0,0,0,1.28,,가전/디지털,risk,WISHLIST_IDLE,1
3140,0,0,734,7,20,16,581488,0,0,0,0,0,1.33,,헬스/건강,normal,,0
3141,0,0,340,10,16,16,1310592,0,0,0,0,0,0.83,5,문구/오피스,normal,,0
3142,0,0,806,64,89,27,2396817,1,1,1,0,0,1.19,4,패션,risk,LOGIN_INACTIVE,1
3143,0,0,344,1,25,23,466095,0,3,2,0,0,1.02,3,뷰티,composite,,0
3144,0,0,789,10,4,16,536144,1,1,2,0,0,1.24,,문구/오피스,risk,COUPON_EXPIRING,0
3145,0,0,879,4,7,15,893700,1,0,1,0,0,1.28,,헬스/건강,normal,,0
3146,0,0,588,14,19,25,1602575,1,0,0,0,0,1.22,3,문구/오피스,normal,,0
3147,0,0,359,8,23,19,1614164,0,0,0,0,0,1.33,,완구/취미,normal,,0
3148,1,0,210,5,9,6,1022880,0,0,0,0,0,0.36,3,헬스/건강,risk,SPENDING_DROP,0
3149,1,0,227,12,7,21,1537998,0,1,0,0,0,1.02,,가구/인테리어,normal,,0
3150,0,0,481,11,2,16,631216,0,0,0,0,0,0.88,4,패션,normal,,0
3151,0,0,908,9,22,10,673170,0,0,0,0,0,1.29,4,출산/유아동,normal,,0
3152,0,0,196,1,26,20,403040,0,0,1,0,0,1.06,3,자동차,normal,,0
3153,0,0,835,11,20,30,683250,0,1,0,0,0,1.25,,문구/오피스,normal,,0
3154,0,0,706,8,26,20,1492900,1,0,0,0,0,1.27,,자동차,normal,,0
3155,0,0,290,2,3,22,1878052,0,0,0,0,0,1.12,5,생활용품,normal,,0
3156,0,0,300,4,18,20,1111240,0,0,0,0,0,1.07,,생활용품,normal,,0
3157,1,0,613,4,29,13,957528,4,0,0,0,0,0.79,,스포츠,risk,CART_ABANDON,0
3158,0,0,944,4,27,25,1615125,0,0,0,0,0,1.01,5,문구/오피스,normal,,0
3159,1,0,342,9,26,25,2170600,4,0,1,0,0,0.93,,가구/인테리어,risk,CART_ABANDON,0
3160,0,0,63,13,27,11,379335,0,0,0,0,0,0.12,,식품,risk,SPENDING_DROP,0
3161,0,0,686,3,3,16,774464,0,0,0,0,0,1.34,4,가구/인테리어,normal,,0
3162,0,0,235,14,13,15,1171560,0,0,2,0,0,1.24,,완구/취미,risk,COUPON_EXPIRING,1
3163,0,0,853,13,10,28,703920,0,0,0,0,0,1.08,5,스포츠,normal,,0
3164,0,0,722,2,10,8,647568,0,0,0,0,0,0.97,3,뷰티,normal,,1
3165,1,0,264,7,26,21,488040,0,0,1,0,0,1.32,4,자동차,normal,,0
3166,0,0,800,14,26,16,1176032,0,0,0,0,1,1.03,2,자동차,risk,BAD_EXPERIENCE,0
3167,0,0,213,8,13,8,579688,0,2,0,0,0,1.05,,가전/디지털,risk,WISHLIST_IDLE,0
3168,0,0,750,2,7,19,1219287,0,0,0,0,0,1.28,,반려동물,normal,,0
3169,1,0,542,13,26,26,701298,0,0,0,0,0,1.18,4,자동차,normal,,0
3170,0,0,977,0,8,12,941136,0,0,3,0,0,1.25,,가구/인테리어,risk,COUPON_EXPIRING,0
3171,0,0,707,10,19,7,612178,0,0,0,0,0,1.25,4,가전/디지털,normal,,0
3172,1,0,190,5,22,6,502884,1,0,0,0,0,1.05,3,가구/인테리어,normal,,0
3173,0,0,163,9,18,18,1236906,0,0,0,0,0,1.37,,가구/인테리어,normal,,0
3174,0,0,44,34,40,1,56732,1,0,0,0,0,0.99,,헬스/건강,risk,FIRST_ORDER_ONLY,1
3175,1,0,436,7,23,7,344099,0,0,0,0,0,0.77,,스포츠,normal,,0
3176,0,0,790,2,22,10,790220,0,1,1,0,0,1.03,3,반려동물,normal,,0
3177,0,0,431,9,8,20,1089620,0,0,1,0,0,0.89,,반려동물,normal,,0
3178,1,0,645,0,9,29,2316375,0,0,1,0,0,1.19,,출산/유아동,normal,,0
3179,1,0,943,3,23,20,953700,0,0,0,0,0,0.81,5,자동차,normal,,0
3180,0,0,443,12,20,20,1502580,1,0,0,0,0,1.19,5,스포츠,normal,,0
3181,0,0,90,2,12,27,581337,0,0,1,0,0,1.17,,생활용품,normal,,0
3182,1,0,713,10,26,16,397216,0,0,1,0,0,1.07,,출산/유아동,normal,,0
3183,1,0,155,13,11,19,1704604,0,0,0,0,0,1.22,5,스포츠,normal,,0
3184,0,0,971,11,2,6,301752,0,0,0,0,0,1.06,,생활용품,normal,,0
3185,0,0,216,1,12,9,595782,0,0,1,0,0,1.04,4,출산/유아동,risk,COUPON_EXPIRING,0
3186,0,0,752,6,9,22,1181554,0,1,0,0,0,0.88,,식품,normal,,0
3187,0,0,416,5,27,22,1264692,0,0,0,0,1,0.99,,자동차,risk,BAD_EXPERIENCE,0
3188,0,0,585,7,8,5,120520,0,0,0,0,0,1.18,,생활용품,normal,,0
3189,1,0,63,28,54,1,32283,0,0,1,0,0,0.86,5,식품,composite,,1
3190,0,0,522,4,20,20,960520,0,0,0,0,0,0.75,,패션,normal,,0
3191,0,0,654,1,3,7,149520,0,0,0,0,0,1.38,,자동차,normal,,0
3192,0,0,68,45,52,1,35913,0,0,0,0,0,1.25,,스포츠,risk,FIRST_ORDER_ONLY,0
3193,0,1,688,22,22,15,849300,0,1,0,0,0,1.26,3,자동차,risk,MEMBERSHIP_CANCEL,1
3194,0,0,83,9,8,25,2124125,0,0,1,0,0,1.25,,생활용품,normal,,0
3195,0,0,62,42,44,1,45638,0,0,0,0,0,0.91,3,생활용품,risk,FIRST_ORDER_ONLY,0
3196,0,0,367,4,17,30,1439130,0,1,0,0,0,1.25,5,출산/유아동,normal,,0
3197,0,0,822,12,27,5,313370,0,1,0,0,0,0.97,3,완구/취미,normal,,0
3198,0,0,413,14,4,17,766428,0,0,0,0,0,1.04,,패션,normal,,0
3199,0,0,667,8,26,6,515148,0,0,0,0,0,0.92,4,뷰티,normal,,0
3200,0,0,39,24,32,1,52384,0,0,0,0,0,0.85,,완구/취미,risk,FIRST_ORDER_ONLY,1
3201,0,0,583,13,20,5,355545,0,1,1,0,0,0.86,,헬스/건강,normal,,1
3202,0,0,365,38,43,11,554774,0,0,0,0,0,0.86,,패션,risk,LOGIN_INACTIVE,0
3203,1,0,164,10,13,30,2129100,0,0,0,0,0,0.75,4,식품,normal,,0
3204,0,0,106,3,12,21,1274217,1,0,0,0,0,1.34,4,뷰티,risk,CART_ABANDON,1
3205,0,0,472,1,16,19,1067838,2,0,1,0,0,1.18,5,반려동물,composite,,0
3206,0,0,406,0,26,29,1483669,0,1,0,0,0,0.95,,생활용품,normal,,0
3207,0,0,624,0,15,15,1288365,1,0,0,0,0,1.34,4,생활용품,risk,CART_ABANDON,0
3208,0,0,908,4,5,29,1772973,0,0,0,0,0,0.84,3,뷰티,normal,,0
3209,1,0,485,20,20,21,1524012,0,1,0,0,0,0.53,3,헬스/건강,border,,0
3210,0,0,864,13,17,14,634186,0,0,1,0,0,1.32,,뷰티,normal,,1
3211,0,0,248,13,11,6,398250,1,0,0,0,0,1.34,,가구/인테리어,normal,,0
3212,1,0,116,6,25,21,669417,0,0,0,0,0,0.83,,식품,normal,,0
3213,0,1,700,21,25,16,1103648,0,0,0,0,0,0.81,,출산/유아동,risk,MEMBERSHIP_CANCEL,0
3214,0,0,913,14,20,11,813703,0,0,0,0,0,1.18,4,자동차,normal,,0
3215,0,0,554,0,19,6,129018,0,0,0,0,0,1.3,5,가구/인테리어,normal,,0
3216,0,0,226,12,28,26,1766050,0,1,0,0,0,1.14,,반려동물,normal,,1
3217,0,0,217,9,9,6,283212,0,0,0,0,0,1.12,,패션,normal,,1
3218,0,0,198,0,20,9,492822,0,0,3,0,0,0.89,,완구/취미,risk,COUPON_EXPIRING,1
3219,0,0,542,7,13,6,530634,0,0,0,0,0,0.92,,완구/취미,normal,,0
3220,0,1,457,7,5,4,115804,0,1,1,0,0,1.34,,문구/오피스,risk,MEMBERSHIP_CANCEL,1
3221,0,0,93,10,9,27,750708,1,0,1,0,0,1.36,,반려동물,normal,,0
3222,0,0,385,7,23,17,547893,0,0,0,0,0,1.29,,문구/오피스,normal,,0
3223,0,0,64,29,58,1,40149,0,0,0,0,0,1.17,,출산/유아동,risk,FIRST_ORDER_ONLY,0
3224,0,0,246,5,13,5,432900,0,0,1,0,0,0.79,5,뷰티,normal,,0
3225,0,0,214,3,5,29,1661352,0,0,0,0,0,1.18,4,생활용품,normal,,0
3226,0,0,777,9,29,20,676440,0,1,0,0,0,1.16,,생활용품,normal,,0
3227,0,0,841,40,64,22,579568,1,0,0,0,0,0.81,,뷰티,risk,LOGIN_INACTIVE,0
3228,0,0,922,3,27,5,376685,0,0,0,0,0,1.25,4,헬스/건강,normal,,0
3229,0,0,971,8,26,26,565422,0,5,1,0,0,1.3,5,헬스/건강,risk,WISHLIST_IDLE,0
3230,0,0,137,11,21,26,2222428,1,0,1,0,0,1.11,5,출산/유아동,normal,,0
3231,0,0,339,6,20,11,689557,0,0,0,0,0,1.28,3,생활용품,normal,,0
3232,0,0,664,10,27,4,254280,0,1,0,0,0,1.29,3,출산/유아동,normal,,0
3233,0,0,527,4,12,26,1877590,0,0,0,1,2,1.16,4,가전/디지털,risk,BAD_EXPERIENCE,0
3234,1,0,101,7,10,24,925608,0,0,3,0,0,1.18,3,출산/유아동,risk,COUPON_EXPIRING,0
3235,0,0,357,9,13,4,318184,1,1,0,0,0,1.03,4,스포츠,normal,,0
3236,0,0,928,3,23,14,1259258,0,0,0,0,0,0.81,5,완구/취미,normal,,0
3237,1,0,885,64,84,23,595332,0,1,1,0,0,1.07,,자동차,risk,LOGIN_INACTIVE,0
3238,1,0,186,7,11,16,1107104,1,0,1,0,0,0.84,4,뷰티,normal,,0
3239,0,0,762,6,6,29,2275224,1,0,0,0,0,1.0,5,패션,normal,,0
3240,0,0,78,50,59,1,62431,0,0,0,0,0,0.83,4,자동차,risk,FIRST_ORDER_ONLY,1
3241,0,0,864,10,15,24,1999752,0,4,0,0,0,0.85,3,패션,risk,WISHLIST_IDLE,1
3242,0,0,562,13,23,27,1585224,0,0,0,0,0,1.36,5,생활용품,normal,,0
3243,0,0,58,39,57,1,54770,0,0,1,0,0,0.97,,패션,risk,FIRST_ORDER_ONLY,1
3244,0,0,593,5,25,4,353928,0,0,0,0,0,0.79,,가구/인테리어,normal,,0
3245,0,0,170,5,29,9,246726,0,0,0,0,0,1.34,,가구/인테리어,normal,,0
3246,1,0,398,3,26,11,346379,0,0,0,0,0,1.35,,반려동물,normal,,0
3247,0,0,397,9,28,4,200552,0,0,0,0,0,1.22,4,헬스/건강,normal,,1
3248,0,0,186,0,21,26,810316,1,1,0,0,0,1.35,3,식품,normal,,0
3249,0,0,55,29,47,1,73632,1,0,0,0,0,1.31,,가구/인테리어,risk,FIRST_ORDER_ONLY,1
3250,0,0,988,12,29,26,1190774,0,0,1,0,0,1.06,5,완구/취미,normal,,0
3251,0,0,617,2,24,28,1674708,0,0,1,0,0,1.03,5,식품,normal,,0
3252,0,0,210,3,4,20,968880,0,1,1,0,0,1.34,,식품,normal,,0
3253,0,0,142,8,5,20,440600,1,1,0,0,0,0.85,,가구/인테리어,normal,,0
3254,0,0,226,6,13,13,1049191,0,4,1,1,1,1.28,3,패션,composite,,0
3255,0,0,278,12,24,17,1009596,0,1,0,0,0,1.24,3,문구/오피스,normal,,0
3256,0,0,903,51,54,19,1163370,0,0,0,0,0,0.96,5,스포츠,risk,LOGIN_INACTIVE,0
3257,0,0,980,7,18,6,266718,0,0,1,0,0,0.91,,출산/유아동,normal,,1
3258,0,0,295,8,25,15,1336635,0,1,0,0,0,1.39,5,생활용품,normal,,0
3259,0,0,466,7,15,18,1255788,1,0,0,0,0,1.1,4,스포츠,normal,,0
3260,0,0,366,5,24,19,1626552,0,0,0,0,0,1.16,,가전/디지털,normal,,0
3261,1,0,272,1,23,14,674786,0,0,0,0,0,0.87,3,생활용품,normal,,0
3262,0,0,855,12,24,15,567900,0,0,0,0,0,1.06,4,가구/인테리어,normal,,0
3263,0,0,788,14,4,13,697775,0,0,0,0,0,1.28,,완구/취미,normal,,1
3264,0,0,884,6,4,4,225416,1,0,0,0,0,1.31,3,생활용품,normal,,0
3265,0,0,373,5,24,16,1287536,0,1,0,0,0,1.14,4,식품,normal,,0
3266,0,0,930,7,5,23,829219,0,0,0,0,0,0.91,4,반려동물,normal,,0
3267,0,0,864,9,16,12,498936,0,1,0,0,0,0.81,,자동차,normal,,0
3268,1,0,106,11,8,28,1670340,0,0,3,0,0,0.99,5,문구/오피스,risk,COUPON_EXPIRING,0
3269,0,0,777,5,28,21,1557759,0,0,0,0,0,0.81,3,패션,normal,,0
3270,0,0,584,6,3,19,705812,0,0,1,0,0,1.14,3,헬스/건강,risk,COUPON_EXPIRING,0
3271,1,0,507,89,95,18,1574964,0,1,0,0,0,0.78,4,식품,risk,LOGIN_INACTIVE,1
3272,1,0,180,2,7,6,444070,0,0,0,0,0,0.4,,가전/디지털,risk,SPENDING_DROP,0
3273,0,0,521,3,23,13,460473,1,0,1,0,0,1.32,,뷰티,normal,,1
3274,0,0,283,12,14,20,1614560,0,0,1,0,0,0.92,4,반려동물,normal,,0
3275,0,0,78,3,14,18,1268316,0,1,0,0,0,1.01,4,문구/오피스,normal,,0
3276,0,0,748,7,14,4,153004,0,1,1,0,0,0.83,3,출산/유아동,normal,,0
3277,0,0,866,10,22,9,329877,0,4,0,0,0,1.31,,반려동물,risk,WISHLIST_IDLE,0
3278,0,0,228,7,19,21,1140027,0,0,0,0,0,1.26,,스포츠,normal,,0
3279,0,0,270,26,29,23,493442,1,0,0,0,0,0.52,,식품,border,,0
3280,0,0,97,14,14,28,2031260,0,0,1,0,0,1.1,,완구/취미,normal,,0
3281,0,0,156,2,8,11,583869,0,0,1,0,0,1.09,,생활용품,normal,,0
3282,0,0,343,9,30,27,864054,0,0,0,0,0,1.31,,스포츠,normal,,0
3283,0,0,419,1,6,17,922420,0,0,0,0,0,0.9,3,생활용품,normal,,0
3284,0,0,758,1,17,21,472227,0,0,1,0,0,1.26,,헬스/건강,normal,,0
3285,0,0,700,8,5,12,370800,0,0,0,0,0,1.35,,패션,normal,,1
3286,0,1,899,29,23,27,1857438,0,0,0,0,0,0.64,,뷰티,border,,1
3287,0,0,841,13,15,10,453520,1,0,0,0,0,0.87,3,헬스/건강,normal,,0
3288,0,0,532,6,18,16,1352576,0,4,0,0,0,1.26,4,출산/유아동,risk,WISHLIST_IDLE,0
3289,0,0,273,13,26,6,362688,0,0,0,0,0,1.13,,생활용품,normal,,0
3290,0,0,64,23,58,1,74407,1,0,0,0,0,0.87,,문구/오피스,risk,FIRST_ORDER_ONLY,1
3291,0,0,682,9,2,13,842260,0,0,1,0,0,0.08,,패션,risk,SPENDING_DROP,1
3292,0,0,168,5,11,23,2044769,1,0,0,0,0,0.88,,반려동물,normal,,0
3293,0,0,571,9,7,12,357312,0,0,0,0,0,0.75,,헬스/건강,normal,,0
3294,0,0,597,6,5,27,1900611,0,1,0,0,0,1.05,,문구/오피스,normal,,0
3295,0,0,78,4,28,18,729997,0,1,3,0,0,0.43,,생활용품,composite,,0
3296,0,0,742,3,14,18,1426608,2,0,0,0,0,0.83,,반려동물,risk,CART_ABANDON,0
3297,1,0,245,6,11,18,887814,0,0,0,0,0,1.0,,문구/오피스,normal,,0
3298,0,0,509,2,30,22,1209780,1,0,0,0,0,1.18,,식품,normal,,0
3299,0,0,721,5,13,28,2189208,0,0,1,0,0,1.05,,헬스/건강,normal,,0
3300,0,0,178,23,22,7,422821,0,0,1,0,0,0.61,,생활용품,border,,0
3301,0,0,64,28,26,17,1284775,0,0,0,0,0,0.61,,반려동물,border,,0
3302,1,0,40,41,53,1,45888,0,0,0,0,0,0.45,2,뷰티,composite,,1
3303,0,0,213,7,14,10,845910,0,1,0,0,0,0.98,,패션,normal,,0
3304,0,0,887,13,27,16,873296,0,0,0,0,0,1.0,,스포츠,normal,,0
3305,1,0,325,13,20,13,1259112,1,0,0,0,0,0.37,3,반려동물,risk,SPENDING_DROP,0
3306,0,0,934,7,10,12,742860,0,0,0,0,0,0.77,4,가전/디지털,normal,,0
3307,0,0,66,16,59,1,53616,0,3,0,1,1,1.19,1,출산/유아동,composite,,1
3308,0,0,627,6,3,12,998172,3,0,0,0,0,0.88,,자동차,risk,CART_ABANDON,0
3309,0,0,253,2,25,22,788524,0,0,0,0,0,1.23,,가구/인테리어,normal,,0
3310,0,0,773,24,21,5,119120,0,0,0,0,0,0.55,,패션,border,,0
3311,0,0,961,6,8,27,1165239,0,0,1,0,0,0.95,,생활용품,normal,,0
3312,0,0,881,11,30,5,192505,0,0,3,0,0,1.04,,가구/인테리어,risk,COUPON_EXPIRING,0
3313,0,0,270,81,111,17,989196,1,0,0,0,0,0.92,,패션,risk,LOGIN_INACTIVE,1
3314,0,0,944,6,25,16,398304,0,2,1,0,0,1.34,,자동차,risk,WISHLIST_IDLE,1
3315,0,0,862,9,21,30,2465940,0,0,0,0,0,0.78,,완구/취미,normal,,0
3316,0,0,649,4,28,28,816200,0,0,0,0,0,1.07,,패션,normal,,0
3317,0,0,54,44,39,1,77862,0,0,0,0,0,0.94,,식품,risk,FIRST_ORDER_ONLY,1
3318,0,0,709,7,8,22,1934746,0,0,1,0,0,1.03,,뷰티,normal,,0
3319,0,0,317,3,30,12,745560,0,0,0,0,0,1.37,5,생활용품,normal,,0
3320,0,0,664,3,29,20,1294940,0,1,0,0,0,1.24,,반려동물,normal,,0
3321,0,0,762,2,15,24,579720,0,0,0,0,0,1.31,,가구/인테리어,normal,,0
3322,0,0,402,6,26,19,1551578,0,0,1,0,0,1.2,,스포츠,normal,,0
3323,0,0,182,2,21,25,1097450,0,0,1,0,0,1.31,,스포츠,normal,,0
3324,0,0,172,2,8,22,1858670,0,0,0,1,2,1.09,,가전/디지털,risk,BAD_EXPERIENCE,0
3325,0,0,776,75,91,7,367962,0,1,0,0,0,0.97,4,스포츠,risk,LOGIN_INACTIVE,1
3326,1,0,71,7,20,28,802704,0,0,0,0,0,1.3,,가전/디지털,normal,,0
3327,1,0,181,14,2,15,1140135,0,0,1,0,0,1.09,,가구/인테리어,normal,,0
3328,0,0,610,10,22,28,1666084,0,0,0,0,0,0.88,,가구/인테리어,normal,,0
3329,1,0,293,20,24,4,264164,0,0,1,0,0,0.63,,가전/디지털,border,,0
3330,0,0,192,7,7,23,2009740,0,0,0,0,0,1.04,,가전/디지털,normal,,0
3331,0,0,578,27,28,30,2133360,0,0,0,0,0,0.55,,자동차,border,,0
3332,0,0,574,13,10,23,1247083,1,1,0,0,0,1.18,,출산/유아동,normal,,0
3333,0,0,820,6,8,14,323946,3,0,0,0,0,1.05,5,스포츠,risk,CART_ABANDON,0
3334,1,0,925,11,28,4,259452,0,0,0,0,0,0.83,4,식품,normal,,0
3335,1,0,222,3,28,15,374235,1,0,0,0,0,1.15,,헬스/건강,normal,,0
3336,0,0,61,0,50,1,67693,3,0,1,0,0,0.98,,헬스/건강,composite,,0
3337,1,0,244,10,16,29,1372425,1,0,0,0,0,1.38,,스포츠,normal,,0
3338,0,0,425,3,4,23,1443848,0,0,0,0,0,1.18,,가전/디지털,normal,,0
3339,0,0,203,11,3,21,1478358,1,0,1,0,0,0.95,4,헬스/건강,normal,,0
3340,1,0,860,11,3,7,357917,1,0,1,0,0,0.94,3,헬스/건강,normal,,0
3341,0,0,785,23,29,13,1139580,0,0,0,0,0,0.62,,가구/인테리어,border,,0
3342,0,0,213,4,28,27,1706103,0,1,0,0,0,0.82,,헬스/건강,risk,WISHLIST_IDLE,0
3343,0,0,220,7,6,21,936894,0,1,0,0,0,0.93,,출산/유아동,normal,,0
3344,0,0,660,74,87,8,263248,0,0,0,0,0,1.17,3,자동차,risk,LOGIN_INACTIVE,1
3345,0,0,600,12,18,28,850892,0,0,3,2,2,0.78,,문구/오피스,composite,,1
3346,0,0,925,4,10,14,1200808,0,0,0,0,0,0.76,4,반려동물,normal,,0
3347,0,0,840,4,18,26,1480076,0,0,0,0,0,0.96,,문구/오피스,normal,,0
3348,1,0,582,9,6,4,213852,0,0,1,0,0,1.35,4,반려동물,risk,COUPON_EXPIRING,0
3349,0,0,931,6,21,18,1211958,0,0,0,0,0,1.25,,반려동물,normal,,0
3350,1,0,437,13,12,10,866240,0,1,0,0,0,1.21,,헬스/건강,normal,,1
3351,0,0,216,7,16,25,1580475,0,0,0,0,0,1.07,,패션,normal,,0
3352,0,0,338,5,20,19,828058,0,1,0,0,0,0.89,,식품,normal,,1
3353,1,0,211,13,11,18,945846,0,0,0,0,0,1.07,,출산/유아동,normal,,0
3354,0,0,351,3,12,26,1761084,2,4,2,0,0,1.12,,스포츠,composite,,1
3355,1,0,637,23,25,25,1882050,0,0,0,0,0,0.64,4,출산/유아동,border,,0
3356,0,0,855,7,15,9,707004,0,2,0,0,0,0.95,,헬스/건강,risk,WISHLIST_IDLE,0
3357,0,0,216,7,6,28,2331420,0,0,0,0,0,0.93,,스포츠,normal,,0
3358,0,0,175,11,22,15,697065,0,0,1,0,0,1.28,,자동차,normal,,0
3359,1,0,407,4,13,5,320455,0,0,0,0,0,1.15,,가전/디지털,normal,,0
3360,1,0,969,3,13,14,1078476,2,1,0,0,0,1.11,,패션,risk,CART_ABANDON,0
3361,0,1,873,20,23,15,1250895,0,1,0,0,0,1.08,,헬스/건강,risk,MEMBERSHIP_CANCEL,1
3362,0,0,861,5,63,8,630570,3,1,0,0,0,0.17,,패션,composite,,0
3363,0,0,542,8,12,25,1019925,0,0,0,0,0,0.9,5,문구/오피스,normal,,0
3364,0,0,629,73,94,16,416928,0,0,1,0,0,1.32,,가구/인테리어,risk,LOGIN_INACTIVE,1
3365,1,0,96,8,20,17,1493433,1,0,0,0,0,0.77,5,스포츠,normal,,0
3366,1,0,94,5,13,6,274848,0,0,0,0,0,0.88,5,가전/디지털,normal,,0
3367,0,0,225,6,11,5,131775,0,0,0,0,0,1.23,,자동차,normal,,0
3368,1,0,282,8,15,26,1348074,2,0,1,0,0,1.18,,가전/디지털,risk,CART_ABANDON,0
3369,0,0,711,7,18,21,886704,1,1,0,0,2,1.1,,출산/유아동,risk,BAD_EXPERIENCE,0
3370,0,0,350,7,18,13,429260,0,0,0,0,0,1.01,4,문구/오피스,normal,,0
3371,0,0,963,4,30,27,1018143,0,0,0,0,1,1.2,,스포츠,risk,BAD_EXPERIENCE,1
3372,0,1,820,11,14,9,693099,0,0,0,0,0,1.02,,생활용품,risk,MEMBERSHIP_CANCEL,1
3373,1,0,323,7,22,4,181776,0,0,0,0,0,1.14,4,뷰티,normal,,0
3374,0,1,476,3,16,17,1069198,0,0,0,0,0,1.04,,가구/인테리어,normal,,0
3375,0,0,339,9,20,13,547560,0,0,0,0,0,0.95,4,가구/인테리어,normal,,0
3376,0,0,453,13,21,16,581664,1,0,0,0,0,0.37,,출산/유아동,risk,SPENDING_DROP,0
3377,0,0,507,6,11,29,1128013,0,0,1,0,0,1.16,,가구/인테리어,normal,,0
3378,0,0,872,9,26,29,622224,0,1,1,0,0,0.92,3,패션,normal,,0
3379,1,0,56,24,49,1,28232,0,1,0,0,0,1.1,,뷰티,risk,FIRST_ORDER_ONLY,0
3380,0,0,850,10,22,25,946950,0,0,0,0,0,1.34,,뷰티,normal,,0
3381,0,1,538,25,9,11,920667,0,0,0,0,0,1.0,4,패션,risk,MEMBERSHIP_CANCEL,0
3382,0,0,268,8,15,6,506874,1,0,1,0,0,1.38,,뷰티,normal,,0
3383,0,0,573,3,3,19,1041181,0,0,0,0,0,1.27,4,가전/디지털,normal,,0
3384,0,0,751,12,16,14,1012886,0,0,0,0,0,0.99,4,가구/인테리어,normal,,0
3385,0,0,531,72,85,14,588091,0,0,3,0,0,0.15,,가구/인테리어,composite,,1
3386,0,0,279,6,9,12,500472,0,0,0,0,0,1.38,3,식품,normal,,0
3387,0,0,257,63,76,15,797790,0,0,0,0,0,1.39,3,가전/디지털,risk,LOGIN_INACTIVE,1
3388,0,0,316,7,24,18,595332,1,0,0,0,0,0.8,,가전/디지털,normal,,0
3389,0,0,154,9,18,22,1442320,0,0,1,0,0,1.02,5,생활용품,normal,,1
3390,0,0,163,3,9,24,1475928,1,0,0,0,0,0.81,,헬스/건강,normal,,0
3391,0,0,252,14,7,12,532236,0,0,1,0,0,1.33,,헬스/건강,normal,,1
3392,0,0,787,3,7,17,1431757,0,0,0,0,0,0.93,5,가구/인테리어,normal,,0
3393,0,0,269,8,5,10,202040,0,1,1,0,0,1.08,,출산/유아동,risk,COUPON_EXPIRING,0
3394,1,0,903,7,3,27,675027,0,0,0,0,0,0.92,4,가구/인테리어,normal,,1
3395,1,0,981,2,22,18,1057104,3,0,0,0,0,1.14,,생활용품,risk,CART_ABANDON,0
3396,0,0,79,11,7,19,1254969,0,0,1,0,0,1.27,,반려동물,normal,,0
3397,0,1,384,14,18,10,453930,0,1,0,0,0,1.06,,출산/유아동,normal,,0
3398,0,0,978,11,25,27,1836243,0,0,0,0,0,1.14,,반려동물,normal,,1
3399,1,0,978,14,6,8,274016,0,2,0,0,0,1.27,,문구/오피스,risk,WISHLIST_IDLE,0
3400,1,0,530,1,11,30,2357700,0,1,0,0,0,0.91,4,문구/오피스,normal,,0
3401,0,0,189,7,11,23,1210375,0,0,0,0,0,0.98,,문구/오피스,normal,,0
3402,0,0,239,26,22,5,363260,0,0,0,0,0,0.54,3,문구/오피스,border,,0
3403,0,0,399,5,6,14,1052506,0,0,0,0,0,0.91,,패션,normal,,0
3404,0,0,973,7,25,24,660696,0,3,0,0,0,0.76,,가구/인테리어,risk,WISHLIST_IDLE,0
3405,0,1,925,5,23,27,2085183,0,0,0,0,0,0.96,,자동차,risk,MEMBERSHIP_CANCEL,1
3406,0,0,132,2,4,13,2477748,0,0,1,0,0,0.37,,패션,risk,SPENDING_DROP,0
3407,0,0,878,12,8,15,751470,0,1,0,0,0,1.31,,완구/취미,normal,,0
3408,0,0,602,4,25,20,742800,1,1,0,0,0,0.07,5,생활용품,risk,SPENDING_DROP,0
3409,0,0,363,3,6,22,752202,0,0,0,0,0,0.86,4,출산/유아동,normal,,0
3410,0,0,331,6,25,25,2231200,0,0,0,0,0,1.23,,헬스/건강,normal,,0
3411,0,0,85,2,25,22,539528,0,1,0,0,0,0.79,4,자동차,normal,,0
3412,0,0,372,8,18,17,631696,0,0,0,0,0,0.21,,패션,risk,SPENDING_DROP,0
3413,0,0,313,3,15,12,1258686,0,0,0,0,0,0.33,3,반려동물,risk,SPENDING_DROP,0
3414,0,0,777,13,3,18,366822,0,0,0,0,0,1.01,4,문구/오피스,normal,,0
3415,0,0,298,7,16,12,291912,0,0,0,0,0,0.76,5,완구/취미,normal,,0
3416,0,0,336,7,3,27,933930,0,0,0,0,0,1.15,4,헬스/건강,normal,,0
3417,0,0,980,10,28,21,1036476,1,4,0,0,0,1.12,,반려동물,risk,WISHLIST_IDLE,0
3418,0,0,519,10,28,6,414210,0,0,1,0,0,1.04,,반려동물,risk,COUPON_EXPIRING,0
3419,0,0,678,88,114,15,765465,3,0,0,0,0,1.25,,스포츠,composite,,1
3420,0,0,145,12,14,22,985578,0,0,0,0,0,0.89,,생활용품,normal,,0
3421,0,0,354,10,17,16,378560,0,0,0,0,0,0.94,,패션,normal,,0
3422,1,0,69,39,58,1,75203,1,1,1,1,0,1.39,3,패션,composite,,0
3423,1,0,327,6,7,22,475596,0,1,0,0,0,0.85,,가전/디지털,normal,,0
3424,0,0,246,7,5,27,1106622,0,0,1,0,0,1.29,4,출산/유아동,normal,,0
3425,0,0,452,38,38,25,712500,0,0,1,0,0,0.76,3,문구/오피스,risk,LOGIN_INACTIVE,1
3426,1,0,967,67,67,23,1774404,0,0,0,0,0,0.93,4,생활용품,risk,LOGIN_INACTIVE,0
3427,0,0,629,1,22,30,2437680,0,1,1,0,0,1.07,,생활용품,normal,,0
3428,0,0,742,2,18,16,370576,0,1,0,0,0,1.2,3,가전/디지털,normal,,0
3429,0,0,53,0,44,1,54020,4,0,0,0,2,1.05,,반려동물,composite,,0
3430,1,0,520,3,22,19,1171768,1,0,0,0,0,1.12,5,문구/오피스,normal,,0
3431,0,0,667,13,7,7,276976,0,1,1,0,0,0.83,4,완구/취미,normal,,1
3432,0,0,437,6,9,10,802350,0,0,0,0,0,1.15,5,뷰티,normal,,0
3433,0,0,105,0,17,15,1001730,0,0,0,0,0,1.28,,출산/유아동,normal,,0
3434,0,0,486,10,17,20,895800,0,0,0,0,0,0.82,5,완구/취미,normal,,0
3435,1,0,568,4,18,27,2129949,1,0,0,0,0,0.91,5,가전/디지털,normal,,0
3436,0,1,697,22,23,23,1464157,0,0,0,0,0,0.99,,문구/오피스,risk,MEMBERSHIP_CANCEL,0
3437,0,0,664,7,26,22,798116,0,0,0,0,0,0.8,,반려동물,normal,,1
3438,1,0,123,11,14,10,533140,0,0,1,0,0,1.28,,뷰티,risk,COUPON_EXPIRING,0
3439,0,0,151,9,15,22,985424,0,0,0,0,0,1.16,3,자동차,normal,,0
3440,0,0,843,8,17,11,532499,0,0,0,0,0,1.09,,반려동물,normal,,1
3441,1,0,801,12,17,27,1863243,0,0,0,0,0,1.03,,스포츠,normal,,0
3442,0,0,114,2,21,9,506484,0,1,0,0,0,1.08,5,자동차,normal,,0
3443,1,0,250,8,7,7,509964,0,0,0,0,0,1.23,4,자동차,normal,,0
3444,0,0,522,3,20,7,291571,0,0,0,0,0,1.04,,반려동물,normal,,1
3445,1,0,582,6,12,18,379044,0,0,0,0,0,1.22,,가구/인테리어,normal,,0
3446,0,0,442,13,26,18,490878,0,1,0,0,0,1.07,5,문구/오피스,normal,,0
3447,0,0,859,13,20,19,576422,0,0,1,0,0,1.19,,헬스/건강,normal,,0
3448,0,0,369,10,12,10,470520,0,3,0,0,0,0.79,5,반려동물,risk,WISHLIST_IDLE,0
3449,0,0,58,37,45,1,58910,1,0,0,0,0,0.93,4,문구/오피스,composite,,0
3450,0,0,963,67,91,9,412479,3,0,0,0,1,1.33,,출산/유아동,composite,,1
3451,0,0,293,12,20,12,668736,0,0,0,0,0,0.79,,헬스/건강,normal,,0
3452,0,0,209,13,17,13,1067560,0,0,0,0,0,1.13,,뷰티,normal,,0
3453,1,0,61,1,29,7,621292,0,0,1,0,0,1.15,3,스포츠,normal,,0
3454,0,0,975,9,22,23,802516,0,0,1,0,0,1.16,4,헬스/건강,normal,,0
3455,0,0,438,7,12,11,522973,0,0,1,0,0,0.8,5,가구/인테리어,normal,,1
3456,0,0,392,11,17,6,149556,1,0,0,0,0,0.78,,완구/취미,normal,,0
3457,1,0,951,13,15,6,345144,0,1,0,0,0,0.87,,스포츠,normal,,0
3458,0,0,402,14,12,30,1716060,0,0,1,0,0,1.37,5,완구/취미,normal,,0
3459,0,0,296,5,24,30,1585620,0,0,0,0,0,0.84,4,패션,normal,,0
3460,0,0,643,4,2,11,926750,0,0,0,0,0,1.18,,문구/오피스,normal,,0
3461,0,0,342,6,14,11,309474,1,1,1,0,0,1.29,4,반려동물,normal,,0
3462,0,0,543,1,3,12,319644,3,0,2,0,0,1.12,,문구/오피스,composite,,0
3463,1,0,405,2,4,10,540470,0,0,0,0,0,0.75,,패션,normal,,0
3464,1,0,229,29,25,9,305856,0,0,0,0,0,0.57,,생활용품,border,,0
3465,0,0,909,1,18,6,1600250,0,0,0,0,0,0.19,,생활용품,risk,SPENDING_DROP,0
3466,0,0,590,21,27,8,230608,0,0,0,0,0,0.6,5,출산/유아동,border,,0
3467,0,0,742,5,25,7,574385,0,0,0,0,0,0.87,,완구/취미,normal,,0
3468,0,0,56,31,55,1,45433,0,0,0,0,1,1.2,,스포츠,composite,,1
3469,0,0,38,15,35,1,52132,0,4,0,0,0,0.87,4,반려동물,composite,,0
3470,0,0,226,88,104,30,720030,0,0,0,0,0,0.78,4,가전/디지털,risk,LOGIN_INACTIVE,1
3471,0,0,369,11,11,24,1851024,0,0,1,0,0,1.0,4,문구/오피스,normal,,0
3472,1,0,699,4,19,15,445680,0,0,0,0,0,1.27,,뷰티,normal,,0
3473,0,0,313,10,14,16,559356,1,1,0,1,0,0.45,,가구/인테리어,composite,,0
3474,0,0,176,8,22,27,630018,1,0,0,0,0,0.95,,문구/오피스,normal,,0
3475,0,0,282,1,13,8,582200,0,0,0,0,0,1.38,,가전/디지털,normal,,0
3476,0,0,247,8,10,13,281073,0,0,0,0,0,1.23,,반려동물,normal,,0
3477,0,0,464,2,14,12,989640,0,0,1,0,0,0.85,,문구/오피스,normal,,0
3478,0,0,380,3,28,8,425432,0,0,0,0,0,0.78,,반려동물,normal,,0
3479,0,0,545,6,2,18,1093590,0,0,0,0,0,1.17,5,스포츠,normal,,0
3480,0,0,736,10,20,24,2032392,0,1,0,0,0,1.01,,자동차,normal,,0
3481,0,0,369,0,19,19,1623208,0,0,0,0,0,1.17,,출산/유아동,normal,,0
3482,1,0,872,4,28,9,241056,0,1,0,0,0,1.32,,가구/인테리어,normal,,0
3483,0,0,934,1,2,15,1269360,1,0,0,0,0,1.27,5,가전/디지털,normal,,0
3484,1,0,412,4,7,8,613256,0,1,0,0,0,1.28,3,반려동물,normal,,0
3485,0,0,666,10,8,21,909615,0,1,0,0,0,1.37,3,가구/인테리어,normal,,0
3486,0,0,790,3,20,26,1607320,0,0,0,0,2,1.27,,반려동물,risk,BAD_EXPERIENCE,1
3487,0,0,255,26,28,22,992794,1,0,0,0,0,0.5,5,출산/유아동,border,,0
3488,0,0,1000,0,10,27,1179279,0,0,1,0,0,1.05,3,반려동물,normal,,0
3489,0,0,296,1,18,24,1635144,0,0,0,0,0,1.03,,완구/취미,normal,,0
3490,0,0,667,2,23,22,673200,0,0,0,0,0,1.05,4,가구/인테리어,normal,,0
3491,0,0,414,0,28,5,407545,1,1,0,0,0,1.06,5,출산/유아동,normal,,0
3492,0,0,800,26,23,4,235992,0,0,0,0,0,0.62,,스포츠,border,,0
3493,0,0,446,8,15,18,1338156,0,0,0,0,0,0.76,3,헬스/건강,normal,,0
3494,0,0,993,48,71,14,413868,0,1,0,0,0,1.23,,반려동물,risk,LOGIN_INACTIVE,1
3495,0,1,226,14,13,9,572598,0,0,1,0,0,0.87,,문구/오피스,normal,,0
3496,0,0,820,5,21,5,144115,0,0,2,0,0,1.18,,문구/오피스,risk,COUPON_EXPIRING,0
3497,1,0,825,11,5,7,163772,0,0,0,0,0,1.19,,반려동물,normal,,0
3498,1,0,40,46,33,1,43005,0,0,1,0,0,1.23,,반려동물,risk,FIRST_ORDER_ONLY,1
3499,0,0,964,14,30,19,734521,0,0,0,0,0,1.21,,가구/인테리어,normal,,1
3500,0,0,574,12,27,30,2432850,1,1,1,0,0,0.88,,완구/취미,normal,,1
3501,0,0,754,2,8,30,1040520,0,0,0,0,0,1.27,4,자동차,normal,,0
3502,1,0,895,9,22,20,1003080,0,1,0,0,0,1.23,4,문구/오피스,normal,,0
3503,0,0,387,14,6,27,964683,0,0,0,0,0,1.37,4,출산/유아동,normal,,0
3504,0,0,310,12,29,17,1449743,1,0,0,0,0,1.14,4,뷰티,normal,,0
3505,0,0,304,1,30,10,221160,1,0,0,0,0,0.91,5,생활용품,normal,,0
3506,1,0,502,11,26,30,1914630,0,0,0,0,0,1.29,,문구/오피스,normal,,0
3507,1,0,300,13,19,4,130080,0,0,0,0,0,0.94,4,자동차,normal,,0
3508,0,0,792,1,23,15,373590,1,0,0,0,0,0.95,5,패션,normal,,0
3509,0,0,318,0,19,26,817310,0,0,0,0,0,1.02,,가구/인테리어,normal,,0
3510,1,0,709,8,17,17,1527535,0,0,2,0,0,1.24,,식품,risk,COUPON_EXPIRING,0
3511,0,0,681,9,17,22,470976,0,0,0,0,0,0.87,4,가전/디지털,normal,,0
3512,1,0,740,25,21,13,623012,0,0,0,0,0,0.63,,출산/유아동,border,,0
3513,0,0,81,4,28,29,2081794,0,0,0,0,0,0.88,,완구/취미,normal,,0
3514,0,0,404,10,12,11,876315,2,0,0,0,0,1.24,,생활용품,risk,CART_ABANDON,1
3515,0,0,190,36,51,25,1670925,0,1,0,0,0,0.83,,가전/디지털,risk,LOGIN_INACTIVE,0
3516,0,0,873,12,4,16,1416240,0,5,0,0,0,1.36,3,자동차,risk,WISHLIST_IDLE,0
3517,0,0,792,8,30,19,1510500,0,0,0,0,0,0.99,,반려동물,normal,,1
3518,0,0,282,8,17,6,485466,0,0,0,0,0,1.1,,가전/디지털,normal,,0
3519,0,0,647,0,21,21,1676430,2,0,0,0,0,1.08,,자동차,risk,CART_ABANDON,0
3520,0,0,429,1,20,26,637788,0,0,0,0,0,0.38,,생활용품,risk,SPENDING_DROP,0
3521,0,0,869,7,28,27,1330398,0,0,1,0,0,0.77,4,출산/유아동,normal,,0
3522,0,0,733,6,26,22,1338788,0,0,0,0,0,1.27,3,반려동물,normal,,0
3523,0,0,957,7,27,15,927165,0,0,3,0,0,0.82,,문구/오피스,risk,COUPON_EXPIRING,1
3524,0,0,393,3,23,24,1710912,0,0,1,0,0,1.29,4,패션,normal,,0
3525,0,0,255,12,9,23,1010758,0,0,0,0,0,0.77,,헬스/건강,normal,,0
3526,0,0,293,8,12,17,1276904,1,0,1,0,0,1.23,,헬스/건강,normal,,0
3527,0,0,136,12,13,24,1100376,0,0,0,0,0,1.2,,가구/인테리어,normal,,0
3528,0,0,427,10,22,15,984660,0,0,0,0,0,0.92,5,식품,normal,,0
3529,0,0,929,0,16,28,2454256,0,0,0,0,0,1.2,3,가전/디지털,normal,,0
3530,0,0,955,8,19,20,831860,0,1,0,0,0,1.38,5,가구/인테리어,normal,,0
3531,0,0,840,14,3,7,175504,0,0,0,0,2,1.35,5,패션,risk,BAD_EXPERIENCE,0
3532,1,0,566,12,4,13,472641,0,0,0,0,0,1.04,4,스포츠,normal,,1
3533,0,0,563,8,24,25,551175,1,0,1,0,0,0.76,,패션,normal,,0
3534,0,1,378,16,15,26,1913314,0,0,0,0,0,0.93,,스포츠,risk,MEMBERSHIP_CANCEL,1
3535,1,0,848,4,11,8,681728,0,0,0,0,0,1.06,,뷰티,normal,,0
3536,0,0,884,0,5,7,600656,0,0,0,0,0,0.24,,출산/유아동,risk,SPENDING_DROP,0
3537,0,0,352,10,11,26,1283802,0,0,0,0,0,0.95,,식품,normal,,0
3538,0,0,735,6,26,16,1431712,0,0,0,0,0,1.33,,자동차,normal,,1
3539,0,0,890,12,23,23,640389,0,0,0,0,0,1.27,3,뷰티,normal,,1
3540,0,0,585,1,27,11,889042,0,0,0,0,0,1.36,,뷰티,normal,,0
3541,0,0,206,4,14,22,903804,0,0,1,0,0,0.83,,반려동물,normal,,0
3542,0,0,256,37,53,25,2176575,0,3,1,0,0,0.91,,완구/취미,composite,,0
3543,0,0,534,5,21,9,275166,1,0,0,0,0,0.93,,출산/유아동,normal,,0
3544,1,0,531,4,8,28,1127224,0,0,0,0,0,0.94,5,완구/취미,normal,,0
3545,0,0,873,3,24,30,1899960,2,0,0,0,0,1.17,4,헬스/건강,risk,CART_ABANDON,0
3546,0,0,134,13,12,7,376558,0,0,0,0,0,1.35,3,출산/유아동,normal,,0
3547,0,0,715,2,2,4,278796,0,0,0,0,0,1.17,3,완구/취미,normal,,0
3548,0,0,114,12,3,10,672480,1,0,1,0,0,0.95,4,생활용품,normal,,0
3549,0,0,722,13,15,9,696375,0,1,0,0,0,0.99,,가전/디지털,normal,,0
3550,0,0,633,25,29,10,378370,0,0,0,0,0,0.59,,헬스/건강,border,,0
3551,0,0,378,4,25,23,887064,0,0,0,0,0,1.3,,패션,normal,,0
3552,0,0,382,3,16,14,861196,0,0,0,0,0,1.22,4,패션,normal,,0
3553,0,0,437,0,19,23,780942,0,1,1,0,0,1.18,,완구/취미,risk,WISHLIST_IDLE,0
3554,0,0,878,3,6,9,409851,0,0,0,0,0,0.98,,완구/취미,normal,,0
3555,0,0,770,27,25,5,318400,1,0,0,0,0,0.51,,자동차,border,,0
3556,0,0,793,10,18,19,599222,0,1,0,0,0,1.04,5,가구/인테리어,normal,,0
3557,0,0,429,7,27,10,586250,4,0,0,0,0,1.21,,생활용품,risk,CART_ABANDON,0
3558,0,0,319,4,26,19,1061036,0,0,0,0,0,0.77,4,생활용품,normal,,0
3559,0,0,349,12,3,17,448749,0,0,0,0,0,1.08,,반려동물,normal,,0
3560,0,0,459,23,27,8,615488,0,0,0,0,0,0.57,,뷰티,border,,0
3561,0,0,864,14,28,11,726979,1,1,0,0,0,1.0,5,헬스/건강,normal,,0
3562,0,0,163,2,5,22,503822,1,0,0,0,0,1.31,4,출산/유아동,normal,,0
3563,0,0,889,5,25,12,551604,0,0,0,0,0,0.79,5,패션,normal,,0
3564,0,0,689,13,28,30,1475100,0,0,0,0,0,0.77,4,뷰티,normal,,0
3565,1,0,206,6,6,22,1479720,0,1,0,0,0,1.06,4,스포츠,normal,,0
3566,1,0,187,10,14,10,274410,0,0,0,0,0,0.9,4,반려동물,normal,,0
3567,0,0,769,12,20,25,1473675,0,0,0,0,0,1.1,3,생활용품,normal,,0
3568,1,0,218,27,29,12,802272,0,1,0,0,0,0.64,4,문구/오피스,border,,0
3569,0,0,484,11,10,22,1409232,1,0,0,0,0,1.33,,출산/유아동,normal,,0
3570,0,0,698,21,27,26,2075398,0,1,0,0,0,0.61,,자동차,border,,1
3571,0,0,757,11,29,13,504894,0,0,0,0,0,1.3,,가구/인테리어,normal,,0
3572,0,0,346,14,2,25,1028875,0,1,0,0,0,1.18,,문구/오피스,normal,,0
3573,0,0,547,6,5,8,644088,0,1,0,0,0,1.25,,반려동물,normal,,0
3574,0,0,101,4,25,12,852528,0,0,0,0,0,1.11,,생활용품,normal,,0
3575,1,0,576,1,5,11,242935,0,1,3,0,0,1.27,,식품,risk,COUPON_EXPIRING,1
3576,0,0,677,22,28,26,2144948,0,0,0,0,0,0.65,,식품,border,,0
3577,0,0,512,12,30,8,600400,0,0,0,0,0,1.16,,가구/인테리어,normal,,0
3578,0,0,775,4,8,14,700644,0,1,0,0,0,1.23,,가전/디지털,normal,,0
3579,0,0,792,7,18,8,386432,0,0,2,0,0,0.8,4,자동차,risk,COUPON_EXPIRING,0
3580,0,0,102,0,6,7,488054,0,0,0,0,0,0.92,4,반려동물,normal,,1
3581,0,0,701,4,24,24,2121816,0,1,0,0,0,1.0,3,문구/오피스,normal,,0
3582,0,0,911,5,8,29,2468045,0,1,1,0,0,0.82,,완구/취미,risk,COUPON_EXPIRING,0
3583,0,0,245,0,19,15,682485,0,0,0,0,0,1.28,,뷰티,normal,,0
3584,1,0,112,7,21,15,712065,0,0,1,0,0,1.34,4,패션,normal,,0
3585,0,0,193,9,17,7,316862,1,0,0,0,0,0.95,,뷰티,normal,,0
3586,1,0,112,14,26,14,573426,0,0,1,0,0,0.99,,완구/취미,normal,,0
3587,1,0,909,20,27,24,564288,0,0,0,0,0,0.52,,자동차,border,,0
3588,1,0,634,10,22,4,330392,0,0,0,0,0,1.09,5,헬스/건강,normal,,0
3589,0,0,345,5,7,28,1460284,0,0,1,0,0,1.02,5,가전/디지털,risk,COUPON_EXPIRING,0
3590,0,1,300,17,4,8,503776,0,1,1,0,0,1.09,,가구/인테리어,risk,MEMBERSHIP_CANCEL,1
3591,1,0,177,7,13,15,1175835,0,0,0,0,0,0.76,,자동차,normal,,0
3592,0,1,598,13,3,21,1614438,1,1,0,0,0,0.79,4,자동차,risk,MEMBERSHIP_CANCEL,1
3593,0,0,233,12,25,4,226628,0,0,0,0,0,1.04,,반려동물,normal,,0
3594,0,0,619,6,17,24,1579584,0,0,0,0,0,1.19,,식품,normal,,0
3595,0,0,65,9,12,14,457926,0,0,0,0,0,1.34,,반려동물,normal,,0
3596,0,0,982,3,14,9,666369,0,0,0,0,0,0.87,4,뷰티,normal,,0
3597,1,0,407,89,96,17,618171,0,0,0,0,0,1.27,,문구/오피스,risk,LOGIN_INACTIVE,1
3598,0,0,626,4,26,24,1499064,1,0,1,0,0,1.34,5,문구/오피스,risk,COUPON_EXPIRING,0
3599,1,0,558,14,14,7,379274,0,1,0,0,0,0.88,,식품,normal,,0
3600,0,0,985,4,5,22,1667666,0,1,0,0,0,1.33,4,뷰티,normal,,0
3601,0,0,322,0,16,18,1349640,0,0,1,0,0,1.2,,가구/인테리어,normal,,0
3602,0,0,428,26,27,30,2355780,0,0,0,0,0,0.6,,헬스/건강,border,,0
3603,0,0,356,1,18,17,1337339,0,0,0,0,0,1.15,,출산/유아동,normal,,0
3604,1,0,281,7,17,14,376124,0,0,0,0,0,1.32,,패션,normal,,0
3605,0,0,501,11,10,7,466970,0,0,1,0,0,1.35,,패션,normal,,0
3606,0,0,312,14,16,12,262944,0,0,0,0,0,1.16,,완구/취미,normal,,1
3607,0,0,458,5,4,10,867100,0,0,2,0,0,0.87,5,자동차,risk,COUPON_EXPIRING,0
3608,1,0,984,9,6,26,690976,0,2,1,0,0,0.89,4,식품,risk,WISHLIST_IDLE,0
3609,0,0,273,5,26,19,1616007,0,0,1,0,0,1.39,,식품,normal,,0
3610,0,0,218,13,9,6,123816,0,0,0,0,0,1.08,,가구/인테리어,normal,,0
3611,0,0,417,12,20,22,772002,0,0,0,0,0,0.97,,문구/오피스,normal,,1
3612,0,0,449,0,2,16,321760,1,0,0,0,0,1.1,,패션,normal,,1
3613,0,0,729,43,47,26,797980,0,1,0,0,0,0.21,,반려동물,composite,,1
3614,0,0,587,5,15,22,1209802,0,0,1,0,0,1.04,4,스포츠,normal,,0
3615,0,0,881,7,28,27,637713,0,1,0,0,0,0.77,4,가전/디지털,normal,,0
3616,0,0,446,1,28,12,677244,0,0,0,0,0,1.4,5,패션,normal,,0
3617,0,0,344,11,20,29,881571,0,0,1,0,0,1.33,,완구/취미,normal,,0
3618,1,0,261,6,19,13,1005771,0,0,1,0,0,1.34,4,생활용품,normal,,0
3619,1,0,56,34,56,1,74198,0,1,1,0,0,1.33,4,생활용품,risk,FIRST_ORDER_ONLY,0
3620,0,0,392,8,13,13,2315088,4,2,0,0,0,0.19,,헬스/건강,composite,,0
3621,0,0,125,4,5,24,2062656,0,0,0,0,0,0.92,,출산/유아동,normal,,0
3622,1,0,236,1,22,22,904332,0,0,0,0,0,1.13,4,스포츠,normal,,0
3623,0,0,596,83,86,29,1185172,0,0,0,0,0,1.05,,완구/취미,risk,LOGIN_INACTIVE,1
3624,0,0,941,2,23,10,208800,0,0,0,0,0,1.35,,패션,normal,,1
3625,1,0,489,7,27,15,1249560,0,1,0,0,0,0.82,,자동차,normal,,0
3626,0,1,725,21,14,18,1281510,0,0,0,0,0,1.29,,자동차,risk,MEMBERSHIP_CANCEL,1
3627,1,0,973,1,14,6,363882,0,0,0,0,0,1.26,,뷰티,normal,,0
3628,0,1,520,11,28,25,1809075,1,1,0,0,0,1.0,,헬스/건강,risk,MEMBERSHIP_CANCEL,1
3629,0,0,463,0,19,19,1258560,0,0,0,0,0,0.97,,완구/취미,normal,,0
3630,0,0,203,9,15,24,1457832,0,0,0,0,0,1.07,4,완구/취미,normal,,0
3631,0,0,354,9,21,5,440395,0,0,0,0,0,1.07,,반려동물,normal,,0
3632,0,0,539,5,11,8,449272,0,0,0,0,0,1.2,,가구/인테리어,normal,,0
3633,0,0,768,0,15,15,634560,0,0,0,0,0,0.9,,패션,normal,,0
3634,0,0,44,1,36,1,42211,2,0,0,1,0,0.95,,뷰티,composite,,1
3635,1,0,773,3,20,21,1078014,0,0,0,0,0,1.35,3,헬스/건강,normal,,0
3636,0,0,949,8,10,29,661519,0,0,2,0,0,0.97,,패션,risk,COUPON_EXPIRING,0
3637,0,0,440,2,24,14,811314,0,0,0,0,0,0.8,,헬스/건강,normal,,0
3638,0,0,481,9,16,10,531540,0,4,0,0,0,0.96,,출산/유아동,risk,WISHLIST_IDLE,1
3639,1,0,960,8,8,22,1886610,0,1,0,0,0,0.96,4,문구/오피스,normal,,0
3640,0,0,494,8,21,16,1226016,3,0,1,0,0,1.28,4,자동차,risk,CART_ABANDON,0
3641,0,0,740,4,4,17,1373838,0,1,0,0,0,1.19,5,스포츠,normal,,1
3642,0,0,769,1,21,5,172640,0,2,3,1,2,0.92,,가구/인테리어,composite,,1
3643,0,0,462,12,30,10,572180,0,0,0,0,0,0.83,5,완구/취미,normal,,0
3644,0,0,528,3,15,22,1828112,0,1,1,0,0,0.78,5,뷰티,normal,,0
3645,0,0,958,0,6,30,2544240,0,0,0,0,0,1.26,,패션,normal,,0
3646,0,0,380,13,25,23,843479,0,0,1,0,0,1.05,4,가구/인테리어,normal,,0
3647,0,0,997,2,5,7,475188,0,0,0,0,0,1.33,,패션,normal,,0
3648,0,0,875,6,7,27,1618461,0,0,0,0,0,0.87,,반려동물,normal,,1
3649,0,0,156,6,12,5,378540,0,0,0,0,0,0.89,4,반려동물,normal,,0
3650,0,0,421,10,18,25,1010050,1,2,0,0,0,0.96,,식품,composite,,0
3651,0,0,381,5,29,19,1692539,0,0,0,0,0,0.85,3,반려동물,normal,,1
3652,0,1,965,3,18,8,471976,0,1,0,0,0,0.93,,가구/인테리어,risk,MEMBERSHIP_CANCEL,0
3653,0,0,823,9,8,28,1465576,1,0,1,0,0,1.17,,반려동물,normal,,0
3654,0,0,682,12,16,22,510466,0,0,0,0,0,1.26,3,헬스/건강,normal,,0
3655,0,0,84,52,74,6,129456,0,0,0,0,0,0.9,,스포츠,risk,LOGIN_INACTIVE,1
3656,1,0,307,14,6,18,2186314,0,0,0,0,0,0.15,,반려동물,risk,SPENDING_DROP,0
3657,0,0,508,2,16,6,400728,0,0,0,0,0,1.11,,뷰티,normal,,1
3658,1,0,355,7,5,7,304892,1,0,0,0,0,1.33,4,생활용품,normal,,0
3659,1,0,654,3,27,11,403876,0,0,0,0,0,1.29,5,스포츠,normal,,0
3660,1,0,59,25,44,1,16624,0,0,1,0,0,1.16,,문구/오피스,risk,FIRST_ORDER_ONLY,0
3661,1,0,935,9,19,23,1456521,2,1,1,0,0,1.06,,가구/인테리어,risk,CART_ABANDON,0
3662,1,0,911,2,21,6,154128,0,1,0,0,0,0.82,5,헬스/건강,normal,,0
3663,0,0,414,22,21,18,1215540,0,0,0,0,0,0.62,5,패션,border,,0
3664,0,0,491,10,7,6,259410,0,1,0,0,0,1.17,,스포츠,normal,,0
3665,0,0,393,9,4,25,650250,0,0,0,0,0,1.01,,완구/취미,normal,,0
3666,0,0,461,4,11,10,528960,0,0,0,0,0,1.28,,문구/오피스,normal,,0
3667,0,0,662,1,10,17,668338,0,0,1,0,0,0.75,,완구/취미,normal,,0
3668,0,0,534,10,6,5,208230,1,1,0,0,0,1.08,,식품,normal,,0
3669,0,0,220,7,18,14,366156,0,0,3,0,0,1.04,5,생활용품,risk,COUPON_EXPIRING,0
3670,0,0,744,7,5,14,383446,0,0,0,0,0,0.99,,식품,normal,,1
3671,0,0,74,52,68,5,128430,1,0,0,0,0,1.38,2,뷰티,risk,LOGIN_INACTIVE,1
3672,0,0,941,6,22,27,2223963,1,1,0,0,0,0.99,4,자동차,normal,,0
3673,1,0,183,7,7,17,1028653,1,0,0,0,0,0.93,3,가전/디지털,normal,,0
3674,1,0,713,3,9,17,749564,0,1,0,0,0,1.26,,가전/디지털,normal,,0
3675,0,0,746,26,23,28,2499084,0,1,0,0,0,0.55,,생활용품,border,,0
3676,0,0,380,7,8,18,1099818,1,0,1,0,0,1.08,4,가구/인테리어,normal,,0
3677,1,0,866,11,28,7,598472,0,0,2,0,0,1.28,,스포츠,risk,COUPON_EXPIRING,0
3678,0,0,478,5,27,22,1627560,0,0,0,0,0,1.25,,헬스/건강,normal,,0
3679,0,0,46,4,36,1,30939,1,0,0,0,0,0.93,,식품,composite,,0
3680,0,0,421,7,20,14,955766,0,0,0,0,0,0.9,,스포츠,normal,,1
3681,1,0,483,0,10,16,466976,0,1,0,0,0,0.79,,반려동물,normal,,0
3682,1,0,926,7,3,23,693565,0,0,0,0,0,1.11,4,문구/오피스,normal,,0
3683,0,0,76,9,26,7,323785,0,0,0,0,0,1.39,,헬스/건강,normal,,0
3684,1,0,76,42,56,1,70406,0,0,1,2,1,1.36,,가전/디지털,composite,,1
3685,0,1,665,24,12,25,1149250,0,1,0,0,0,1.36,3,출산/유아동,risk,MEMBERSHIP_CANCEL,0
3686,1,0,361,12,17,25,1820125,0,5,0,0,0,1.39,,가전/디지털,risk,WISHLIST_IDLE,0
3687,0,0,378,4,14,8,611872,1,0,2,0,0,1.12,5,가구/인테리어,risk,COUPON_EXPIRING,0
3688,1,0,899,5,61,25,1513500,2,0,0,2,1,1.19,2,뷰티,composite,,0
3689,0,0,644,7,27,9,397476,0,0,1,0,0,0.89,4,생활용품,normal,,0
3690,0,0,206,61,91,27,1142932,0,0,0,2,0,0.07,,문구/오피스,composite,,1
3691,0,0,538,2,8,12,618996,0,4,1,0,0,1.03,,자동차,risk,WISHLIST_IDLE,0
3692,1,0,107,5,5,7,413651,0,0,0,0,0,0.78,3,헬스/건강,normal,,0
3693,0,0,950,8,14,21,674000,0,0,0,0,0,0.33,4,헬스/건강,risk,SPENDING_DROP,0
3694,0,0,233,4,10,23,1228177,1,0,0,0,0,1.27,,가구/인테리어,normal,,1
3695,0,0,752,14,21,24,1613160,0,1,0,0,0,0.96,,출산/유아동,risk,WISHLIST_IDLE,0
3696,0,0,743,4,10,11,287826,1,1,0,0,0,1.18,,패션,normal,,1
3697,0,0,617,3,19,7,165375,0,0,0,0,0,1.05,5,뷰티,normal,,0
3698,0,0,129,12,6,22,1026762,0,0,1,0,0,0.91,,문구/오피스,normal,,0
3699,0,0,624,12,2,23,734505,0,1,0,0,0,1.27,,뷰티,normal,,0
3700,0,0,454,3,5,6,514134,0,0,3,0,0,0.85,,가전/디지털,risk,COUPON_EXPIRING,0
3701,0,0,432,2,8,7,207151,1,0,1,0,0,1.16,4,가전/디지털,normal,,0
3702,1,0,282,10,4,25,1453825,0,0,0,0,0,0.86,,헬스/건강,normal,,0
3703,0,0,247,3,5,5,379475,0,0,0,0,0,1.15,4,가구/인테리어,normal,,0
3704,1,0,78,14,29,23,1198231,0,0,0,0,0,0.96,,가구/인테리어,normal,,0
3705,0,0,774,21,27,22,462484,0,0,0,0,0,0.56,5,문구/오피스,border,,0
3706,0,1,923,14,8,14,599592,1,1,0,0,0,0.92,,문구/오피스,normal,,0
3707,0,0,862,13,18,10,830400,0,1,0,0,0,1.22,,출산/유아동,normal,,0
3708,0,0,505,27,20,13,453505,0,0,1,0,0,0.52,,헬스/건강,border,,0
3709,0,0,605,2,30,8,194784,0,0,3,0,0,1.18,4,스포츠,risk,COUPON_EXPIRING,0
3710,0,0,592,0,29,27,1255230,0,0,0,0,0,0.87,,출산/유아동,normal,,0
3711,1,0,231,24,21,10,216530,0,1,1,0,0,0.58,,가전/디지털,border,,0
3712,0,0,759,86,87,8,527312,0,0,0,0,0,0.85,3,생활용품,risk,LOGIN_INACTIVE,1
3713,1,0,150,3,5,9,296460,0,0,0,0,0,0.86,5,패션,normal,,0
3714,1,0,280,2,30,27,1907010,0,0,0,0,0,0.8,,가전/디지털,normal,,0
3715,0,0,577,1,5,18,1381590,1,0,1,0,0,1.1,,자동차,normal,,0
3716,0,0,198,9,2,27,1175283,0,0,0,0,0,1.32,3,가구/인테리어,normal,,0
3717,0,0,233,6,16,28,1418256,0,0,1,0,0,1.12,4,반려동물,risk,COUPON_EXPIRING,0
3718,0,1,762,9,12,19,899764,0,0,1,0,0,0.76,,가전/디지털,risk,MEMBERSHIP_CANCEL,0
3719,0,0,682,8,10,6,178398,0,0,0,0,0,1.27,5,자동차,normal,,0
3720,0,0,72,46,56,1,40498,0,0,1,0,0,1.04,,헬스/건강,risk,FIRST_ORDER_ONLY,1
3721,0,1,506,7,21,12,1014060,0,0,0,0,0,0.9,,식품,normal,,0
3722,0,0,726,25,25,4,222920,0,1,0,0,0,0.61,5,완구/취미,border,,0
3723,0,0,146,7,30,4,165676,0,0,0,0,0,1.04,3,스포츠,normal,,0
3724,0,0,200,8,7,27,631287,0,0,1,0,0,0.83,,뷰티,normal,,0
3725,1,0,170,1,26,15,609945,0,0,0,0,0,1.33,,출산/유아동,normal,,0
3726,0,0,606,0,4,16,402912,0,0,0,0,0,0.95,,스포츠,normal,,1
3727,0,0,750,48,65,6,334824,1,0,2,0,0,0.81,,자동차,composite,,1
3728,0,0,938,7,20,29,2235842,1,0,1,0,0,1.16,,가전/디지털,normal,,1
3729,1,0,227,24,28,6,320238,0,0,0,0,0,0.6,,자동차,border,,0
3730,1,0,615,10,18,11,393690,0,1,0,0,0,1.24,,출산/유아동,normal,,0
3731,0,0,900,14,12,12,879948,0,5,0,0,1,1.02,2,문구/오피스,composite,,0
3732,0,0,815,0,5,16,1334880,0,0,0,0,0,1.02,,완구/취미,normal,,0
3733,1,0,136,14,30,14,1166620,1,0,0,0,0,0.83,,뷰티,normal,,0
3734,0,0,741,3,19,8,164400,0,1,1,0,0,0.95,,반려동물,normal,,0
3735,1,0,954,2,16,20,1607020,0,0,0,0,0,0.85,3,가구/인테리어,normal,,0
3736,0,0,999,8,22,23,1010413,3,0,0,0,0,1.26,3,뷰티,risk,CART_ABANDON,0
3737,0,0,238,7,7,19,853594,0,0,0,0,0,1.33,5,스포츠,normal,,0
3738,0,1,76,2,24,24,1281936,0,1,0,0,0,1.08,,생활용품,normal,,0
3739,0,0,493,3,24,25,2231800,0,0,0,0,0,0.92,,스포츠,normal,,0
3740,0,0,525,3,20,25,1261900,0,0,0,0,0,0.98,,가전/디지털,normal,,0
3741,0,0,305,9,4,26,1938716,0,0,0,0,0,0.85,,문구/오피스,normal,,0
3742,0,0,401,34,61,11,558349,1,1,1,0,0,1.16,4,문구/오피스,risk,LOGIN_INACTIVE,0
3743,1,0,480,6,8,7,365561,0,0,0,0,0,1.32,,문구/오피스,normal,,0
3744,0,0,53,41,48,20,79229,0,0,1,0,0,0.13,3,완구/취미,composite,,1
3745,0,0,350,4,10,5,338420,0,0,0,0,0,1.32,,반려동물,normal,,0
3746,1,0,268,4,29,13,754975,1,0,0,0,0,0.97,5,완구/취미,normal,,0
3747,0,0,331,4,20,22,1398628,0,0,0,0,0,0.8,4,자동차,normal,,0
3748,0,1,604,14,11,21,914424,1,0,0,0,0,1.08,,문구/오피스,risk,MEMBERSHIP_CANCEL,1
3749,0,0,71,31,59,1,32759,1,0,0,0,0,1.17,,완구/취미,risk,FIRST_ORDER_ONLY,0
3750,1,0,242,10,21,13,1113853,2,0,0,0,0,0.88,5,스포츠,risk,CART_ABANDON,0
3751,0,0,693,8,30,23,1954793,0,0,1,0,0,0.98,4,뷰티,normal,,0
3752,1,0,122,7,12,4,142508,0,1,0,0,0,1.27,4,가구/인테리어,normal,,0
3753,0,1,937,20,17,11,475805,1,1,0,0,0,1.37,,출산/유아동,risk,MEMBERSHIP_CANCEL,0
3754,0,0,326,5,25,9,411876,1,0,0,0,0,0.84,,식품,normal,,1
3755,0,0,367,14,9,16,1323264,0,0,1,0,0,1.36,,완구/취미,normal,,0
3756,0,0,270,29,26,13,380991,1,0,0,0,0,0.52,,스포츠,border,,1
3757,0,0,446,12,29,4,296644,0,0,0,0,0,0.82,4,스포츠,normal,,1
3758,0,0,210,12,29,29,822730,0,0,1,0,0,1.16,,문구/오피스,normal,,0
3759,1,0,406,0,15,16,482576,0,0,0,0,0,1.13,4,뷰티,normal,,0
3760,1,0,170,14,7,7,432152,0,0,0,0,0,1.02,,완구/취미,normal,,0
3761,0,0,991,4,26,4,107628,0,1,0,0,0,1.35,,뷰티,normal,,1
3762,0,0,614,6,27,23,2001805,1,0,0,2,1,0.86,,뷰티,risk,BAD_EXPERIENCE,1
3763,0,0,330,11,24,6,352278,0,0,2,0,0,1.01,,뷰티,risk,COUPON_EXPIRING,0
3764,0,0,679,13,22,23,1824590,0,0,0,0,0,0.79,3,반려동물,normal,,0
3765,0,0,352,1,10,6,332088,0,0,0,0,0,0.89,,가구/인테리어,normal,,0
3766,0,1,233,3,24,19,1708005,1,0,1,0,2,1.13,,스포츠,risk,BAD_EXPERIENCE,1
3767,0,0,923,5,25,26,1451216,0,0,0,0,0,1.03,2,뷰티,normal,,0
3768,0,1,979,7,24,28,2409092,0,0,0,0,0,1.07,,완구/취미,normal,,0
3769,0,0,540,10,28,22,1042580,0,1,0,0,0,1.22,5,식품,risk,WISHLIST_IDLE,0
3770,0,0,437,9,8,5,278645,0,0,0,0,0,1.25,,자동차,normal,,0
3771,1,0,927,3,20,30,818910,1,0,1,0,0,1.23,,스포츠,normal,,0
3772,0,0,603,29,26,8,589720,0,1,0,0,0,0.53,,자동차,border,,1
3773,1,0,752,7,14,13,289120,1,0,0,0,0,0.86,,스포츠,normal,,0
3774,0,0,150,8,11,5,184885,0,0,2,0,0,1.29,,가전/디지털,risk,COUPON_EXPIRING,1
3775,0,0,599,0,30,7,259875,1,0,0,0,0,1.08,,뷰티,normal,,0
3776,0,0,681,10,9,29,1802611,0,0,0,0,0,0.93,,가전/디지털,normal,,1
3777,1,0,541,12,16,11,697015,0,0,1,0,0,1.35,3,반려동물,normal,,0
3778,0,0,852,78,103,15,1201920,1,0,1,0,0,1.11,,뷰티,risk,LOGIN_INACTIVE,1
3779,1,0,421,11,25,27,1087506,0,0,3,1,1,0.07,,완구/취미,composite,,0
3780,0,0,233,13,7,28,2322684,0,0,0,0,0,0.93,,출산/유아동,normal,,0
3781,0,0,839,13,15,25,1573975,1,0,0,0,0,1.07,5,생활용품,normal,,1
3782,0,0,954,1,20,25,672800,3,1,1,0,0,0.97,,생활용품,composite,,0
3783,0,0,644,11,4,14,516530,0,0,0,0,0,1.06,5,스포츠,normal,,0
3784,0,0,286,13,24,14,905198,0,1,0,0,0,1.15,,헬스/건강,normal,,0
3785,1,0,444,11,9,19,1211041,0,0,0,0,0,0.84,,헬스/건강,normal,,0
3786,0,0,825,2,2,19,944112,0,0,0,0,0,0.13,5,가전/디지털,risk,SPENDING_DROP,0
3787,0,0,130,8,21,6,511782,0,0,0,0,0,0.87,,출산/유아동,normal,,0
3788,0,1,983,29,21,16,715504,0,0,0,0,0,0.57,,뷰티,border,,1
3789,0,0,965,12,14,29,763454,1,0,1,0,0,1.27,4,식품,risk,COUPON_EXPIRING,0
3790,0,0,576,13,13,5,291280,0,0,0,1,0,1.02,,문구/오피스,risk,BAD_EXPERIENCE,1
3791,0,0,245,22,21,25,1152775,0,0,0,0,0,0.5,4,자동차,border,,0
3792,0,0,485,7,25,11,815738,0,0,2,0,0,0.91,5,패션,risk,COUPON_EXPIRING,0
3793,1,0,843,7,14,14,850962,0,0,0,0,0,0.79,,스포츠,normal,,0
3794,1,0,981,8,5,12,760332,0,1,0,0,0,1.25,,식품,risk,WISHLIST_IDLE,0
3795,0,0,983,0,6,7,490315,0,0,0,0,0,0.9,,생활용품,normal,,1
3796,0,1,610,9,25,5,188665,0,0,0,0,0,1.32,3,문구/오피스,risk,MEMBERSHIP_CANCEL,1
3797,1,0,755,11,4,15,912090,1,0,0,0,0,1.26,5,문구/오피스,normal,,0
3798,0,0,83,2,14,18,950760,0,0,0,0,0,0.76,,패션,normal,,0
3799,0,0,348,11,5,18,1114560,0,0,1,0,0,0.95,,출산/유아동,normal,,0
3800,0,0,548,6,7,20,681440,1,1,0,0,0,0.94,,완구/취미,normal,,0
3801,0,0,812,4,23,11,415800,0,1,1,0,0,1.04,4,헬스/건강,risk,COUPON_EXPIRING,1
3802,0,0,657,4,3,9,695241,0,1,1,0,0,0.97,,반려동물,normal,,0
3803,0,0,94,2,9,25,1683650,0,0,0,1,2,0.82,,생활용품,risk,BAD_EXPERIENCE,0
3804,1,0,609,4,18,9,279828,0,1,0,0,0,1.37,,출산/유아동,normal,,0
3805,1,0,910,9,13,13,400660,0,0,0,0,0,0.79,,헬스/건강,normal,,0
3806,0,0,777,9,10,26,1588574,0,0,1,0,0,1.4,3,완구/취미,normal,,0
3807,0,0,317,12,12,17,661708,0,0,0,0,0,0.8,,가구/인테리어,normal,,1
3808,0,0,233,4,29,15,607110,1,1,0,0,0,0.99,,식품,normal,,1
3809,0,0,434,5,10,21,1778931,1,0,0,0,0,1.06,,가구/인테리어,normal,,0
3810,0,0,673,10,13,19,492195,0,0,3,0,0,1.36,5,자동차,risk,COUPON_EXPIRING,0
3811,0,0,755,12,9,23,1736753,0,0,1,0,0,1.34,5,출산/유아동,normal,,0
3812,0,0,191,14,18,27,638577,0,0,0,0,0,1.05,3,뷰티,normal,,0
3813,0,0,93,13,22,26,2207868,0,0,0,0,0,1.19,4,생활용품,normal,,1
3814,0,0,483,1,9,7,413476,0,0,0,0,0,1.27,5,패션,normal,,0
3815,0,0,149,6,30,27,1489104,0,0,0,0,0,0.97,5,헬스/건강,normal,,0
3816,0,0,243,11,18,24,1112976,1,0,0,0,0,1.07,,스포츠,normal,,1
3817,0,0,406,14,4,20,1330760,0,0,1,0,0,1.09,4,가구/인테리어,normal,,0
3818,0,0,131,21,26,20,1627080,0,0,1,0,0,0.56,,패션,border,,0
3819,0,0,972,4,3,22,1130646,0,0,1,0,0,1.01,,스포츠,risk,COUPON_EXPIRING,0
3820,0,0,62,36,49,1,37138,0,0,1,0,0,0.8,,완구/취미,risk,FIRST_ORDER_ONLY,1
3821,1,0,251,2,10,10,686860,1,0,0,0,0,1.14,4,헬스/건강,normal,,0
3822,0,0,667,2,4,6,234282,0,0,0,0,0,1.3,4,뷰티,normal,,0
3823,1,0,631,13,26,13,920842,0,0,0,0,0,1.12,,패션,normal,,0
3824,0,0,579,10,21,30,2205690,0,0,0,0,0,0.9,,생활용품,normal,,0
3825,0,0,225,7,22,15,400170,0,0,0,0,0,1.29,,출산/유아동,normal,,0
3826,0,0,244,12,13,9,272691,0,0,0,0,0,0.83,,완구/취미,normal,,0
3827,0,0,348,6,20,19,404852,0,0,1,0,0,1.24,,반려동물,normal,,0
3828,0,0,644,13,18,6,454428,0,1,0,0,0,1.29,3,완구/취미,normal,,0
3829,0,0,743,5,9,15,1063440,0,0,0,0,0,0.76,,출산/유아동,normal,,0
3830,0,0,416,6,17,10,470110,0,0,0,0,0,1.0,,스포츠,normal,,0
3831,1,0,356,20,23,27,2383209,0,0,0,0,0,0.63,,가구/인테리어,border,,0
3832,0,0,64,39,58,1,49925,0,0,0,0,0,1.21,,생활용품,risk,FIRST_ORDER_ONLY,1
3833,1,0,48,30,31,1,29824,0,1,0,0,0,1.11,4,출산/유아동,risk,FIRST_ORDER_ONLY,0
3834,1,0,763,13,15,4,252760,0,1,1,0,0,1.18,,스포츠,normal,,0
3835,1,0,402,3,22,21,596358,0,0,1,0,0,1.08,,문구/오피스,normal,,0
3836,0,0,537,7,27,6,143604,0,0,1,0,0,1.0,3,패션,risk,COUPON_EXPIRING,0
3837,0,0,726,11,21,16,956928,0,0,0,0,0,0.85,4,생활용품,normal,,1
3838,0,0,655,8,10,14,897078,0,0,0,0,0,1.15,5,패션,normal,,0
3839,1,0,237,10,23,26,1467648,1,0,0,0,0,0.98,,가구/인테리어,normal,,0
3840,0,0,708,11,8,15,511650,0,0,0,0,0,0.97,5,스포츠,normal,,0
3841,1,0,518,11,12,26,1932736,0,0,0,0,0,0.78,3,스포츠,normal,,0
3842,0,0,908,12,25,29,1528445,0,0,0,0,0,0.79,5,뷰티,normal,,0
3843,0,0,128,2,24,29,2092872,0,0,1,0,0,0.94,3,가전/디지털,normal,,1
3844,0,0,678,0,18,21,1398621,2,0,1,0,0,0.9,,식품,risk,CART_ABANDON,1
3845,0,0,135,5,5,26,1462396,0,0,0,0,0,1.12,,헬스/건강,normal,,0
3846,1,0,469,11,4,11,808544,1,0,1,0,0,0.84,4,식품,normal,,1
3847,0,0,197,11,27,27,636201,0,0,0,0,0,0.42,,자동차,risk,SPENDING_DROP,0
3848,0,0,84,14,29,30,1115250,0,0,1,0,0,1.26,3,완구/취미,risk,COUPON_EXPIRING,0
3849,1,0,932,11,28,25,1338925,0,0,0,0,0,1.28,,식품,normal,,0
3850,1,0,944,32,56,17,869669,1,0,0,0,0,1.16,3,가전/디지털,risk,LOGIN_INACTIVE,0
3851,0,0,962,14,3,27,859923,0,5,0,0,0,1.23,3,문구/오피스,risk,WISHLIST_IDLE,0
3852,0,0,205,3,20,9,677880,1,0,0,0,0,0.06,3,식품,risk,SPENDING_DROP,1
3853,0,0,858,4,4,22,884730,0,0,0,0,0,1.12,,반려동물,normal,,0
3854,0,0,747,3,15,14,343000,0,0,0,0,0,1.36,,가전/디지털,normal,,1
3855,0,0,60,10,6,8,190472,1,1,1,0,0,1.21,,문구/오피스,normal,,0
3856,0,0,622,1,4,21,854721,0,1,0,1,1,1.01,,반려동물,risk,BAD_EXPERIENCE,1
3857,0,0,513,2,2,11,507408,0,0,0,0,0,1.08,,자동차,normal,,1
3858,0,0,430,6,17,16,322000,0,0,0,0,0,0.75,,가구/인테리어,normal,,0
3859,0,0,735,13,12,16,1348400,0,1,1,0,0,1.13,,가전/디지털,normal,,0
3860,0,0,549,0,12,19,1029078,0,0,0,0,0,0.8,,가전/디지털,normal,,0
3861,0,0,803,9,2,12,777468,0,0,0,0,0,1.1,4,헬스/건강,normal,,0
3862,0,0,306,11,23,27,717201,0,0,1,0,0,1.1,4,가전/디지털,risk,COUPON_EXPIRING,0
3863,0,0,398,3,5,9,341136,1,1,0,0,0,1.32,,자동차,normal,,0
3864,0,0,383,24,20,8,693080,1,0,0,0,0,0.63,3,출산/유아동,border,,0
3865,0,0,360,6,5,28,1717828,0,0,0,0,0,0.78,,생활용품,normal,,0
3866,0,0,998,50,73,6,163722,1,2,3,0,0,1.09,3,완구/취미,composite,,1
3867,1,0,349,3,29,19,1380825,0,0,0,0,0,1.38,,완구/취미,normal,,0
3868,0,0,678,4,5,21,999852,0,0,1,0,0,1.0,4,패션,normal,,1
3869,0,0,62,26,51,1,43176,0,0,0,0,0,1.36,,가전/디지털,risk,FIRST_ORDER_ONLY,0
3870,0,0,129,1,4,24,611640,0,0,0,0,0,1.24,,출산/유아동,normal,,0
3871,0,1,360,2,23,22,1255144,0,0,0,0,0,1.15,4,뷰티,normal,,0
3872,0,0,900,9,3,27,1347813,0,0,0,0,0,1.21,,완구/취미,normal,,0
3873,0,0,488,28,29,25,1909675,0,0,1,0,0,0.64,,반려동물,border,,1
3874,1,0,132,14,8,30,1817940,0,0,0,0,0,1.38,,헬스/건강,normal,,0
3875,0,0,283,8,16,21,1209327,0,0,0,0,0,1.09,4,출산/유아동,normal,,0
3876,0,0,261,6,9,20,822260,0,0,0,0,0,1.16,,완구/취미,normal,,1
3877,0,0,57,22,46,1,10578,0,0,0,0,0,0.86,,완구/취미,risk,FIRST_ORDER_ONLY,0
3878,1,0,632,1,19,13,814970,0,0,1,0,0,0.8,4,뷰티,normal,,0
3879,0,0,581,6,3,19,1229509,0,0,1,0,0,1.07,,문구/오피스,normal,,0
3880,0,0,199,11,27,22,828630,0,1,0,0,0,0.85,5,문구/오피스,normal,,0
3881,0,0,387,12,16,18,996570,0,0,0,2,0,0.87,,자동차,risk,BAD_EXPERIENCE,1
3882,1,0,487,0,14,10,773970,0,0,0,0,0,1.17,,뷰티,normal,,0
3883,0,0,55,41,40,1,63067,0,0,1,0,0,0.79,,완구/취미,risk,FIRST_ORDER_ONLY,1
3884,0,0,774,5,5,12,726288,0,0,0,0,0,0.98,,헬스/건강,normal,,0
3885,0,0,367,12,11,27,2373894,0,1,3,0,0,1.22,,뷰티,risk,COUPON_EXPIRING,0
3886,0,0,678,9,3,30,1042350,0,1,0,0,0,1.35,5,자동차,risk,WISHLIST_IDLE,0
3887,0,0,813,58,67,14,738108,0,0,0,0,0,0.96,5,뷰티,risk,LOGIN_INACTIVE,0
3888,0,0,490,7,3,27,1843263,0,0,1,0,0,1.39,,가구/인테리어,normal,,1
3889,1,0,683,8,8,4,344240,0,1,1,0,0,0.9,,출산/유아동,normal,,0
3890,0,0,391,11,3,17,735454,0,0,1,0,0,0.78,,가구/인테리어,normal,,0
3891,0,0,45,32,35,1,57128,0,4,1,0,0,1.26,,문구/오피스,composite,,0
3892,0,0,407,1,12,5,321015,0,1,1,0,0,1.16,,반려동물,normal,,0
3893,0,0,256,74,97,16,335840,0,0,0,0,0,0.93,,자동차,risk,LOGIN_INACTIVE,1
3894,0,0,535,1,14,8,275448,0,0,0,0,0,0.85,,가구/인테리어,normal,,0
3895,0,0,583,14,22,26,1807598,0,0,0,0,0,1.06,,반려동물,normal,,0
3896,0,0,884,2,30,24,1302993,0,0,3,0,1,0.26,2,스포츠,composite,,0
3897,0,0,1000,1,27,10,403180,0,0,0,0,0,1.25,,생활용품,normal,,0
3898,0,0,74,21,58,17,42860,0,3,0,0,0,0.16,4,스포츠,composite,,1
3899,0,0,125,13,19,12,498240,0,1,1,0,0,1.35,4,반려동물,risk,WISHLIST_IDLE,0
3900,0,0,844,0,3,12,605280,0,0,0,0,0,1.34,,완구/취미,normal,,0
3901,0,0,214,6,17,20,900120,0,0,0,0,0,0.95,5,출산/유아동,normal,,0
3902,0,0,653,13,26,18,1257246,0,0,1,0,0,1.08,,출산/유아동,normal,,0
3903,1,0,507,10,6,26,834808,0,0,0,0,0,0.79,4,헬스/건강,normal,,0
3904,0,0,236,13,19,17,1248616,1,0,0,0,0,1.16,,패션,normal,,0
3905,1,0,508,41,68,13,1152606,0,1,0,0,0,0.76,4,뷰티,risk,LOGIN_INACTIVE,0
3906,0,0,617,7,7,15,1323660,0,0,0,0,0,1.05,3,자동차,normal,,0
3907,1,0,278,1,8,25,755700,1,0,1,0,0,0.94,,패션,risk,CART_ABANDON,0
3908,0,0,221,11,14,19,759145,0,4,1,0,0,1.21,5,자동차,risk,WISHLIST_IDLE,0
3909,0,0,65,17,58,1,39172,0,0,2,0,0,0.8,,반려동물,composite,,0
3910,0,0,122,11,24,7,229838,0,3,0,1,1,0.87,,가구/인테리어,composite,,1
3911,0,0,357,12,2,6,539496,0,0,1,0,0,1.3,4,가구/인테리어,normal,,0
3912,0,0,215,28,26,16,1058176,0,1,0,0,0,0.51,4,완구/취미,border,,0
3913,1,0,808,12,15,16,411760,0,0,0,0,0,1.0,,생활용품,normal,,0
3914,1,0,363,6,20,4,89220,0,0,0,0,0,0.97,4,가구/인테리어,normal,,0
3915,0,0,909,10,21,20,677740,1,0,1,0,0,0.84,3,출산/유아동,normal,,0
3916,0,0,344,1,2,13,969540,0,0,2,0,0,0.96,,자동차,risk,COUPON_EXPIRING,0
3917,0,0,928,13,6,11,329791,0,0,0,0,0,1.19,,출산/유아동,normal,,0
3918,0,0,47,19,45,1,11833,0,0,0,0,0,1.3,,가전/디지털,risk,FIRST_ORDER_ONLY,0
3919,0,0,75,10,16,24,1019592,0,0,0,0,0,1.18,,문구/오피스,normal,,0
3920,0,0,414,10,25,4,95952,0,0,0,0,0,1.1,,문구/오피스,normal,,0
3921,0,0,287,10,8,11,395978,0,0,0,0,0,1.24,3,반려동물,normal,,1
3922,1,0,321,11,27,15,429735,0,1,1,0,0,1.2,5,완구/취미,normal,,0
3923,0,0,831,12,20,13,562913,0,1,0,0,0,1.37,,출산/유아동,normal,,0
3924,0,0,133,5,27,21,918183,0,0,1,0,0,0.98,4,가구/인테리어,normal,,1
3925,1,0,925,7,29,7,500094,0,0,1,0,0,1.02,,반려동물,normal,,0
3926,0,0,230,5,3,17,1069980,0,0,2,0,0,1.21,4,뷰티,risk,COUPON_EXPIRING,0
3927,0,0,1000,9,4,27,1359909,1,0,0,0,0,1.28,,패션,normal,,0
3928,0,0,828,3,13,26,676156,2,0,0,0,0,1.01,,헬스/건강,risk,CART_ABANDON,0
3929,1,0,295,8,11,21,1233876,0,1,1,0,0,1.38,,뷰티,normal,,0
3930,1,0,297,7,22,30,2145270,0,0,0,0,0,0.92,5,가구/인테리어,normal,,1
3931,0,0,808,8,26,30,2001270,0,0,0,0,0,0.77,,가전/디지털,normal,,1
3932,0,0,715,4,28,17,553962,0,0,0,0,0,0.83,3,출산/유아동,normal,,0
3933,0,0,107,8,12,24,544008,0,0,1,0,0,1.36,4,가전/디지털,normal,,0
3934,1,0,935,7,23,20,677360,0,0,0,0,0,1.11,5,식품,normal,,0
3935,0,0,537,7,7,10,337320,0,0,0,0,0,0.92,,스포츠,normal,,0
3936,0,0,767,3,20,6,749166,0,0,0,0,0,0.34,,자동차,risk,SPENDING_DROP,0
3937,0,0,58,36,43,1,79462,0,1,0,0,0,1.34,,자동차,risk,FIRST_ORDER_ONLY,0
3938,1,0,273,7,11,28,1580740,0,0,1,0,0,1.04,,가구/인테리어,risk,COUPON_EXPIRING,0
3939,0,0,447,8,3,16,932752,1,0,0,0,0,0.85,3,식품,risk,CART_ABANDON,0
3940,0,0,257,6,18,4,190468,0,0,1,0,0,0.84,5,가전/디지털,normal,,0
3941,0,0,754,9,22,21,1196307,0,0,0,0,0,0.99,3,문구/오피스,normal,,0
3942,1,0,78,2,14,16,1009136,0,0,0,0,0,1.35,,문구/오피스,normal,,0
3943,0,0,634,4,19,17,454342,0,0,0,0,0,1.01,4,헬스/건강,normal,,0
3944,0,0,131,7,12,20,791820,0,0,0,0,0,0.97,5,뷰티,normal,,0
3945,0,0,454,14,10,19,770317,0,1,1,0,0,1.24,,완구/취미,risk,COUPON_EXPIRING,1
3946,0,0,274,0,26,4,267640,4,0,0,0,0,1.32,,가전/디지털,risk,CART_ABANDON,0
3947,0,0,729,8,13,20,893360,0,1,1,0,0,1.32,,헬스/건강,normal,,0
3948,0,0,781,13,2,13,418444,0,0,2,0,0,1.29,,문구/오피스,risk,COUPON_EXPIRING,1
3949,0,0,396,4,25,18,1514736,0,1,0,0,0,1.05,,스포츠,normal,,0
3950,0,0,839,9,21,12,302676,0,0,0,0,0,1.14,5,패션,normal,,0
3951,0,0,902,12,14,15,961365,0,1,0,0,0,1.0,4,가구/인테리어,normal,,0
3952,0,0,92,10,8,28,1480500,0,0,1,0,0,1.01,4,문구/오피스,normal,,0
3953,0,0,654,1,3,27,2376297,1,0,1,0,0,1.21,,가구/인테리어,normal,,0
3954,0,0,964,5,15,19,1072094,1,0,1,0,0,1.34,,스포츠,normal,,0
3955,0,0,166,14,23,29,2491390,0,0,0,0,0,1.27,5,스포츠,normal,,0
3956,0,0,796,6,20,25,830500,0,0,0,0,0,1.02,4,헬스/건강,normal,,1
3957,0,0,49,22,45,1,64995,0,1,0,0,0,1.11,,헬스/건강,risk,FIRST_ORDER_ONLY,0
3958,0,1,395,21,17,16,655152,0,0,1,0,0,1.3,3,문구/오피스,risk,MEMBERSHIP_CANCEL,0
3959,1,0,180,2,29,30,2528880,0,0,1,0,0,1.08,5,반려동물,normal,,0
3960,0,0,228,4,20,24,681264,0,0,0,0,0,0.94,,식품,normal,,0
3961,0,0,772,5,23,27,1724598,1,0,0,0,0,0.79,,완구/취미,normal,,0
3962,0,0,344,9,16,28,2162472,4,0,2,0,0,0.15,,가전/디지털,composite,,1
3963,1,0,337,11,11,7,142079,0,0,0,0,0,1.26,,패션,normal,,0
3964,1,0,480,0,6,15,768795,0,1,0,0,0,1.02,,자동차,normal,,0
3965,0,0,101,7,26,28,2344608,0,0,0,0,0,0.86,,식품,normal,,1
3966,0,0,575,10,30,21,1328838,0,0,0,0,0,0.88,4,뷰티,normal,,0
3967,0,0,324,9,24,12,1003500,0,0,0,0,0,1.31,,가전/디지털,normal,,0
3968,0,0,876,13,22,7,580804,0,1,0,0,0,1.29,3,생활용품,normal,,0
3969,0,1,342,24,25,14,952014,0,1,1,0,0,1.21,,스포츠,risk,MEMBERSHIP_CANCEL,0
3970,0,0,309,10,17,27,776844,1,1,0,0,0,1.38,5,반려동물,normal,,0
3971,0,0,772,2,13,27,735129,0,0,0,0,0,0.83,,가구/인테리어,normal,,0
3972,0,0,259,11,14,14,283710,0,0,0,0,0,0.9,3,가구/인테리어,normal,,0
3973,0,0,323,0,7,4,263600,0,0,0,0,0,0.83,5,반려동물,normal,,0
3974,0,0,478,10,14,7,593432,0,0,0,1,0,0.75,4,반려동물,risk,BAD_EXPERIENCE,0
3975,0,0,649,11,25,18,1465830,0,0,0,0,0,0.96,,출산/유아동,normal,,0
3976,0,0,954,12,26,17,998716,0,0,0,0,0,1.22,,식품,normal,,0
3977,0,0,764,4,8,4,348288,0,0,1,0,0,1.01,,스포츠,normal,,0
3978,0,0,198,14,29,16,672208,0,0,0,0,0,0.98,,가전/디지털,normal,,0
3979,0,0,133,27,22,11,554686,0,0,0,0,0,0.55,3,스포츠,border,,1
3980,0,1,905,23,26,5,406310,1,0,1,0,0,0.59,3,패션,border,,1
3981,0,0,770,14,5,16,991648,0,0,0,0,0,1.28,4,뷰티,normal,,0
3982,0,0,992,22,22,16,859728,0,0,1,0,0,0.62,5,식품,border,,0
3983,0,0,61,29,41,1,10557,0,0,1,0,0,0.94,,완구/취미,risk,FIRST_ORDER_ONLY,1
3984,0,0,344,2,22,9,314379,0,2,0,0,0,0.89,4,문구/오피스,risk,WISHLIST_IDLE,0
3985,0,0,230,21,23,26,2000154,1,0,0,0,0,0.65,4,패션,border,,0
3986,0,0,92,28,28,20,988120,0,0,0,0,0,0.56,,식품,border,,0
3987,0,0,400,13,13,15,562230,0,0,0,0,0,0.76,,가전/디지털,normal,,0
3988,0,0,416,10,13,27,2301399,0,1,0,0,2,1.37,,식품,risk,BAD_EXPERIENCE,0
3989,0,0,604,7,30,16,879792,0,0,0,0,0,1.35,3,스포츠,normal,,0
3990,0,0,656,13,29,22,1691514,0,1,0,0,0,1.01,3,반려동물,normal,,0
3991,0,0,955,6,9,8,488872,0,0,0,0,0,0.97,,가전/디지털,normal,,0
3992,0,0,48,27,33,1,57609,0,1,1,0,0,1.04,,자동차,risk,FIRST_ORDER_ONLY,0
3993,0,0,316,9,12,20,971140,0,1,0,0,0,0.88,4,생활용품,normal,,0
3994,0,0,949,4,27,28,1786624,0,0,0,0,0,1.4,,자동차,normal,,1
3995,0,0,37,35,33,1,59375,1,0,0,0,0,0.93,4,헬스/건강,risk,FIRST_ORDER_ONLY,1
3996,0,0,883,14,15,26,1662934,0,1,0,0,0,1.19,4,가전/디지털,normal,,0
3997,1,0,984,14,26,12,947232,0,1,0,0,2,1.39,,헬스/건강,composite,,0
3998,0,0,513,1,21,27,1504251,0,1,0,0,0,1.38,5,헬스/건강,normal,,0
3999,1,0,312,7,26,12,715068,0,0,1,0,0,1.22,,패션,normal,,0
4000,0,0,962,1,27,27,1020438,1,0,0,0,0,1.35,,문구/오피스,normal,,0
